temperature_2m_max,temperature_2m_min,temperature_2m_mean,precipitation_sum,relative_humidity_2m_max,relative_humidity_2m_min,relative_humidity_2m_mean,date
30.1,20.1,25.0,0.0,96,49,71,2013-01-01
31.3,19.9,25.7,0.0,91,40,63,2013-01-02
31.8,19.7,26.1,0.0,86,36,56,2013-01-03
31.3,21.1,26.1,0.0,76,36,55,2013-01-04
32.1,21.7,26.5,0.0,72,29,52,2013-01-05
30.5,20.1,25.1,0.0,92,37,63,2013-01-06
29.8,19.1,24.4,0.0,95,37,64,2013-01-07
28.2,20.0,24.3,0.0,86,41,61,2013-01-08
28.7,19.3,23.5,0.0,69,34,52,2013-01-09
29.1,16.8,22.7,0.0,68,31,48,2013-01-10
28.2,15.7,21.7,0.0,56,20,36,2013-01-11
28.8,13.7,21.2,0.0,67,18,38,2013-01-12
30.4,13.6,22.0,0.0,64,20,39,2013-01-13
31.2,16.8,23.3,0.0,66,18,40,2013-01-14
31.4,15.8,23.5,0.0,81,20,45,2013-01-15
30.4,16.7,23.4,0.0,73,23,48,2013-01-16
29.4,17.4,23.2,0.0,86,28,55,2013-01-17
29.0,15.7,22.4,0.0,86,28,54,2013-01-18
28.9,16.7,22.4,0.0,96,28,58,2013-01-19
28.8,17.7,23.1,0.0,70,27,46,2013-01-20
28.4,16.2,22.6,0.0,78,32,52,2013-01-21
28.6,17.0,22.6,0.0,95,33,59,2013-01-22
28.6,17.0,22.6,0.0,95,31,58,2013-01-23
29.2,17.1,22.9,0.0,95,30,59,2013-01-24
27.7,17.8,22.7,0.0,96,38,63,2013-01-25
28.5,17.7,23.1,0.0,88,35,59,2013-01-26
28.6,18.2,23.4,0.0,78,35,56,2013-01-27
27.9,18.6,23.2,0.0,82,38,59,2013-01-28
27.1,18.1,22.7,0.0,94,42,66,2013-01-29
26.7,18.1,22.6,0.0,95,48,67,2013-01-30
28.8,16.8,23.0,0.0,94,36,62,2013-01-31
28.6,17.0,22.6,0.0,91,34,58,2013-02-01
29.3,16.1,22.8,0.0,87,32,54,2013-02-02
30.2,17.2,23.8,0.0,82,30,53,2013-02-03
30.4,18.3,24.1,0.0,81,27,52,2013-02-04
30.1,16.5,23.3,0.0,93,31,58,2013-02-05
31.2,18.5,24.8,0.0,79,32,54,2013-02-06
29.9,20.1,25.3,0.0,83,42,59,2013-02-07
29.6,20.3,24.7,0.3,85,38,59,2013-02-08
29.7,19.2,24.4,0.0,74,37,55,2013-02-09
30.1,18.7,24.2,0.0,96,36,64,2013-02-10
30.6,18.1,24.5,0.0,95,34,61,2013-02-11
31.0,18.8,25.2,0.0,90,33,56,2013-02-12
30.9,19.9,25.3,0.0,77,29,49,2013-02-13
31.7,18.7,25.3,0.0,65,24,41,2013-02-14
32.0,19.8,25.6,0.4,63,34,50,2013-02-15
28.5,19.9,23.6,12.0,95,52,76,2013-02-16
29.0,20.0,23.7,0.1,95,31,59,2013-02-17
27.9,14.7,21.4,0.0,59,26,41,2013-02-18
29.5,14.9,22.3,0.0,69,25,45,2013-02-19
30.1,17.8,23.5,0.0,97,36,63,2013-02-20
30.0,17.7,24.2,0.0,95,38,63,2013-02-21
31.8,18.2,25.0,0.0,89,30,56,2013-02-22
32.1,18.6,25.3,0.0,86,27,55,2013-02-23
31.8,19.6,25.5,0.0,78,27,48,2013-02-24
32.7,19.1,26.1,0.0,66,22,39,2013-02-25
32.8,19.1,26.3,0.0,59,21,36,2013-02-26
33.5,19.7,26.7,0.0,73,20,41,2013-02-27
33.8,20.6,27.1,0.0,61,19,37,2013-02-28
33.2,19.2,26.5,0.0,60,21,35,2013-03-01
33.4,18.7,26.2,0.0,53,16,32,2013-03-02
34.0,17.2,25.8,0.0,53,10,27,2013-03-03
33.5,16.9,25.4,0.0,72,15,34,2013-03-04
32.6,17.5,25.7,0.0,74,23,42,2013-03-05
32.7,18.9,25.9,0.0,74,23,44,2013-03-06
33.5,20.5,27.1,0.0,90,25,51,2013-03-07
33.8,20.2,27.5,0.0,86,22,46,2013-03-08
34.9,21.5,28.3,0.0,72,18,39,2013-03-09
34.7,22.5,28.7,0.0,54,22,36,2013-03-10
34.9,23.3,29.1,0.0,49,23,36,2013-03-11
34.2,22.3,28.7,0.0,67,27,43,2013-03-12
35.2,23.1,29.2,0.0,56,23,36,2013-03-13
34.0,22.2,28.0,0.0,58,22,39,2013-03-14
33.9,23.7,28.2,0.0,52,18,32,2013-03-15
33.6,21.6,27.6,0.0,33,14,24,2013-03-16
34.3,20.8,27.8,0.0,38,14,25,2013-03-17
34.7,20.6,28.1,0.0,55,20,34,2013-03-18
33.5,21.9,28.1,0.0,61,25,42,2013-03-19
34.7,22.2,28.7,0.0,60,23,40,2013-03-20
35.3,22.8,29.3,0.0,61,21,39,2013-03-21
36.6,23.0,29.9,0.0,59,16,35,2013-03-22
36.3,22.7,29.7,0.0,55,18,35,2013-03-23
36.1,21.7,29.1,0.0,69,20,41,2013-03-24
37.0,23.3,30.4,0.0,59,18,35,2013-03-25
37.0,23.9,31.0,0.0,52,19,33,2013-03-26
37.4,24.3,31.2,0.0,61,20,37,2013-03-27
37.9,24.0,31.0,0.0,73,18,40,2013-03-28
37.8,24.5,31.1,0.0,53,20,33,2013-03-29
37.3,24.0,30.7,0.0,81,24,46,2013-03-30
36.6,24.4,30.7,0.0,87,29,52,2013-03-31
37.4,25.6,29.5,3.5,80,30,59,2013-04-01
35.9,24.7,29.5,2.9,76,34,56,2013-04-02
35.7,23.6,29.8,0.0,85,31,56,2013-04-03
37.7,25.0,31.1,0.0,71,17,40,2013-04-04
37.9,23.0,30.8,0.0,77,13,38,2013-04-05
37.7,24.0,31.4,0.0,73,19,37,2013-04-06
37.2,25.6,31.9,0.0,66,23,40,2013-04-07
37.4,26.0,31.7,0.0,74,25,45,2013-04-08
37.1,24.9,31.4,0.0,83,24,46,2013-04-09
38.0,25.1,31.7,0.0,75,20,42,2013-04-10
38.7,24.6,31.8,0.0,63,17,35,2013-04-11
37.9,25.0,31.7,0.0,50,19,34,2013-04-12
37.7,25.2,31.2,0.0,50,20,36,2013-04-13
36.1,24.1,30.2,0.0,75,24,44,2013-04-14
36.8,24.6,31.2,0.0,74,28,46,2013-04-15
38.8,26.4,32.4,0.0,57,13,30,2013-04-16
39.4,25.9,32.5,0.0,26,12,18,2013-04-17
39.2,25.8,32.5,0.0,29,13,19,2013-04-18
37.8,26.1,31.8,0.4,36,17,23,2013-04-19
36.7,25.4,31.2,0.0,36,15,24,2013-04-20
35.8,24.4,29.2,0.0,90,19,56,2013-04-21
34.9,24.8,28.8,0.0,84,30,62,2013-04-22
35.0,25.3,28.1,7.0,83,36,68,2013-04-23
34.1,23.9,28.5,0.5,91,42,66,2013-04-24
33.9,24.7,29.4,0.7,83,39,58,2013-04-25
34.4,23.8,29.2,0.1,93,35,60,2013-04-26
36.4,25.1,31.1,0.0,71,31,46,2013-04-27
37.7,26.4,32.3,0.0,61,22,38,2013-04-28
38.5,26.8,32.9,0.0,57,21,36,2013-04-29
38.2,25.8,32.6,0.0,73,23,41,2013-04-30
39.9,26.2,33.4,0.0,63,18,35,2013-05-01
39.7,27.0,33.7,0.0,49,20,32,2013-05-02
41.1,29.2,35.0,0.0,43,12,25,2013-05-03
41.3,27.7,34.5,0.0,62,13,31,2013-05-04
39.3,27.4,33.1,0.0,71,23,45,2013-05-05
39.2,26.6,32.8,0.0,78,25,49,2013-05-06
39.8,26.6,32.1,1.7,76,25,52,2013-05-07
39.5,27.8,33.5,0.4,60,24,41,2013-05-08
40.9,28.2,34.6,0.0,58,17,35,2013-05-09
41.7,30.1,35.7,0.0,42,13,24,2013-05-10
40.6,29.2,35.1,0.0,43,15,25,2013-05-11
39.1,28.8,34.4,0.0,49,17,29,2013-05-12
39.3,28.0,33.4,0.0,65,15,32,2013-05-13
39.5,26.7,33.1,0.0,79,13,41,2013-05-14
38.3,27.6,33.1,0.0,63,20,37,2013-05-15
38.5,28.2,33.5,0.0,44,20,32,2013-05-16
38.4,29.5,33.8,0.0,47,24,34,2013-05-17
40.5,29.9,35.1,0.0,39,19,28,2013-05-18
39.1,29.0,34.3,0.0,60,24,38,2013-05-19
40.0,30.0,34.2,1.3,46,23,35,2013-05-20
40.3,28.7,34.1,0.0,55,17,37,2013-05-21
41.7,29.6,35.5,0.0,47,14,27,2013-05-22
41.6,30.2,35.8,0.0,31,15,22,2013-05-23
41.2,30.8,35.7,0.0,31,15,22,2013-05-24
40.1,29.6,34.6,0.0,43,16,25,2013-05-25
39.6,29.0,34.1,0.0,48,17,28,2013-05-26
37.1,28.3,32.1,1.2,57,27,39,2013-05-27
37.2,27.2,32.2,0.0,66,26,44,2013-05-28
37.2,25.2,31.4,2.8,84,32,52,2013-05-29
36.3,25.7,30.4,1.1,81,32,56,2013-05-30
37.8,27.5,31.3,1.0,62,27,48,2013-05-31
35.6,25.3,30.1,1.4,81,35,56,2013-06-01
35.4,24.0,28.7,1.4,90,38,67,2013-06-02
34.7,24.2,28.4,1.9,89,42,69,2013-06-03
32.0,24.1,27.5,2.8,91,54,75,2013-06-04
35.1,25.0,28.7,7.5,86,43,70,2013-06-05
32.2,24.4,27.7,9.0,94,57,75,2013-06-06
32.4,24.2,27.4,12.6,94,54,76,2013-06-07
29.5,23.8,26.7,0.3,94,59,75,2013-06-08
31.0,23.8,26.3,2.6,87,54,74,2013-06-09
30.6,24.1,26.4,1.7,84,54,73,2013-06-10
28.7,22.8,25.3,5.9,95,61,81,2013-06-11
25.9,22.7,24.0,9.9,92,70,84,2013-06-12
25.7,22.5,23.5,14.0,93,72,87,2013-06-13
23.6,20.7,22.7,26.0,92,84,90,2013-06-14
28.4,20.4,23.9,9.8,92,60,81,2013-06-15
28.9,23.6,25.9,0.0,83,61,73,2013-06-16
30.1,23.4,26.3,0.4,83,58,72,2013-06-17
30.8,23.9,26.7,1.6,84,55,72,2013-06-18
30.3,23.5,26.2,2.0,88,57,75,2013-06-19
29.9,23.4,26.3,4.6,90,61,76,2013-06-20
30.6,23.7,26.5,0.9,87,55,73,2013-06-21
27.4,23.0,25.2,2.7,92,64,76,2013-06-22
27.8,22.9,25.3,1.2,92,62,77,2013-06-23
26.0,22.6,24.2,9.7,94,76,84,2013-06-24
26.3,22.2,23.8,10.4,94,71,85,2013-06-25
28.8,23.4,25.6,0.9,84,65,76,2013-06-26
30.3,23.0,26.5,0.3,86,54,70,2013-06-27
29.5,22.6,26.3,0.1,84,55,68,2013-06-28
29.5,22.9,26.1,0.6,82,57,70,2013-06-29
28.5,23.0,25.6,1.3,82,60,72,2013-06-30
28.7,23.2,25.5,0.0,81,58,72,2013-07-01
30.0,22.9,25.8,5.3,92,59,75,2013-07-02
27.9,22.6,24.5,8.0,94,71,84,2013-07-03
30.8,23.1,26.2,1.3,86,55,72,2013-07-04
29.6,23.0,25.8,1.0,90,57,75,2013-07-05
29.0,23.2,25.8,3.3,93,59,75,2013-07-06
28.2,22.6,24.7,4.7,94,66,84,2013-07-07
29.2,22.6,24.6,7.8,95,62,84,2013-07-08
28.3,22.7,24.5,7.0,90,60,82,2013-07-09
25.8,22.2,23.3,12.2,93,76,89,2013-07-10
23.2,21.5,22.3,16.5,94,87,92,2013-07-11
25.4,21.5,22.6,21.6,95,78,91,2013-07-12
27.3,21.9,24.5,0.6,93,65,79,2013-07-13
28.5,22.6,24.9,4.9,90,63,80,2013-07-14
27.9,22.6,24.9,0.9,91,63,78,2013-07-15
23.4,21.9,22.6,26.6,94,87,91,2013-07-16
23.0,21.7,22.3,47.7,95,92,94,2013-07-17
26.0,21.8,23.4,15.6,94,73,87,2013-07-18
24.3,21.8,22.7,34.9,94,82,91,2013-07-19
26.0,21.9,23.8,1.7,93,72,83,2013-07-20
26.8,22.6,24.3,3.9,92,70,81,2013-07-21
23.0,21.7,22.3,49.7,94,92,93,2013-07-22
25.8,21.3,23.2,20.3,94,74,86,2013-07-23
26.2,22.6,24.1,0.0,85,69,79,2013-07-24
26.9,23.2,24.7,4.2,82,69,77,2013-07-25
27.5,22.9,24.7,0.7,86,66,77,2013-07-26
27.8,22.3,24.9,1.1,84,65,76,2013-07-27
27.7,22.9,25.1,0.0,84,66,75,2013-07-28
28.2,22.4,25.2,0.0,82,60,71,2013-07-29
28.0,22.3,24.4,3.8,91,62,78,2013-07-30
22.3,21.2,21.8,52.5,93,89,91,2013-07-31
23.5,21.5,22.2,29.1,93,90,92,2013-08-01
26.4,22.1,23.6,2.4,92,69,82,2013-08-02
28.6,21.9,25.0,0.0,88,63,76,2013-08-03
28.8,22.4,25.3,1.5,90,61,77,2013-08-04
25.6,22.0,23.4,10.7,95,72,86,2013-08-05
25.6,21.9,23.4,9.6,94,75,86,2013-08-06
28.4,22.3,25.1,0.0,90,63,77,2013-08-07
28.4,22.8,25.4,0.1,87,69,78,2013-08-08
28.4,22.9,25.3,0.0,86,62,75,2013-08-09
28.3,22.0,24.9,0.6,87,62,77,2013-08-10
27.8,22.2,24.9,0.0,92,63,78,2013-08-11
26.7,23.2,24.6,4.3,92,68,81,2013-08-12
27.0,22.4,24.1,6.8,94,73,87,2013-08-13
27.4,22.3,24.6,2.5,92,66,81,2013-08-14
27.1,22.6,24.5,2.1,91,68,83,2013-08-15
25.5,22.2,23.7,6.1,95,80,88,2013-08-16
26.5,22.1,23.7,8.7,95,79,89,2013-08-17
26.1,21.9,23.6,2.8,95,75,88,2013-08-18
28.1,22.3,24.4,2.3,94,67,83,2013-08-19
27.7,22.0,24.8,0.0,88,59,73,2013-08-20
27.8,21.9,24.6,0.2,86,58,74,2013-08-21
26.9,22.3,24.2,2.0,83,64,76,2013-08-22
27.9,22.1,24.8,0.0,85,59,73,2013-08-23
27.8,21.5,24.6,0.8,89,62,76,2013-08-24
28.3,22.7,25.0,1.3,90,61,77,2013-08-25
26.9,22.2,24.0,5.7,87,62,79,2013-08-26
27.7,22.3,24.6,0.7,86,60,75,2013-08-27
28.0,22.8,24.6,3.0,90,66,80,2013-08-28
28.6,22.0,25.0,4.5,94,68,83,2013-08-29
29.5,21.8,25.6,0.1,95,57,78,2013-08-30
30.0,22.4,25.8,1.1,95,62,80,2013-08-31
30.2,22.7,26.3,0.0,94,56,77,2013-09-01
29.9,22.5,26.1,0.0,93,61,77,2013-09-02
30.2,22.5,25.7,0.7,95,61,80,2013-09-03
28.5,22.7,25.3,1.2,93,62,77,2013-09-04
29.4,22.3,25.3,0.0,82,54,70,2013-09-05
29.4,22.4,25.6,0.2,84,59,74,2013-09-06
29.4,22.7,25.6,0.5,85,58,74,2013-09-07
25.3,22.1,23.6,18.1,96,80,90,2013-09-08
27.8,21.8,24.0,9.0,98,70,88,2013-09-09
27.6,22.2,24.3,2.6,98,71,87,2013-09-10
28.5,22.0,24.3,11.0,98,68,87,2013-09-11
29.1,22.0,24.7,0.9,100,62,85,2013-09-12
29.2,20.9,25.2,1.5,100,62,82,2013-09-13
29.7,22.0,25.1,3.7,97,65,85,2013-09-14
29.7,22.5,25.4,5.7,97,64,84,2013-09-15
29.2,22.6,24.9,6.7,96,65,86,2013-09-16
28.4,22.4,24.3,15.3,97,70,89,2013-09-17
28.2,22.2,24.2,14.7,97,68,88,2013-09-18
27.7,22.3,24.2,11.7,98,72,90,2013-09-19
27.2,22.2,24.1,12.4,98,78,90,2013-09-20
25.9,22.2,24.2,7.5,93,73,84,2013-09-21
28.1,21.7,24.8,0.0,90,58,75,2013-09-22
28.1,21.2,24.4,0.0,89,58,74,2013-09-23
27.8,20.5,24.2,0.0,89,61,75,2013-09-24
28.9,21.9,24.8,0.0,90,56,75,2013-09-25
29.2,21.9,25.1,0.1,90,59,76,2013-09-26
29.3,22.0,25.4,0.0,91,64,77,2013-09-27
29.2,22.5,25.7,0.2,89,63,77,2013-09-28
29.0,22.9,25.6,1.1,86,61,74,2013-09-29
28.4,22.3,24.5,1.9,90,65,81,2013-09-30
28.6,22.6,25.1,1.2,91,66,80,2013-10-01
28.6,22.5,24.7,12.8,95,67,86,2013-10-02
27.7,22.8,24.7,12.5,95,74,85,2013-10-03
28.6,22.6,25.2,0.0,88,60,74,2013-10-04
27.6,21.6,24.8,0.0,85,60,74,2013-10-05
27.9,22.6,25.0,2.6,94,68,82,2013-10-06
29.0,22.2,25.1,2.5,94,62,83,2013-10-07
29.2,21.9,25.0,2.9,95,63,83,2013-10-08
28.3,22.0,24.3,6.7,97,68,86,2013-10-09
28.2,21.7,24.3,0.9,97,66,84,2013-10-10
27.8,21.4,24.1,4.4,97,62,82,2013-10-11
27.2,21.6,24.0,0.4,94,71,84,2013-10-12
28.9,21.9,25.1,0.3,92,61,78,2013-10-13
29.5,22.1,25.6,0.1,91,60,77,2013-10-14
29.7,21.7,25.5,0.1,95,57,78,2013-10-15
30.2,21.4,25.5,0.0,90,49,71,2013-10-16
29.5,20.7,25.1,0.7,93,56,77,2013-10-17
29.8,20.8,25.1,0.0,98,49,75,2013-10-18
29.7,19.2,24.5,0.0,90,42,64,2013-10-19
29.4,18.2,24.0,0.0,85,44,65,2013-10-20
28.0,21.2,23.5,1.3,82,53,74,2013-10-21
27.5,21.4,23.4,11.3,96,66,86,2013-10-22
24.1,21.6,22.6,12.9,96,86,93,2013-10-23
22.9,21.2,22.0,27.3,100,93,97,2013-10-24
22.6,21.4,21.8,12.7,100,94,99,2013-10-25
25.5,21.5,22.9,3.0,100,76,91,2013-10-26
27.4,21.3,23.8,0.2,98,71,86,2013-10-27
28.8,19.6,23.9,0.0,97,55,79,2013-10-28
28.6,18.9,23.6,0.0,92,46,70,2013-10-29
28.1,18.0,23.1,0.0,85,44,65,2013-10-30
28.0,17.6,22.7,0.0,86,47,68,2013-10-31
27.5,19.1,23.3,0.0,89,60,74,2013-11-01
27.6,19.7,23.5,1.2,95,63,82,2013-11-02
27.9,19.9,23.6,0.6,98,64,84,2013-11-03
28.0,19.4,23.5,0.2,98,55,80,2013-11-04
27.0,18.1,22.6,0.0,94,54,76,2013-11-05
26.6,17.1,21.9,0.0,96,48,73,2013-11-06
27.0,17.3,22.0,0.0,94,49,72,2013-11-07
26.6,16.7,22.0,0.0,93,53,74,2013-11-08
27.2,18.0,22.2,0.0,93,48,71,2013-11-09
27.2,16.4,21.6,0.0,89,42,66,2013-11-10
26.9,15.8,21.0,0.0,86,40,64,2013-11-11
26.6,14.5,20.5,0.0,88,39,64,2013-11-12
26.8,14.6,20.7,0.0,84,37,60,2013-11-13
26.3,15.1,20.4,0.0,79,38,59,2013-11-14
25.9,14.0,19.9,0.0,80,39,58,2013-11-15
25.9,14.6,19.9,2.0,84,40,61,2013-11-16
26.5,18.0,21.4,0.2,86,48,67,2013-11-17
28.6,18.9,23.2,0.0,79,50,67,2013-11-18
28.5,18.0,22.7,0.0,74,33,55,2013-11-19
28.9,17.1,22.4,0.0,70,40,56,2013-11-20
28.8,16.7,22.3,0.0,69,36,54,2013-11-21
27.8,18.2,22.8,1.7,94,55,68,2013-11-22
23.2,20.2,21.3,5.9,99,85,94,2013-11-23
26.6,20.4,22.7,1.5,98,67,86,2013-11-24
28.5,20.1,23.7,0.0,100,53,79,2013-11-25
28.4,18.5,23.6,0.0,96,52,72,2013-11-26
28.3,17.1,22.1,0.0,72,30,53,2013-11-27
25.3,17.4,20.7,2.3,83,38,57,2013-11-28
23.4,18.6,20.9,2.6,95,76,86,2013-11-29
28.1,18.2,22.7,0.0,100,50,77,2013-11-30
27.6,19.1,23.5,0.9,91,58,76,2013-12-01
27.7,19.8,23.4,0.1,98,62,81,2013-12-02
26.5,20.5,23.0,0.4,96,61,81,2013-12-03
27.5,18.6,22.4,0.0,99,43,72,2013-12-04
27.1,16.0,21.3,0.0,82,37,59,2013-12-05
26.2,16.4,20.7,0.0,70,38,55,2013-12-06
26.2,14.4,19.5,0.0,73,29,52,2013-12-07
27.4,13.2,19.7,0.0,68,29,49,2013-12-08
27.2,12.6,19.5,0.0,71,23,48,2013-12-09
27.8,14.1,20.2,0.0,66,20,44,2013-12-10
28.3,14.5,20.7,0.0,61,26,44,2013-12-11
27.9,15.6,20.9,0.0,56,31,46,2013-12-12
28.1,15.2,20.9,0.0,66,32,45,2013-12-13
27.9,12.0,19.9,0.0,72,19,45,2013-12-14
28.2,12.7,20.5,0.0,71,23,46,2013-12-15
27.6,12.0,20.0,0.0,81,24,50,2013-12-16
27.1,14.7,20.3,0.0,78,26,52,2013-12-17
26.5,14.2,19.9,0.0,87,29,58,2013-12-18
27.0,12.6,19.6,0.0,89,26,57,2013-12-19
27.5,12.5,20.2,0.0,86,31,56,2013-12-20
27.1,15.1,20.8,0.0,87,35,60,2013-12-21
26.6,15.6,20.6,0.0,93,36,65,2013-12-22
25.0,17.0,20.9,0.0,99,47,70,2013-12-23
26.0,14.5,20.5,0.0,87,47,66,2013-12-24
27.2,14.6,21.1,0.0,90,36,62,2013-12-25
26.8,16.6,21.1,0.0,81,39,62,2013-12-26
26.8,14.6,20.6,0.0,90,34,61,2013-12-27
27.4,14.6,21.0,0.0,95,35,63,2013-12-28
27.1,15.6,21.1,0.0,93,40,65,2013-12-29
26.4,15.4,20.5,0.0,94,38,64,2013-12-30
26.2,15.2,20.4,0.0,91,38,63,2013-12-31
26.1,15.2,20.4,0.0,96,40,65,2014-01-01
27.0,14.1,20.5,0.0,90,38,64,2014-01-02
27.7,14.2,21.2,0.0,91,36,63,2014-01-03
27.4,14.8,21.3,0.0,92,42,66,2014-01-04
28.9,15.8,22.2,0.0,90,34,60,2014-01-05
29.5,17.3,23.1,0.0,88,33,60,2014-01-06
28.0,17.2,22.5,0.0,91,36,62,2014-01-07
27.8,16.1,21.9,0.0,91,36,63,2014-01-08
28.1,16.4,21.9,0.0,96,36,64,2014-01-09
28.3,16.9,22.2,0.0,95,37,63,2014-01-10
27.6,18.1,22.3,0.0,97,42,67,2014-01-11
29.2,17.3,23.1,0.0,91,33,60,2014-01-12
27.8,16.6,22.4,0.0,92,37,60,2014-01-13
27.4,16.3,21.9,0.0,96,35,62,2014-01-14
28.8,17.7,23.2,0.0,82,31,54,2014-01-15
28.8,17.4,23.1,0.0,91,33,58,2014-01-16
28.8,17.9,22.8,0.0,89,36,63,2014-01-17
28.2,17.8,22.4,0.0,94,38,65,2014-01-18
28.7,17.1,22.4,0.0,94,30,60,2014-01-19
27.6,17.2,22.1,0.0,98,42,68,2014-01-20
27.6,17.1,22.1,0.0,94,36,63,2014-01-21
26.7,16.3,21.7,0.0,92,40,65,2014-01-22
26.3,17.4,21.8,0.0,92,47,67,2014-01-23
28.1,16.8,22.4,0.0,92,38,63,2014-01-24
28.2,16.9,22.6,0.0,90,40,64,2014-01-25
29.0,16.1,22.6,0.0,96,35,63,2014-01-26
27.8,16.0,22.1,0.0,94,36,62,2014-01-27
28.6,15.7,22.3,0.0,86,28,55,2014-01-28
27.1,17.4,22.0,0.0,95,39,62,2014-01-29
28.1,16.7,22.3,0.0,97,32,59,2014-01-30
27.6,15.1,21.6,0.0,84,32,56,2014-01-31
27.4,16.1,22.0,0.0,93,35,58,2014-02-01
28.1,15.6,22.3,0.0,94,38,59,2014-02-02
29.7,16.0,23.0,0.0,85,31,55,2014-02-03
31.0,18.8,24.2,0.0,69,20,41,2014-02-04
31.3,18.2,24.5,0.0,56,21,37,2014-02-05
31.8,16.5,24.3,0.0,73,21,42,2014-02-06
31.8,17.8,25.1,0.0,70,24,42,2014-02-07
31.9,19.5,25.6,0.0,48,23,35,2014-02-08
32.1,17.2,24.8,0.0,63,20,38,2014-02-09
32.1,16.2,24.5,0.0,67,21,38,2014-02-10
31.1,15.6,24.1,0.0,74,23,42,2014-02-11
30.5,17.6,24.3,0.0,85,27,52,2014-02-12
30.5,18.9,24.5,0.0,64,28,46,2014-02-13
27.6,19.9,23.3,0.4,75,44,61,2014-02-14
28.6,18.6,23.7,0.5,88,37,60,2014-02-15
27.8,20.1,23.3,0.2,88,33,53,2014-02-16
27.9,17.1,22.3,0.0,51,29,41,2014-02-17
28.7,16.1,22.3,0.0,51,24,37,2014-02-18
29.4,17.9,23.1,0.0,94,32,56,2014-02-19
30.4,18.1,24.5,0.0,97,31,58,2014-02-20
29.9,18.0,24.2,0.0,91,36,58,2014-02-21
30.9,19.4,24.7,0.0,72,34,53,2014-02-22
30.5,18.6,24.4,0.2,75,38,56,2014-02-23
29.7,17.6,23.6,0.0,88,36,59,2014-02-24
30.1,16.9,23.6,0.0,91,38,59,2014-02-25
30.5,16.7,23.7,0.0,93,24,53,2014-02-26
31.2,18.3,24.7,0.0,92,34,56,2014-02-27
30.5,19.1,24.5,1.0,80,37,57,2014-02-28
27.7,19.0,23.2,1.5,88,51,70,2014-03-01
28.0,19.0,22.8,1.1,97,51,76,2014-03-02
27.0,18.8,21.9,2.9,94,53,79,2014-03-03
23.7,18.1,20.6,7.3,94,66,79,2014-03-04
27.8,17.7,22.6,0.2,88,43,66,2014-03-05
27.5,18.4,23.2,0.0,87,44,62,2014-03-06
28.5,18.3,23.5,0.0,88,45,64,2014-03-07
29.6,19.1,24.2,0.0,85,36,58,2014-03-08
29.1,18.5,23.9,0.0,89,36,58,2014-03-09
29.4,18.9,24.3,0.0,80,31,53,2014-03-10
31.7,19.1,25.5,0.0,73,32,51,2014-03-11
30.9,20.2,25.4,0.0,67,34,51,2014-03-12
32.4,20.5,26.3,0.0,73,27,48,2014-03-13
33.6,20.4,27.2,0.0,71,28,46,2014-03-14
34.0,20.7,27.8,0.0,69,25,43,2014-03-15
33.9,20.7,28.0,0.0,70,26,43,2014-03-16
34.5,21.0,28.5,0.0,69,22,40,2014-03-17
34.9,21.1,28.7,0.0,72,21,39,2014-03-18
35.8,21.5,29.3,0.0,56,20,32,2014-03-19
35.9,21.6,29.6,0.0,60,19,34,2014-03-20
35.7,22.2,29.8,0.0,60,21,35,2014-03-21
35.5,23.4,29.9,0.0,49,21,34,2014-03-22
36.4,22.6,29.9,0.0,71,19,40,2014-03-23
34.9,22.7,29.0,0.0,71,22,43,2014-03-24
36.0,22.3,29.3,0.0,67,21,41,2014-03-25
36.6,22.2,29.7,0.0,60,19,36,2014-03-26
36.9,22.9,30.2,0.0,46,17,29,2014-03-27
37.5,21.9,30.5,0.0,54,16,30,2014-03-28
38.3,22.5,31.2,0.0,52,15,28,2014-03-29
38.6,22.6,31.4,0.0,56,15,30,2014-03-30
36.8,26.0,31.4,0.0,43,21,32,2014-03-31
36.9,24.6,31.1,0.0,51,21,34,2014-04-01
35.4,24.5,30.4,1.3,54,25,37,2014-04-02
35.8,23.9,30.1,0.0,63,21,38,2014-04-03
36.9,23.2,30.4,0.0,69,20,38,2014-04-04
37.8,23.0,31.0,0.0,65,16,34,2014-04-05
38.2,23.0,31.0,0.0,57,12,30,2014-04-06
38.2,24.2,31.2,0.0,55,16,32,2014-04-07
37.9,24.8,31.6,0.0,50,17,30,2014-04-08
35.8,25.0,30.3,0.3,64,23,42,2014-04-09
36.4,24.9,30.5,0.0,61,19,37,2014-04-10
36.1,24.4,30.6,0.0,47,19,32,2014-04-11
36.8,23.8,30.4,0.0,55,15,34,2014-04-12
36.1,23.5,30.0,0.4,81,28,48,2014-04-13
35.3,23.9,29.4,0.0,83,34,56,2014-04-14
35.5,23.8,29.9,0.0,82,29,50,2014-04-15
36.1,24.4,30.3,1.7,68,29,46,2014-04-16
36.2,24.1,29.9,0.9,71,30,50,2014-04-17
34.2,24.6,29.6,0.6,74,38,52,2014-04-18
35.8,25.3,29.9,3.0,75,33,53,2014-04-19
36.6,24.6,30.4,0.6,71,26,46,2014-04-20
36.6,24.2,30.6,0.0,59,26,40,2014-04-21
36.0,25.1,30.6,0.0,54,28,41,2014-04-22
37.1,24.6,31.2,0.0,68,28,43,2014-04-23
37.4,25.2,31.7,0.2,61,26,40,2014-04-24
38.2,26.3,32.4,0.0,56,27,38,2014-04-25
37.9,26.1,32.4,0.0,61,25,38,2014-04-26
38.2,26.3,32.6,0.0,60,22,38,2014-04-27
37.3,26.4,32.2,0.0,60,26,40,2014-04-28
38.4,26.6,32.3,0.0,57,24,39,2014-04-29
37.7,25.8,31.2,1.5,70,28,48,2014-04-30
38.1,26.4,31.6,0.7,62,26,45,2014-05-01
38.3,25.2,31.8,0.0,66,21,43,2014-05-02
36.8,25.4,30.9,0.3,78,29,51,2014-05-03
37.1,24.8,30.7,0.0,76,25,46,2014-05-04
35.9,24.1,29.7,0.0,88,31,57,2014-05-05
35.0,24.3,29.2,0.0,86,33,60,2014-05-06
34.9,23.8,28.8,1.2,88,40,63,2014-05-07
34.5,24.7,28.5,1.9,81,38,63,2014-05-08
24.9,22.6,23.6,55.2,98,87,93,2014-05-09
32.9,22.6,27.3,0.0,97,38,67,2014-05-10
34.4,24.0,28.8,0.0,60,28,45,2014-05-11
34.7,24.3,29.2,0.0,54,29,43,2014-05-12
35.5,25.4,30.1,0.0,47,24,36,2014-05-13
35.0,25.3,30.2,0.0,49,26,36,2014-05-14
34.6,23.8,29.6,0.0,66,29,43,2014-05-15
34.9,25.6,30.1,0.0,57,31,44,2014-05-16
35.1,26.4,30.5,0.5,60,33,46,2014-05-17
37.5,25.7,31.5,0.0,62,27,44,2014-05-18
37.5,26.0,31.6,0.1,68,29,44,2014-05-19
35.5,25.2,31.0,0.0,79,38,53,2014-05-20
37.3,25.6,31.0,0.2,75,31,52,2014-05-21
38.5,26.5,32.5,0.0,72,19,41,2014-05-22
39.5,27.1,33.4,0.0,41,16,28,2014-05-23
39.6,26.5,33.5,0.0,56,16,29,2014-05-24
39.5,26.4,33.2,0.0,67,16,36,2014-05-25
36.2,26.7,31.2,0.0,82,31,54,2014-05-26
37.4,27.5,32.6,0.0,55,29,41,2014-05-27
38.5,26.2,32.2,0.0,76,22,46,2014-05-28
38.2,27.4,32.8,0.0,62,23,41,2014-05-29
38.7,27.9,33.2,0.0,56,27,42,2014-05-30
39.5,28.7,33.9,0.0,54,22,36,2014-05-31
40.3,28.2,34.3,0.2,44,22,32,2014-06-01
39.2,26.9,32.8,2.5,62,27,43,2014-06-02
36.2,26.7,31.6,0.5,73,34,50,2014-06-03
37.7,27.1,31.8,0.7,68,30,52,2014-06-04
38.6,26.8,32.7,0.0,75,26,48,2014-06-05
39.6,28.7,34.0,0.0,68,25,44,2014-06-06
39.3,27.9,33.4,0.0,72,27,48,2014-06-07
39.1,27.9,32.5,0.3,72,30,53,2014-06-08
35.2,26.9,30.3,2.0,73,43,59,2014-06-09
37.5,25.7,31.1,0.2,76,32,54,2014-06-10
37.5,26.2,31.5,0.9,72,32,51,2014-06-11
37.3,26.5,31.6,1.7,68,32,49,2014-06-12
35.7,25.8,30.3,4.3,80,37,56,2014-06-13
35.0,25.3,28.7,3.8,81,38,63,2014-06-14
33.5,25.8,28.9,0.2,76,42,61,2014-06-15
34.9,25.8,29.9,0.0,70,41,54,2014-06-16
34.8,25.9,30.4,0.0,73,41,53,2014-06-17
32.9,25.6,29.1,0.4,77,40,55,2014-06-18
31.8,24.9,27.8,0.0,81,46,66,2014-06-19
31.7,23.9,28.0,0.0,84,42,60,2014-06-20
30.9,25.1,28.4,1.7,75,47,59,2014-06-21
30.0,25.2,27.9,0.0,73,50,58,2014-06-22
35.4,24.7,30.2,0.0,73,29,47,2014-06-23
36.6,25.0,31.0,0.0,68,27,44,2014-06-24
36.5,25.3,31.2,0.0,68,27,43,2014-06-25
36.5,26.5,31.6,0.0,63,27,41,2014-06-26
34.4,26.2,30.6,0.0,55,35,44,2014-06-27
32.5,25.0,27.3,9.7,93,46,71,2014-06-28
32.8,25.2,28.8,0.4,84,38,58,2014-06-29
35.1,25.2,30.1,0.0,67,31,45,2014-06-30
36.1,27.1,31.3,0.0,58,32,43,2014-07-01
35.2,27.5,31.3,0.0,56,34,43,2014-07-02
35.2,26.8,30.9,0.0,58,33,44,2014-07-03
33.7,26.3,29.6,0.4,73,43,54,2014-07-04
34.5,25.5,29.3,0.4,80,40,60,2014-07-05
34.2,24.2,28.6,13.4,92,41,66,2014-07-06
30.8,23.8,27.1,5.5,94,55,75,2014-07-07
31.2,23.3,26.1,11.7,95,57,82,2014-07-08
27.4,22.9,24.1,15.8,94,73,90,2014-07-09
29.4,22.8,24.8,9.1,92,62,83,2014-07-10
28.1,23.1,24.8,5.4,89,65,80,2014-07-11
27.7,22.4,24.5,3.1,91,64,82,2014-07-12
26.7,22.6,24.6,10.3,94,75,86,2014-07-13
26.9,22.9,24.4,4.2,93,71,85,2014-07-14
24.8,22.7,23.5,6.6,93,83,89,2014-07-15
29.1,22.3,25.2,2.8,94,58,76,2014-07-16
28.6,23.1,25.7,0.2,86,61,73,2014-07-17
29.7,23.6,26.1,1.4,81,59,72,2014-07-18
28.5,23.1,25.0,5.1,92,61,78,2014-07-19
26.5,22.9,24.0,6.1,90,70,84,2014-07-20
26.8,22.8,24.3,3.3,87,67,80,2014-07-21
23.7,22.0,22.7,16.2,92,84,90,2014-07-22
27.7,21.4,23.5,4.4,94,70,84,2014-07-23
29.1,22.5,25.1,1.7,85,58,74,2014-07-24
29.7,22.4,25.6,0.7,87,57,74,2014-07-25
29.7,23.0,26.1,1.6,86,59,73,2014-07-26
26.6,22.9,24.5,12.9,93,67,81,2014-07-27
23.8,22.4,22.9,16.0,94,90,92,2014-07-28
26.2,22.4,23.6,14.7,93,76,88,2014-07-29
26.0,21.8,23.2,20.0,94,77,90,2014-07-30
27.9,22.5,24.8,0.2,94,69,81,2014-07-31
29.2,23.4,25.9,2.3,85,69,77,2014-08-01
28.9,22.9,26.0,0.0,85,61,72,2014-08-02
28.8,22.7,25.9,0.0,84,60,71,2014-08-03
27.2,22.8,24.9,2.7,92,65,77,2014-08-04
27.4,22.2,24.3,5.5,93,67,81,2014-08-05
28.9,23.0,25.5,0.3,82,59,73,2014-08-06
29.0,22.7,25.7,0.0,84,60,73,2014-08-07
29.1,22.6,25.7,0.1,87,59,73,2014-08-08
29.3,22.2,25.8,0.0,87,56,71,2014-08-09
30.2,22.9,26.3,0.2,86,58,72,2014-08-10
29.1,23.4,26.0,2.7,87,61,75,2014-08-11
29.8,23.2,26.3,0.4,87,58,73,2014-08-12
30.0,23.4,26.6,0.0,84,52,68,2014-08-13
30.3,23.5,26.8,0.0,82,51,66,2014-08-14
30.1,23.4,26.5,0.0,83,51,67,2014-08-15
28.5,22.8,25.9,0.0,83,56,68,2014-08-16
30.1,23.6,26.8,0.1,81,54,67,2014-08-17
31.6,23.5,27.1,0.1,86,50,69,2014-08-18
32.0,23.1,27.5,0.2,91,51,71,2014-08-19
32.5,23.0,27.8,0.5,93,50,70,2014-08-20
32.2,23.1,27.1,11.0,95,51,76,2014-08-21
31.0,22.9,27.1,0.1,97,52,72,2014-08-22
32.2,23.1,27.5,0.0,89,43,66,2014-08-23
32.1,23.7,27.7,4.0,90,51,71,2014-08-24
31.7,23.3,26.6,8.9,95,53,78,2014-08-25
29.5,23.1,25.1,16.5,95,65,85,2014-08-26
24.6,21.9,22.9,10.2,98,79,91,2014-08-27
23.8,21.7,22.8,21.6,97,90,95,2014-08-28
24.8,21.8,22.9,27.5,98,84,94,2014-08-29
23.7,21.9,22.7,65.9,99,93,96,2014-08-30
24.1,22.0,22.8,22.4,98,89,94,2014-08-31
26.1,21.5,23.9,4.9,93,67,80,2014-09-01
28.3,22.6,25.3,0.4,86,63,75,2014-09-02
28.2,22.3,25.5,0.0,88,62,74,2014-09-03
29.0,22.7,25.3,0.4,87,62,76,2014-09-04
28.7,22.6,25.0,5.2,92,64,78,2014-09-05
23.5,21.8,22.9,9.1,94,83,91,2014-09-06
23.0,21.8,22.3,16.5,94,86,90,2014-09-07
28.0,22.0,24.2,1.3,88,62,79,2014-09-08
27.7,21.8,24.7,0.1,86,60,74,2014-09-09
28.0,21.8,24.3,4.9,92,64,80,2014-09-10
28.1,21.9,24.7,0.8,93,61,78,2014-09-11
28.9,22.5,25.4,0.2,91,63,76,2014-09-12
29.4,22.6,25.8,0.7,90,65,76,2014-09-13
29.6,22.8,25.3,3.1,90,65,80,2014-09-14
29.1,22.6,25.2,4.7,93,64,83,2014-09-15
28.4,23.0,24.7,5.5,91,69,84,2014-09-16
29.0,22.6,25.2,0.4,92,66,81,2014-09-17
29.4,23.5,25.9,2.0,88,64,80,2014-09-18
28.5,23.5,25.3,5.6,92,69,84,2014-09-19
28.1,23.4,25.0,2.2,93,71,85,2014-09-20
29.1,22.8,25.6,0.1,92,61,78,2014-09-21
30.6,22.3,26.2,0.0,90,54,74,2014-09-22
29.9,22.8,26.2,1.2,92,67,80,2014-09-23
30.7,22.6,26.4,0.1,96,60,79,2014-09-24
30.9,21.4,26.2,0.0,94,47,72,2014-09-25
30.5,21.5,25.8,0.2,97,47,74,2014-09-26
29.6,22.1,25.7,0.4,96,58,78,2014-09-27
29.9,21.6,25.8,0.7,98,60,79,2014-09-28
29.9,21.8,25.8,0.4,95,54,76,2014-09-29
30.2,21.9,25.9,0.0,90,54,75,2014-09-30
30.0,22.3,26.2,0.0,92,48,69,2014-10-01
31.3,21.2,26.4,0.0,81,42,61,2014-10-02
31.3,21.1,26.6,0.0,87,41,63,2014-10-03
31.6,21.3,26.7,0.0,91,45,67,2014-10-04
32.4,24.0,27.9,0.0,82,45,61,2014-10-05
31.9,21.7,26.9,0.6,93,46,68,2014-10-06
29.9,21.4,25.7,2.2,97,52,74,2014-10-07
30.7,21.9,26.0,0.4,94,50,72,2014-10-08
30.7,22.0,26.2,0.8,96,53,75,2014-10-09
32.0,22.5,27.0,0.6,97,49,72,2014-10-10
31.8,24.2,27.6,0.0,81,47,63,2014-10-11
31.4,23.2,27.4,0.0,68,26,43,2014-10-12
32.3,25.1,28.0,0.0,53,36,44,2014-10-13
34.1,22.4,28.1,0.0,85,32,53,2014-10-14
31.7,23.1,27.0,0.1,95,45,71,2014-10-15
31.9,22.0,26.6,2.7,97,46,70,2014-10-16
32.0,22.3,26.8,1.2,95,45,69,2014-10-17
30.9,21.9,25.5,2.4,94,48,75,2014-10-18
31.1,20.6,25.8,0.4,95,47,69,2014-10-19
31.8,20.8,26.0,0.0,98,34,62,2014-10-20
30.9,20.0,25.8,0.0,91,40,63,2014-10-21
30.2,22.0,25.9,0.2,94,51,71,2014-10-22
30.5,20.8,25.9,0.0,96,42,66,2014-10-23
30.7,21.0,26.3,0.0,92,40,61,2014-10-24
26.9,21.7,23.6,22.8,96,65,83,2014-10-25
21.3,19.6,20.5,77.2,98,92,95,2014-10-26
25.4,19.5,21.9,0.6,98,69,85,2014-10-27
27.2,18.2,22.4,0.0,98,53,77,2014-10-28
27.5,17.7,22.1,0.0,88,41,67,2014-10-29
27.6,17.0,21.9,0.0,85,40,66,2014-10-30
28.4,17.4,22.8,0.0,83,40,63,2014-10-31
27.6,17.3,22.6,0.0,83,47,68,2014-11-01
29.1,19.4,23.9,0.0,89,42,66,2014-11-02
29.1,19.2,23.6,0.0,79,41,61,2014-11-03
29.6,17.4,23.2,0.0,85,37,62,2014-11-04
30.1,17.0,23.6,0.0,80,36,58,2014-11-05
30.2,17.7,24.0,0.0,80,38,60,2014-11-06
29.8,19.8,24.5,0.0,86,32,58,2014-11-07
28.6,17.1,22.8,0.0,76,32,55,2014-11-08
27.1,20.1,22.9,4.6,94,52,68,2014-11-09
27.6,20.5,23.4,2.3,95,67,84,2014-11-10
28.9,20.3,24.2,0.0,100,53,77,2014-11-11
29.0,20.8,24.0,2.1,99,62,83,2014-11-12
25.6,20.8,22.4,3.6,99,75,92,2014-11-13
27.7,21.5,23.5,4.6,99,67,87,2014-11-14
28.5,20.1,23.9,0.4,99,61,83,2014-11-15
28.3,20.6,24.1,0.0,95,54,76,2014-11-16
28.6,19.8,24.1,0.4,90,55,74,2014-11-17
28.1,20.0,24.1,0.5,94,59,77,2014-11-18
28.1,19.5,23.7,0.5,97,55,78,2014-11-19
28.1,19.0,22.8,0.0,99,43,72,2014-11-20
28.0,18.4,22.6,0.0,81,39,60,2014-11-21
28.7,17.7,22.8,0.0,91,42,68,2014-11-22
28.6,17.2,22.9,0.0,93,45,69,2014-11-23
27.7,16.3,22.2,0.0,92,44,69,2014-11-24
27.6,15.8,21.6,0.0,89,39,64,2014-11-25
27.8,15.7,21.3,0.0,78,30,54,2014-11-26
28.1,14.4,21.5,0.0,78,32,54,2014-11-27
28.3,15.2,21.6,0.0,87,36,63,2014-11-28
28.9,16.2,22.4,0.0,86,33,60,2014-11-29
28.6,16.4,22.3,0.0,79,28,52,2014-11-30
28.7,16.0,22.2,0.0,77,32,52,2014-12-01
28.5,15.8,22.1,0.0,79,33,56,2014-12-02
28.7,16.3,22.1,0.0,78,32,55,2014-12-03
28.7,15.3,22.1,0.0,75,29,49,2014-12-04
28.2,15.3,21.5,0.0,73,33,53,2014-12-05
28.3,14.8,21.5,0.0,87,36,61,2014-12-06
28.7,15.0,21.8,0.0,84,36,61,2014-12-07
29.1,16.1,22.5,0.0,87,36,64,2014-12-08
28.7,18.3,23.0,0.0,98,44,70,2014-12-09
28.5,18.4,23.3,0.0,94,46,69,2014-12-10
25.7,18.9,22.2,0.0,96,57,75,2014-12-11
24.6,19.7,21.7,1.5,97,65,82,2014-12-12
23.8,19.3,21.4,0.4,91,63,77,2014-12-13
27.5,18.5,22.6,0.0,98,45,69,2014-12-14
28.0,17.9,22.9,0.0,97,45,70,2014-12-15
27.1,18.4,22.4,0.0,94,45,70,2014-12-16
25.6,17.0,20.8,0.0,73,37,51,2014-12-17
26.2,14.4,19.9,0.0,66,37,52,2014-12-18
26.2,14.7,20.1,0.0,74,34,54,2014-12-19
25.6,12.8,19.2,0.0,80,29,52,2014-12-20
25.9,12.6,19.1,0.0,77,31,53,2014-12-21
26.0,12.4,19.3,0.0,82,35,58,2014-12-22
26.4,14.0,20.0,0.0,97,34,63,2014-12-23
26.7,14.3,20.3,0.0,95,35,62,2014-12-24
26.6,13.9,20.2,0.0,87,33,60,2014-12-25
26.7,13.4,20.1,0.0,76,28,51,2014-12-26
25.6,13.6,19.4,0.0,79,33,54,2014-12-27
26.0,13.8,19.6,0.0,68,31,50,2014-12-28
27.2,14.6,20.8,0.0,70,37,51,2014-12-29
28.3,15.5,22.0,0.0,78,39,56,2014-12-30
28.9,17.2,23.3,0.0,96,42,65,2014-12-31
28.2,18.8,23.3,0.2,95,46,69,2015-01-01
27.5,19.6,23.1,0.0,88,52,72,2015-01-02
26.6,19.6,22.4,4.0,98,61,84,2015-01-03
25.7,19.6,21.7,0.6,100,60,85,2015-01-04
27.6,17.6,22.1,0.0,94,42,70,2015-01-05
27.4,16.5,21.5,0.0,86,38,61,2015-01-06
28.3,15.5,22.2,0.0,72,36,52,2015-01-07
27.5,16.0,21.6,0.0,77,32,52,2015-01-08
26.6,14.1,20.0,0.0,68,20,42,2015-01-09
26.8,11.1,19.1,0.0,73,20,42,2015-01-10
26.9,11.2,19.1,0.0,68,18,39,2015-01-11
27.0,11.6,19.2,0.0,66,20,39,2015-01-12
27.2,13.7,20.0,0.0,57,21,39,2015-01-13
27.9,12.2,20.3,0.0,71,24,45,2015-01-14
27.3,15.4,20.9,0.0,97,28,57,2015-01-15
27.7,14.6,21.2,0.0,78,24,46,2015-01-16
27.8,14.2,21.1,0.0,56,20,36,2015-01-17
28.1,13.8,21.1,0.0,64,23,40,2015-01-18
27.7,15.4,21.5,0.0,65,32,48,2015-01-19
27.6,16.0,22.0,0.0,91,38,57,2015-01-20
27.3,16.4,21.9,0.0,91,39,60,2015-01-21
27.9,16.2,22.0,0.0,91,33,57,2015-01-22
28.2,16.0,21.9,0.0,93,34,56,2015-01-23
28.6,16.6,22.3,0.0,88,29,54,2015-01-24
28.6,16.5,22.2,0.0,76,25,48,2015-01-25
27.9,16.0,21.7,0.0,86,30,55,2015-01-26
28.0,15.6,21.6,0.0,74,27,50,2015-01-27
27.9,15.2,21.5,0.0,90,32,58,2015-01-28
28.4,16.2,22.2,0.0,93,32,58,2015-01-29
28.1,15.9,22.5,0.0,95,38,61,2015-01-30
28.9,16.8,22.6,0.0,87,30,55,2015-01-31
28.9,14.8,22.1,0.0,91,32,58,2015-02-01
28.8,16.8,22.6,0.0,95,34,62,2015-02-02
28.0,18.0,22.1,0.0,98,31,63,2015-02-03
29.2,14.3,22.0,0.0,90,28,55,2015-02-04
29.6,15.0,22.9,0.0,79,24,45,2015-02-05
29.6,15.8,22.8,0.0,69,18,37,2015-02-06
29.3,16.0,22.8,0.0,64,21,43,2015-02-07
29.7,16.9,23.1,0.0,74,27,49,2015-02-08
29.8,17.0,23.0,0.0,91,26,54,2015-02-09
28.8,16.4,22.4,0.0,95,34,61,2015-02-10
28.8,16.1,22.3,0.0,95,34,60,2015-02-11
30.0,15.8,22.8,0.0,91,23,52,2015-02-12
31.3,17.2,24.4,0.0,77,23,45,2015-02-13
31.6,18.5,25.0,0.0,61,24,41,2015-02-14
32.6,18.5,25.3,0.0,69,18,40,2015-02-15
32.6,17.5,25.2,0.0,74,21,42,2015-02-16
33.2,17.2,25.4,0.0,75,17,41,2015-02-17
33.2,19.4,26.0,0.0,55,20,37,2015-02-18
31.4,18.4,25.4,0.0,82,24,46,2015-02-19
30.1,19.6,24.9,0.0,60,28,44,2015-02-20
30.4,19.1,25.1,0.0,73,31,48,2015-02-21
32.4,17.6,25.3,0.0,78,22,45,2015-02-22
32.5,19.2,26.0,0.0,57,21,36,2015-02-23
33.0,19.3,26.2,0.0,53,18,32,2015-02-24
33.1,19.6,26.2,0.0,43,16,28,2015-02-25
33.5,19.5,26.5,0.0,47,17,30,2015-02-26
33.1,20.0,26.1,0.0,46,19,31,2015-02-27
32.1,19.6,25.8,0.0,85,28,53,2015-02-28
29.7,20.9,24.0,5.9,93,46,74,2015-03-01
28.0,20.4,23.7,11.5,96,53,77,2015-03-02
30.2,19.7,24.6,0.0,96,37,63,2015-03-03
29.1,18.4,23.8,0.0,65,35,50,2015-03-04
31.0,19.3,25.2,0.0,70,36,53,2015-03-05
30.1,20.9,25.2,0.6,93,50,72,2015-03-06
30.5,20.6,25.2,0.2,93,44,69,2015-03-07
31.1,20.8,25.9,0.1,92,44,65,2015-03-08
30.6,20.4,25.6,0.0,91,42,62,2015-03-09
30.9,21.6,25.7,0.8,86,45,65,2015-03-10
32.6,20.5,26.4,0.0,78,24,45,2015-03-11
32.5,19.3,26.1,0.0,63,28,43,2015-03-12
33.7,19.1,27.0,0.0,84,21,44,2015-03-13
34.1,20.7,27.5,0.0,56,17,36,2015-03-14
34.0,18.5,26.5,0.0,84,21,45,2015-03-15
34.0,20.4,27.7,0.0,83,24,48,2015-03-16
34.3,20.2,27.9,0.0,76,27,45,2015-03-17
35.2,22.0,29.1,0.0,62,23,36,2015-03-18
35.0,23.4,29.1,0.0,61,21,38,2015-03-19
35.8,22.0,29.3,0.0,50,18,31,2015-03-20
35.8,22.1,29.6,0.0,55,20,33,2015-03-21
36.2,24.8,30.5,0.0,46,22,34,2015-03-22
36.5,22.6,30.6,0.0,62,22,36,2015-03-23
37.1,23.0,30.4,0.0,54,19,34,2015-03-24
35.8,21.9,29.5,0.0,66,21,38,2015-03-25
34.7,22.1,28.9,0.0,80,24,47,2015-03-26
34.8,22.0,28.7,0.0,66,24,42,2015-03-27
35.1,22.4,28.9,0.0,52,22,37,2015-03-28
34.5,22.4,28.6,0.0,74,29,47,2015-03-29
32.4,23.0,28.0,0.0,73,40,52,2015-03-30
33.9,23.1,28.1,0.5,73,34,53,2015-03-31
34.0,23.1,29.0,0.0,78,32,50,2015-04-01
35.0,23.9,29.8,0.0,72,30,48,2015-04-02
36.9,24.6,30.8,0.0,67,21,39,2015-04-03
36.7,24.3,30.4,0.0,50,19,32,2015-04-04
36.8,22.3,29.9,0.0,54,18,33,2015-04-05
37.1,23.4,30.6,0.0,80,22,44,2015-04-06
35.7,24.0,30.3,0.0,86,31,52,2015-04-07
35.8,23.9,29.6,0.0,89,29,53,2015-04-08
35.4,23.1,29.1,0.0,87,31,52,2015-04-09
34.9,24.0,29.2,0.4,86,35,57,2015-04-10
31.1,23.2,27.0,6.6,92,48,67,2015-04-11
27.4,21.2,23.8,12.0,97,59,79,2015-04-12
29.8,19.8,24.0,6.0,94,45,75,2015-04-13
27.9,19.7,22.6,12.4,93,58,81,2015-04-14
29.2,20.0,24.2,2.2,95,51,75,2015-04-15
30.1,20.5,25.2,0.2,95,49,71,2015-04-16
31.3,21.1,25.9,1.1,95,42,68,2015-04-17
34.0,21.0,27.7,0.0,85,30,55,2015-04-18
35.5,22.2,29.0,0.0,68,28,47,2015-04-19
36.0,22.8,29.6,0.0,79,28,49,2015-04-20
36.5,22.8,30.0,0.0,80,24,46,2015-04-21
36.9,25.0,31.0,0.0,68,28,45,2015-04-22
35.8,24.7,30.2,0.7,75,32,51,2015-04-23
34.7,24.6,28.9,1.0,77,38,60,2015-04-24
35.1,23.5,29.2,0.0,77,27,52,2015-04-25
34.7,23.1,29.0,0.0,96,34,59,2015-04-26
35.3,23.1,29.5,0.0,85,32,54,2015-04-27
36.9,24.5,30.9,0.0,65,26,44,2015-04-28
37.8,26.5,32.0,0.0,52,21,38,2015-04-29
38.0,26.2,31.8,0.0,59,18,38,2015-04-30
38.7,25.0,31.8,0.0,59,17,34,2015-05-01
38.3,24.5,31.9,0.0,66,18,37,2015-05-02
37.3,25.6,31.5,0.0,62,25,43,2015-05-03
35.2,25.7,30.2,1.5,75,40,55,2015-05-04
35.8,24.8,30.5,0.0,71,27,45,2015-05-05
37.2,24.3,30.4,1.0,63,26,44,2015-05-06
37.2,25.3,31.3,0.4,66,28,44,2015-05-07
38.8,26.1,32.2,0.0,61,18,37,2015-05-08
38.3,26.5,32.4,0.0,62,23,40,2015-05-09
36.2,27.2,31.6,0.0,68,28,45,2015-05-10
36.7,26.5,31.2,1.1,66,30,46,2015-05-11
36.2,26.1,30.8,0.5,70,34,50,2015-05-12
35.5,26.1,30.0,1.8,74,33,55,2015-05-13
35.0,26.1,30.3,0.1,70,37,54,2015-05-14
35.3,26.5,30.3,0.3,74,36,55,2015-05-15
31.4,24.0,27.9,8.5,93,48,69,2015-05-16
35.0,24.5,29.9,0.0,85,36,58,2015-05-17
37.0,25.7,31.5,0.0,74,28,48,2015-05-18
39.8,27.4,33.2,0.0,65,20,41,2015-05-19
40.7,28.4,34.3,0.0,60,21,35,2015-05-20
41.6,28.5,34.7,0.0,42,15,30,2015-05-21
40.6,29.8,34.8,0.0,39,19,29,2015-05-22
39.7,29.5,34.4,0.2,47,19,31,2015-05-23
39.3,28.6,33.8,0.0,54,19,32,2015-05-24
39.5,28.8,33.6,0.0,52,21,33,2015-05-25
40.1,28.7,34.0,0.0,42,17,30,2015-05-26
40.2,28.7,34.4,0.0,36,19,27,2015-05-27
40.0,28.4,33.7,0.4,52,23,35,2015-05-28
40.4,28.0,34.3,0.0,53,19,36,2015-05-29
39.4,27.5,33.7,0.0,65,23,41,2015-05-30
40.1,28.1,34.0,0.1,56,22,36,2015-05-31
37.3,27.6,31.2,0.6,71,32,54,2015-06-01
37.3,27.4,31.4,0.8,67,28,50,2015-06-02
36.7,26.4,30.7,1.3,65,33,51,2015-06-03
36.4,26.0,30.7,0.5,79,35,56,2015-06-04
35.7,25.3,29.6,2.8,78,36,62,2015-06-05
33.7,26.1,29.4,0.9,76,46,63,2015-06-06
30.8,24.8,28.2,3.4,89,56,69,2015-06-07
33.3,24.9,29.0,0.1,85,50,66,2015-06-08
33.2,25.0,28.6,0.3,81,48,64,2015-06-09
34.8,25.4,29.2,3.8,75,42,63,2015-06-10
35.3,25.7,30.1,1.4,86,43,63,2015-06-11
32.4,24.2,27.3,15.4,94,55,77,2015-06-12
30.4,23.6,26.6,7.3,93,60,77,2015-06-13
27.9,23.0,25.4,3.5,95,64,80,2015-06-14
27.9,22.6,24.7,5.1,94,68,83,2015-06-15
28.0,23.1,25.7,1.3,90,63,77,2015-06-16
29.0,23.6,25.8,5.8,88,57,74,2015-06-17
28.6,22.8,25.1,13.2,92,60,80,2015-06-18
29.3,22.5,25.0,15.6,93,62,81,2015-06-19
26.2,23.0,24.2,14.0,92,74,86,2015-06-20
24.3,22.6,23.2,31.8,92,87,91,2015-06-21
28.1,22.6,25.0,4.3,92,64,79,2015-06-22
29.7,24.1,26.7,1.4,79,58,69,2015-06-23
30.7,24.1,26.7,7.3,84,60,72,2015-06-24
29.8,24.4,26.9,0.0,78,59,69,2015-06-25
30.1,24.0,27.0,0.0,78,52,66,2015-06-26
29.8,23.4,26.8,0.0,83,53,66,2015-06-27
31.2,23.7,27.1,0.0,83,45,64,2015-06-28
30.9,23.8,27.3,0.1,84,52,65,2015-06-29
31.3,24.3,27.6,0.0,81,49,63,2015-06-30
31.0,24.5,27.6,0.0,79,49,63,2015-07-01
30.0,23.7,26.9,0.3,84,58,69,2015-07-02
31.7,25.4,28.3,0.0,70,45,57,2015-07-03
33.1,24.3,28.7,0.0,67,39,52,2015-07-04
33.6,24.1,28.8,0.0,71,35,51,2015-07-05
33.3,23.6,28.8,0.0,74,33,50,2015-07-06
31.7,23.9,28.3,0.2,75,43,55,2015-07-07
32.3,24.7,28.7,0.6,76,42,57,2015-07-08
32.2,25.3,29.1,0.0,74,44,56,2015-07-09
30.7,25.3,28.2,0.4,74,52,61,2015-07-10
31.2,24.6,28.1,0.0,75,45,58,2015-07-11
32.7,24.3,28.8,0.0,77,40,55,2015-07-12
33.5,25.7,29.4,0.2,71,44,57,2015-07-13
35.0,26.1,29.2,2.3,77,41,62,2015-07-14
31.6,24.0,27.6,3.3,94,51,71,2015-07-15
32.7,25.9,29.3,0.0,75,40,53,2015-07-16
32.7,25.2,28.8,0.7,75,43,58,2015-07-17
32.5,24.9,28.4,0.4,78,49,62,2015-07-18
33.0,24.4,27.8,7.2,89,47,66,2015-07-19
32.5,23.8,27.3,0.9,80,46,65,2015-07-20
30.9,24.3,27.6,0.0,77,54,65,2015-07-21
29.9,24.1,26.2,5.2,81,54,72,2015-07-22
31.1,24.0,27.3,2.7,86,51,67,2015-07-23
31.5,24.2,27.2,1.7,88,51,70,2015-07-24
31.9,24.1,27.6,0.0,80,46,64,2015-07-25
30.7,23.5,26.8,2.8,83,52,67,2015-07-26
31.1,23.7,27.6,0.0,78,42,59,2015-07-27
33.1,23.2,28.3,0.0,76,39,54,2015-07-28
31.6,23.0,27.8,0.0,71,41,54,2015-07-29
29.3,23.6,26.8,0.0,74,50,60,2015-07-30
31.5,24.2,27.1,1.4,84,47,64,2015-07-31
32.0,23.4,27.6,0.0,88,46,64,2015-08-01
32.3,25.0,28.4,0.0,71,46,58,2015-08-02
30.9,25.2,28.1,0.0,67,47,57,2015-08-03
29.8,25.3,27.4,0.0,69,50,59,2015-08-04
30.5,24.1,26.4,0.1,75,49,64,2015-08-05
31.0,23.1,26.0,0.8,82,48,70,2015-08-06
30.3,23.3,26.6,2.9,89,50,68,2015-08-07
30.6,23.2,26.0,5.4,92,51,76,2015-08-08
28.9,23.2,25.8,1.9,94,60,79,2015-08-09
29.0,23.9,25.8,6.5,90,64,80,2015-08-10
28.2,23.2,25.0,15.7,93,71,85,2015-08-11
24.3,22.7,23.3,19.8,94,86,92,2015-08-12
27.6,22.5,24.3,6.8,94,63,83,2015-08-13
29.8,22.8,26.0,0.8,88,57,74,2015-08-14
29.8,23.7,26.7,0.1,86,57,71,2015-08-15
28.9,24.1,26.1,0.4,82,66,74,2015-08-16
30.3,24.1,26.9,0.2,78,56,69,2015-08-17
30.9,23.7,26.9,0.8,88,57,74,2015-08-18
31.4,23.8,27.1,5.0,93,57,77,2015-08-19
29.8,23.1,25.9,5.1,95,66,84,2015-08-20
28.3,22.9,25.6,1.7,95,67,82,2015-08-21
29.4,23.1,26.1,0.1,91,56,73,2015-08-22
30.1,23.3,26.4,0.0,86,52,69,2015-08-23
30.1,24.3,26.9,0.0,74,52,64,2015-08-24
30.9,24.1,27.0,0.1,74,51,64,2015-08-25
30.5,23.9,26.7,0.1,81,55,70,2015-08-26
29.6,23.5,26.0,2.3,86,60,75,2015-08-27
29.1,23.0,24.9,9.6,91,64,83,2015-08-28
28.2,22.6,25.2,2.8,94,67,80,2015-08-29
29.8,23.7,26.4,0.4,84,57,72,2015-08-30
30.7,24.4,27.2,0.0,77,54,67,2015-08-31
30.1,24.7,27.2,0.0,74,54,65,2015-09-01
30.5,24.0,27.0,0.6,82,50,65,2015-09-02
31.5,23.2,27.3,0.2,85,45,63,2015-09-03
33.0,23.7,28.2,0.0,83,46,64,2015-09-04
33.4,23.0,27.3,3.7,93,47,73,2015-09-05
31.4,23.4,26.3,14.5,96,55,80,2015-09-06
29.3,22.9,25.5,6.2,96,66,84,2015-09-07
30.5,22.1,25.4,7.4,96,57,82,2015-09-08
29.2,21.8,24.8,5.2,96,61,83,2015-09-09
30.3,21.9,25.2,10.1,97,61,84,2015-09-10
30.1,22.0,25.4,7.3,96,60,83,2015-09-11
26.1,22.5,24.2,11.6,96,79,89,2015-09-12
29.0,22.8,24.8,12.7,94,68,87,2015-09-13
29.2,22.3,24.3,10.9,96,68,89,2015-09-14
26.9,22.5,24.2,1.8,96,79,89,2015-09-15
27.5,22.4,24.2,7.2,98,79,90,2015-09-16
28.8,22.6,25.0,5.4,96,65,84,2015-09-17
30.5,23.4,26.4,0.2,89,59,77,2015-09-18
29.7,22.9,26.2,0.0,90,59,76,2015-09-19
28.0,23.6,25.6,0.0,81,61,72,2015-09-20
29.9,22.9,26.0,0.0,83,53,69,2015-09-21
30.7,22.4,26.1,0.0,83,48,66,2015-09-22
32.2,22.1,26.9,0.0,81,42,64,2015-09-23
32.0,22.8,27.3,0.0,89,46,68,2015-09-24
31.7,23.2,27.6,0.5,93,53,72,2015-09-25
31.0,22.9,26.3,1.6,94,58,79,2015-09-26
31.5,22.2,26.7,0.0,95,39,65,2015-09-27
30.0,20.8,25.8,0.0,89,49,67,2015-09-28
30.6,21.8,25.9,1.0,91,54,74,2015-09-29
30.2,21.7,26.0,0.4,97,57,77,2015-09-30
29.5,22.3,24.8,3.7,97,65,85,2015-10-01
30.0,22.2,25.3,3.6,98,59,83,2015-10-02
31.3,22.6,25.8,9.7,96,55,82,2015-10-03
30.8,22.9,25.9,7.2,96,61,83,2015-10-04
30.7,21.9,26.0,0.9,98,55,78,2015-10-05
32.0,21.5,26.5,0.0,97,39,68,2015-10-06
32.3,19.9,26.5,0.0,91,35,59,2015-10-07
32.3,20.3,26.8,0.0,83,33,54,2015-10-08
33.1,21.6,27.3,0.0,81,32,57,2015-10-09
32.4,23.9,28.0,0.0,76,41,58,2015-10-10
32.8,23.3,27.0,3.2,84,44,69,2015-10-11
33.9,23.0,27.8,0.0,89,31,61,2015-10-12
33.6,24.4,28.5,0.0,64,27,47,2015-10-13
33.5,24.2,28.7,0.0,63,28,45,2015-10-14
34.0,21.6,28.1,0.0,78,27,49,2015-10-15
32.8,21.9,27.4,0.1,93,39,64,2015-10-16
32.1,22.7,27.1,0.7,97,48,71,2015-10-17
32.4,22.4,27.4,0.4,94,47,68,2015-10-18
33.3,22.6,27.7,0.0,91,32,59,2015-10-19
34.3,20.8,27.8,0.0,86,25,52,2015-10-20
34.1,22.3,28.1,0.0,78,26,50,2015-10-21
34.3,21.9,28.2,0.0,82,27,52,2015-10-22
33.4,22.2,27.9,0.0,81,30,53,2015-10-23
32.9,22.2,27.8,0.0,82,34,55,2015-10-24
31.6,22.5,27.2,0.0,83,37,58,2015-10-25
32.1,21.1,26.6,0.0,94,33,58,2015-10-26
32.4,19.7,26.5,0.0,85,28,51,2015-10-27
31.5,20.3,25.6,0.0,89,35,63,2015-10-28
31.3,22.0,25.4,1.9,96,46,76,2015-10-29
30.0,21.1,25.7,0.3,95,48,70,2015-10-30
31.7,21.5,26.1,0.0,88,36,63,2015-10-31
31.6,20.7,26.0,0.0,84,35,59,2015-11-01
32.1,20.3,26.3,0.0,91,31,60,2015-11-02
31.0,22.2,27.1,0.0,85,42,59,2015-11-03
31.8,22.6,27.2,0.0,83,37,56,2015-11-04
31.8,21.0,26.5,0.0,88,36,60,2015-11-05
31.9,20.9,26.7,0.0,89,33,58,2015-11-06
31.6,19.7,26.4,0.0,88,32,55,2015-11-07
32.1,20.6,26.3,0.0,80,32,51,2015-11-08
30.8,18.7,25.2,0.0,81,27,47,2015-11-09
29.1,21.2,24.3,0.0,75,41,54,2015-11-10
31.4,19.5,25.4,0.0,86,32,56,2015-11-11
32.0,18.8,25.4,0.0,85,31,53,2015-11-12
32.5,18.9,25.6,0.0,77,22,46,2015-11-13
31.5,18.5,25.2,0.0,72,27,47,2015-11-14
31.1,18.6,25.3,0.3,77,29,50,2015-11-15
26.3,20.4,23.1,0.1,81,51,65,2015-11-16
29.8,20.3,23.9,0.0,78,40,62,2015-11-17
30.8,19.6,24.4,0.0,82,27,54,2015-11-18
29.2,19.8,23.9,0.0,77,37,58,2015-11-19
25.4,21.4,23.4,0.0,84,66,75,2015-11-20
29.2,21.0,24.8,0.0,93,46,69,2015-11-21
30.7,21.0,25.5,0.0,96,40,65,2015-11-22
30.5,20.3,25.1,0.0,95,41,65,2015-11-23
28.6,22.3,25.2,0.2,81,52,66,2015-11-24
31.0,20.7,25.3,0.0,83,35,61,2015-11-25
31.5,18.4,24.9,0.0,92,31,61,2015-11-26
32.2,18.4,25.4,0.0,93,32,61,2015-11-27
31.6,20.0,25.4,0.0,93,32,62,2015-11-28
30.8,19.6,24.6,0.0,95,27,59,2015-11-29
23.4,20.5,21.6,9.5,91,66,83,2015-11-30
29.5,19.8,24.0,0.2,91,45,72,2015-12-01
27.7,19.8,23.6,0.0,96,51,72,2015-12-02
30.1,18.3,24.0,0.0,88,35,60,2015-12-03
30.8,18.7,24.5,0.0,87,31,59,2015-12-04
30.6,18.7,24.6,0.0,85,31,55,2015-12-05
29.8,17.5,23.5,0.0,94,38,66,2015-12-06
30.5,18.1,24.1,0.0,89,32,60,2015-12-07
31.0,18.4,24.1,0.0,87,29,58,2015-12-08
30.6,17.0,23.5,0.0,90,27,58,2015-12-09
31.3,16.9,24.0,0.0,93,30,59,2015-12-10
32.7,18.6,25.8,0.0,81,32,54,2015-12-11
32.8,21.4,27.1,0.0,81,37,57,2015-12-12
32.2,21.9,27.0,0.0,83,40,60,2015-12-13
32.9,20.8,26.8,0.0,86,34,55,2015-12-14
32.9,20.6,26.4,0.0,81,30,52,2015-12-15
32.7,19.7,25.7,0.0,85,26,54,2015-12-16
31.9,18.5,24.6,0.0,91,16,53,2015-12-17
31.7,18.0,24.8,0.0,94,26,56,2015-12-18
30.8,19.1,25.1,0.0,91,34,58,2015-12-19
31.5,19.4,25.3,0.0,92,27,55,2015-12-20
30.3,20.2,25.3,0.0,86,36,58,2015-12-21
31.3,19.7,25.6,0.0,90,32,56,2015-12-22
30.2,21.3,25.7,0.0,86,36,57,2015-12-23
30.6,21.5,25.8,0.0,79,33,52,2015-12-24
27.5,17.9,22.6,0.0,51,26,36,2015-12-25
28.1,13.4,20.6,0.0,48,19,33,2015-12-26
28.8,14.8,21.5,0.0,51,19,35,2015-12-27
30.3,15.3,22.6,0.0,55,19,35,2015-12-28
32.0,14.7,23.7,0.0,67,16,36,2015-12-29
32.2,16.4,24.1,0.0,58,16,35,2015-12-30
31.8,17.8,24.4,0.0,73,23,47,2015-12-31
31.2,16.4,23.8,0.0,93,23,52,2016-01-01
30.9,17.1,24.1,0.0,80,22,45,2016-01-02
30.8,17.7,24.0,0.0,69,23,43,2016-01-03
29.6,17.5,23.5,0.0,74,30,49,2016-01-04
29.6,18.4,23.6,0.0,77,27,50,2016-01-05
29.2,17.6,23.2,0.0,87,26,53,2016-01-06
29.2,16.7,23.1,0.0,92,25,51,2016-01-07
29.5,16.3,23.1,0.0,82,21,46,2016-01-08
29.9,16.3,23.3,0.0,77,20,41,2016-01-09
29.7,17.0,23.5,0.0,66,20,37,2016-01-10
29.2,16.8,23.2,0.0,67,22,39,2016-01-11
29.2,15.6,22.7,0.0,69,21,39,2016-01-12
29.6,15.9,23.2,0.0,63,23,38,2016-01-13
29.5,18.4,23.7,0.0,68,26,44,2016-01-14
28.7,17.5,23.0,0.0,89,30,54,2016-01-15
29.2,17.4,23.5,0.0,73,26,46,2016-01-16
29.5,18.4,24.0,0.0,58,25,42,2016-01-17
28.9,17.9,23.2,0.0,82,30,53,2016-01-18
26.2,19.7,22.5,0.4,84,52,71,2016-01-19
24.5,18.5,21.3,1.4,93,51,75,2016-01-20
27.1,16.6,21.5,0.0,95,34,61,2016-01-21
27.4,16.1,21.6,0.0,57,30,43,2016-01-22
28.4,16.9,22.3,0.0,52,28,41,2016-01-23
29.0,17.1,22.9,0.0,76,32,51,2016-01-24
28.2,18.7,23.4,0.2,96,41,66,2016-01-25
29.9,18.3,24.1,0.0,95,38,65,2016-01-26
31.1,18.3,24.8,0.0,94,35,62,2016-01-27
32.5,19.5,25.6,0.0,84,17,45,2016-01-28
32.2,17.1,24.8,0.0,74,20,39,2016-01-29
32.6,17.0,25.1,0.0,63,21,38,2016-01-30
33.7,17.3,25.8,0.0,82,19,44,2016-01-31
33.5,18.6,26.5,0.0,66,20,37,2016-02-01
34.0,20.6,27.2,0.0,58,20,35,2016-02-02
34.1,18.8,26.5,0.0,63,15,35,2016-02-03
32.7,18.6,25.8,0.0,64,20,38,2016-02-04
31.3,18.5,25.3,0.0,69,26,43,2016-02-05
32.0,19.7,25.7,0.0,73,25,47,2016-02-06
32.5,19.4,25.9,0.0,70,26,47,2016-02-07
31.6,20.3,26.3,0.0,80,33,53,2016-02-08
31.6,23.3,27.2,0.0,70,31,49,2016-02-09
33.4,22.0,27.7,0.0,64,26,43,2016-02-10
32.5,22.2,27.3,0.0,65,30,45,2016-02-11
32.9,21.7,27.3,0.0,80,30,51,2016-02-12
32.6,21.1,27.0,0.0,81,31,52,2016-02-13
32.4,20.7,26.7,0.0,87,31,54,2016-02-14
32.7,20.6,26.3,0.0,60,16,36,2016-02-15
32.0,18.3,25.1,0.0,92,27,54,2016-02-16
31.6,18.3,25.0,0.0,61,19,38,2016-02-17
32.6,18.2,25.5,0.0,78,17,42,2016-02-18
33.4,16.9,25.7,0.0,69,11,34,2016-02-19
35.1,18.4,27.1,0.0,78,11,35,2016-02-20
36.2,19.8,28.4,0.0,60,14,30,2016-02-21
36.2,22.2,29.4,0.0,55,23,36,2016-02-22
36.6,22.4,29.4,0.0,68,21,40,2016-02-23
35.8,21.5,28.3,0.0,79,24,46,2016-02-24
34.8,21.7,28.2,0.0,77,30,50,2016-02-25
31.6,22.0,26.7,0.0,85,45,62,2016-02-26
31.7,21.6,26.6,0.0,88,37,57,2016-02-27
32.3,21.3,26.8,0.5,88,40,58,2016-02-28
33.8,21.7,27.5,0.2,85,30,55,2016-02-29
33.0,22.2,27.6,0.3,83,32,54,2016-03-01
32.5,22.7,26.9,2.2,76,38,59,2016-03-02
33.3,22.1,27.1,0.2,86,34,59,2016-03-03
33.4,21.8,27.2,1.7,82,33,57,2016-03-04
33.7,22.3,27.4,1.5,72,30,52,2016-03-05
35.1,22.4,28.4,0.0,59,16,36,2016-03-06
34.9,20.4,27.6,0.0,59,16,36,2016-03-07
35.5,20.4,27.9,0.0,54,12,32,2016-03-08
34.8,22.5,28.5,0.0,61,17,35,2016-03-09
37.1,22.9,29.7,0.0,61,15,35,2016-03-10
36.9,22.8,30.1,0.0,53,14,32,2016-03-11
37.6,23.6,30.5,0.0,60,13,33,2016-03-12
36.7,21.9,29.6,0.0,71,20,44,2016-03-13
34.8,24.3,28.5,0.2,90,27,62,2016-03-14
33.1,22.5,27.6,0.6,92,40,66,2016-03-15
36.4,23.6,29.5,0.0,86,22,53,2016-03-16
37.2,23.1,30.1,0.0,89,21,50,2016-03-17
38.1,23.7,30.9,0.0,88,21,50,2016-03-18
37.8,24.6,31.2,0.0,78,23,45,2016-03-19
38.1,22.9,31.5,0.0,57,18,32,2016-03-20
38.4,23.3,31.5,0.0,48,14,26,2016-03-21
38.2,22.4,30.9,0.0,28,10,18,2016-03-22
37.7,22.8,30.9,0.0,39,19,27,2016-03-23
37.7,23.5,31.1,0.0,77,19,39,2016-03-24
38.2,23.1,31.2,0.0,69,16,38,2016-03-25
38.1,23.4,30.9,0.0,77,18,42,2016-03-26
37.8,24.7,31.2,0.0,58,17,36,2016-03-27
35.9,22.4,29.3,0.0,69,20,42,2016-03-28
36.8,23.1,30.3,0.0,65,21,39,2016-03-29
36.2,24.2,30.5,0.5,75,24,44,2016-03-30
37.1,23.8,30.4,0.0,75,24,46,2016-03-31
37.5,23.5,30.9,0.0,78,19,42,2016-04-01
37.5,24.4,31.7,0.0,70,21,40,2016-04-02
38.1,25.8,32.2,0.0,68,21,41,2016-04-03
38.4,25.7,32.4,0.0,69,21,39,2016-04-04
37.1,25.8,31.4,0.0,67,21,41,2016-04-05
38.1,24.0,31.6,0.0,71,15,35,2016-04-06
38.2,25.3,31.7,0.0,57,15,31,2016-04-07
38.2,23.8,31.2,0.0,64,18,36,2016-04-08
38.1,23.4,30.8,0.0,71,16,37,2016-04-09
38.6,24.4,31.6,0.0,69,17,36,2016-04-10
39.3,25.0,32.5,0.0,53,15,30,2016-04-11
39.9,26.8,33.5,0.0,39,15,24,2016-04-12
40.3,26.6,33.8,0.0,59,17,33,2016-04-13
38.5,27.8,33.4,0.0,69,25,41,2016-04-14
39.9,26.3,33.5,0.0,83,22,45,2016-04-15
40.2,27.5,33.9,0.0,69,21,41,2016-04-16
39.5,27.9,33.8,0.0,70,23,42,2016-04-17
38.6,27.2,32.6,0.1,76,23,46,2016-04-18
39.7,24.6,32.2,0.0,85,16,43,2016-04-19
40.1,24.6,32.7,0.0,84,17,42,2016-04-20
39.7,27.0,34.0,0.0,67,21,37,2016-04-21
41.5,29.9,35.7,0.0,41,15,25,2016-04-22
40.3,28.7,34.6,0.0,27,12,19,2016-04-23
40.9,28.5,34.6,0.0,31,13,21,2016-04-24
41.2,26.3,34.4,0.0,41,13,23,2016-04-25
40.5,28.0,33.6,2.1,73,21,44,2016-04-26
39.7,26.6,33.3,0.0,79,20,44,2016-04-27
39.8,26.9,33.6,0.0,66,19,37,2016-04-28
40.6,27.1,34.3,0.0,64,17,34,2016-04-29
40.6,28.5,33.6,0.9,51,17,35,2016-04-30
39.9,27.9,33.5,0.6,55,20,37,2016-05-01
40.3,28.4,33.6,3.1,44,19,33,2016-05-02
39.8,27.4,32.2,2.4,63,21,42,2016-05-03
39.0,25.9,30.6,1.5,69,23,50,2016-05-04
36.5,25.6,30.8,0.8,73,33,52,2016-05-05
33.7,23.3,29.2,2.1,84,41,57,2016-05-06
35.8,24.8,30.2,0.0,78,30,52,2016-05-07
36.3,26.2,30.3,1.1,75,30,55,2016-05-08
36.1,25.3,29.6,2.2,75,30,57,2016-05-09
35.2,25.1,29.7,1.8,82,37,59,2016-05-10
36.2,25.9,30.6,0.5,72,33,53,2016-05-11
37.8,26.2,31.9,0.0,72,29,48,2016-05-12
38.7,27.7,33.3,0.0,59,28,41,2016-05-13
39.1,27.8,33.7,0.4,59,25,40,2016-05-14
38.3,27.2,32.6,0.3,64,31,46,2016-05-15
38.2,26.6,32.2,0.0,65,25,45,2016-05-16
36.6,26.3,31.4,0.0,72,32,51,2016-05-17
35.1,26.3,30.0,0.3,77,38,59,2016-05-18
33.1,26.9,29.6,1.0,79,50,64,2016-05-19
37.5,25.2,30.3,1.0,85,31,60,2016-05-20
39.5,27.4,33.0,0.0,61,25,42,2016-05-21
40.2,27.8,33.6,0.0,58,16,33,2016-05-22
39.3,27.5,33.4,0.0,58,20,35,2016-05-23
38.4,28.5,33.7,0.0,55,24,36,2016-05-24
38.4,28.8,33.6,0.0,58,24,36,2016-05-25
39.2,28.4,33.7,0.0,59,22,36,2016-05-26
38.5,29.2,33.8,0.0,57,24,37,2016-05-27
38.1,29.5,33.8,0.0,54,28,38,2016-05-28
37.1,28.9,32.8,0.0,56,29,42,2016-05-29
37.4,28.8,32.9,0.0,55,28,38,2016-05-30
37.9,29.2,32.9,0.2,51,29,41,2016-05-31
38.2,28.4,33.1,0.8,56,29,42,2016-06-01
36.0,27.1,31.2,0.4,66,36,53,2016-06-02
37.3,26.4,31.8,0.4,76,33,53,2016-06-03
34.1,25.1,29.6,4.9,88,46,67,2016-06-04
30.6,23.8,27.0,27.4,95,62,81,2016-06-05
29.3,23.6,26.2,20.0,96,70,85,2016-06-06
28.8,23.5,26.0,32.0,96,70,85,2016-06-07
31.2,23.6,27.0,6.4,94,61,79,2016-06-08
32.5,24.9,27.6,4.8,88,57,77,2016-06-09
31.8,24.2,27.3,5.0,91,60,79,2016-06-10
30.4,24.5,27.0,4.3,88,68,78,2016-06-11
30.6,24.3,27.0,0.4,87,60,76,2016-06-12
30.3,24.1,27.3,0.7,87,59,72,2016-06-13
32.9,24.8,28.4,0.0,80,44,64,2016-06-14
32.4,24.4,28.2,0.0,78,44,61,2016-06-15
32.8,24.4,28.5,0.0,79,43,60,2016-06-16
33.0,25.8,29.2,0.0,68,44,56,2016-06-17
28.9,23.1,25.2,16.8,94,61,81,2016-06-18
25.1,23.1,24.1,18.3,95,83,90,2016-06-19
28.8,23.5,25.7,0.1,91,63,78,2016-06-20
30.6,23.2,26.5,1.2,91,58,76,2016-06-21
30.6,23.5,26.8,0.3,89,58,74,2016-06-22
31.0,24.0,27.4,2.3,88,55,71,2016-06-23
30.9,24.0,27.1,2.0,89,55,72,2016-06-24
30.3,23.4,26.3,3.2,90,59,76,2016-06-25
28.3,23.3,25.3,2.7,90,66,78,2016-06-26
28.5,23.1,25.2,4.3,93,68,84,2016-06-27
26.9,22.8,24.4,17.5,94,76,88,2016-06-28
24.8,23.0,23.5,39.2,94,91,92,2016-06-29
26.1,22.8,24.1,12.1,92,74,86,2016-06-30
27.2,22.7,24.2,22.3,93,75,88,2016-07-01
27.9,22.6,24.6,17.3,93,69,86,2016-07-02
28.2,24.0,25.6,1.9,91,67,81,2016-07-03
29.3,24.1,26.2,1.3,89,62,76,2016-07-04
29.6,23.5,25.6,6.6,93,65,80,2016-07-05
28.1,23.4,25.5,0.7,88,65,79,2016-07-06
27.2,23.0,24.9,0.1,89,66,78,2016-07-07
28.2,23.1,25.1,5.5,89,65,79,2016-07-08
25.5,22.1,23.5,23.5,92,82,88,2016-07-09
24.4,22.6,23.2,25.9,93,83,91,2016-07-10
23.7,22.3,23.0,40.2,94,90,92,2016-07-11
28.8,22.9,25.1,1.0,92,67,80,2016-07-12
29.2,23.4,26.0,0.1,84,62,74,2016-07-13
29.3,22.6,26.1,0.0,87,60,73,2016-07-14
30.2,23.4,26.6,0.0,86,56,71,2016-07-15
28.8,24.0,26.0,0.0,84,61,73,2016-07-16
28.8,24.2,26.1,0.0,82,62,73,2016-07-17
30.0,23.7,26.0,2.3,88,62,78,2016-07-18
25.8,22.5,24.1,8.7,94,74,86,2016-07-19
27.0,22.3,24.1,11.3,95,70,86,2016-07-20
26.5,22.4,24.4,0.1,94,74,83,2016-07-21
25.4,22.5,23.7,2.9,97,81,90,2016-07-22
26.7,22.7,24.5,0.2,89,67,81,2016-07-23
27.3,22.2,24.4,5.7,97,73,87,2016-07-24
29.0,22.4,25.0,14.9,97,67,86,2016-07-25
29.0,22.7,25.5,9.2,96,66,84,2016-07-26
29.7,22.8,24.9,9.4,97,65,87,2016-07-27
29.2,22.5,25.1,15.3,98,67,86,2016-07-28
28.6,22.7,24.8,8.3,95,68,86,2016-07-29
28.5,22.5,24.7,10.1,94,69,84,2016-07-30
26.2,22.1,23.5,10.1,94,77,89,2016-07-31
25.5,21.8,23.2,16.1,95,79,90,2016-08-01
27.5,22.2,24.1,4.4,93,63,82,2016-08-02
25.1,22.0,23.2,18.6,94,80,88,2016-08-03
27.2,21.9,24.0,4.6,92,72,84,2016-08-04
28.8,22.8,24.9,1.3,86,67,79,2016-08-05
27.9,23.3,24.9,4.4,87,68,80,2016-08-06
28.6,23.0,25.1,1.3,85,64,77,2016-08-07
28.4,22.7,25.3,0.1,86,63,75,2016-08-08
28.1,22.5,25.4,0.0,86,63,75,2016-08-09
28.1,22.7,25.4,0.1,85,64,74,2016-08-10
28.8,22.5,25.6,0.0,87,60,74,2016-08-11
28.5,22.8,25.8,0.3,87,61,75,2016-08-12
28.9,23.2,25.6,1.4,87,64,77,2016-08-13
28.5,23.2,25.7,0.0,85,59,73,2016-08-14
28.3,22.7,25.7,0.4,84,60,71,2016-08-15
28.4,22.9,25.5,0.4,84,59,72,2016-08-16
28.4,22.3,25.3,0.0,84,58,71,2016-08-17
28.6,22.5,25.4,0.1,86,57,72,2016-08-18
28.7,22.0,25.3,0.0,86,57,71,2016-08-19
29.9,22.0,25.6,0.0,87,49,69,2016-08-20
29.6,22.4,26.0,0.1,88,56,71,2016-08-21
29.6,23.4,26.2,0.0,85,55,71,2016-08-22
29.6,23.0,26.2,0.0,86,59,72,2016-08-23
30.3,23.3,26.4,0.3,87,58,73,2016-08-24
29.5,23.9,26.3,2.2,87,64,76,2016-08-25
30.4,23.8,26.7,0.2,86,60,73,2016-08-26
30.0,24.0,26.3,1.3,89,61,76,2016-08-27
29.6,23.0,25.5,3.6,94,60,80,2016-08-28
29.5,22.9,25.6,7.8,95,68,84,2016-08-29
26.8,22.7,24.7,11.8,97,77,88,2016-08-30
26.4,22.4,23.5,29.5,96,79,92,2016-08-31
27.8,22.5,24.8,3.4,93,70,83,2016-09-01
28.7,22.5,25.3,2.4,89,66,79,2016-09-02
27.2,22.7,24.8,1.9,89,66,79,2016-09-03
27.4,23.1,25.2,0.0,84,62,73,2016-09-04
28.8,21.8,24.9,0.0,82,50,68,2016-09-05
28.5,21.5,24.6,0.0,81,53,69,2016-09-06
28.0,21.6,24.6,0.0,83,55,70,2016-09-07
28.6,21.5,24.9,0.2,86,61,74,2016-09-08
28.2,22.9,25.3,0.8,83,65,74,2016-09-09
24.6,22.7,23.5,24.9,92,85,90,2016-09-10
25.4,22.1,23.1,22.1,93,79,90,2016-09-11
24.7,22.5,23.4,11.4,92,82,88,2016-09-12
24.3,20.9,22.3,33.4,95,84,90,2016-09-13
25.4,22.0,23.0,15.5,99,87,95,2016-09-14
25.9,21.6,23.2,17.1,99,85,95,2016-09-15
27.3,22.2,24.0,6.6,99,74,89,2016-09-16
24.9,22.5,23.7,1.2,91,78,85,2016-09-17
27.2,21.8,24.5,0.9,88,68,78,2016-09-18
27.4,21.9,24.8,0.5,89,66,78,2016-09-19
27.5,22.2,24.1,5.4,94,71,84,2016-09-20
25.1,21.8,23.0,16.5,98,84,94,2016-09-21
24.9,21.8,23.1,17.9,98,90,95,2016-09-22
23.0,21.9,22.5,46.1,99,94,98,2016-09-23
23.2,21.9,22.5,12.7,99,95,98,2016-09-24
25.9,22.0,23.4,7.2,99,81,92,2016-09-25
27.0,22.3,24.1,18.2,98,80,91,2016-09-26
28.1,22.6,24.2,9.7,96,76,90,2016-09-27
29.4,22.8,25.8,0.7,94,68,83,2016-09-28
29.5,23.4,26.0,0.7,93,69,82,2016-09-29
28.5,23.0,25.3,0.7,91,70,82,2016-09-30
26.8,22.3,23.4,22.1,95,76,91,2016-10-01
27.9,21.9,24.3,2.5,94,73,86,2016-10-02
28.3,20.6,24.5,0.0,93,60,76,2016-10-03
28.4,22.3,24.5,0.0,88,60,77,2016-10-04
27.7,21.7,24.6,0.0,91,62,77,2016-10-05
27.8,22.6,24.8,0.4,88,67,78,2016-10-06
28.6,22.2,25.1,1.1,87,66,78,2016-10-07
26.4,22.5,24.0,18.4,94,78,88,2016-10-08
27.4,22.4,24.5,10.9,94,73,87,2016-10-09
29.5,22.0,25.4,0.3,96,62,81,2016-10-10
29.7,22.4,25.8,0.3,97,69,84,2016-10-11
30.4,21.1,25.4,0.0,95,46,74,2016-10-12
29.8,19.7,24.4,0.0,89,45,70,2016-10-13
29.2,18.7,23.5,0.0,85,37,64,2016-10-14
28.7,17.7,23.7,0.0,80,42,60,2016-10-15
28.5,17.7,23.8,0.0,84,40,60,2016-10-16
29.0,16.6,23.4,0.0,84,40,63,2016-10-17
28.8,18.1,23.6,0.0,86,40,64,2016-10-18
29.0,17.6,23.4,0.0,84,41,63,2016-10-19
29.1,17.7,23.4,0.0,88,38,64,2016-10-20
28.9,17.6,23.4,0.0,82,38,61,2016-10-21
28.9,16.6,23.1,0.0,88,38,63,2016-10-22
29.0,17.2,23.9,0.0,84,38,58,2016-10-23
29.2,19.1,24.1,0.0,82,36,59,2016-10-24
29.0,18.9,24.0,0.0,81,38,60,2016-10-25
29.0,17.5,23.3,0.0,82,39,61,2016-10-26
29.0,17.3,23.2,0.0,86,40,61,2016-10-27
29.1,18.3,23.9,0.0,73,45,59,2016-10-28
27.1,21.3,24.1,0.0,85,57,71,2016-10-29
28.5,20.7,23.9,1.1,97,59,82,2016-10-30
28.1,21.1,23.4,4.0,98,62,87,2016-10-31
29.1,20.1,24.3,0.0,98,48,72,2016-11-01
29.1,19.9,24.1,0.0,78,46,62,2016-11-02
29.7,20.0,24.4,0.0,77,47,65,2016-11-03
29.1,19.7,24.1,0.0,82,40,61,2016-11-04
28.4,19.0,23.7,0.0,74,43,59,2016-11-05
28.0,20.0,23.8,0.0,81,43,62,2016-11-06
28.3,17.1,22.3,0.0,77,28,53,2016-11-07
28.4,15.1,21.8,0.0,74,27,49,2016-11-08
28.3,14.4,22.0,0.0,82,32,53,2016-11-09
28.3,15.0,22.0,0.0,77,28,49,2016-11-10
28.4,14.1,21.3,0.0,73,31,52,2016-11-11
28.0,14.9,21.7,0.0,77,37,57,2016-11-12
28.6,17.0,23.0,0.0,91,44,66,2016-11-13
28.3,18.7,23.9,0.0,92,57,73,2016-11-14
28.7,19.7,24.1,0.6,95,59,79,2016-11-15
29.4,18.4,24.0,0.0,97,44,70,2016-11-16
28.7,19.2,23.7,0.0,76,48,63,2016-11-17
28.2,18.4,22.9,0.0,80,37,56,2016-11-18
28.2,15.2,21.6,0.0,72,32,52,2016-11-19
28.3,15.7,21.8,0.0,78,32,55,2016-11-20
28.6,15.0,21.8,0.0,80,31,54,2016-11-21
28.9,14.4,22.2,0.0,78,31,51,2016-11-22
28.9,14.7,21.8,0.0,77,29,52,2016-11-23
28.7,14.8,22.1,0.0,79,32,53,2016-11-24
29.3,14.4,21.8,0.0,81,27,53,2016-11-25
29.6,13.8,21.7,0.0,79,28,52,2016-11-26
30.5,14.1,22.3,0.0,78,27,52,2016-11-27
30.5,14.5,22.6,0.0,83,28,53,2016-11-28
30.1,14.6,22.4,0.0,78,28,52,2016-11-29
29.1,14.9,22.1,0.0,77,34,55,2016-11-30
29.4,16.6,22.5,0.0,87,33,60,2016-12-01
28.2,17.5,23.2,0.0,84,42,62,2016-12-02
27.6,20.7,23.7,1.8,98,53,76,2016-12-03
27.8,20.0,23.6,0.0,97,56,78,2016-12-04
28.6,18.5,23.2,0.0,98,37,65,2016-12-05
27.7,15.4,21.5,0.0,81,38,59,2016-12-06
28.1,15.4,21.6,0.0,88,36,62,2016-12-07
27.8,14.4,21.0,0.0,87,31,58,2016-12-08
27.3,13.5,20.3,0.0,82,31,55,2016-12-09
27.2,12.8,19.9,0.0,78,31,53,2016-12-10
28.7,14.9,21.3,0.0,72,30,50,2016-12-11
28.4,18.1,23.0,0.0,62,35,50,2016-12-12
26.3,19.4,22.8,0.3,95,48,69,2016-12-13
25.3,20.7,22.1,2.4,98,71,86,2016-12-14
28.0,19.0,23.2,0.0,99,51,75,2016-12-15
28.0,18.1,23.0,0.0,97,50,73,2016-12-16
28.7,17.3,23.0,0.0,93,34,60,2016-12-17
28.2,15.1,21.4,0.0,78,31,52,2016-12-18
27.6,13.7,20.6,0.0,76,29,49,2016-12-19
27.2,12.5,20.0,0.0,78,30,52,2016-12-20
28.2,15.7,21.1,0.0,70,25,47,2016-12-21
29.1,12.4,20.7,0.0,74,26,50,2016-12-22
29.0,13.0,20.8,0.0,81,25,50,2016-12-23
28.3,14.9,20.9,0.0,65,23,44,2016-12-24
28.6,12.6,20.7,0.0,78,27,52,2016-12-25
29.1,15.4,21.6,0.0,92,29,60,2016-12-26
27.7,14.9,21.0,0.0,77,23,47,2016-12-27
27.1,12.6,20.0,0.0,75,31,49,2016-12-28
27.1,14.2,20.5,0.0,91,40,66,2016-12-29
28.2,15.7,21.7,0.0,88,38,64,2016-12-30
28.0,14.7,21.5,0.0,94,35,65,2016-12-31
28.4,15.4,21.9,0.0,97,32,61,2017-01-01
29.1,16.7,22.3,0.0,87,32,58,2017-01-02
28.3,16.3,21.8,0.0,91,29,57,2017-01-03
27.3,14.0,20.4,0.0,79,29,52,2017-01-04
27.8,15.2,20.7,0.0,79,23,50,2017-01-05
27.9,12.7,21.3,0.0,82,22,44,2017-01-06
28.6,14.0,21.3,0.0,92,27,55,2017-01-07
28.1,16.3,21.5,0.0,96,37,65,2017-01-08
28.1,16.6,22.3,0.0,94,32,58,2017-01-09
27.7,16.4,21.9,0.0,77,34,55,2017-01-10
27.3,16.5,21.5,0.0,79,28,50,2017-01-11
26.4,14.4,20.2,0.0,76,33,53,2017-01-12
26.8,14.7,20.7,0.0,76,37,56,2017-01-13
26.6,16.3,21.5,0.0,73,37,55,2017-01-14
27.5,16.0,21.5,0.0,85,37,59,2017-01-15
28.4,15.7,21.5,0.0,81,31,54,2017-01-16
28.4,15.1,21.9,0.0,77,30,51,2017-01-17
27.8,15.7,21.3,0.0,83,29,54,2017-01-18
26.8,15.3,20.6,0.0,89,37,62,2017-01-19
28.2,15.3,21.4,0.0,93,32,58,2017-01-20
29.0,15.8,22.1,0.0,77,27,50,2017-01-21
29.6,16.9,23.1,0.0,74,30,48,2017-01-22
30.1,17.1,23.6,0.0,85,33,55,2017-01-23
29.5,16.9,22.5,0.0,81,30,56,2017-01-24
28.7,16.3,22.0,0.0,90,34,59,2017-01-25
26.5,18.1,21.6,0.0,82,46,66,2017-01-26
28.3,17.9,22.9,0.0,90,42,63,2017-01-27
29.7,18.2,23.5,0.0,78,39,60,2017-01-28
29.8,18.4,23.1,0.0,74,27,50,2017-01-29
30.0,16.2,22.2,0.0,65,20,44,2017-01-30
30.8,17.3,23.5,0.0,84,23,49,2017-01-31
31.2,18.2,24.2,0.0,77,27,50,2017-02-01
30.5,17.4,24.0,0.0,89,29,54,2017-02-02
30.4,17.3,23.3,0.0,92,28,56,2017-02-03
30.7,17.6,23.6,0.0,74,22,46,2017-02-04
30.3,15.7,22.8,0.0,94,25,55,2017-02-05
31.2,17.0,23.9,0.0,86,28,51,2017-02-06
31.2,17.8,24.5,0.0,82,28,48,2017-02-07
31.5,18.3,24.6,0.0,72,27,47,2017-02-08
31.7,18.0,24.6,0.0,71,26,46,2017-02-09
31.7,18.8,25.0,0.0,68,26,43,2017-02-10
31.2,17.9,24.4,0.0,68,23,41,2017-02-11
29.1,17.5,22.8,0.0,62,33,49,2017-02-12
29.5,17.2,22.8,0.0,85,30,56,2017-02-13
30.0,17.1,23.4,0.0,80,29,53,2017-02-14
30.0,18.1,23.5,0.0,79,31,54,2017-02-15
30.9,16.8,23.7,0.0,82,27,50,2017-02-16
31.4,17.5,24.1,0.0,76,25,48,2017-02-17
31.9,17.7,24.4,0.0,68,24,46,2017-02-18
32.9,17.1,24.6,0.0,86,19,48,2017-02-19
34.6,17.0,25.3,0.0,77,15,41,2017-02-20
34.6,17.8,26.3,0.0,72,19,38,2017-02-21
34.9,19.0,26.5,0.0,70,21,40,2017-02-22
34.8,22.1,27.2,0.0,64,18,39,2017-02-23
34.7,19.8,27.3,0.0,57,17,34,2017-02-24
33.0,19.0,25.3,0.0,56,17,34,2017-02-25
33.1,17.4,25.1,0.0,51,14,29,2017-02-26
32.8,19.0,25.5,0.0,48,20,34,2017-02-27
33.8,17.7,25.6,0.0,81,16,39,2017-02-28
33.2,18.4,26.1,0.0,54,19,35,2017-03-01
33.6,18.2,25.8,0.0,64,15,36,2017-03-02
33.8,19.3,26.1,0.0,41,11,24,2017-03-03
33.8,17.6,25.7,0.0,66,20,42,2017-03-04
33.1,19.4,26.4,0.0,96,27,59,2017-03-05
33.0,20.6,26.9,0.0,92,28,57,2017-03-06
32.6,21.9,26.8,0.2,92,32,62,2017-03-07
34.4,21.6,27.1,0.0,96,18,52,2017-03-08
34.1,20.0,26.5,0.0,98,23,57,2017-03-09
33.9,21.8,27.0,0.0,98,21,51,2017-03-10
32.3,19.8,25.4,0.0,48,14,30,2017-03-11
31.6,17.2,24.4,0.0,62,20,35,2017-03-12
33.2,17.9,26.0,0.0,55,23,37,2017-03-13
31.9,20.8,26.8,0.0,76,35,50,2017-03-14
31.5,21.8,26.3,0.2,92,40,64,2017-03-15
32.0,22.2,26.5,3.4,81,40,59,2017-03-16
32.2,21.1,25.8,1.5,88,33,59,2017-03-17
33.7,19.0,26.3,0.0,84,18,44,2017-03-18
34.3,20.7,27.0,0.0,69,21,43,2017-03-19
33.9,22.0,27.1,0.0,58,22,40,2017-03-20
34.2,20.6,27.2,0.0,55,20,37,2017-03-21
34.7,19.7,27.4,0.0,61,17,35,2017-03-22
35.9,20.2,27.9,0.0,70,18,41,2017-03-23
36.5,21.5,29.0,0.0,73,18,39,2017-03-24
36.0,22.5,29.6,0.0,56,22,36,2017-03-25
37.6,22.7,29.8,0.0,70,18,39,2017-03-26
37.1,23.3,30.1,0.0,63,20,38,2017-03-27
37.1,24.0,30.5,0.0,51,20,34,2017-03-28
37.7,23.3,30.3,0.0,76,19,42,2017-03-29
36.6,24.2,30.7,0.0,61,22,39,2017-03-30
38.8,24.4,31.1,0.0,63,16,39,2017-03-31
37.4,25.1,31.4,0.0,60,20,38,2017-04-01
37.5,24.8,30.7,0.0,71,23,41,2017-04-02
37.0,23.9,30.1,0.3,69,26,43,2017-04-03
36.5,23.8,29.9,0.4,87,28,51,2017-04-04
36.5,24.3,30.0,1.5,85,31,53,2017-04-05
37.4,24.4,30.7,0.0,73,19,45,2017-04-06
35.9,25.0,30.3,0.4,84,28,51,2017-04-07
36.3,24.7,30.5,0.0,70,29,48,2017-04-08
38.0,25.1,31.2,0.0,75,21,43,2017-04-09
37.7,24.7,31.2,0.5,67,19,40,2017-04-10
38.1,22.4,30.6,0.0,58,10,27,2017-04-11
37.9,20.8,29.1,0.0,56,8,28,2017-04-12
38.5,20.8,30.0,0.0,58,11,29,2017-04-13
37.4,22.3,30.1,0.0,62,16,33,2017-04-14
38.5,24.4,31.3,0.1,57,16,32,2017-04-15
40.0,23.7,31.9,0.0,52,10,28,2017-04-16
40.6,25.5,32.3,0.0,37,9,23,2017-04-17
39.7,23.9,32.0,0.0,54,12,28,2017-04-18
38.0,24.3,31.4,0.0,84,17,41,2017-04-19
39.7,24.0,32.3,0.0,64,12,33,2017-04-20
39.2,25.5,32.3,0.0,55,14,28,2017-04-21
38.9,26.3,32.1,0.0,41,14,25,2017-04-22
38.5,25.8,32.2,0.0,34,15,24,2017-04-23
38.8,26.5,31.9,0.0,39,15,25,2017-04-24
38.4,23.8,31.2,0.0,45,16,27,2017-04-25
38.5,24.7,31.8,0.0,42,15,25,2017-04-26
37.5,24.6,31.6,0.0,45,16,29,2017-04-27
36.9,23.8,30.4,1.6,66,19,36,2017-04-28
37.0,24.9,30.2,0.0,51,19,36,2017-04-29
36.6,24.6,29.7,0.3,58,21,39,2017-04-30
35.8,23.6,29.3,2.2,72,22,43,2017-05-01
35.9,23.2,29.5,0.3,79,26,49,2017-05-02
36.3,25.1,30.7,0.2,78,24,47,2017-05-03
38.7,25.2,31.4,0.0,71,19,40,2017-05-04
38.0,25.9,32.1,0.1,64,21,36,2017-05-05
38.1,25.8,31.5,0.5,60,24,42,2017-05-06
36.5,25.4,30.4,0.0,67,29,48,2017-05-07
37.8,25.2,31.1,0.0,80,23,46,2017-05-08
38.7,25.7,31.4,0.0,65,22,42,2017-05-09
36.9,24.9,30.4,0.2,70,26,48,2017-05-10
35.8,25.3,30.2,1.4,76,32,52,2017-05-11
36.4,25.9,30.6,0.1,75,28,51,2017-05-12
38.2,25.7,32.1,0.1,74,23,43,2017-05-13
38.7,26.5,32.1,0.5,61,25,43,2017-05-14
39.1,27.7,33.0,0.0,57,23,41,2017-05-15
40.1,28.2,33.8,0.1,58,20,37,2017-05-16
38.9,28.7,33.0,0.1,46,23,36,2017-05-17
39.2,28.0,33.2,0.0,52,19,35,2017-05-18
39.9,27.9,33.5,0.0,51,18,30,2017-05-19
40.1,27.4,33.6,0.2,44,16,28,2017-05-20
40.2,26.3,33.9,0.0,51,14,27,2017-05-21
38.9,28.0,33.5,0.1,50,17,29,2017-05-22
39.9,28.2,33.7,0.0,43,16,27,2017-05-23
40.7,27.8,34.2,0.0,45,14,29,2017-05-24
39.8,28.7,33.6,0.0,55,22,37,2017-05-25
39.3,28.5,33.3,0.0,54,24,37,2017-05-26
38.7,28.1,32.7,4.5,55,28,43,2017-05-27
37.7,26.4,31.5,3.1,68,31,47,2017-05-28
37.9,27.6,31.9,0.1,62,28,44,2017-05-29
37.1,27.0,31.5,0.0,63,27,46,2017-05-30
36.3,26.5,31.5,0.0,71,31,49,2017-05-31
36.6,27.3,31.7,0.0,70,36,50,2017-06-01
36.6,28.3,32.3,0.6,57,37,47,2017-06-02
37.0,25.4,31.9,5.1,86,34,51,2017-06-03
34.9,25.3,29.7,1.8,88,43,64,2017-06-04
36.0,25.3,30.7,4.1,85,42,58,2017-06-05
33.0,24.6,28.9,3.5,89,50,68,2017-06-06
31.3,24.0,27.0,12.5,89,55,75,2017-06-07
31.0,23.4,26.4,6.0,92,55,75,2017-06-08
30.5,24.4,27.2,7.6,87,61,72,2017-06-09
31.2,24.0,27.0,3.6,90,60,75,2017-06-10
31.5,23.9,26.7,5.1,91,57,77,2017-06-11
29.0,23.7,26.3,2.8,92,63,76,2017-06-12
27.8,23.7,25.0,15.4,94,70,84,2017-06-13
30.0,23.6,26.2,5.3,95,64,82,2017-06-14
30.7,24.3,25.8,24.3,94,67,85,2017-06-15
28.1,23.1,24.9,18.0,96,66,85,2017-06-16
29.6,23.2,25.7,10.4,94,68,83,2017-06-17
29.7,24.1,26.6,10.8,90,67,80,2017-06-18
29.8,23.8,25.8,8.5,94,68,84,2017-06-19
29.4,23.8,26.3,4.6,89,59,76,2017-06-20
31.3,24.0,27.2,1.1,85,58,70,2017-06-21
30.8,24.0,27.5,0.1,80,52,65,2017-06-22
29.5,24.6,27.0,2.0,82,63,71,2017-06-23
30.6,24.4,27.0,2.1,83,58,71,2017-06-24
30.1,24.1,26.6,6.3,84,63,74,2017-06-25
27.5,23.2,25.1,5.4,90,70,82,2017-06-26
28.8,22.8,25.5,6.9,89,61,77,2017-06-27
26.6,22.6,24.7,2.8,92,71,80,2017-06-28
29.9,22.9,26.0,0.7,89,58,75,2017-06-29
29.7,23.9,26.8,6.7,80,60,70,2017-06-30
28.9,23.9,26.3,0.4,82,60,71,2017-07-01
28.9,23.7,26.4,1.2,86,62,71,2017-07-02
29.9,23.8,26.9,0.4,86,57,69,2017-07-03
30.1,23.3,26.9,0.4,85,55,67,2017-07-04
30.8,23.8,26.8,0.5,81,54,68,2017-07-05
29.4,23.5,25.5,3.8,92,60,78,2017-07-06
30.1,23.9,26.2,1.5,83,57,72,2017-07-07
30.5,23.6,26.4,0.0,82,58,72,2017-07-08
29.6,23.6,26.4,4.2,89,59,74,2017-07-09
30.7,23.6,26.1,11.9,90,66,79,2017-07-10
28.2,24.1,25.7,6.1,87,66,77,2017-07-11
29.0,23.7,26.3,0.2,85,58,70,2017-07-12
27.6,23.6,25.4,3.1,80,64,73,2017-07-13
27.5,23.0,25.2,3.7,87,65,77,2017-07-14
30.1,22.5,26.0,0.8,90,52,71,2017-07-15
25.7,22.4,24.0,10.6,90,67,83,2017-07-16
24.4,22.6,23.3,30.0,92,83,88,2017-07-17
24.4,22.1,22.8,38.8,92,86,91,2017-07-18
27.1,22.1,24.4,11.5,92,69,84,2017-07-19
28.2,23.2,25.2,3.1,90,68,78,2017-07-20
30.0,23.8,26.8,0.1,83,59,71,2017-07-21
30.4,23.6,27.0,0.0,82,55,68,2017-07-22
29.6,23.2,26.5,0.0,82,55,67,2017-07-23
29.9,23.0,26.1,1.1,81,55,70,2017-07-24
30.1,23.0,26.6,0.3,84,55,69,2017-07-25
29.8,23.1,26.3,0.5,83,56,69,2017-07-26
29.7,23.3,26.1,0.8,81,57,70,2017-07-27
28.6,23.9,25.9,4.1,82,64,74,2017-07-28
29.5,23.7,26.3,0.7,83,57,73,2017-07-29
30.4,24.2,26.7,0.0,84,57,73,2017-07-30
30.7,24.6,27.1,0.2,81,52,69,2017-07-31
31.0,24.8,27.4,0.0,79,54,69,2017-08-01
30.2,25.0,27.4,0.1,79,56,68,2017-08-02
30.1,24.4,26.8,0.9,78,56,69,2017-08-03
28.6,24.1,25.7,1.7,85,60,75,2017-08-04
27.9,24.3,25.8,0.3,84,61,73,2017-08-05
30.1,24.0,26.2,0.5,86,60,74,2017-08-06
28.4,23.2,25.4,1.0,89,66,80,2017-08-07
28.9,23.3,25.5,3.7,92,63,81,2017-08-08
26.4,23.7,24.3,16.3,96,74,88,2017-08-09
29.7,22.6,25.4,1.3,95,60,83,2017-08-10
29.2,22.7,25.3,8.4,92,67,82,2017-08-11
28.4,23.0,25.4,3.2,94,62,80,2017-08-12
27.3,23.3,24.7,3.4,92,70,83,2017-08-13
27.6,22.7,24.4,0.9,90,68,81,2017-08-14
29.1,22.2,25.2,1.8,96,64,80,2017-08-15
28.2,23.1,25.4,1.6,89,66,81,2017-08-16
28.8,24.0,25.4,3.2,87,66,80,2017-08-17
24.9,23.1,23.9,17.2,92,80,86,2017-08-18
24.2,22.4,23.1,33.3,93,80,88,2017-08-19
26.4,21.6,23.6,7.2,92,67,81,2017-08-20
27.8,21.9,24.3,11.6,94,63,80,2017-08-21
29.7,22.3,25.3,6.2,95,66,82,2017-08-22
29.6,22.7,25.8,5.7,94,60,81,2017-08-23
28.9,23.1,25.3,10.6,89,69,82,2017-08-24
28.8,22.9,25.3,0.9,91,61,79,2017-08-25
28.3,22.8,24.9,5.7,92,67,84,2017-08-26
26.9,22.9,24.1,4.0,94,77,88,2017-08-27
25.9,22.7,23.6,26.5,95,82,91,2017-08-28
28.0,22.6,24.4,30.1,95,68,85,2017-08-29
29.5,22.8,25.8,0.0,89,59,77,2017-08-30
29.3,22.8,26.0,0.0,88,60,75,2017-08-31
30.0,22.7,25.8,0.0,91,55,75,2017-09-01
30.0,22.3,26.0,0.3,92,60,76,2017-09-02
29.8,22.8,25.8,0.5,93,61,80,2017-09-03
29.6,23.4,26.1,0.9,96,63,81,2017-09-04
28.8,23.1,25.7,3.3,96,70,85,2017-09-05
29.0,23.6,25.6,7.5,96,70,87,2017-09-06
30.2,22.9,25.8,3.9,99,63,85,2017-09-07
29.6,23.1,25.9,4.9,96,65,82,2017-09-08
30.7,22.7,26.6,0.0,98,54,78,2017-09-09
30.6,23.2,26.5,0.0,97,56,78,2017-09-10
30.0,23.2,26.4,0.2,98,63,81,2017-09-11
29.7,23.3,26.4,0.5,98,62,81,2017-09-12
30.9,23.0,26.3,9.5,99,60,82,2017-09-13
29.7,23.0,25.7,4.3,98,64,83,2017-09-14
28.4,22.8,25.1,2.2,95,66,84,2017-09-15
30.1,22.8,25.6,1.9,93,63,82,2017-09-16
29.6,22.8,25.1,4.0,94,69,83,2017-09-17
27.7,22.5,24.6,3.7,90,65,81,2017-09-18
27.4,22.5,24.9,1.4,90,69,79,2017-09-19
27.0,22.7,24.6,0.1,86,69,78,2017-09-20
27.1,22.6,24.2,1.4,85,67,78,2017-09-21
29.3,21.9,25.1,1.0,94,55,77,2017-09-22
29.6,22.5,25.3,2.8,92,62,81,2017-09-23
30.5,22.5,26.2,0.4,97,54,77,2017-09-24
29.1,23.1,25.4,0.2,90,62,80,2017-09-25
30.8,22.6,25.6,6.5,94,57,81,2017-09-26
30.4,22.9,26.1,1.9,92,58,79,2017-09-27
28.7,22.9,24.7,11.8,98,71,88,2017-09-28
27.9,22.2,24.7,8.6,98,73,88,2017-09-29
30.5,22.4,25.3,6.0,98,61,86,2017-09-30
30.5,22.8,26.1,4.0,100,57,81,2017-10-01
29.3,22.7,24.7,12.5,97,68,88,2017-10-02
28.6,22.1,24.3,3.4,99,70,89,2017-10-03
29.0,21.6,24.7,7.5,99,67,88,2017-10-04
28.0,22.7,24.7,11.8,98,72,88,2017-10-05
28.4,22.1,24.6,5.1,99,73,89,2017-10-06
29.1,22.1,24.9,7.4,100,70,88,2017-10-07
27.8,22.7,24.7,3.1,98,69,88,2017-10-08
29.2,22.2,24.9,19.8,97,64,85,2017-10-09
28.6,22.3,24.7,7.4,98,72,88,2017-10-10
28.5,21.9,24.3,9.8,100,73,88,2017-10-11
29.4,21.7,25.0,1.1,98,69,86,2017-10-12
28.7,22.1,24.9,7.0,100,69,88,2017-10-13
29.7,22.8,25.5,0.7,100,66,85,2017-10-14
30.1,22.9,25.4,2.4,99,62,87,2017-10-15
30.7,22.4,25.8,0.4,98,51,81,2017-10-16
30.6,21.4,25.5,0.0,94,45,74,2017-10-17
31.1,20.4,25.1,0.0,90,33,64,2017-10-18
29.8,19.0,24.5,0.0,87,42,64,2017-10-19
30.2,20.9,25.2,0.0,76,47,64,2017-10-20
27.3,22.8,24.8,0.0,80,58,66,2017-10-21
29.8,22.2,25.1,1.8,94,63,79,2017-10-22
29.9,22.2,25.3,2.2,96,62,83,2017-10-23
30.5,22.2,25.6,0.2,94,47,77,2017-10-24
28.5,21.4,24.9,0.5,100,59,79,2017-10-25
28.6,20.6,24.2,0.2,98,54,77,2017-10-26
29.4,20.3,24.4,0.0,91,44,70,2017-10-27
29.1,20.2,24.1,0.0,95,42,69,2017-10-28
28.7,18.3,23.1,0.0,88,44,67,2017-10-29
29.2,18.3,23.3,0.0,87,35,62,2017-10-30
28.8,18.9,23.0,0.0,73,36,59,2017-10-31
29.1,17.9,22.9,0.0,77,33,56,2017-11-01
28.3,17.0,22.4,0.0,75,38,58,2017-11-02
28.2,17.6,22.5,0.0,79,36,58,2017-11-03
28.3,18.4,23.1,0.0,72,42,59,2017-11-04
29.3,19.3,23.9,0.0,76,43,60,2017-11-05
29.4,18.5,23.4,0.0,83,43,62,2017-11-06
29.2,17.7,23.5,0.0,83,38,60,2017-11-07
28.8,18.4,23.1,0.0,80,39,61,2017-11-08
29.2,17.8,22.8,0.0,78,32,57,2017-11-09
28.7,16.9,22.2,0.0,82,32,55,2017-11-10
28.4,17.2,22.1,0.0,72,31,52,2017-11-11
29.1,15.7,22.2,0.0,75,38,57,2017-11-12
29.6,18.2,23.6,0.0,72,37,52,2017-11-13
30.6,19.2,24.1,0.0,84,42,62,2017-11-14
30.1,21.5,25.2,0.1,77,46,62,2017-11-15
31.0,20.6,25.5,0.2,85,38,62,2017-11-16
30.4,18.9,24.5,0.0,96,40,69,2017-11-17
29.9,20.4,25.1,0.0,89,44,66,2017-11-18
29.6,22.2,25.0,0.0,80,50,67,2017-11-19
30.2,20.0,24.9,0.1,83,45,66,2017-11-20
29.9,21.1,24.8,0.3,89,54,72,2017-11-21
30.6,20.6,25.3,0.0,97,43,68,2017-11-22
30.2,20.6,25.4,0.0,90,43,65,2017-11-23
30.7,20.7,25.3,0.0,91,42,65,2017-11-24
29.7,19.4,23.4,0.0,83,36,61,2017-11-25
28.8,17.1,22.3,0.0,89,38,64,2017-11-26
29.1,16.9,22.2,0.0,79,31,57,2017-11-27
28.6,16.1,21.8,0.0,73,30,53,2017-11-28
27.8,15.1,21.1,0.0,90,36,63,2017-11-29
28.5,15.9,21.9,0.0,97,38,64,2017-11-30
27.6,18.2,22.3,0.0,88,43,65,2017-12-01
26.9,17.5,21.4,0.0,98,45,70,2017-12-02
27.0,15.7,21.0,0.0,98,41,69,2017-12-03
27.4,17.1,21.5,0.0,98,42,69,2017-12-04
27.8,17.6,22.3,0.0,97,45,68,2017-12-05
28.7,18.0,22.7,0.0,96,44,69,2017-12-06
29.2,17.7,22.8,0.0,94,42,68,2017-12-07
30.2,18.5,23.3,0.0,78,35,56,2017-12-08
29.4,18.8,23.3,0.0,74,35,54,2017-12-09
29.0,17.2,22.2,0.0,79,32,54,2017-12-10
29.1,14.9,21.5,0.0,75,26,50,2017-12-11
29.6,16.0,22.3,0.0,74,30,51,2017-12-12
29.5,16.1,22.8,0.0,93,35,61,2017-12-13
29.4,17.6,23.4,0.0,94,36,63,2017-12-14
28.2,17.8,22.4,0.0,99,37,69,2017-12-15
27.7,16.2,21.8,0.0,94,39,65,2017-12-16
27.7,16.1,21.5,0.0,93,37,61,2017-12-17
27.1,16.7,21.6,0.0,73,39,56,2017-12-18
27.5,14.8,20.7,0.0,71,29,49,2017-12-19
27.3,14.9,19.9,0.0,76,27,54,2017-12-20
27.2,13.4,19.8,0.0,76,31,55,2017-12-21
27.9,14.4,20.7,0.0,81,30,54,2017-12-22
28.0,14.9,20.6,0.0,78,34,58,2017-12-23
27.6,14.3,20.5,0.0,91,41,68,2017-12-24
28.8,16.3,21.4,0.0,96,31,64,2017-12-25
28.2,15.1,21.0,0.0,86,26,54,2017-12-26
27.1,12.9,19.7,0.0,78,27,49,2017-12-27
27.2,14.1,20.0,0.0,77,27,51,2017-12-28
26.6,12.1,19.3,0.0,84,33,60,2017-12-29
26.8,12.8,19.8,0.0,88,31,58,2017-12-30
27.3,14.9,20.7,0.0,83,32,56,2017-12-31
28.1,16.6,22.0,0.0,81,33,56,2018-01-01
27.9,17.2,22.2,0.0,69,34,54,2018-01-02
26.9,16.7,21.4,0.0,73,36,57,2018-01-03
27.2,15.1,20.8,0.0,75,31,52,2018-01-04
27.3,14.1,20.2,0.0,78,29,52,2018-01-05
26.8,15.8,20.3,0.0,73,31,52,2018-01-06
27.0,13.6,20.1,0.0,89,28,54,2018-01-07
26.5,14.5,20.0,0.0,81,31,55,2018-01-08
26.7,14.5,20.3,0.0,95,39,64,2018-01-09
28.5,16.0,21.8,0.0,86,39,62,2018-01-10
29.5,16.9,22.7,0.0,92,42,66,2018-01-11
30.5,17.8,23.4,0.0,74,32,53,2018-01-12
30.6,17.6,23.7,0.0,73,30,49,2018-01-13
30.6,16.9,23.6,0.0,71,29,49,2018-01-14
29.8,19.2,24.0,0.0,80,37,59,2018-01-15
29.8,17.0,23.1,0.0,85,26,54,2018-01-16
29.5,16.5,22.5,0.0,80,29,53,2018-01-17
28.7,17.3,22.1,0.0,76,30,52,2018-01-18
28.7,16.5,21.3,0.0,75,23,49,2018-01-19
28.0,15.8,20.8,0.0,74,23,45,2018-01-20
28.0,14.3,20.9,0.0,86,26,52,2018-01-21
27.7,14.1,20.6,0.0,95,31,60,2018-01-22
28.4,15.2,21.5,0.0,91,31,58,2018-01-23
28.7,15.5,21.6,0.0,88,33,57,2018-01-24
28.8,15.4,22.1,0.0,72,28,47,2018-01-25
28.5,14.8,21.5,0.0,71,24,45,2018-01-26
28.3,14.8,21.5,0.0,78,29,51,2018-01-27
28.7,15.6,22.1,0.0,82,31,53,2018-01-28
28.6,16.0,21.8,0.0,91,32,57,2018-01-29
29.3,14.6,21.3,0.0,73,20,46,2018-01-30
30.2,14.6,22.0,0.0,64,17,38,2018-01-31
30.2,14.3,21.9,0.0,64,18,38,2018-02-01
30.3,13.7,22.4,0.0,72,16,36,2018-02-02
29.9,16.4,22.6,0.0,64,20,38,2018-02-03
29.9,15.7,22.0,0.0,67,20,41,2018-02-04
29.2,15.4,21.5,0.0,75,26,50,2018-02-05
28.2,14.7,21.5,0.0,90,26,54,2018-02-06
28.8,18.0,23.0,0.3,78,33,53,2018-02-07
30.8,17.8,24.0,0.0,86,28,54,2018-02-08
30.7,18.5,24.4,0.0,74,27,46,2018-02-09
29.5,18.4,23.8,0.1,75,33,54,2018-02-10
30.0,19.2,24.4,0.1,78,31,55,2018-02-11
30.1,18.3,23.8,0.1,97,37,63,2018-02-12
30.2,18.3,23.6,0.0,88,27,56,2018-02-13
29.8,18.5,23.4,0.0,85,24,53,2018-02-14
30.0,17.2,23.5,0.0,86,31,53,2018-02-15
30.6,17.7,23.8,0.0,71,24,44,2018-02-16
31.8,16.7,24.0,0.0,65,19,40,2018-02-17
32.0,18.1,24.5,0.0,66,21,43,2018-02-18
32.3,18.1,24.7,0.0,83,22,49,2018-02-19
32.1,18.7,24.9,0.0,83,22,48,2018-02-20
31.8,19.3,25.0,0.0,71,25,47,2018-02-21
31.7,18.9,25.1,0.0,73,25,46,2018-02-22
32.3,18.5,25.2,0.0,72,22,43,2018-02-23
31.5,18.7,24.4,0.0,64,21,41,2018-02-24
31.9,17.3,23.9,0.0,77,15,41,2018-02-25
33.0,17.7,24.9,0.0,60,16,35,2018-02-26
33.2,18.7,26.0,0.0,54,21,34,2018-02-27
34.0,18.1,26.0,0.0,69,17,37,2018-02-28
33.7,18.0,25.8,0.0,63,17,34,2018-03-01
34.2,18.7,25.9,0.0,57,17,34,2018-03-02
34.5,20.2,26.8,0.0,47,18,32,2018-03-03
35.5,20.8,27.7,0.0,43,15,28,2018-03-04
35.3,19.5,27.2,0.0,47,15,28,2018-03-05
34.6,20.7,27.1,0.0,40,16,28,2018-03-06
34.9,19.6,27.2,0.0,43,15,28,2018-03-07
34.6,20.8,27.1,0.0,43,14,25,2018-03-08
34.9,19.5,27.1,0.0,53,17,33,2018-03-09
34.4,20.6,27.2,0.0,58,21,39,2018-03-10
33.4,22.3,27.5,0.0,56,22,39,2018-03-11
35.2,20.8,27.5,0.0,56,18,37,2018-03-12
34.9,20.8,27.5,0.0,61,18,38,2018-03-13
35.1,20.5,28.2,0.0,55,16,33,2018-03-14
34.0,24.1,28.6,0.0,55,24,39,2018-03-15
29.0,20.5,24.4,2.9,82,46,63,2018-03-16
29.0,19.4,23.7,0.1,94,51,72,2018-03-17
31.1,19.9,25.3,0.0,98,36,64,2018-03-18
33.0,19.9,26.2,0.0,89,29,55,2018-03-19
34.4,20.9,27.3,0.0,70,24,44,2018-03-20
34.0,23.1,27.8,0.4,60,28,44,2018-03-21
35.5,22.8,28.4,0.0,62,19,37,2018-03-22
35.7,21.6,28.4,0.0,52,17,31,2018-03-23
36.3,20.9,28.9,0.0,72,17,35,2018-03-24
35.9,21.5,28.5,0.0,77,21,44,2018-03-25
36.0,22.1,28.6,0.0,85,23,49,2018-03-26
36.6,22.1,29.3,0.0,73,19,40,2018-03-27
36.9,22.8,29.7,0.0,63,22,40,2018-03-28
37.1,23.0,29.8,0.0,90,19,48,2018-03-29
36.9,22.8,29.7,0.0,95,19,48,2018-03-30
36.7,22.2,29.4,0.3,94,20,49,2018-03-31
35.7,22.3,28.6,2.4,94,27,59,2018-04-01
34.5,22.8,27.7,0.1,96,34,64,2018-04-02
34.8,22.2,28.0,0.1,92,27,55,2018-04-03
34.9,21.8,27.7,0.9,85,29,56,2018-04-04
34.5,22.4,27.9,1.1,89,32,57,2018-04-05
34.4,22.4,27.9,3.2,87,33,57,2018-04-06
32.4,23.1,26.8,2.7,73,39,57,2018-04-07
32.9,20.6,25.4,1.7,94,29,65,2018-04-08
32.5,21.4,26.6,0.6,82,34,58,2018-04-09
33.0,22.0,27.1,0.3,80,33,55,2018-04-10
33.6,21.8,27.1,0.0,90,31,60,2018-04-11
34.4,22.1,27.7,2.2,81,34,56,2018-04-12
34.3,22.7,28.4,0.3,76,31,50,2018-04-13
34.8,23.6,28.7,0.1,79,32,55,2018-04-14
33.0,24.7,27.9,5.3,80,45,64,2018-04-15
34.9,23.3,29.2,0.0,89,31,56,2018-04-16
37.3,24.0,30.3,0.4,75,24,47,2018-04-17
37.1,24.6,30.3,0.3,70,27,48,2018-04-18
38.6,25.0,31.4,0.2,65,19,43,2018-04-19
38.5,25.7,31.5,0.0,57,18,36,2018-04-20
38.7,24.0,30.9,0.0,68,16,37,2018-04-21
37.0,23.9,30.6,0.0,94,25,50,2018-04-22
37.1,24.8,31.1,0.0,72,21,43,2018-04-23
38.5,25.1,31.4,0.0,63,14,36,2018-04-24
36.9,23.2,30.4,0.0,94,21,49,2018-04-25
37.1,25.1,30.4,0.4,75,25,47,2018-04-26
36.8,25.1,30.7,0.0,75,21,44,2018-04-27
36.2,23.5,30.2,0.1,71,23,44,2018-04-28
38.4,24.4,31.1,0.0,66,24,43,2018-04-29
39.8,26.4,32.6,0.0,54,15,33,2018-04-30
39.6,25.8,32.3,0.0,74,15,41,2018-05-01
38.3,25.0,31.1,0.0,90,25,54,2018-05-02
36.6,25.5,29.5,3.5,88,33,63,2018-05-03
35.2,23.3,29.3,0.0,93,32,59,2018-05-04
36.1,25.0,30.6,0.0,80,25,49,2018-05-05
36.8,25.3,31.3,0.0,72,26,45,2018-05-06
37.5,26.5,31.5,0.0,65,28,44,2018-05-07
38.3,26.6,31.6,0.6,60,25,44,2018-05-08
37.7,26.7,30.6,0.2,71,28,50,2018-05-09
37.1,26.7,31.1,0.3,76,27,49,2018-05-10
36.7,25.3,31.1,0.1,66,27,44,2018-05-11
37.2,25.3,30.8,0.2,62,28,47,2018-05-12
37.5,25.0,30.5,0.1,72,27,46,2018-05-13
36.5,25.3,30.3,0.7,68,29,48,2018-05-14
36.0,24.8,29.4,0.3,73,31,54,2018-05-15
36.6,24.9,30.4,0.3,73,28,50,2018-05-16
37.8,25.8,30.8,0.4,68,29,48,2018-05-17
35.2,25.6,29.7,1.0,73,37,53,2018-05-18
38.9,26.1,31.6,0.0,68,18,43,2018-05-19
38.6,26.0,31.6,0.0,57,22,42,2018-05-20
38.2,26.3,31.6,0.0,64,25,44,2018-05-21
37.6,26.8,31.0,2.1,66,29,49,2018-05-22
36.2,25.4,30.7,1.6,72,34,53,2018-05-23
36.9,26.4,30.2,3.4,70,34,54,2018-05-24
39.1,26.1,31.9,0.0,68,22,44,2018-05-25
38.4,25.6,31.6,0.3,76,28,48,2018-05-26
37.6,25.6,31.2,0.0,79,25,50,2018-05-27
38.5,26.7,32.4,0.2,67,26,44,2018-05-28
39.2,27.7,32.9,0.5,62,28,44,2018-05-29
38.8,27.5,32.7,0.2,71,30,48,2018-05-30
38.7,25.3,31.7,9.2,83,31,54,2018-05-31
35.0,24.9,29.8,4.1,86,44,62,2018-06-01
35.6,24.3,29.4,4.0,89,40,65,2018-06-02
35.9,25.8,30.4,2.3,81,35,57,2018-06-03
36.3,24.5,30.1,1.9,88,38,58,2018-06-04
36.1,25.1,29.5,1.2,82,39,64,2018-06-05
33.5,25.1,28.3,5.0,87,50,71,2018-06-06
30.2,23.4,26.8,11.6,94,60,80,2018-06-07
29.1,23.5,25.6,6.3,95,61,83,2018-06-08
29.6,23.7,26.3,2.2,89,63,78,2018-06-09
28.7,23.4,26.1,2.6,92,67,79,2018-06-10
28.6,23.5,25.9,8.8,93,64,81,2018-06-11
30.2,24.5,27.1,1.7,82,62,74,2018-06-12
31.9,24.3,28.0,0.0,83,49,66,2018-06-13
31.7,24.4,27.7,0.0,82,49,65,2018-06-14
33.0,24.5,28.5,0.0,83,46,65,2018-06-15
32.1,24.7,28.1,0.0,78,47,63,2018-06-16
30.1,24.9,27.5,0.4,74,52,64,2018-06-17
31.6,23.9,27.1,2.1,81,50,67,2018-06-18
32.3,23.4,27.8,0.0,87,47,65,2018-06-19
33.9,24.5,28.9,0.0,81,42,61,2018-06-20
33.6,25.1,28.9,1.3,80,47,62,2018-06-21
31.0,24.0,26.3,8.0,96,60,79,2018-06-22
29.4,23.1,25.9,9.0,96,63,81,2018-06-23
31.3,23.4,26.9,1.0,89,48,70,2018-06-24
31.6,23.5,27.1,0.4,85,50,70,2018-06-25
30.5,23.7,26.9,0.2,80,53,68,2018-06-26
28.1,23.6,25.8,2.1,82,65,74,2018-06-27
29.7,22.8,25.8,6.9,92,59,77,2018-06-28
30.8,23.7,27.1,0.1,82,53,68,2018-06-29
31.4,23.9,27.6,0.1,85,47,65,2018-06-30
32.0,24.3,27.7,0.0,83,47,64,2018-07-01
32.6,24.2,28.1,0.0,84,46,64,2018-07-02
31.0,23.6,26.9,2.7,86,52,69,2018-07-03
31.0,23.9,27.4,0.4,79,48,64,2018-07-04
31.0,23.5,26.8,0.1,84,50,67,2018-07-05
28.6,22.5,25.0,7.2,95,60,82,2018-07-06
27.2,22.9,24.4,13.9,94,67,85,2018-07-07
28.2,22.8,24.6,3.4,93,66,83,2018-07-08
28.0,22.3,24.3,19.2,94,66,86,2018-07-09
26.8,22.2,24.7,3.6,92,69,80,2018-07-10
26.6,22.6,24.1,15.5,93,74,86,2018-07-11
24.7,22.1,22.9,32.8,93,85,92,2018-07-12
27.8,22.5,24.4,2.7,93,67,83,2018-07-13
25.5,22.1,23.5,12.4,94,85,90,2018-07-14
25.1,22.4,23.6,15.8,93,84,90,2018-07-15
26.1,22.2,23.5,14.2,92,78,89,2018-07-16
29.2,22.3,25.2,5.2,92,63,80,2018-07-17
30.2,23.2,26.4,0.4,84,56,72,2018-07-18
29.8,23.0,26.1,2.6,88,57,74,2018-07-19
25.0,22.5,23.7,15.7,92,85,88,2018-07-20
26.8,22.1,24.0,9.4,92,74,86,2018-07-21
28.3,22.6,25.3,0.1,84,64,74,2018-07-22
29.0,22.8,25.5,0.8,86,61,76,2018-07-23
30.0,22.8,26.2,1.3,88,63,74,2018-07-24
30.0,23.1,26.4,1.0,87,54,71,2018-07-25
29.3,23.2,26.0,0.5,85,59,71,2018-07-26
28.6,22.4,25.4,3.3,91,60,76,2018-07-27
30.2,22.7,26.1,1.2,86,56,72,2018-07-28
30.6,23.3,26.5,0.1,84,51,69,2018-07-29
30.4,23.4,26.8,0.0,83,49,66,2018-07-30
30.3,23.2,26.7,0.5,83,51,67,2018-07-31
30.4,22.9,26.1,1.6,83,54,71,2018-08-01
30.2,23.0,26.2,1.1,85,57,71,2018-08-02
30.6,23.6,26.6,0.5,82,52,68,2018-08-03
31.2,23.4,26.5,1.2,82,54,70,2018-08-04
30.3,23.2,26.5,0.8,85,50,67,2018-08-05
29.7,23.4,26.2,0.6,79,51,67,2018-08-06
28.7,23.7,25.8,1.6,78,53,68,2018-08-07
25.0,22.2,23.7,7.6,93,72,85,2018-08-08
30.2,22.5,25.8,2.1,92,55,75,2018-08-09
30.0,22.8,25.7,4.0,91,58,75,2018-08-10
25.1,22.5,23.4,31.3,93,81,87,2018-08-11
25.0,22.0,23.0,31.3,93,77,88,2018-08-12
26.9,21.7,23.8,7.7,93,67,84,2018-08-13
27.2,22.1,24.3,4.0,94,66,85,2018-08-14
25.6,22.4,23.5,36.7,95,80,91,2018-08-15
24.0,22.4,23.0,38.7,94,86,90,2018-08-16
26.9,22.7,24.4,0.4,87,69,81,2018-08-17
27.7,22.5,25.0,0.4,87,65,76,2018-08-18
27.2,22.5,23.9,23.6,93,70,87,2018-08-19
23.3,22.1,22.7,54.4,93,90,92,2018-08-20
27.3,21.7,24.1,4.5,93,68,82,2018-08-21
29.3,21.9,25.0,1.6,89,59,78,2018-08-22
27.3,22.5,24.8,0.1,90,68,80,2018-08-23
28.8,22.9,25.4,0.4,85,60,76,2018-08-24
28.2,22.8,25.2,0.1,88,61,77,2018-08-25
28.0,22.6,24.4,8.2,92,65,81,2018-08-26
26.2,21.9,23.5,5.8,94,72,86,2018-08-27
28.7,22.2,24.6,1.2,92,58,81,2018-08-28
29.2,22.1,25.2,0.5,94,58,77,2018-08-29
29.0,22.6,25.4,0.3,90,58,75,2018-08-30
28.8,22.6,25.0,3.4,90,58,77,2018-08-31
28.6,22.4,25.3,0.2,90,58,75,2018-09-01
29.1,22.8,25.4,0.2,89,55,75,2018-09-02
29.3,22.6,25.3,0.0,87,59,76,2018-09-03
28.9,22.4,25.4,0.9,88,55,72,2018-09-04
28.8,22.9,25.4,0.6,82,53,69,2018-09-05
27.9,22.7,25.0,0.0,81,56,70,2018-09-06
29.1,22.7,25.1,0.0,80,49,68,2018-09-07
29.2,21.2,25.0,0.0,87,49,69,2018-09-08
30.2,19.6,24.8,0.2,93,48,71,2018-09-09
30.3,20.6,25.7,0.2,93,49,71,2018-09-10
30.3,22.5,25.6,1.9,97,56,79,2018-09-11
29.4,22.3,25.2,5.4,97,65,83,2018-09-12
29.9,21.7,25.8,0.6,99,55,77,2018-09-13
30.2,21.8,26.1,0.6,93,53,75,2018-09-14
29.8,22.8,26.0,5.1,94,57,76,2018-09-15
30.7,22.2,26.4,0.6,86,52,70,2018-09-16
30.6,22.8,25.3,2.5,92,54,80,2018-09-17
30.6,22.6,25.6,0.8,94,59,81,2018-09-18
28.7,23.1,25.0,2.5,92,61,80,2018-09-19
29.5,22.5,25.5,0.5,91,58,78,2018-09-20
24.6,22.0,23.5,25.6,91,73,86,2018-09-21
30.4,22.3,25.2,0.9,95,54,77,2018-09-22
30.1,21.5,25.5,0.1,97,54,77,2018-09-23
30.6,21.7,25.6,1.8,96,54,78,2018-09-24
30.5,22.6,25.8,8.2,98,60,81,2018-09-25
29.3,22.2,24.8,7.1,98,67,86,2018-09-26
30.3,22.1,25.5,1.8,98,58,83,2018-09-27
30.0,21.7,25.5,4.4,100,59,84,2018-09-28
29.9,21.8,25.4,1.5,100,61,85,2018-09-29
30.6,22.1,26.0,2.1,96,60,81,2018-09-30
31.3,22.8,26.0,2.7,97,55,82,2018-10-01
30.8,22.8,26.2,0.1,100,53,78,2018-10-02
31.0,21.9,26.4,0.0,99,54,77,2018-10-03
31.0,22.0,26.1,0.1,98,51,76,2018-10-04
31.0,21.4,25.6,0.0,97,39,70,2018-10-05
30.0,19.8,25.1,0.2,95,50,70,2018-10-06
30.5,20.7,25.5,0.9,92,49,71,2018-10-07
31.2,21.1,25.8,0.0,94,41,67,2018-10-08
31.8,20.0,25.7,0.0,92,36,61,2018-10-09
32.2,20.4,26.0,0.0,78,28,53,2018-10-10
31.8,22.0,26.3,0.0,64,29,50,2018-10-11
31.8,20.9,25.9,0.0,83,38,62,2018-10-12
31.2,20.2,25.9,0.0,96,43,67,2018-10-13
31.6,21.4,26.5,0.1,90,40,63,2018-10-14
30.5,21.6,25.6,5.2,91,54,74,2018-10-15
30.6,22.0,25.5,5.4,98,52,79,2018-10-16
29.5,22.1,24.3,4.0,98,55,85,2018-10-17
28.8,21.8,24.5,1.4,98,60,82,2018-10-18
29.9,19.6,24.7,0.0,100,44,71,2018-10-19
31.0,20.4,25.5,0.0,86,40,64,2018-10-20
31.1,21.3,26.0,0.0,91,42,64,2018-10-21
32.1,20.6,26.4,0.0,95,38,63,2018-10-22
32.3,21.4,26.6,0.1,88,37,62,2018-10-23
29.9,21.6,24.9,2.1,95,50,72,2018-10-24
31.1,20.0,25.4,0.0,95,34,63,2018-10-25
31.0,19.8,24.9,0.0,91,28,56,2018-10-26
31.4,19.0,24.6,0.0,82,26,49,2018-10-27
31.0,18.9,24.0,0.0,64,25,46,2018-10-28
29.6,18.9,23.5,0.0,60,28,45,2018-10-29
29.9,18.9,24.1,0.0,65,34,48,2018-10-30
30.3,18.1,24.4,0.0,78,34,52,2018-10-31
28.5,18.1,23.9,1.7,100,50,70,2018-11-01
29.8,21.2,24.9,0.1,98,52,72,2018-11-02
30.2,21.7,25.4,0.9,94,47,71,2018-11-03
30.3,21.5,25.5,0.2,97,47,70,2018-11-04
31.0,21.2,25.3,0.1,95,43,69,2018-11-05
30.5,20.7,25.5,0.8,89,45,66,2018-11-06
31.3,21.4,25.9,0.5,88,42,63,2018-11-07
30.7,20.3,25.2,0.4,89,42,64,2018-11-08
31.3,19.3,25.1,0.0,91,35,61,2018-11-09
31.6,19.6,24.9,0.0,87,27,54,2018-11-10
31.3,17.2,23.8,0.0,77,21,45,2018-11-11
30.4,17.0,22.9,0.0,65,20,42,2018-11-12
30.2,15.7,22.5,0.0,70,24,47,2018-11-13
30.7,17.1,23.2,0.0,68,27,47,2018-11-14
31.7,16.4,24.1,0.0,80,27,48,2018-11-15
31.3,18.9,24.6,0.0,88,40,60,2018-11-16
30.8,21.7,25.7,0.6,97,49,74,2018-11-17
30.6,21.6,25.7,0.5,97,50,74,2018-11-18
30.1,21.1,25.3,0.1,98,49,73,2018-11-19
30.6,20.5,25.4,0.0,98,42,67,2018-11-20
31.0,19.3,24.7,0.0,95,35,61,2018-11-21
29.4,19.1,23.5,0.0,96,38,64,2018-11-22
29.4,20.1,23.8,0.0,80,39,61,2018-11-23
30.0,18.5,23.9,0.0,89,33,56,2018-11-24
29.8,17.7,23.4,0.0,72,25,46,2018-11-25
29.7,15.9,22.2,0.0,68,24,45,2018-11-26
28.6,15.3,21.8,0.0,75,33,53,2018-11-27
28.4,15.9,21.7,0.0,88,35,59,2018-11-28
28.9,15.8,22.1,0.0,84,34,58,2018-11-29
28.5,16.4,22.0,0.0,77,31,52,2018-11-30
28.3,17.4,22.1,0.0,69,32,53,2018-12-01
28.1,16.1,21.7,0.0,85,37,61,2018-12-02
27.6,16.6,22.4,0.0,98,40,63,2018-12-03
28.4,17.6,22.7,0.0,88,44,67,2018-12-04
29.6,19.1,24.1,0.2,96,48,70,2018-12-05
27.9,19.7,23.5,1.1,94,52,76,2018-12-06
29.8,18.8,24.3,0.1,99,43,72,2018-12-07
29.0,20.1,24.2,0.5,98,48,74,2018-12-08
28.9,20.4,24.1,0.2,96,46,71,2018-12-09
28.3,19.7,23.8,0.4,95,51,72,2018-12-10
29.0,19.2,23.4,1.1,95,44,74,2018-12-11
30.0,19.6,24.2,0.0,98,37,67,2018-12-12
27.5,19.5,23.0,0.7,90,47,71,2018-12-13
25.6,18.7,21.4,0.0,96,51,79,2018-12-14
27.1,18.5,22.1,0.2,89,41,62,2018-12-15
25.7,17.4,21.3,0.0,65,37,52,2018-12-16
23.4,16.4,18.8,0.5,87,57,70,2018-12-17
22.7,15.7,18.4,1.9,95,54,77,2018-12-18
25.3,13.7,18.7,0.0,94,47,75,2018-12-19
25.6,15.1,20.2,0.0,96,46,73,2018-12-20
27.6,15.0,21.1,0.0,96,38,69,2018-12-21
28.0,15.7,21.6,0.0,90,39,68,2018-12-22
28.0,16.9,21.9,0.0,96,46,73,2018-12-23
28.4,16.5,21.8,0.0,97,39,67,2018-12-24
29.6,16.0,22.4,0.0,89,34,58,2018-12-25
30.3,17.7,23.6,0.0,88,36,62,2018-12-26
28.3,17.0,22.7,0.1,94,32,60,2018-12-27
26.0,13.3,19.3,0.0,65,25,45,2018-12-28
25.7,12.7,18.5,0.0,66,24,47,2018-12-29
25.4,11.6,18.0,0.0,80,28,53,2018-12-30
25.7,12.0,17.8,0.0,79,24,49,2018-12-31
27.6,11.3,18.6,0.0,70,20,44,2019-01-01
28.3,14.0,20.0,0.0,76,22,47,2019-01-02
29.4,14.2,20.7,0.0,85,19,51,2019-01-03
28.5,15.6,21.2,0.0,86,27,56,2019-01-04
28.5,13.6,20.7,0.0,95,30,62,2019-01-05
28.6,14.5,20.7,0.0,96,31,65,2019-01-06
28.9,14.7,21.1,0.0,96,30,62,2019-01-07
27.6,14.6,20.4,0.0,92,26,56,2019-01-08
28.4,12.2,19.7,0.0,79,19,46,2019-01-09
28.1,12.8,20.1,0.0,74,23,46,2019-01-10
28.3,13.0,20.5,0.0,93,30,62,2019-01-11
28.9,15.6,21.4,0.0,98,32,64,2019-01-12
28.6,15.8,21.5,0.0,93,28,60,2019-01-13
28.7,15.0,21.2,0.0,96,30,61,2019-01-14
28.4,16.9,21.7,0.0,83,32,57,2019-01-15
28.5,16.0,21.2,0.0,78,24,51,2019-01-16
29.4,16.1,21.7,0.0,76,23,50,2019-01-17
29.9,16.3,22.0,0.0,91,23,56,2019-01-18
28.6,14.2,21.1,0.0,91,29,59,2019-01-19
29.3,16.2,21.8,0.0,89,25,55,2019-01-20
29.7,15.7,22.1,0.0,82,23,54,2019-01-21
29.4,14.9,21.5,0.0,64,19,42,2019-01-22
28.8,15.9,22.1,0.0,94,33,60,2019-01-23
30.0,18.4,23.8,0.0,92,26,58,2019-01-24
29.4,18.6,23.4,0.0,88,34,60,2019-01-25
23.6,18.8,21.0,10.0,97,73,86,2019-01-26
22.7,17.9,19.2,21.3,99,71,91,2019-01-27
24.3,16.9,19.6,1.5,97,51,77,2019-01-28
24.9,13.0,18.3,0.0,94,35,62,2019-01-29
25.2,11.0,17.3,0.0,75,26,51,2019-01-30
25.5,11.7,18.2,0.0,91,38,65,2019-01-31
26.9,14.3,20.3,0.0,99,40,70,2019-02-01
27.9,14.9,20.9,0.0,94,33,63,2019-02-02
27.3,14.9,20.8,0.0,92,38,67,2019-02-03
28.1,15.8,21.4,0.0,96,39,67,2019-02-04
29.0,16.3,22.0,0.0,91,32,61,2019-02-05
30.5,16.6,23.4,0.0,94,29,58,2019-02-06
31.1,19.3,24.3,0.0,74,34,55,2019-02-07
28.5,18.6,23.2,0.0,95,40,65,2019-02-08
28.8,17.0,21.6,0.0,97,29,52,2019-02-09
29.1,14.3,21.8,0.0,60,30,44,2019-02-10
29.4,18.0,23.6,0.0,83,41,61,2019-02-11
30.2,18.3,23.6,0.0,96,34,65,2019-02-12
30.4,16.7,22.9,0.0,96,24,59,2019-02-13
32.0,17.3,24.4,0.0,95,26,57,2019-02-14
31.6,19.3,25.2,0.0,68,28,48,2019-02-15
32.1,20.0,25.2,0.0,77,26,52,2019-02-16
32.1,19.8,24.7,0.1,98,26,61,2019-02-17
31.6,17.5,24.5,0.0,93,30,59,2019-02-18
32.9,19.2,26.0,0.0,93,29,58,2019-02-19
32.6,20.8,26.2,0.0,90,33,61,2019-02-20
33.2,19.2,26.2,0.0,86,25,51,2019-02-21
34.4,20.1,27.0,0.0,72,25,46,2019-02-22
35.0,20.5,27.9,0.0,69,24,42,2019-02-23
34.8,21.5,27.8,0.0,52,21,36,2019-02-24
34.6,22.1,27.2,0.0,49,18,34,2019-02-25
33.5,18.9,25.8,0.0,74,20,40,2019-02-26
33.2,19.1,25.4,0.0,98,22,62,2019-02-27
31.5,20.2,25.0,0.3,94,23,51,2019-02-28
32.7,18.7,25.9,0.1,95,30,58,2019-03-01
32.3,21.3,26.1,0.0,91,33,63,2019-03-02
33.0,21.1,26.6,0.1,87,36,59,2019-03-03
35.2,21.1,27.9,0.0,86,26,51,2019-03-04
34.8,22.2,27.3,0.0,64,22,43,2019-03-05
33.5,19.8,26.0,0.0,63,20,38,2019-03-06
33.3,18.1,25.8,0.0,62,18,35,2019-03-07
34.1,18.7,26.3,0.0,76,22,47,2019-03-08
34.1,20.1,27.1,0.0,93,22,50,2019-03-09
34.7,21.2,27.8,0.0,88,23,51,2019-03-10
34.5,21.7,28.1,0.0,91,27,54,2019-03-11
34.9,22.3,28.6,0.0,75,24,44,2019-03-12
35.5,21.4,28.6,0.0,62,20,38,2019-03-13
35.3,21.4,28.3,0.0,58,17,33,2019-03-14
35.6,22.5,28.8,0.0,48,17,29,2019-03-15
35.7,21.8,28.7,0.0,43,17,28,2019-03-16
35.4,21.8,28.4,0.0,63,18,36,2019-03-17
34.5,20.9,27.6,0.0,54,17,34,2019-03-18
35.2,20.4,27.9,0.0,90,25,51,2019-03-19
34.2,22.0,28.1,0.2,84,30,54,2019-03-20
34.1,21.3,28.2,0.0,89,28,52,2019-03-21
34.7,21.1,28.2,0.0,79,26,49,2019-03-22
35.4,22.3,29.1,0.0,86,27,52,2019-03-23
35.4,23.8,29.8,0.0,76,29,47,2019-03-24
35.7,22.9,29.3,0.0,75,23,43,2019-03-25
35.6,22.6,29.5,0.0,74,24,43,2019-03-26
35.4,23.0,29.4,0.0,68,25,43,2019-03-27
36.6,23.5,29.9,0.0,64,22,40,2019-03-28
36.7,23.4,29.9,0.0,70,21,40,2019-03-29
37.8,22.2,29.9,0.0,71,17,40,2019-03-30
37.7,23.7,30.6,0.0,66,21,37,2019-03-31
37.9,24.7,30.7,0.0,50,16,34,2019-04-01
36.9,23.9,30.5,0.0,60,21,37,2019-04-02
36.7,22.8,28.9,0.1,95,24,54,2019-04-03
36.5,22.8,29.2,0.0,83,21,47,2019-04-04
36.4,22.2,29.5,0.0,79,19,42,2019-04-05
36.1,22.7,30.0,0.0,65,19,37,2019-04-06
37.1,23.6,30.4,0.0,59,21,38,2019-04-07
37.1,23.1,29.1,0.1,74,26,50,2019-04-08
35.9,23.1,29.3,0.3,86,30,52,2019-04-09
36.7,23.3,28.8,1.3,80,29,53,2019-04-10
37.3,23.3,29.7,0.0,85,25,46,2019-04-11
37.4,23.6,30.3,0.0,63,22,41,2019-04-12
38.1,24.1,30.6,0.0,68,21,40,2019-04-13
37.5,24.2,30.9,0.0,64,20,37,2019-04-14
37.8,24.5,31.1,0.0,51,17,33,2019-04-15
36.5,24.2,30.3,0.0,48,19,31,2019-04-16
35.2,24.7,30.1,0.0,59,29,40,2019-04-17
35.9,24.7,30.4,0.0,74,29,49,2019-04-18
36.0,24.8,29.8,1.7,88,31,58,2019-04-19
36.3,24.5,30.2,0.0,85,26,54,2019-04-20
36.6,25.1,30.3,0.0,81,22,48,2019-04-21
36.1,24.0,29.5,0.0,79,26,50,2019-04-22
36.4,23.9,29.4,0.1,70,25,48,2019-04-23
37.4,23.8,30.6,0.0,79,19,44,2019-04-24
38.4,24.5,31.5,0.0,60,19,35,2019-04-25
38.6,25.4,32.1,0.0,55,19,35,2019-04-26
38.5,25.6,32.3,0.0,61,22,39,2019-04-27
38.6,26.1,32.7,0.0,64,23,40,2019-04-28
38.5,27.2,32.8,0.0,63,24,40,2019-04-29
37.7,27.6,32.6,0.0,60,28,42,2019-04-30
39.8,26.8,32.9,0.0,66,14,35,2019-05-01
39.1,26.7,32.5,0.0,55,15,30,2019-05-02
37.8,26.9,32.0,0.0,36,18,26,2019-05-03
37.4,25.9,31.1,0.0,45,19,31,2019-05-04
37.8,25.1,31.1,0.0,45,18,32,2019-05-05
38.9,25.3,32.1,0.0,45,16,29,2019-05-06
39.1,25.1,32.4,0.0,47,17,29,2019-05-07
39.8,28.0,32.9,0.0,41,15,27,2019-05-08
38.8,26.0,32.4,0.0,44,18,29,2019-05-09
38.6,27.7,33.0,0.0,38,19,29,2019-05-10
38.0,26.6,32.8,0.0,49,23,34,2019-05-11
37.9,26.6,32.4,0.0,65,22,40,2019-05-12
37.8,26.8,31.9,0.2,63,23,41,2019-05-13
38.6,26.7,32.5,0.2,64,19,37,2019-05-14
38.6,26.4,32.2,0.0,60,18,38,2019-05-15
38.2,25.8,32.0,0.2,64,19,38,2019-05-16
37.6,26.1,32.1,0.0,69,22,38,2019-05-17
39.0,25.7,32.7,0.0,64,19,35,2019-05-18
39.6,27.1,33.3,0.1,46,19,30,2019-05-19
37.1,26.8,32.7,0.0,65,25,39,2019-05-20
38.1,26.3,32.7,0.0,65,24,40,2019-05-21
39.1,26.6,33.1,0.0,63,24,40,2019-05-22
38.8,27.7,33.1,0.2,69,26,45,2019-05-23
39.4,27.2,33.1,0.0,66,24,42,2019-05-24
39.4,28.6,33.8,0.0,53,21,35,2019-05-25
39.9,27.8,34.1,0.0,48,19,32,2019-05-26
40.6,28.5,34.3,0.0,52,20,34,2019-05-27
40.6,29.0,34.5,0.0,52,19,34,2019-05-28
39.9,28.6,34.7,0.0,54,18,32,2019-05-29
39.5,27.5,33.2,0.0,73,22,43,2019-05-30
38.6,28.6,33.5,0.0,72,29,45,2019-05-31
37.7,27.7,31.9,2.0,68,31,49,2019-06-01
40.0,27.8,33.6,0.0,68,23,44,2019-06-02
37.3,28.3,32.0,0.3,66,37,53,2019-06-03
37.4,25.5,31.7,0.0,85,35,54,2019-06-04
38.9,27.7,33.4,0.0,70,29,47,2019-06-05
37.5,27.9,32.4,0.1,65,32,49,2019-06-06
38.1,26.3,31.9,0.9,80,31,53,2019-06-07
36.7,24.9,30.7,0.0,83,35,58,2019-06-08
36.4,28.2,31.7,0.1,63,37,52,2019-06-09
36.8,26.2,31.5,0.9,74,37,53,2019-06-10
37.0,27.1,31.7,0.0,70,32,50,2019-06-11
36.3,26.8,30.6,1.0,72,36,54,2019-06-12
33.7,25.9,29.5,0.2,73,42,58,2019-06-13
35.0,25.2,29.8,0.0,76,39,57,2019-06-14
36.2,26.6,31.3,0.1,67,33,49,2019-06-15
36.3,27.0,31.5,0.0,65,29,45,2019-06-16
35.5,28.1,31.3,0.0,61,34,46,2019-06-17
36.4,27.0,31.6,0.0,61,28,42,2019-06-18
36.8,27.0,31.7,0.0,65,31,47,2019-06-19
35.2,26.7,29.8,3.7,77,41,60,2019-06-20
30.7,24.8,27.5,2.6,94,55,72,2019-06-21
26.6,23.8,25.0,13.6,94,81,89,2019-06-22
31.4,23.8,26.7,5.3,95,55,79,2019-06-23
31.7,23.6,26.8,3.0,96,52,79,2019-06-24
31.8,23.3,27.0,11.8,97,57,79,2019-06-25
31.7,24.3,28.2,3.3,88,56,71,2019-06-26
32.9,24.4,28.4,0.6,84,48,67,2019-06-27
32.9,24.5,27.5,1.1,82,49,70,2019-06-28
28.4,23.5,24.8,15.9,93,64,86,2019-06-29
27.2,23.1,24.5,6.6,94,67,85,2019-06-30
27.0,22.9,24.0,33.7,94,77,91,2019-07-01
26.4,23.3,24.2,11.1,94,79,90,2019-07-02
27.6,23.1,24.7,7.4,94,70,86,2019-07-03
30.4,23.7,26.5,2.0,88,59,76,2019-07-04
29.8,24.0,26.4,2.8,86,63,75,2019-07-05
28.5,24.3,26.2,0.8,80,63,72,2019-07-06
29.2,24.2,26.6,0.6,80,61,72,2019-07-07
31.3,24.1,27.2,0.4,83,53,70,2019-07-08
29.8,24.1,26.9,0.1,82,57,70,2019-07-09
31.5,23.8,27.2,4.1,82,52,69,2019-07-10
30.6,24.2,26.2,5.5,89,56,75,2019-07-11
31.1,23.6,26.9,1.2,87,50,71,2019-07-12
32.1,24.1,27.4,0.2,83,48,69,2019-07-13
31.8,24.0,27.3,2.3,90,49,71,2019-07-14
32.2,23.5,27.2,1.5,91,54,74,2019-07-15
32.3,24.5,28.1,0.1,82,49,67,2019-07-16
33.3,24.8,28.5,0.3,82,44,65,2019-07-17
33.3,24.7,28.2,2.0,83,47,69,2019-07-18
28.5,23.9,25.5,7.1,92,65,84,2019-07-19
29.3,22.5,25.2,6.9,96,66,86,2019-07-20
31.7,23.0,27.0,0.3,94,50,73,2019-07-21
31.1,23.3,26.7,1.9,94,57,77,2019-07-22
30.6,23.5,26.7,2.2,95,60,77,2019-07-23
31.1,23.5,27.0,2.7,87,58,74,2019-07-24
31.2,23.8,26.9,2.0,88,53,73,2019-07-25
26.9,22.6,24.2,11.9,93,71,87,2019-07-26
26.1,22.4,23.7,10.0,92,74,86,2019-07-27
25.9,22.2,23.5,16.3,94,78,89,2019-07-28
24.0,22.2,23.0,34.7,93,90,92,2019-07-29
25.3,22.1,23.3,14.5,93,82,89,2019-07-30
29.1,22.1,24.9,6.0,90,62,80,2019-07-31
27.4,22.8,24.6,5.8,93,70,84,2019-08-01
23.4,22.1,22.7,42.8,93,89,91,2019-08-02
23.5,22.1,22.7,32.4,92,87,90,2019-08-03
26.7,21.9,23.8,6.4,91,72,83,2019-08-04
27.3,22.0,24.3,5.1,92,71,84,2019-08-05
26.0,22.5,23.9,6.9,93,80,87,2019-08-06
26.9,22.6,23.8,14.2,92,71,87,2019-08-07
28.9,22.5,24.8,4.1,93,68,83,2019-08-08
29.2,24.2,26.0,1.2,81,64,75,2019-08-09
29.5,23.4,26.1,0.4,82,61,74,2019-08-10
29.5,23.0,25.9,0.3,87,59,74,2019-08-11
29.6,23.2,25.9,1.0,89,58,77,2019-08-12
29.0,23.7,25.6,1.9,91,62,81,2019-08-13
29.4,23.1,25.8,1.5,92,64,80,2019-08-14
30.2,22.8,26.2,4.3,95,59,78,2019-08-15
30.4,23.5,26.7,0.0,91,58,76,2019-08-16
30.3,23.8,26.5,0.4,85,55,73,2019-08-17
28.7,23.5,25.4,3.8,95,66,82,2019-08-18
29.6,22.5,25.7,2.3,96,66,83,2019-08-19
28.7,23.9,26.1,3.0,90,67,80,2019-08-20
27.2,23.7,24.8,10.8,93,78,87,2019-08-21
29.1,22.5,25.1,13.1,94,66,84,2019-08-22
26.7,22.7,24.1,5.5,93,72,87,2019-08-23
29.3,22.9,25.4,0.7,94,60,79,2019-08-24
28.4,22.7,25.2,0.5,91,61,77,2019-08-25
29.1,22.9,25.5,0.0,83,54,70,2019-08-26
30.0,22.2,25.6,0.0,85,48,69,2019-08-27
30.1,23.1,26.2,0.0,83,51,70,2019-08-28
30.4,23.6,26.6,0.3,88,60,74,2019-08-29
29.8,23.3,25.9,3.9,91,60,79,2019-08-30
27.4,23.0,24.4,5.3,94,74,87,2019-08-31
26.7,22.5,23.8,13.9,95,77,90,2019-09-01
25.1,22.3,23.5,11.9,94,83,90,2019-09-02
26.6,22.4,24.0,5.8,94,77,87,2019-09-03
25.5,22.5,23.5,15.0,94,81,91,2019-09-04
27.7,22.6,24.9,4.6,93,71,82,2019-09-05
27.2,23.1,24.6,2.3,90,73,83,2019-09-06
25.8,22.6,23.9,10.8,92,81,88,2019-09-07
28.5,22.8,25.2,4.6,92,67,81,2019-09-08
29.2,23.2,25.8,1.3,85,64,77,2019-09-09
29.3,22.8,25.9,0.2,89,62,76,2019-09-10
29.1,23.2,25.8,0.0,87,57,74,2019-09-11
28.0,23.3,25.2,0.7,88,63,78,2019-09-12
28.5,22.7,25.2,1.9,88,67,80,2019-09-13
29.6,22.8,25.8,1.6,92,63,78,2019-09-14
29.8,22.4,25.6,0.3,95,60,79,2019-09-15
29.2,22.8,25.6,0.8,94,66,81,2019-09-16
28.4,22.9,25.3,7.3,96,71,86,2019-09-17
27.8,22.5,24.6,11.0,98,71,88,2019-09-18
28.0,22.6,24.5,9.3,98,75,91,2019-09-19
27.2,22.3,24.3,6.4,96,70,88,2019-09-20
28.7,22.0,25.1,7.4,98,71,87,2019-09-21
29.0,22.6,24.8,20.2,98,70,90,2019-09-22
29.7,22.2,25.4,4.5,100,65,86,2019-09-23
28.3,22.7,24.6,9.4,98,73,90,2019-09-24
27.5,22.2,24.3,11.3,98,71,88,2019-09-25
28.5,22.5,24.6,1.5,98,62,84,2019-09-26
28.6,22.0,24.8,6.4,97,68,86,2019-09-27
28.6,22.5,25.0,1.9,98,68,86,2019-09-28
29.1,22.6,25.0,5.2,96,68,86,2019-09-29
29.2,21.6,24.7,11.3,98,66,86,2019-09-30
29.7,21.5,25.2,7.5,97,66,85,2019-10-01
29.7,22.8,25.8,2.2,96,62,80,2019-10-02
29.3,22.4,25.3,2.6,98,64,84,2019-10-03
28.8,21.7,24.5,4.2,99,65,87,2019-10-04
29.0,21.6,24.8,9.5,99,68,86,2019-10-05
29.1,21.7,24.3,4.9,99,62,88,2019-10-06
29.1,21.1,24.8,4.2,99,61,86,2019-10-07
28.8,22.2,24.4,3.4,100,64,88,2019-10-08
29.1,22.1,24.5,4.7,100,62,86,2019-10-09
28.4,22.2,24.5,3.7,100,65,86,2019-10-10
28.3,21.7,23.8,13.6,100,68,90,2019-10-11
28.4,21.5,24.3,4.0,100,70,88,2019-10-12
28.7,21.7,24.5,3.6,100,67,87,2019-10-13
28.6,21.5,24.6,2.0,98,72,87,2019-10-14
28.8,22.1,24.6,4.2,97,66,85,2019-10-15
27.5,21.7,24.0,7.8,97,71,87,2019-10-16
27.2,21.4,23.5,8.4,100,72,91,2019-10-17
27.6,21.9,23.8,5.4,99,69,88,2019-10-18
27.1,21.4,23.7,2.0,98,73,88,2019-10-19
27.1,21.5,23.6,4.0,99,74,91,2019-10-20
25.3,21.6,23.1,3.2,98,79,90,2019-10-21
26.5,21.7,23.4,6.7,99,70,89,2019-10-22
26.6,21.3,23.6,7.1,98,71,87,2019-10-23
27.6,21.6,23.7,6.2,97,68,89,2019-10-24
28.1,21.6,23.9,7.3,99,68,88,2019-10-25
28.1,21.5,24.2,10.2,96,68,85,2019-10-26
28.0,21.5,24.2,11.4,99,69,87,2019-10-27
28.3,20.8,24.3,0.5,100,66,87,2019-10-28
27.8,21.1,23.8,3.4,99,70,88,2019-10-29
27.1,21.7,23.8,1.9,99,70,88,2019-10-30
27.3,21.6,23.8,1.6,97,67,85,2019-10-31
28.3,21.9,24.4,1.6,99,65,85,2019-11-01
28.8,21.1,24.5,1.9,98,60,83,2019-11-02
29.1,20.7,24.4,0.9,100,63,86,2019-11-03
29.7,21.1,24.9,0.2,100,54,80,2019-11-04
29.4,21.3,24.8,0.0,94,53,75,2019-11-05
28.4,20.3,24.3,1.4,98,61,80,2019-11-06
29.6,20.9,25.1,0.0,96,49,75,2019-11-07
29.3,21.6,24.9,0.3,96,54,76,2019-11-08
29.3,20.8,24.5,0.0,96,53,76,2019-11-09
29.2,19.7,23.9,0.0,96,49,72,2019-11-10
29.1,19.2,23.7,0.1,93,47,74,2019-11-11
29.0,18.9,23.7,0.0,94,48,72,2019-11-12
28.1,18.0,22.8,0.0,88,45,70,2019-11-13
26.5,19.9,23.2,1.0,97,58,75,2019-11-14
28.0,21.5,23.8,1.0,90,56,75,2019-11-15
29.4,20.0,24.2,0.0,88,50,72,2019-11-16
30.7,19.3,24.6,0.0,88,43,66,2019-11-17
30.2,19.5,24.4,0.0,80,44,65,2019-11-18
27.7,19.2,23.6,1.3,92,61,77,2019-11-19
28.5,20.0,23.7,0.1,100,50,77,2019-11-20
28.4,19.3,23.4,0.1,96,50,74,2019-11-21
28.5,18.5,22.8,0.0,99,45,73,2019-11-22
28.2,17.9,22.5,0.0,92,43,69,2019-11-23
28.3,16.7,22.3,0.0,93,46,69,2019-11-24
28.4,16.4,22.3,0.0,99,45,74,2019-11-25
27.9,17.5,22.1,0.0,98,46,75,2019-11-26
28.2,17.4,22.2,0.0,97,44,73,2019-11-27
27.9,18.2,23.1,0.2,96,50,73,2019-11-28
28.9,18.7,23.4,0.0,98,49,74,2019-11-29
29.0,18.0,23.3,0.0,96,45,73,2019-11-30
27.5,19.8,22.6,0.0,98,50,73,2019-12-01
24.8,20.3,21.6,6.3,99,70,87,2019-12-02
26.5,19.8,22.3,0.5,99,58,81,2019-12-03
26.6,19.2,22.5,0.0,100,53,77,2019-12-04
26.3,17.9,21.9,0.3,99,54,77,2019-12-05
25.9,17.1,21.3,0.3,96,53,77,2019-12-06
26.8,16.2,21.5,0.0,96,44,71,2019-12-07
25.9,17.8,21.9,0.3,93,59,75,2019-12-08
26.1,17.8,21.9,0.3,98,57,78,2019-12-09
27.2,16.7,21.8,0.0,100,45,74,2019-12-10
27.4,17.0,21.6,0.0,91,40,71,2019-12-11
26.8,16.0,21.2,0.0,97,44,71,2019-12-12
28.4,17.8,22.3,0.0,98,44,72,2019-12-13
28.1,18.9,22.6,0.0,98,45,75,2019-12-14
27.6,18.2,22.1,0.0,98,47,74,2019-12-15
27.6,16.8,21.6,0.0,98,46,75,2019-12-16
27.1,16.5,21.2,0.0,99,45,74,2019-12-17
26.4,16.7,21.4,0.1,96,50,74,2019-12-18
26.6,16.4,21.0,0.0,97,50,76,2019-12-19
27.6,16.5,21.7,0.0,94,45,71,2019-12-20
27.2,16.7,21.4,0.0,94,49,73,2019-12-21
27.0,15.9,21.6,0.0,95,48,73,2019-12-22
25.0,16.5,20.6,0.0,97,53,76,2019-12-23
26.9,17.6,21.4,0.0,98,48,74,2019-12-24
27.6,17.7,22.3,0.0,98,49,72,2019-12-25
28.7,18.6,23.1,0.1,90,44,70,2019-12-26
26.6,18.9,22.1,1.3,96,57,78,2019-12-27
25.9,17.3,21.3,0.0,84,52,66,2019-12-28
26.6,15.3,20.4,0.0,91,43,70,2019-12-29
25.2,16.4,20.9,0.1,91,54,74,2019-12-30
24.9,19.0,21.1,1.5,96,64,83,2019-12-31
26.7,18.7,22.0,0.2,96,56,79,2020-01-01
26.7,20.0,22.5,0.5,97,60,84,2020-01-02
27.3,19.9,22.7,0.7,98,54,82,2020-01-03
26.7,18.7,21.9,0.4,99,53,80,2020-01-04
25.5,17.1,20.8,0.0,95,53,74,2020-01-05
25.9,16.7,21.3,0.0,84,55,70,2020-01-06
27.2,19.5,22.6,0.0,98,54,79,2020-01-07
28.9,19.5,23.2,0.0,98,43,74,2020-01-08
27.7,18.9,22.5,0.3,98,50,78,2020-01-09
26.5,19.0,21.8,0.3,97,49,76,2020-01-10
26.9,15.8,21.2,0.0,93,43,68,2020-01-11
27.6,15.1,20.4,0.0,92,37,67,2020-01-12
28.7,16.1,21.5,0.0,86,34,61,2020-01-13
28.8,15.6,21.7,0.0,91,38,65,2020-01-14
27.7,17.0,21.7,0.0,95,37,67,2020-01-15
27.9,16.5,21.6,0.0,92,37,66,2020-01-16
27.9,17.1,22.0,0.0,94,41,69,2020-01-17
28.5,18.5,23.0,0.0,99,42,70,2020-01-18
28.8,18.7,23.3,0.0,97,42,69,2020-01-19
28.2,18.7,23.1,0.1,93,45,70,2020-01-20
28.7,18.4,22.9,0.0,92,45,68,2020-01-21
28.7,17.8,22.3,0.0,94,37,68,2020-01-22
28.5,15.8,21.7,0.0,96,39,71,2020-01-23
29.3,18.3,22.8,0.0,86,34,62,2020-01-24
29.4,17.2,22.7,0.0,90,39,65,2020-01-25
30.4,17.6,23.7,0.0,90,37,61,2020-01-26
30.9,17.4,23.7,0.0,90,35,62,2020-01-27
30.4,18.6,24.2,0.0,84,37,61,2020-01-28
30.6,19.1,24.2,0.0,93,35,64,2020-01-29
29.8,18.7,23.4,0.0,88,39,65,2020-01-30
29.4,17.4,22.8,0.0,87,39,65,2020-01-31
29.2,19.4,23.7,0.0,82,40,64,2020-02-01
28.5,19.6,23.4,0.2,92,43,69,2020-02-02
29.3,19.0,23.5,0.0,96,38,68,2020-02-03
30.1,18.5,23.7,0.0,92,31,60,2020-02-04
29.2,17.9,23.6,0.0,94,40,65,2020-02-05
30.8,18.5,24.8,0.0,89,32,56,2020-02-06
29.4,19.7,23.9,0.2,92,40,67,2020-02-07
27.2,18.9,22.6,3.2,97,55,80,2020-02-08
21.6,18.5,19.7,17.0,98,78,91,2020-02-09
25.0,18.2,21.3,1.1,97,66,83,2020-02-10
26.1,19.3,22.1,0.6,97,57,79,2020-02-11
26.9,18.1,22.1,0.2,98,53,78,2020-02-12
29.4,17.9,22.7,0.0,94,31,63,2020-02-13
29.9,15.9,22.8,0.0,85,28,53,2020-02-14
31.0,15.7,23.4,0.0,85,29,54,2020-02-15
30.6,16.8,23.6,0.0,79,32,54,2020-02-16
30.7,16.5,23.3,0.0,89,31,57,2020-02-17
30.3,17.6,22.9,0.0,66,26,48,2020-02-18
30.6,15.4,23.4,0.0,77,36,55,2020-02-19
30.1,18.1,23.5,0.0,94,38,66,2020-02-20
29.5,17.3,22.6,0.0,92,32,61,2020-02-21
30.2,16.4,22.9,0.0,86,31,58,2020-02-22
30.0,17.3,23.3,0.0,83,30,56,2020-02-23
31.4,17.7,24.6,0.0,80,28,51,2020-02-24
31.0,19.8,24.8,0.0,85,33,60,2020-02-25
29.6,18.9,23.8,0.0,90,35,57,2020-02-26
29.9,18.1,23.6,0.0,61,27,44,2020-02-27
30.2,16.8,23.5,0.0,96,33,59,2020-02-28
29.6,19.0,24.1,0.0,98,38,65,2020-02-29
30.6,19.2,24.4,0.0,96,37,64,2020-03-01
29.9,21.2,24.7,0.0,76,40,61,2020-03-02
30.9,19.5,25.3,0.5,90,39,61,2020-03-03
33.0,20.3,26.0,0.0,83,24,50,2020-03-04
31.6,18.8,25.2,0.0,80,27,51,2020-03-05
31.7,20.4,25.5,0.3,97,31,64,2020-03-06
31.2,21.2,25.3,0.2,96,43,72,2020-03-07
30.1,21.3,25.3,0.0,98,52,75,2020-03-08
30.3,20.8,25.3,0.5,96,47,69,2020-03-09
31.9,20.9,26.2,0.6,80,39,58,2020-03-10
31.5,21.5,26.4,0.6,86,44,64,2020-03-11
31.5,21.2,26.1,0.5,90,42,66,2020-03-12
32.6,21.2,26.5,0.0,91,33,61,2020-03-13
33.3,20.1,26.2,0.0,96,31,61,2020-03-14
31.7,20.3,25.7,0.0,89,36,60,2020-03-15
32.1,20.1,25.8,0.0,94,34,61,2020-03-16
33.4,21.6,27.2,0.0,75,31,50,2020-03-17
33.5,20.2,27.0,0.0,76,30,50,2020-03-18
32.8,22.1,26.4,0.0,80,36,57,2020-03-19
33.0,21.8,27.3,0.0,80,27,51,2020-03-20
31.2,20.6,25.9,0.5,91,46,65,2020-03-21
32.4,20.7,26.2,0.0,98,31,62,2020-03-22
31.8,21.1,26.3,0.5,96,38,62,2020-03-23
32.5,21.4,26.8,0.0,83,34,56,2020-03-24
32.6,21.5,26.9,0.0,83,35,57,2020-03-25
33.0,21.5,26.8,0.0,71,32,52,2020-03-26
34.4,22.1,27.9,0.0,64,28,45,2020-03-27
34.7,21.6,28.0,0.0,63,29,44,2020-03-28
35.0,23.0,28.4,0.0,71,28,46,2020-03-29
34.4,22.3,27.9,0.0,69,29,49,2020-03-30
34.9,21.4,28.3,0.0,81,29,51,2020-03-31
33.9,23.0,28.3,0.0,78,34,51,2020-04-01
34.0,24.0,29.3,0.0,70,31,47,2020-04-02
34.9,23.2,29.0,0.0,70,26,44,2020-04-03
34.1,23.4,28.0,0.0,68,24,46,2020-04-04
35.0,23.0,28.7,0.0,79,24,47,2020-04-05
33.9,24.1,28.6,0.0,87,38,58,2020-04-06
35.0,23.0,28.6,0.1,78,34,55,2020-04-07
35.6,23.9,29.1,0.0,73,26,50,2020-04-08
34.3,22.8,28.0,0.2,76,34,58,2020-04-09
34.5,21.4,27.5,0.0,95,25,58,2020-04-10
34.7,21.3,27.8,0.0,80,24,49,2020-04-11
35.3,22.5,28.5,0.0,74,22,45,2020-04-12
35.9,22.6,28.8,0.0,64,21,41,2020-04-13
35.8,22.4,29.2,0.0,66,21,39,2020-04-14
36.1,22.9,29.4,0.0,62,21,39,2020-04-15
35.4,23.2,29.5,0.0,66,25,40,2020-04-16
35.7,23.1,29.8,0.0,68,26,45,2020-04-17
35.9,23.7,29.3,0.2,79,32,53,2020-04-18
35.6,23.3,29.2,0.0,79,33,53,2020-04-19
36.3,23.6,28.6,2.4,77,31,57,2020-04-20
35.9,24.1,29.9,0.0,75,29,48,2020-04-21
35.4,24.4,30.3,0.0,73,31,46,2020-04-22
37.6,24.3,31.0,0.0,85,24,51,2020-04-23
35.3,25.8,30.2,0.0,82,39,58,2020-04-24
36.3,26.0,31.1,0.0,69,25,46,2020-04-25
34.9,25.5,29.8,0.0,90,39,61,2020-04-26
35.0,24.9,29.7,0.1,91,30,60,2020-04-27
34.6,24.7,29.2,0.0,89,37,61,2020-04-28
33.3,24.1,28.8,0.4,94,40,62,2020-04-29
35.8,23.9,29.9,0.0,69,26,46,2020-04-30
36.9,24.8,30.1,0.0,76,28,51,2020-05-01
35.9,23.6,30.1,0.1,83,27,49,2020-05-02
37.3,24.5,30.9,0.0,64,26,44,2020-05-03
37.2,25.2,31.0,0.0,64,29,47,2020-05-04
36.8,25.1,30.8,0.0,81,30,51,2020-05-05
36.7,25.3,31.2,0.0,72,30,50,2020-05-06
36.4,25.0,30.6,0.1,88,36,59,2020-05-07
35.6,25.6,30.8,0.1,84,37,55,2020-05-08
36.5,27.7,31.6,0.0,67,32,49,2020-05-09
36.3,25.2,30.2,0.4,77,32,55,2020-05-10
35.0,24.0,29.4,0.0,80,33,54,2020-05-11
35.8,24.9,30.3,0.0,75,33,51,2020-05-12
35.9,24.5,30.0,0.0,73,33,52,2020-05-13
36.4,24.9,30.7,0.0,80,32,51,2020-05-14
36.3,25.1,30.7,0.2,75,34,52,2020-05-15
36.1,26.1,30.5,0.4,74,37,56,2020-05-16
36.7,25.1,30.7,0.0,86,34,57,2020-05-17
36.3,25.7,30.5,0.2,78,33,54,2020-05-18
37.0,25.7,31.0,0.0,71,23,43,2020-05-19
38.3,25.2,31.5,0.0,62,16,35,2020-05-20
39.3,26.0,31.7,0.0,56,11,30,2020-05-21
38.8,23.0,31.3,0.0,47,16,29,2020-05-22
39.3,23.4,32.0,0.0,58,17,32,2020-05-23
39.0,25.0,32.4,0.0,63,20,39,2020-05-24
38.2,25.9,32.4,0.2,84,24,47,2020-05-25
38.1,26.7,32.7,0.1,79,30,50,2020-05-26
38.3,28.0,33.1,0.1,66,26,46,2020-05-27
39.7,28.4,33.6,0.0,67,20,40,2020-05-28
38.5,27.5,33.3,0.0,49,23,35,2020-05-29
36.8,26.9,32.0,0.0,81,28,46,2020-05-30
35.0,26.8,30.2,3.0,72,43,57,2020-05-31
32.8,24.1,28.0,6.0,89,51,71,2020-06-01
33.7,23.9,27.5,8.0,94,49,77,2020-06-02
31.9,23.6,27.6,3.8,94,49,69,2020-06-03
31.8,24.7,28.2,0.0,77,47,61,2020-06-04
33.7,25.1,29.1,0.1,80,39,57,2020-06-05
34.1,24.8,29.3,0.5,73,37,54,2020-06-06
34.7,25.4,29.7,0.0,72,39,54,2020-06-07
35.5,25.9,30.5,0.2,67,32,49,2020-06-08
35.4,26.2,30.4,0.2,68,37,53,2020-06-09
31.9,24.5,27.5,13.2,91,53,74,2020-06-10
26.8,23.4,24.5,19.7,95,78,90,2020-06-11
26.2,23.0,24.1,36.0,94,85,90,2020-06-12
30.3,23.4,26.3,3.1,89,58,77,2020-06-13
31.4,24.0,27.4,2.4,85,57,73,2020-06-14
30.5,24.7,27.4,2.4,86,60,74,2020-06-15
29.2,24.0,25.9,24.7,93,66,82,2020-06-16
28.5,23.2,24.6,18.5,93,70,88,2020-06-17
29.2,23.3,25.3,4.0,93,63,83,2020-06-18
30.0,23.3,26.4,2.7,94,59,77,2020-06-19
31.5,24.3,27.4,1.2,87,53,72,2020-06-20
26.8,23.9,25.2,6.4,92,75,83,2020-06-21
28.4,23.7,25.9,0.3,90,62,76,2020-06-22
32.1,23.7,27.3,0.1,87,50,70,2020-06-23
31.5,23.7,27.4,0.5,89,57,74,2020-06-24
32.3,23.2,27.9,4.7,94,53,71,2020-06-25
32.4,23.6,28.1,0.2,93,48,68,2020-06-26
32.3,24.4,27.7,15.4,95,54,75,2020-06-27
31.4,24.0,26.9,8.5,96,61,81,2020-06-28
31.3,23.6,26.3,4.2,95,57,83,2020-06-29
30.6,23.4,26.6,2.6,97,59,80,2020-06-30
31.4,23.5,27.0,1.0,96,58,77,2020-07-01
30.0,23.6,26.4,2.7,93,63,79,2020-07-02
31.3,23.5,26.6,2.9,92,61,79,2020-07-03
26.6,22.7,24.1,9.5,94,75,89,2020-07-04
24.5,22.8,23.5,41.5,93,90,91,2020-07-05
25.6,23.1,24.3,4.4,93,83,88,2020-07-06
30.5,23.5,26.2,0.9,87,59,76,2020-07-07
30.5,23.3,26.5,0.9,92,57,76,2020-07-08
27.8,23.1,24.6,15.4,95,73,89,2020-07-09
26.8,23.0,24.6,2.2,95,72,85,2020-07-10
29.8,22.7,25.7,1.0,94,62,80,2020-07-11
30.2,23.6,26.5,0.4,91,61,76,2020-07-12
28.6,23.4,25.6,4.7,94,66,84,2020-07-13
28.4,22.9,25.1,15.1,94,74,87,2020-07-14
25.4,22.7,23.6,17.6,96,86,93,2020-07-15
26.7,22.4,24.2,1.8,94,69,85,2020-07-16
29.5,22.8,25.2,12.6,92,62,82,2020-07-17
30.5,23.0,26.2,0.6,92,59,78,2020-07-18
30.4,23.4,25.9,12.0,94,62,85,2020-07-19
28.5,23.0,25.7,5.0,97,69,84,2020-07-20
30.7,23.4,26.5,1.1,97,61,79,2020-07-21
31.3,23.7,27.2,1.1,95,59,78,2020-07-22
26.8,23.2,24.5,18.0,100,80,93,2020-07-23
30.2,23.5,25.7,0.3,97,59,83,2020-07-24
27.1,22.6,24.6,0.5,97,72,86,2020-07-25
30.9,22.4,26.2,0.0,96,51,74,2020-07-26
30.7,23.1,26.5,3.1,90,57,73,2020-07-27
31.0,23.1,26.1,4.9,95,61,82,2020-07-28
31.0,23.1,25.6,17.5,96,59,84,2020-07-29
30.6,22.7,26.4,0.2,98,57,79,2020-07-30
31.1,23.7,26.3,4.2,97,63,83,2020-07-31
31.5,22.7,25.9,8.6,97,57,85,2020-08-01
31.0,23.2,26.6,3.3,95,60,79,2020-08-02
29.1,23.4,25.4,2.9,92,63,82,2020-08-03
24.9,23.3,24.0,6.9,91,84,87,2020-08-04
27.2,22.6,24.2,13.8,94,71,86,2020-08-05
28.7,22.9,25.5,2.4,92,66,80,2020-08-06
29.8,23.2,26.3,0.3,88,62,76,2020-08-07
29.2,23.5,26.1,5.9,86,63,77,2020-08-08
29.0,23.1,25.4,11.5,94,61,80,2020-08-09
26.4,22.8,23.9,9.9,94,77,89,2020-08-10
28.4,22.6,25.0,1.4,93,66,82,2020-08-11
26.5,23.4,24.6,4.1,91,75,84,2020-08-12
24.0,22.3,23.0,25.8,94,89,92,2020-08-13
24.2,21.9,22.8,17.8,93,84,90,2020-08-14
23.5,21.8,22.4,35.3,93,90,92,2020-08-15
24.3,22.0,22.8,22.5,94,86,92,2020-08-16
27.2,22.3,23.8,12.5,94,75,89,2020-08-17
26.9,22.8,24.2,3.7,94,70,85,2020-08-18
24.9,22.5,23.3,32.8,95,87,92,2020-08-19
23.8,22.1,22.9,31.7,94,92,93,2020-08-20
26.1,22.2,23.5,10.6,93,78,90,2020-08-21
29.1,22.7,25.2,0.8,91,62,81,2020-08-22
29.1,22.2,25.5,0.6,96,66,81,2020-08-23
29.3,22.9,25.7,0.4,90,61,78,2020-08-24
29.9,22.9,25.9,0.2,92,58,77,2020-08-25
29.5,23.4,25.7,0.9,91,67,82,2020-08-26
26.5,23.3,24.3,5.1,91,77,87,2020-08-27
28.4,22.2,25.0,0.4,92,64,80,2020-08-28
29.3,22.7,25.4,0.0,91,59,78,2020-08-29
29.8,22.4,25.8,0.0,93,60,76,2020-08-30
30.8,22.6,26.3,0.0,93,56,75,2020-08-31
30.4,23.2,26.5,0.6,93,60,77,2020-09-01
29.8,23.6,25.9,5.2,93,64,82,2020-09-02
29.6,22.3,25.7,1.2,98,67,84,2020-09-03
30.4,22.9,26.4,0.0,99,56,78,2020-09-04
31.1,22.6,26.7,0.0,98,59,78,2020-09-05
31.0,23.1,27.1,0.7,96,55,75,2020-09-06
31.0,23.2,26.7,2.7,96,60,80,2020-09-07
31.1,23.3,26.8,1.1,98,56,79,2020-09-08
30.9,23.5,26.6,4.3,99,60,82,2020-09-09
30.6,23.1,26.2,2.5,98,60,81,2020-09-10
30.0,23.4,25.9,2.1,99,63,83,2020-09-11
29.5,22.7,25.9,1.1,96,61,79,2020-09-12
28.3,22.7,24.6,6.2,95,68,86,2020-09-13
26.4,22.3,23.7,22.3,96,79,90,2020-09-14
28.8,22.3,24.4,33.8,96,70,89,2020-09-15
28.0,22.2,24.4,11.8,97,74,90,2020-09-16
29.3,22.0,24.8,5.5,97,68,87,2020-09-17
30.0,22.7,25.3,13.7,98,68,87,2020-09-18
28.8,22.6,24.9,8.0,97,72,88,2020-09-19
29.6,22.4,25.0,14.1,97,68,87,2020-09-20
27.7,22.6,24.6,4.0,94,76,86,2020-09-21
29.0,22.9,25.2,2.0,90,64,82,2020-09-22
28.7,22.4,25.2,0.0,93,64,79,2020-09-23
28.9,22.5,25.5,0.0,89,63,79,2020-09-24
28.9,22.9,25.1,17.0,96,72,86,2020-09-25
25.4,22.2,23.0,19.8,97,81,92,2020-09-26
27.5,21.7,23.7,3.9,96,57,83,2020-09-27
29.3,20.8,24.7,2.7,95,61,82,2020-09-28
29.2,22.2,24.8,6.3,96,65,84,2020-09-29
28.9,22.3,25.0,11.0,94,65,83,2020-09-30
28.2,22.9,24.6,2.6,95,68,85,2020-10-01
30.3,22.3,25.8,0.0,96,52,76,2020-10-02
31.5,23.0,26.3,0.0,84,45,70,2020-10-03
30.5,22.8,26.2,0.0,81,48,67,2020-10-04
30.2,22.2,25.7,0.0,81,48,67,2020-10-05
31.4,21.9,26.0,0.0,84,44,67,2020-10-06
28.4,21.9,24.9,1.0,83,55,72,2020-10-07
28.8,21.2,24.7,2.5,93,67,82,2020-10-08
29.5,22.3,25.1,8.2,100,65,87,2020-10-09
29.5,22.1,25.3,5.9,100,66,87,2020-10-10
26.5,22.3,23.7,40.7,99,83,93,2020-10-11
26.4,22.3,23.8,11.7,97,77,91,2020-10-12
24.1,22.2,22.9,80.5,96,92,94,2020-10-13
27.7,22.3,24.0,13.7,98,70,89,2020-10-14
28.1,22.3,24.7,1.4,95,65,83,2020-10-15
29.4,22.0,24.9,0.0,96,56,81,2020-10-16
28.9,21.3,25.0,2.3,95,62,82,2020-10-17
29.3,22.2,25.0,3.8,98,66,87,2020-10-18
29.4,22.1,25.2,1.1,98,63,85,2020-10-19
28.1,22.4,24.4,13.3,98,77,89,2020-10-20
27.8,22.4,24.7,8.1,98,72,87,2020-10-21
30.1,21.2,25.1,0.0,96,51,78,2020-10-22
30.4,20.1,24.8,0.0,96,46,73,2020-10-23
30.6,20.3,25.0,0.0,95,44,71,2020-10-24
29.5,22.0,25.6,0.0,86,50,69,2020-10-25
29.5,20.6,24.5,0.0,93,44,68,2020-10-26
28.6,19.0,23.6,0.0,91,48,70,2020-10-27
29.2,19.1,24.0,0.0,87,41,65,2020-10-28
29.0,18.7,24.0,0.0,89,44,66,2020-10-29
28.4,20.9,24.5,0.0,82,49,66,2020-10-30
29.5,19.8,24.1,0.0,85,44,65,2020-10-31
29.8,19.4,24.0,0.0,80,42,62,2020-11-01
30.5,18.9,24.6,0.0,84,42,62,2020-11-02
30.1,20.0,24.8,0.0,83,44,63,2020-11-03
29.8,19.1,23.7,0.0,80,34,56,2020-11-04
29.7,17.4,23.1,0.0,72,32,51,2020-11-05
29.3,17.1,23.4,0.0,93,43,62,2020-11-06
30.0,20.1,24.4,0.0,98,43,73,2020-11-07
29.5,18.1,23.1,0.0,93,35,55,2020-11-08
28.2,15.4,21.2,0.0,73,31,48,2020-11-09
27.7,15.8,20.8,0.0,66,32,52,2020-11-10
28.9,14.2,21.7,0.0,78,34,57,2020-11-11
27.9,19.4,23.4,0.9,95,61,78,2020-11-12
29.1,20.6,24.0,0.1,99,49,76,2020-11-13
30.0,18.6,24.2,0.0,95,42,69,2020-11-14
29.6,18.0,23.7,0.0,94,44,70,2020-11-15
28.1,20.7,23.8,0.0,95,44,71,2020-11-16
29.9,19.1,24.0,0.0,98,32,65,2020-11-17
29.9,18.5,23.9,0.0,99,45,76,2020-11-18
29.5,21.1,24.4,0.0,99,45,74,2020-11-19
30.4,17.9,23.9,0.0,100,30,63,2020-11-20
30.1,18.2,23.9,0.0,86,36,60,2020-11-21
28.7,19.0,23.8,0.2,96,50,72,2020-11-22
29.1,18.9,23.2,0.0,89,39,65,2020-11-23
28.6,16.9,22.1,0.0,85,28,55,2020-11-24
28.2,16.3,22.4,0.0,75,38,56,2020-11-25
26.1,19.4,22.1,2.1,94,60,78,2020-11-26
20.1,18.1,19.0,13.1,94,80,89,2020-11-27
24.9,17.7,20.3,7.7,98,69,89,2020-11-28
26.6,18.7,22.3,0.0,99,59,81,2020-11-29
27.6,18.2,22.5,0.0,91,54,75,2020-11-30
27.1,17.1,21.8,0.0,99,50,78,2020-12-01
27.8,15.7,21.1,0.0,98,39,68,2020-12-02
28.0,15.0,20.9,0.0,86,39,65,2020-12-03
28.1,15.6,21.0,0.0,83,36,61,2020-12-04
27.7,14.4,20.3,0.0,78,27,56,2020-12-05
27.6,14.1,20.4,0.0,88,39,64,2020-12-06
28.0,15.8,21.2,0.0,95,35,66,2020-12-07
27.7,15.6,20.8,0.0,87,35,62,2020-12-08
27.6,17.1,21.3,0.0,77,30,55,2020-12-09
27.8,15.6,21.8,0.0,86,37,59,2020-12-10
28.5,15.2,21.4,0.0,93,30,62,2020-12-11
28.2,16.2,21.5,0.0,94,32,68,2020-12-12
27.9,15.4,21.1,0.0,99,34,69,2020-12-13
28.4,15.4,21.6,0.0,94,31,65,2020-12-14
27.5,15.6,21.0,0.0,96,40,71,2020-12-15
27.7,16.9,21.9,0.0,99,46,73,2020-12-16
28.4,16.6,22.6,0.0,97,43,69,2020-12-17
27.9,17.9,22.7,0.0,85,39,62,2020-12-18
27.3,16.4,21.3,0.0,81,35,57,2020-12-19
27.0,15.3,20.1,0.0,71,28,52,2020-12-20
26.7,13.0,18.8,0.0,69,23,49,2020-12-21
26.3,11.7,19.1,0.0,82,28,52,2020-12-22
26.4,13.3,19.2,0.0,90,31,59,2020-12-23
26.7,14.2,19.6,0.0,93,34,66,2020-12-24
26.1,13.9,19.9,0.0,94,45,71,2020-12-25
26.7,15.9,20.1,0.0,88,44,70,2020-12-26
27.4,16.1,20.7,0.0,91,41,66,2020-12-27
28.1,14.3,20.8,0.0,95,35,64,2020-12-28
27.9,15.1,20.8,0.0,90,31,64,2020-12-29
27.3,14.6,20.9,0.0,98,42,71,2020-12-30
26.4,17.1,21.5,0.0,98,50,73,2020-12-31
26.7,17.8,21.3,0.0,98,46,72,2021-01-01
26.1,14.4,19.7,0.0,94,44,72,2021-01-02
26.2,14.1,20.1,0.0,96,47,71,2021-01-03
26.3,15.7,20.0,0.0,96,36,67,2021-01-04
27.1,15.0,20.9,0.0,96,45,74,2021-01-05
24.7,19.7,21.5,1.2,97,72,86,2021-01-06
24.0,18.5,20.7,3.4,96,65,82,2021-01-07
28.8,17.7,22.8,0.0,100,47,77,2021-01-08
27.6,18.0,22.1,0.0,99,39,71,2021-01-09
28.4,16.8,21.7,0.0,96,33,65,2021-01-10
29.4,17.5,22.9,0.0,81,34,57,2021-01-11
29.4,16.9,22.7,0.0,94,40,67,2021-01-12
28.6,17.2,22.7,0.0,89,40,65,2021-01-13
28.3,18.0,22.1,0.0,87,37,65,2021-01-14
28.0,17.3,21.6,0.0,88,38,67,2021-01-15
28.4,16.0,22.0,0.0,96,44,70,2021-01-16
28.1,17.2,22.1,0.0,92,42,68,2021-01-17
27.4,16.9,21.5,0.0,94,46,72,2021-01-18
28.0,15.5,21.3,0.0,95,36,68,2021-01-19
29.2,15.7,22.1,0.0,91,36,62,2021-01-20
29.7,16.6,22.8,0.0,85,39,61,2021-01-21
29.2,19.4,23.6,0.0,77,39,61,2021-01-22
29.4,18.4,22.8,0.0,93,37,64,2021-01-23
29.3,16.5,22.5,0.0,91,39,65,2021-01-24
29.7,16.8,22.8,0.0,89,36,61,2021-01-25
29.6,17.2,23.1,0.0,87,36,60,2021-01-26
29.2,17.4,22.9,0.0,85,36,59,2021-01-27
28.6,18.9,23.2,0.0,85,36,61,2021-01-28
28.9,16.5,22.4,0.0,96,30,64,2021-01-29
28.0,17.1,22.5,0.0,93,39,62,2021-01-30
27.5,18.7,22.7,0.0,86,41,64,2021-01-31
26.9,17.7,22.0,0.0,91,41,66,2021-02-01
27.9,15.2,20.8,0.0,83,27,57,2021-02-02
28.0,14.7,20.9,0.0,87,25,55,2021-02-03
27.5,14.8,21.1,0.0,89,29,52,2021-02-04
28.1,14.3,20.9,0.0,89,27,54,2021-02-05
28.6,15.0,21.3,0.0,88,30,55,2021-02-06
27.6,16.5,21.4,0.0,76,32,52,2021-02-07
27.4,14.4,20.3,0.0,67,26,47,2021-02-08
28.4,16.5,21.4,0.0,73,28,49,2021-02-09
29.1,14.6,21.7,0.0,88,22,50,2021-02-10
29.8,15.4,22.3,0.0,90,26,52,2021-02-11
29.3,16.2,22.0,0.0,90,25,55,2021-02-12
29.4,15.8,21.7,0.0,92,24,56,2021-02-13
30.0,15.7,22.5,0.0,88,25,51,2021-02-14
30.8,17.4,23.6,0.0,76,26,47,2021-02-15
31.1,18.6,24.2,0.0,66,23,42,2021-02-16
30.8,16.9,23.9,0.0,65,26,42,2021-02-17
28.9,17.6,23.1,0.0,70,33,50,2021-02-18
27.2,17.6,21.5,0.5,85,37,61,2021-02-19
28.0,17.3,22.2,0.0,85,36,54,2021-02-20
27.3,17.5,22.3,0.0,97,45,69,2021-02-21
30.4,18.6,23.8,0.0,84,34,59,2021-02-22
31.2,17.1,23.8,0.0,91,22,51,2021-02-23
31.8,16.6,24.2,0.0,70,23,44,2021-02-24
32.7,16.8,24.5,0.0,84,20,46,2021-02-25
33.2,17.0,25.6,0.0,82,22,43,2021-02-26
33.5,19.3,26.0,0.0,73,22,41,2021-02-27
34.0,17.9,26.4,0.0,80,19,42,2021-02-28
33.9,18.6,25.9,0.0,64,20,41,2021-03-01
33.7,20.2,26.6,0.0,66,20,43,2021-03-02
33.7,18.3,25.7,0.0,84,19,44,2021-03-03
33.4,20.6,26.2,0.0,65,18,35,2021-03-04
34.0,18.2,25.9,0.0,52,12,31,2021-03-05
34.3,17.5,26.1,0.0,58,16,32,2021-03-06
34.4,19.4,26.6,0.0,68,17,34,2021-03-07
34.2,20.5,26.9,0.0,60,18,33,2021-03-08
33.9,19.1,26.5,0.0,64,18,38,2021-03-09
34.3,19.2,26.8,0.0,75,15,38,2021-03-10
34.5,19.4,26.8,0.0,74,13,36,2021-03-11
34.0,19.8,25.9,0.0,82,13,39,2021-03-12
33.2,16.3,24.7,0.0,58,11,31,2021-03-13
33.6,18.3,25.8,0.0,64,14,32,2021-03-14
34.2,18.3,26.4,0.0,65,15,34,2021-03-15
34.7,20.1,28.1,0.0,63,20,37,2021-03-16
35.3,20.6,27.8,0.0,80,20,42,2021-03-17
34.7,21.2,28.2,0.0,68,22,41,2021-03-18
35.1,21.3,28.1,0.0,55,20,34,2021-03-19
34.3,20.5,27.2,0.0,63,19,38,2021-03-20
35.0,20.4,27.5,0.0,66,19,40,2021-03-21
35.2,21.9,28.4,0.0,61,25,40,2021-03-22
34.6,22.9,28.4,0.0,64,26,45,2021-03-23
34.9,22.4,28.4,0.0,68,24,45,2021-03-24
35.4,22.8,28.8,0.0,59,21,38,2021-03-25
36.5,22.1,29.3,0.0,63,21,37,2021-03-26
36.9,22.2,29.5,0.0,62,16,36,2021-03-27
36.5,22.7,29.3,0.0,61,16,34,2021-03-28
37.5,21.9,29.9,0.0,68,14,34,2021-03-29
38.1,23.8,30.3,0.0,49,16,30,2021-03-30
38.2,23.2,29.6,0.0,52,10,26,2021-03-31
37.6,20.5,29.2,0.0,54,14,30,2021-04-01
37.1,21.2,29.5,0.0,53,15,30,2021-04-02
38.2,21.1,30.3,0.0,65,13,31,2021-04-03
36.7,22.5,29.5,0.0,73,18,35,2021-04-04
36.0,22.2,29.1,0.0,68,24,41,2021-04-05
37.6,22.3,29.7,0.0,80,16,42,2021-04-06
35.8,22.4,29.5,0.0,74,21,43,2021-04-07
36.3,23.6,29.9,0.0,66,19,39,2021-04-08
35.5,23.0,29.5,0.0,79,23,44,2021-04-09
35.0,25.1,29.5,0.0,62,30,45,2021-04-10
35.4,22.9,28.8,0.0,84,24,50,2021-04-11
34.9,23.6,28.3,0.1,73,32,54,2021-04-12
34.6,23.6,27.9,2.9,81,34,60,2021-04-13
31.7,21.3,25.9,1.8,92,33,66,2021-04-14
33.3,20.7,27.2,0.0,87,29,55,2021-04-15
35.0,21.2,28.1,0.0,89,22,50,2021-04-16
35.2,21.9,28.7,0.0,87,24,49,2021-04-17
35.2,23.3,29.3,0.0,74,25,45,2021-04-18
35.3,23.3,29.7,0.0,70,26,44,2021-04-19
34.9,24.2,29.8,0.0,60,30,45,2021-04-20
35.9,23.9,29.3,0.1,71,31,53,2021-04-21
34.6,22.9,29.0,0.0,91,34,58,2021-04-22
35.1,23.8,29.3,0.0,86,29,55,2021-04-23
35.5,23.5,29.4,0.0,74,24,48,2021-04-24
36.1,23.2,29.8,0.0,80,24,45,2021-04-25
35.1,24.3,29.8,0.0,63,27,43,2021-04-26
36.1,24.0,29.8,0.0,71,24,44,2021-04-27
36.3,23.7,29.8,0.0,69,23,42,2021-04-28
36.4,23.4,29.4,0.0,70,23,47,2021-04-29
36.2,22.5,29.6,0.0,83,23,47,2021-04-30
36.4,22.9,29.5,0.0,80,22,47,2021-05-01
34.9,22.9,29.0,0.0,81,27,49,2021-05-02
34.4,23.6,28.5,0.0,77,35,55,2021-05-03
34.6,23.6,28.9,0.0,77,35,56,2021-05-04
35.4,24.2,29.6,0.0,78,32,53,2021-05-05
34.8,25.2,29.9,0.0,77,33,51,2021-05-06
34.5,24.0,29.4,0.0,86,35,57,2021-05-07
35.3,25.0,29.6,0.0,80,34,55,2021-05-08
35.3,25.1,29.9,0.1,75,34,54,2021-05-09
35.1,25.6,30.2,0.1,80,38,56,2021-05-10
35.7,25.9,30.3,0.9,77,40,57,2021-05-11
37.0,25.3,31.0,0.0,79,29,52,2021-05-12
35.6,27.0,31.1,0.1,69,32,48,2021-05-13
35.2,26.8,30.0,0.4,69,41,58,2021-05-14
34.2,24.6,28.7,0.7,89,47,68,2021-05-15
32.9,24.3,26.9,11.3,92,48,77,2021-05-16
33.8,23.7,28.2,0.7,97,45,70,2021-05-17
33.9,24.0,29.0,2.2,92,44,64,2021-05-18
34.8,25.4,29.9,0.1,81,41,57,2021-05-19
34.0,24.1,29.1,0.3,92,42,62,2021-05-20
35.5,24.9,30.0,0.0,81,31,53,2021-05-21
35.6,24.3,29.8,0.0,82,28,53,2021-05-22
36.3,26.0,31.2,0.0,71,29,45,2021-05-23
36.7,25.2,31.2,0.0,83,27,45,2021-05-24
36.7,26.0,31.1,0.0,63,20,38,2021-05-25
37.0,26.1,31.2,0.0,65,21,37,2021-05-26
35.5,26.0,30.4,0.0,59,30,43,2021-05-27
34.4,25.6,29.8,0.5,75,41,55,2021-05-28
36.5,25.2,30.1,0.2,76,34,57,2021-05-29
35.9,24.9,30.2,0.0,80,36,56,2021-05-30
35.8,26.6,30.4,1.2,74,41,56,2021-05-31
35.4,25.1,29.7,1.3,84,40,62,2021-06-01
32.9,23.7,27.4,12.4,92,52,76,2021-06-02
30.8,23.8,26.1,2.5,93,56,82,2021-06-03
31.8,23.3,26.7,0.0,91,47,74,2021-06-04
32.3,23.9,27.4,1.9,96,49,73,2021-06-05
32.1,22.9,27.2,2.1,97,51,73,2021-06-06
32.0,24.3,27.8,2.1,80,55,67,2021-06-07
33.2,24.6,28.7,1.3,77,41,58,2021-06-08
31.0,23.7,26.8,3.8,91,54,72,2021-06-09
31.4,23.4,27.0,0.3,87,50,68,2021-06-10
29.1,22.4,25.6,2.2,89,56,73,2021-06-11
32.5,23.1,27.2,1.2,84,51,69,2021-06-12
32.0,23.3,26.8,2.2,94,54,74,2021-06-13
30.9,23.0,26.0,10.3,93,57,78,2021-06-14
31.5,24.1,26.8,1.0,86,51,72,2021-06-15
28.4,23.1,25.4,2.9,92,62,78,2021-06-16
29.1,22.6,25.2,3.4,92,57,78,2021-06-17
29.2,23.3,26.0,0.7,85,59,73,2021-06-18
29.0,23.5,25.6,0.8,83,54,73,2021-06-19
31.7,23.2,26.9,0.0,83,48,65,2021-06-20
32.4,22.7,27.6,0.0,85,43,61,2021-06-21
33.4,24.8,28.6,0.0,72,41,57,2021-06-22
32.4,24.8,27.8,0.3,75,44,63,2021-06-23
28.9,23.3,25.2,3.7,90,53,75,2021-06-24
29.9,23.1,26.2,0.2,89,54,72,2021-06-25
32.0,24.0,27.0,1.6,88,51,69,2021-06-26
28.2,22.3,24.6,8.2,93,65,84,2021-06-27
31.6,22.3,26.4,2.3,95,54,76,2021-06-28
32.9,23.5,28.3,0.0,85,46,64,2021-06-29
33.8,24.6,29.1,0.1,82,46,62,2021-06-30
31.6,24.9,27.7,1.6,87,51,70,2021-07-01
28.4,22.6,24.7,23.8,96,63,85,2021-07-02
32.1,24.0,27.5,0.0,83,49,68,2021-07-03
32.5,24.5,28.1,0.0,80,45,64,2021-07-04
32.4,24.7,28.0,0.0,85,48,68,2021-07-05
31.9,23.7,27.5,0.9,95,54,76,2021-07-06
32.2,23.9,27.1,7.7,96,54,78,2021-07-07
26.1,23.3,24.4,19.4,97,81,92,2021-07-08
28.8,23.2,25.1,14.4,98,69,88,2021-07-09
29.3,22.6,25.3,5.2,97,66,84,2021-07-10
29.2,23.2,25.0,9.3,95,67,87,2021-07-11
28.7,22.7,24.9,14.1,96,67,85,2021-07-12
28.3,22.4,24.4,13.1,94,69,86,2021-07-13
27.2,22.4,24.3,4.5,94,74,86,2021-07-14
27.7,22.2,24.8,4.5,94,70,84,2021-07-15
29.8,22.6,25.2,5.0,97,66,85,2021-07-16
30.1,22.7,25.9,7.7,96,65,83,2021-07-17
30.3,22.6,25.7,9.2,98,64,85,2021-07-18
28.2,22.9,25.4,1.3,94,67,81,2021-07-19
29.3,23.0,25.5,1.6,91,60,78,2021-07-20
24.2,22.5,23.2,43.8,93,85,91,2021-07-21
24.7,21.9,22.9,39.3,93,85,91,2021-07-22
25.8,21.9,23.7,7.4,93,77,87,2021-07-23
29.4,22.2,25.7,0.2,93,61,77,2021-07-24
29.9,22.7,26.0,1.7,89,61,77,2021-07-25
30.0,22.8,26.4,0.0,88,58,72,2021-07-26
29.5,22.7,26.1,0.2,85,57,70,2021-07-27
29.1,22.5,25.9,0.1,84,57,70,2021-07-28
28.7,23.0,25.3,0.0,81,58,72,2021-07-29
29.0,23.1,25.3,0.5,82,59,75,2021-07-30
29.6,22.3,25.4,1.1,91,55,74,2021-07-31
28.5,22.5,25.3,0.4,84,57,73,2021-08-01
29.8,22.2,25.6,0.7,86,54,73,2021-08-02
29.5,22.1,25.7,0.3,85,56,72,2021-08-03
29.7,22.9,26.0,1.0,89,58,74,2021-08-04
29.2,23.0,25.9,2.6,86,59,74,2021-08-05
29.8,22.9,26.0,0.5,87,55,72,2021-08-06
31.4,23.4,26.5,0.0,85,47,70,2021-08-07
30.3,23.4,26.6,1.7,90,65,76,2021-08-08
31.3,23.4,26.9,1.2,93,59,75,2021-08-09
31.3,24.3,27.2,0.2,88,55,73,2021-08-10
31.7,24.5,27.5,0.3,81,52,69,2021-08-11
30.0,24.4,26.5,7.5,89,62,75,2021-08-12
29.6,23.2,26.0,0.4,88,59,76,2021-08-13
31.3,24.1,27.1,0.0,77,51,65,2021-08-14
30.4,23.2,26.3,2.2,93,55,73,2021-08-15
27.1,22.8,24.1,4.9,94,69,86,2021-08-16
24.4,22.6,23.2,22.5,96,88,94,2021-08-17
27.9,22.2,24.3,2.9,96,63,84,2021-08-18
29.3,22.6,25.3,0.9,92,53,77,2021-08-19
28.3,22.4,24.8,1.4,92,65,81,2021-08-20
28.0,22.3,24.5,6.1,94,69,85,2021-08-21
30.0,22.1,25.5,2.4,96,63,82,2021-08-22
30.8,22.3,26.2,0.6,95,52,76,2021-08-23
30.7,22.8,26.3,1.3,97,61,80,2021-08-24
30.0,23.4,25.9,2.9,96,64,83,2021-08-25
29.7,22.3,25.4,9.4,97,69,85,2021-08-26
29.5,23.1,25.4,6.1,97,64,84,2021-08-27
27.4,22.9,24.4,9.9,96,74,88,2021-08-28
28.8,22.3,24.9,3.0,96,65,85,2021-08-29
26.6,22.4,23.9,8.8,94,80,89,2021-08-30
28.0,22.3,24.5,10.2,96,72,86,2021-08-31
28.7,22.3,24.9,2.5,97,67,86,2021-09-01
29.5,22.0,25.0,3.1,98,68,86,2021-09-02
28.1,22.5,24.8,6.6,95,71,85,2021-09-03
28.2,22.3,24.4,9.9,96,70,87,2021-09-04
28.4,22.1,24.5,3.3,95,70,86,2021-09-05
25.8,22.4,23.3,9.3,96,79,91,2021-09-06
24.5,22.0,22.8,47.8,96,81,91,2021-09-07
28.6,22.6,25.1,3.9,91,64,79,2021-09-08
29.4,22.3,25.6,0.0,88,60,76,2021-09-09
29.0,22.4,25.5,0.2,89,61,77,2021-09-10
28.0,22.6,25.3,0.4,88,65,78,2021-09-11
29.7,22.5,25.5,1.2,88,64,79,2021-09-12
29.0,23.1,25.3,3.3,92,66,81,2021-09-13
28.5,22.7,25.2,2.1,92,66,81,2021-09-14
28.8,22.4,25.2,0.0,89,58,75,2021-09-15
28.8,22.0,24.9,0.0,89,55,74,2021-09-16
29.5,21.8,25.2,0.0,88,53,73,2021-09-17
28.6,22.9,25.2,0.0,82,57,74,2021-09-18
29.0,22.9,25.3,12.9,93,59,79,2021-09-19
29.0,23.0,24.7,14.9,95,68,87,2021-09-20
26.7,22.1,24.2,7.3,97,76,87,2021-09-21
27.7,22.3,24.1,4.9,96,76,88,2021-09-22
27.1,22.2,23.6,20.2,96,80,91,2021-09-23
28.7,22.2,25.1,1.8,97,65,83,2021-09-24
28.6,22.6,25.2,6.1,96,68,84,2021-09-25
28.2,22.2,24.5,6.5,95,67,84,2021-09-26
24.3,22.5,23.2,39.2,96,91,94,2021-09-27
27.8,22.0,24.2,9.0,95,66,84,2021-09-28
28.9,21.6,24.9,0.4,94,63,81,2021-09-29
28.9,22.3,25.3,4.6,94,68,84,2021-09-30
29.9,22.5,25.8,5.3,99,68,85,2021-10-01
29.5,22.2,25.7,2.8,99,62,83,2021-10-02
29.5,22.9,25.9,2.1,98,61,82,2021-10-03
30.2,23.2,25.9,5.1,98,61,84,2021-10-04
29.9,22.4,25.5,4.0,99,64,86,2021-10-05
29.2,22.8,25.2,2.1,99,62,85,2021-10-06
29.9,22.5,25.6,0.4,100,59,82,2021-10-07
29.9,22.8,25.5,12.4,98,65,86,2021-10-08
29.3,22.5,25.2,8.5,96,66,85,2021-10-09
29.4,22.5,25.1,4.6,97,63,85,2021-10-10
30.5,21.6,25.1,0.0,96,43,72,2021-10-11
30.1,19.2,25.1,0.0,87,44,64,2021-10-12
30.7,20.8,26.0,0.0,85,44,65,2021-10-13
31.3,22.0,26.3,0.0,88,47,66,2021-10-14
30.8,22.0,26.4,0.0,78,45,61,2021-10-15
28.0,22.2,24.1,11.6,98,67,86,2021-10-16
29.5,21.6,24.7,1.6,99,63,84,2021-10-17
30.9,22.9,26.1,0.0,92,46,69,2021-10-18
31.6,21.9,25.7,0.0,84,41,67,2021-10-19
31.5,20.4,25.3,0.0,80,39,62,2021-10-20
30.9,19.9,25.1,0.0,76,37,58,2021-10-21
30.9,19.7,25.1,0.0,76,33,57,2021-10-22
31.3,19.7,25.6,0.0,79,35,55,2021-10-23
30.9,20.4,25.0,0.0,82,36,61,2021-10-24
30.3,19.9,24.6,0.0,85,32,58,2021-10-25
29.8,18.0,23.9,0.0,86,32,55,2021-10-26
29.7,18.2,23.6,0.0,73,31,53,2021-10-27
29.9,18.5,24.1,0.0,74,39,56,2021-10-28
30.9,21.3,25.9,0.0,73,41,56,2021-10-29
30.4,21.4,25.4,1.0,94,49,68,2021-10-30
31.3,21.0,25.6,0.0,99,43,71,2021-10-31
29.7,20.3,24.4,0.1,98,47,73,2021-11-01
29.2,21.4,23.9,16.2,98,57,83,2021-11-02
28.4,21.3,23.9,1.4,98,60,82,2021-11-03
29.2,20.7,24.2,1.0,99,55,79,2021-11-04
29.3,20.3,24.0,0.0,100,49,75,2021-11-05
29.7,18.9,24.0,0.0,100,43,70,2021-11-06
29.1,17.8,23.3,0.0,87,32,59,2021-11-07
29.0,17.9,23.0,0.0,79,37,55,2021-11-08
29.1,18.4,23.1,0.0,65,34,50,2021-11-09
29.9,19.0,24.0,0.0,65,36,51,2021-11-10
26.3,19.9,22.8,3.9,87,47,59,2021-11-11
26.3,19.7,22.7,2.0,93,70,81,2021-11-12
28.4,21.1,24.0,1.2,99,61,84,2021-11-13
29.4,21.6,24.3,4.4,99,60,84,2021-11-14
29.8,21.8,24.9,1.0,98,56,81,2021-11-15
27.2,21.6,24.1,5.0,98,68,85,2021-11-16
28.6,21.1,23.9,1.8,98,59,85,2021-11-17
26.3,20.0,23.2,1.3,100,69,87,2021-11-18
25.0,21.2,22.4,4.9,99,75,91,2021-11-19
27.8,21.3,23.2,4.9,99,67,90,2021-11-20
27.3,21.8,23.6,3.8,99,67,88,2021-11-21
30.0,21.8,25.0,0.7,98,53,79,2021-11-22
29.8,20.8,24.9,1.0,99,56,79,2021-11-23
30.2,20.8,24.8,0.0,97,50,77,2021-11-24
30.2,19.6,24.4,0.0,100,45,72,2021-11-25
29.8,17.8,23.6,0.0,87,37,59,2021-11-26
28.8,17.6,23.2,0.0,83,38,59,2021-11-27
29.0,17.7,23.1,0.0,80,43,62,2021-11-28
25.8,20.2,22.5,0.3,98,63,81,2021-11-29
28.7,19.5,23.3,0.0,95,47,71,2021-11-30
29.0,18.3,23.0,0.0,84,46,69,2021-12-01
28.8,18.7,23.3,0.0,97,45,71,2021-12-02
29.3,18.9,23.6,0.0,90,43,67,2021-12-03
30.9,19.1,24.2,0.0,84,37,60,2021-12-04
30.9,19.1,24.3,0.0,77,33,57,2021-12-05
30.5,18.1,24.2,0.0,81,32,56,2021-12-06
30.0,20.2,25.0,0.0,78,36,57,2021-12-07
29.5,18.4,23.5,0.0,89,37,64,2021-12-08
29.0,18.7,23.7,0.7,97,47,71,2021-12-09
28.1,20.6,23.5,0.8,96,53,76,2021-12-10
28.9,19.5,23.6,0.1,95,46,71,2021-12-11
29.4,17.9,23.1,0.0,78,36,59,2021-12-12
28.7,17.9,22.5,0.0,90,39,67,2021-12-13
27.3,18.0,22.1,0.1,95,45,71,2021-12-14
26.9,17.3,21.2,0.0,76,37,56,2021-12-15
27.8,15.0,20.6,0.0,74,26,51,2021-12-16
28.0,13.6,20.4,0.0,81,26,52,2021-12-17
27.3,13.0,19.9,0.0,81,24,52,2021-12-18
26.7,13.9,19.7,0.0,87,33,60,2021-12-19
26.5,13.6,19.5,0.0,87,31,58,2021-12-20
27.2,12.3,19.6,0.0,87,29,53,2021-12-21
27.5,12.8,19.9,0.0,88,25,49,2021-12-22
28.7,15.3,21.6,0.0,76,26,46,2021-12-23
29.6,16.3,22.2,0.0,78,29,51,2021-12-24
30.0,16.0,22.1,0.0,83,31,59,2021-12-25
29.7,16.2,22.6,0.0,90,33,63,2021-12-26
29.0,17.3,22.5,0.0,95,38,68,2021-12-27
28.6,16.7,22.0,0.0,97,36,67,2021-12-28
27.4,16.6,21.4,0.0,97,40,67,2021-12-29
26.5,17.5,21.4,0.3,98,45,72,2021-12-30
27.9,16.7,21.7,0.0,97,42,70,2021-12-31
27.8,16.9,21.9,0.0,91,40,66,2022-01-01
27.1,16.9,21.3,0.0,83,44,66,2022-01-02
27.3,15.3,20.6,0.0,87,35,63,2022-01-03
27.0,14.9,20.4,0.0,84,36,64,2022-01-04
27.6,14.8,20.7,0.0,95,41,69,2022-01-05
27.5,14.7,20.8,0.0,96,34,68,2022-01-06
27.6,16.9,21.7,0.0,97,38,68,2022-01-07
27.6,18.0,22.0,0.3,96,44,73,2022-01-08
28.7,18.0,22.5,0.4,96,39,71,2022-01-09
26.5,18.2,21.4,3.0,96,55,80,2022-01-10
26.6,17.3,20.8,4.9,99,55,83,2022-01-11
26.1,17.0,20.2,1.5,99,53,84,2022-01-12
24.1,18.1,20.2,1.1,100,64,86,2022-01-13
27.3,18.3,21.5,1.2,99,44,78,2022-01-14
25.2,16.8,20.4,1.0,98,54,81,2022-01-15
26.5,16.8,20.6,0.1,97,47,78,2022-01-16
24.9,15.8,20.2,0.8,100,57,81,2022-01-17
27.0,16.6,20.9,0.0,97,39,68,2022-01-18
27.6,14.7,21.3,0.0,90,33,59,2022-01-19
29.3,14.9,21.7,0.0,93,27,58,2022-01-20
29.9,15.4,22.1,0.0,92,25,57,2022-01-21
31.0,15.8,22.8,0.0,86,25,53,2022-01-22
28.8,16.6,22.5,0.0,74,32,53,2022-01-23
26.6,16.0,20.7,0.0,72,32,53,2022-01-24
26.9,14.9,20.2,0.0,77,32,56,2022-01-25
27.3,15.0,20.8,0.0,76,33,55,2022-01-26
26.9,15.7,20.6,0.0,72,35,54,2022-01-27
26.4,13.7,19.3,0.0,67,26,48,2022-01-28
27.5,12.0,18.8,0.0,71,19,47,2022-01-29
28.9,12.3,20.4,0.0,73,23,46,2022-01-30
30.2,16.6,22.4,0.0,68,20,42,2022-01-31
31.0,17.3,23.0,0.0,66,21,44,2022-02-01
31.2,15.9,23.8,0.0,85,28,52,2022-02-02
30.8,17.0,23.7,0.0,94,32,58,2022-02-03
28.3,17.2,22.5,0.0,65,22,41,2022-02-04
28.4,14.0,21.3,0.0,76,24,44,2022-02-05
28.7,14.8,21.3,0.0,66,30,49,2022-02-06
30.7,16.3,23.1,0.0,97,33,63,2022-02-07
30.6,17.7,24.0,0.0,88,32,58,2022-02-08
30.6,18.6,24.0,0.0,89,36,60,2022-02-09
30.1,17.7,23.6,0.0,88,30,59,2022-02-10
29.3,18.8,23.6,0.0,81,36,57,2022-02-11
29.2,17.0,22.5,0.0,71,27,47,2022-02-12
28.9,15.2,21.6,0.0,71,22,45,2022-02-13
29.6,15.3,22.1,0.0,96,28,55,2022-02-14
30.1,17.2,23.4,0.0,98,30,59,2022-02-15
30.1,18.0,23.8,0.0,93,32,59,2022-02-16
30.7,18.6,24.5,0.0,71,27,48,2022-02-17
30.6,19.0,24.3,0.0,77,33,53,2022-02-18
31.4,17.4,24.4,0.0,71,23,44,2022-02-19
32.4,19.2,25.3,0.0,66,23,42,2022-02-20
32.5,18.1,24.9,0.0,74,21,43,2022-02-21
32.8,17.6,25.1,0.0,66,22,42,2022-02-22
32.0,18.2,24.3,0.0,92,29,57,2022-02-23
33.0,18.6,25.1,0.0,80,21,47,2022-02-24
33.5,18.3,25.4,0.0,73,18,39,2022-02-25
32.0,17.7,24.3,0.0,72,18,42,2022-02-26
32.2,18.4,24.8,0.0,75,18,43,2022-02-27
32.8,17.8,25.2,0.0,66,13,33,2022-02-28
33.4,18.4,26.1,0.0,65,11,30,2022-03-01
33.3,18.4,25.9,0.0,61,17,34,2022-03-02
33.0,19.2,26.0,0.0,51,19,33,2022-03-03
33.5,19.3,26.2,0.0,67,17,36,2022-03-04
34.1,19.6,26.3,0.0,61,17,37,2022-03-05
33.1,19.4,25.7,0.0,77,21,44,2022-03-06
33.1,18.9,25.9,0.0,83,23,45,2022-03-07
33.7,20.4,26.8,0.0,65,21,40,2022-03-08
34.5,20.7,27.6,0.0,63,18,34,2022-03-09
33.8,20.3,27.2,0.0,58,22,35,2022-03-10
34.2,21.6,27.7,0.0,60,23,38,2022-03-11
33.8,22.4,27.7,0.0,57,25,40,2022-03-12
34.8,20.7,27.7,0.0,64,19,36,2022-03-13
35.3,20.4,27.2,0.0,52,10,28,2022-03-14
36.3,17.9,27.8,0.0,54,12,26,2022-03-15
37.3,19.8,28.5,0.0,55,12,29,2022-03-16
38.4,20.9,29.1,0.0,51,11,27,2022-03-17
37.9,22.7,29.8,0.0,39,13,27,2022-03-18
35.4,21.5,29.1,0.0,78,20,40,2022-03-19
34.6,20.3,28.3,1.6,88,26,47,2022-03-20
36.5,23.6,29.9,0.0,68,24,41,2022-03-21
36.1,23.0,29.3,0.0,83,20,43,2022-03-22
36.9,22.7,29.6,0.0,68,14,36,2022-03-23
35.8,21.9,29.3,0.0,84,19,45,2022-03-24
36.9,21.9,29.5,0.0,93,18,48,2022-03-25
36.9,22.9,29.9,0.0,90,22,50,2022-03-26
37.8,22.7,30.3,0.0,83,17,45,2022-03-27
38.3,23.6,30.3,0.0,76,18,42,2022-03-28
38.4,23.4,30.4,0.0,68,14,34,2022-03-29
38.4,22.6,30.5,0.0,71,16,34,2022-03-30
38.7,22.7,30.7,0.0,74,14,35,2022-03-31
38.0,22.9,30.4,0.0,86,18,45,2022-04-01
37.1,23.4,30.4,0.0,94,21,51,2022-04-02
37.7,22.9,30.5,0.0,93,21,49,2022-04-03
37.1,24.5,31.0,0.0,71,23,43,2022-04-04
37.9,23.9,30.6,0.0,79,21,45,2022-04-05
37.4,23.0,30.5,0.0,84,21,43,2022-04-06
37.1,23.9,30.5,0.0,72,22,42,2022-04-07
38.0,23.9,30.9,0.0,77,16,40,2022-04-08
37.4,23.3,30.3,0.0,81,21,44,2022-04-09
37.4,23.8,30.5,0.0,85,19,45,2022-04-10
38.1,24.2,30.5,0.0,77,18,43,2022-04-11
38.9,23.5,31.1,0.0,77,15,39,2022-04-12
38.1,23.6,30.7,0.0,65,17,38,2022-04-13
38.8,23.7,31.2,0.0,80,17,43,2022-04-14
38.0,25.2,30.5,2.7,71,24,47,2022-04-15
37.6,26.3,31.2,0.0,58,23,39,2022-04-16
37.6,25.4,30.3,0.0,64,22,43,2022-04-17
37.9,24.8,31.1,0.0,70,20,41,2022-04-18
38.8,24.7,31.5,0.0,59,18,36,2022-04-19
39.6,24.9,32.0,0.0,59,16,34,2022-04-20
36.6,24.4,30.8,0.6,74,21,46,2022-04-21
37.0,24.8,29.2,0.1,78,26,58,2022-04-22
35.6,24.4,29.4,0.0,81,30,55,2022-04-23
35.3,24.3,30.0,0.1,69,30,44,2022-04-24
38.1,25.5,31.3,0.0,68,22,41,2022-04-25
37.0,24.5,30.7,0.0,72,23,44,2022-04-26
37.5,25.3,31.3,0.0,78,23,41,2022-04-27
38.5,24.6,31.6,0.0,68,19,39,2022-04-28
39.2,24.5,31.6,0.0,67,18,38,2022-04-29
39.3,25.2,32.0,0.0,66,17,37,2022-04-30
38.6,26.2,32.0,0.0,51,16,32,2022-05-01
38.7,25.5,32.1,0.0,46,18,31,2022-05-02
38.3,26.2,32.1,0.0,59,22,39,2022-05-03
36.7,25.9,30.2,1.9,85,33,60,2022-05-04
37.1,25.4,31.1,0.0,78,25,48,2022-05-05
38.7,26.6,32.1,0.0,65,17,37,2022-05-06
37.8,24.5,31.6,0.0,83,19,43,2022-05-07
37.1,26.9,31.4,0.0,58,27,41,2022-05-08
39.0,25.2,31.7,0.0,64,17,39,2022-05-09
36.9,23.5,30.9,0.0,68,22,42,2022-05-10
29.4,24.3,27.3,6.4,87,51,68,2022-05-11
33.0,25.5,28.5,0.2,84,48,68,2022-05-12
36.7,23.6,29.7,0.6,94,37,64,2022-05-13
38.0,26.1,31.4,0.1,79,31,56,2022-05-14
37.2,25.4,31.4,0.1,81,34,56,2022-05-15
36.1,25.7,30.8,0.0,88,36,61,2022-05-16
35.2,22.8,29.3,1.2,88,44,66,2022-05-17
34.9,25.4,28.9,0.5,88,41,68,2022-05-18
32.4,24.3,27.6,2.9,92,52,73,2022-05-19
33.6,24.2,27.8,3.6,90,45,72,2022-05-20
35.1,23.6,28.3,0.0,88,31,62,2022-05-21
34.9,24.0,29.0,0.0,73,35,55,2022-05-22
35.4,24.5,29.8,0.0,75,31,52,2022-05-23
36.7,25.7,30.8,0.0,72,30,49,2022-05-24
35.9,25.6,30.8,0.0,68,33,47,2022-05-25
36.7,26.2,30.4,0.3,60,30,49,2022-05-26
36.1,25.3,30.3,0.1,63,33,46,2022-05-27
36.7,25.5,30.7,0.0,66,22,42,2022-05-28
37.2,26.3,31.4,0.0,59,24,40,2022-05-29
37.2,26.7,31.7,0.0,58,27,42,2022-05-30
36.3,24.6,29.0,1.1,75,36,58,2022-05-31
35.6,23.0,29.3,8.2,84,35,59,2022-06-01
37.8,25.6,31.0,0.0,71,29,51,2022-06-02
37.9,25.0,31.3,0.0,79,26,49,2022-06-03
38.6,27.3,32.3,0.0,59,22,41,2022-06-04
38.3,26.5,31.7,0.0,58,25,43,2022-06-05
37.7,26.5,30.9,0.8,67,29,49,2022-06-06
38.1,24.7,30.6,0.4,80,25,53,2022-06-07
33.8,26.4,29.8,0.0,68,40,55,2022-06-08
35.9,24.8,30.2,0.5,78,34,54,2022-06-09
35.7,25.9,30.4,0.0,74,37,53,2022-06-10
34.1,25.0,29.4,0.0,76,41,58,2022-06-11
33.9,24.5,29.2,0.4,83,41,59,2022-06-12
33.6,25.3,29.5,0.5,75,42,56,2022-06-13
33.7,23.6,28.7,0.7,86,44,62,2022-06-14
32.5,22.7,26.8,11.5,93,50,75,2022-06-15
33.0,23.6,27.0,7.8,93,47,75,2022-06-16
33.0,23.0,27.8,1.0,92,47,69,2022-06-17
33.1,23.1,27.7,3.8,92,45,70,2022-06-18
31.7,23.5,27.3,1.6,87,54,72,2022-06-19
31.8,23.9,27.3,1.8,90,51,69,2022-06-20
32.0,22.9,26.4,10.7,94,51,75,2022-06-21
31.2,23.3,26.7,0.3,89,52,72,2022-06-22
31.8,23.5,27.8,0.2,87,49,66,2022-06-23
32.0,24.6,27.8,0.1,79,49,64,2022-06-24
30.5,24.4,26.4,6.5,81,54,70,2022-06-25
27.8,22.9,24.8,23.6,93,66,82,2022-06-26
28.1,22.9,24.9,12.7,93,62,81,2022-06-27
29.2,22.8,25.7,7.9,91,60,76,2022-06-28
31.3,23.5,26.9,1.1,88,55,72,2022-06-29
30.3,23.1,26.4,2.6,90,60,76,2022-06-30
31.5,23.3,26.5,0.6,92,55,76,2022-07-01
31.4,23.2,26.7,2.9,90,51,73,2022-07-02
30.8,23.6,26.7,3.6,91,56,73,2022-07-03
29.4,22.9,25.4,6.1,93,59,79,2022-07-04
27.1,22.9,24.5,10.0,94,74,85,2022-07-05
26.1,22.4,23.7,20.3,94,77,90,2022-07-06
28.9,22.8,24.7,21.0,93,66,84,2022-07-07
24.1,22.5,23.1,27.4,94,84,91,2022-07-08
23.5,22.2,22.7,55.8,94,91,92,2022-07-09
23.2,21.9,22.5,39.9,93,89,91,2022-07-10
26.4,21.9,23.5,10.5,92,71,84,2022-07-11
23.1,21.6,22.3,36.3,92,89,91,2022-07-12
24.0,21.7,22.5,21.3,92,84,90,2022-07-13
26.5,21.9,23.8,2.0,90,70,81,2022-07-14
27.9,22.5,25.0,0.7,90,63,77,2022-07-15
29.9,22.7,25.6,3.3,86,62,77,2022-07-16
26.3,22.8,24.2,13.6,94,75,87,2022-07-17
28.7,22.8,24.3,8.8,94,69,87,2022-07-18
29.9,22.2,25.5,1.3,92,57,77,2022-07-19
30.6,22.9,26.3,0.2,90,60,75,2022-07-20
29.1,23.0,25.6,0.4,92,61,78,2022-07-21
28.3,23.1,24.3,22.8,93,69,87,2022-07-22
26.5,22.3,23.6,16.2,95,76,90,2022-07-23
26.6,22.1,23.8,2.0,94,72,86,2022-07-24
28.0,22.1,24.1,13.1,94,67,86,2022-07-25
28.0,22.0,24.2,3.0,95,70,86,2022-07-26
29.8,21.5,25.1,2.3,97,61,83,2022-07-27
29.9,21.8,25.2,1.6,98,65,85,2022-07-28
30.3,21.9,25.6,2.3,98,60,84,2022-07-29
29.7,22.6,25.9,3.8,97,64,83,2022-07-30
29.6,22.9,26.1,0.5,98,66,84,2022-07-31
29.6,22.8,25.6,5.0,98,65,84,2022-08-01
30.2,22.6,25.8,6.2,97,64,84,2022-08-02
29.9,23.0,25.4,3.4,96,63,84,2022-08-03
30.1,22.6,25.3,7.3,97,64,86,2022-08-04
29.0,22.4,24.7,6.4,96,67,85,2022-08-05
29.5,22.8,24.9,20.2,93,64,83,2022-08-06
28.3,22.6,24.3,12.7,94,71,86,2022-08-07
24.6,22.1,22.9,22.7,93,84,92,2022-08-08
25.0,22.2,23.6,6.2,92,77,85,2022-08-09
28.6,22.0,25.1,0.3,90,61,74,2022-08-10
28.8,23.2,25.4,0.9,80,63,74,2022-08-11
29.3,23.2,25.8,0.5,82,60,73,2022-08-12
28.4,22.7,25.2,0.2,85,63,76,2022-08-13
25.9,22.6,23.8,7.0,92,73,84,2022-08-14
27.1,21.8,23.5,7.4,93,70,85,2022-08-15
29.4,21.8,25.1,0.0,94,57,77,2022-08-16
29.9,22.2,25.8,0.0,91,58,75,2022-08-17
30.5,22.8,26.1,0.1,91,55,75,2022-08-18
29.6,23.4,26.0,0.1,87,60,74,2022-08-19
29.2,23.4,25.6,0.9,85,60,76,2022-08-20
29.7,23.2,26.0,0.5,86,60,74,2022-08-21
29.6,22.3,25.4,0.2,87,57,75,2022-08-22
30.0,22.3,25.5,0.3,91,55,76,2022-08-23
30.3,22.8,26.0,1.6,90,58,76,2022-08-24
30.0,22.0,25.3,4.2,94,59,80,2022-08-25
30.7,21.9,25.8,1.0,97,52,76,2022-08-26
30.4,22.6,25.6,1.7,95,58,78,2022-08-27
30.1,21.7,26.0,0.6,94,55,76,2022-08-28
30.0,23.0,25.5,8.8,97,60,82,2022-08-29
30.6,21.8,25.7,0.7,98,60,81,2022-08-30
30.6,22.3,25.7,8.7,96,59,82,2022-08-31
30.5,22.8,25.4,7.2,97,61,84,2022-09-01
30.4,22.1,25.7,0.4,100,58,81,2022-09-02
31.3,22.1,26.7,2.6,99,57,79,2022-09-03
30.0,22.3,25.8,10.5,95,62,81,2022-09-04
30.4,21.9,25.6,2.5,98,61,83,2022-09-05
30.1,22.0,25.2,10.9,98,63,86,2022-09-06
30.2,22.2,25.0,19.5,96,64,86,2022-09-07
28.5,21.9,24.4,10.9,98,71,88,2022-09-08
28.2,22.5,24.4,24.5,96,73,89,2022-09-09
27.9,22.6,24.0,20.3,96,71,90,2022-09-10
26.1,22.2,23.5,9.2,95,77,90,2022-09-11
27.2,22.4,24.5,1.6,92,73,84,2022-09-12
28.8,22.9,25.3,0.5,86,64,78,2022-09-13
29.1,22.1,25.2,0.9,91,61,78,2022-09-14
29.1,22.2,25.2,0.2,90,61,77,2022-09-15
29.1,22.4,25.3,0.0,87,60,76,2022-09-16
29.7,22.2,25.3,0.3,92,58,78,2022-09-17
29.4,22.5,25.3,0.1,87,61,77,2022-09-18
29.0,22.8,25.2,3.2,92,58,75,2022-09-19
26.1,22.2,24.0,1.8,94,73,83,2022-09-20
28.8,21.7,24.9,0.8,93,65,79,2022-09-21
27.9,22.3,24.6,3.6,87,67,79,2022-09-22
28.3,21.8,24.3,0.8,88,60,76,2022-09-23
29.2,21.7,24.8,0.0,91,58,76,2022-09-24
29.3,21.3,24.9,0.7,91,58,78,2022-09-25
30.2,21.7,25.2,3.1,95,57,80,2022-09-26
29.4,22.2,25.2,2.2,93,65,83,2022-09-27
29.3,21.7,24.9,14.6,97,65,85,2022-09-28
29.0,21.9,24.0,25.5,97,67,89,2022-09-29
29.2,22.1,25.2,8.5,97,62,84,2022-09-30
29.6,22.1,25.0,1.3,94,61,80,2022-10-01
30.0,21.1,25.2,0.0,92,57,76,2022-10-02
30.3,22.8,25.8,0.1,86,49,69,2022-10-03
30.1,22.8,25.9,0.0,78,50,67,2022-10-04
28.6,22.3,24.5,10.9,96,65,81,2022-10-05
25.6,21.6,22.8,21.1,97,79,92,2022-10-06
28.6,20.7,24.3,2.3,99,60,82,2022-10-07
28.9,21.1,24.5,3.5,98,59,82,2022-10-08
28.1,21.4,24.1,2.6,99,67,87,2022-10-09
27.9,22.0,24.0,1.5,98,71,88,2022-10-10
28.6,22.0,24.4,3.2,98,67,85,2022-10-11
29.1,21.6,24.2,11.8,99,62,86,2022-10-12
29.0,21.1,24.3,3.8,99,66,86,2022-10-13
28.0,21.1,23.4,2.0,99,67,88,2022-10-14
26.8,20.9,23.6,5.0,99,73,88,2022-10-15
26.7,20.9,23.1,6.0,99,75,92,2022-10-16
28.7,21.2,24.6,2.0,100,64,84,2022-10-17
28.5,21.2,24.4,0.4,100,62,84,2022-10-18
29.3,21.1,24.3,1.1,98,61,83,2022-10-19
28.4,21.1,23.8,2.8,98,64,86,2022-10-20
29.0,20.0,24.2,0.0,100,55,78,2022-10-21
27.9,18.9,22.9,0.0,73,42,60,2022-10-22
27.8,17.7,22.0,0.0,74,38,58,2022-10-23
28.1,16.8,21.8,0.0,74,35,57,2022-10-24
28.2,16.4,21.6,0.0,87,38,64,2022-10-25
28.2,15.6,22.0,0.0,87,38,63,2022-10-26
28.2,17.1,22.3,0.0,94,41,65,2022-10-27
28.9,16.5,22.9,0.0,79,40,57,2022-10-28
28.5,18.5,22.7,0.0,60,32,48,2022-10-29
28.5,17.4,22.2,0.0,75,31,51,2022-10-30
28.0,16.9,21.9,0.0,77,36,58,2022-10-31
27.1,17.8,22.2,0.2,88,48,67,2022-11-01
27.5,18.6,22.7,0.0,91,57,75,2022-11-02
29.8,19.3,24.1,0.3,93,49,72,2022-11-03
29.3,19.4,24.1,0.6,96,50,76,2022-11-04
29.9,18.9,23.9,0.0,99,39,68,2022-11-05
29.4,17.4,23.1,0.0,88,37,62,2022-11-06
29.7,16.5,23.2,0.0,86,36,61,2022-11-07
29.5,16.7,23.1,0.0,94,32,60,2022-11-08
29.0,15.9,22.4,0.0,77,31,54,2022-11-09
29.2,16.6,22.9,0.0,75,34,52,2022-11-10
29.4,19.3,23.9,0.0,68,33,51,2022-11-11
29.4,18.8,23.9,0.0,67,37,53,2022-11-12
29.7,18.2,23.3,0.0,79,41,61,2022-11-13
29.9,17.8,23.1,0.0,86,42,65,2022-11-14
29.7,18.3,22.9,0.0,79,30,57,2022-11-15
28.9,14.6,21.7,0.0,85,26,53,2022-11-16
29.0,14.4,21.4,0.0,82,26,51,2022-11-17
28.4,16.6,22.0,0.0,68,29,48,2022-11-18
26.8,16.5,21.2,0.0,72,32,51,2022-11-19
26.4,14.9,20.4,0.0,77,31,52,2022-11-20
29.2,17.5,23.4,0.0,77,37,49,2022-11-21
30.2,20.9,25.0,0.0,79,41,56,2022-11-22
29.9,20.4,24.6,0.0,98,43,70,2022-11-23
28.7,20.0,24.3,0.8,99,53,75,2022-11-24
30.6,20.0,24.5,0.0,90,40,65,2022-11-25
30.3,18.3,23.8,0.0,80,35,54,2022-11-26
30.0,16.9,23.3,0.0,82,33,55,2022-11-27
29.6,17.4,22.8,0.0,78,31,54,2022-11-28
28.6,15.5,21.6,0.0,76,27,50,2022-11-29
28.1,13.7,21.2,0.0,92,30,56,2022-11-30
29.4,17.0,23.1,0.0,84,38,60,2022-12-01
29.3,17.7,23.8,0.0,95,46,70,2022-12-02
29.3,19.1,24.0,0.1,99,49,73,2022-12-03
29.8,19.1,24.0,0.0,97,43,70,2022-12-04
28.8,17.3,22.5,0.0,88,37,60,2022-12-05
29.8,16.0,22.1,0.0,86,23,54,2022-12-06
28.9,16.8,22.0,0.0,81,33,57,2022-12-07
26.9,15.8,20.7,0.0,83,24,52,2022-12-08
27.5,15.7,21.5,0.0,59,34,47,2022-12-09
27.0,17.9,22.2,3.8,90,51,70,2022-12-10
25.8,20.1,21.6,11.1,98,69,89,2022-12-11
26.9,20.2,22.5,1.3,100,60,85,2022-12-12
27.0,20.8,22.9,2.3,97,63,84,2022-12-13
28.5,19.6,23.0,0.0,99,52,79,2022-12-14
28.9,18.9,23.6,0.0,93,50,72,2022-12-15
29.9,18.9,24.2,0.0,94,44,69,2022-12-16
29.9,19.1,24.0,0.0,96,42,69,2022-12-17
28.3,17.4,22.5,0.0,86,36,60,2022-12-18
28.0,15.2,21.2,0.0,82,34,57,2022-12-19
28.9,15.3,21.6,0.0,97,32,62,2022-12-20
29.3,15.7,21.9,0.0,91,25,58,2022-12-21
29.4,16.1,22.1,0.0,79,27,54,2022-12-22
30.2,15.2,22.1,0.0,94,27,59,2022-12-23
29.6,14.9,21.8,0.0,92,25,56,2022-12-24
29.1,14.7,21.4,0.0,91,37,66,2022-12-25
28.6,18.2,23.0,0.3,98,52,78,2022-12-26
30.2,19.4,24.0,0.0,100,42,72,2022-12-27
31.1,18.8,24.8,0.0,95,38,66,2022-12-28
30.5,18.9,25.0,0.0,94,38,62,2022-12-29
30.4,19.2,24.7,0.0,92,37,60,2022-12-30
30.8,18.7,24.8,0.0,90,33,56,2022-12-31
30.1,20.0,24.1,0.0,81,34,58,2023-01-01
29.4,18.5,23.6,0.0,85,39,62,2023-01-02
28.6,18.0,22.9,0.0,96,39,67,2023-01-03
28.6,18.0,22.2,0.0,92,38,67,2023-01-04
26.8,17.8,21.7,0.9,97,50,76,2023-01-05
27.1,18.0,21.7,0.3,99,49,76,2023-01-06
27.0,16.8,21.0,0.0,89,35,64,2023-01-07
26.1,13.1,18.7,0.0,89,21,54,2023-01-08
27.1,11.1,18.7,0.0,76,26,52,2023-01-09
28.3,13.8,20.4,0.0,78,27,50,2023-01-10
28.2,12.6,20.3,0.0,93,24,55,2023-01-11
29.0,13.5,21.1,0.0,88,30,57,2023-01-12
29.0,14.6,21.6,0.0,90,30,58,2023-01-13
29.3,16.2,22.0,0.0,85,30,56,2023-01-14
29.3,16.2,22.1,0.0,83,33,59,2023-01-15
29.6,16.0,22.3,0.0,84,30,54,2023-01-16
29.5,15.1,21.7,0.0,78,24,49,2023-01-17
29.5,15.0,21.8,0.0,91,27,57,2023-01-18
28.8,15.0,21.8,0.0,90,29,59,2023-01-19
28.2,16.5,22.0,0.0,88,38,61,2023-01-20
28.2,15.9,21.7,0.0,91,29,59,2023-01-21
28.4,15.0,21.6,0.0,92,32,61,2023-01-22
27.8,15.8,21.7,0.0,97,37,66,2023-01-23
29.1,16.8,22.1,0.0,97,32,63,2023-01-24
28.4,16.5,21.6,0.0,87,30,62,2023-01-25
29.1,14.7,21.1,0.0,93,23,60,2023-01-26
28.8,15.4,21.8,0.0,86,31,55,2023-01-27
29.8,15.5,22.2,0.0,85,26,53,2023-01-28
29.1,15.1,22.4,0.0,81,33,56,2023-01-29
29.3,17.1,22.8,0.0,99,37,68,2023-01-30
30.0,18.3,23.3,0.0,91,32,60,2023-01-31
29.9,17.1,22.8,0.0,81,32,57,2023-02-01
29.3,17.7,22.6,0.0,73,27,48,2023-02-02
29.8,15.2,22.1,0.0,55,20,37,2023-02-03
30.3,16.0,22.8,0.0,65,24,43,2023-02-04
30.4,15.6,22.5,0.0,70,24,44,2023-02-05
30.7,15.9,23.1,0.0,67,28,49,2023-02-06
31.4,17.4,24.7,0.0,80,30,51,2023-02-07
32.5,18.5,24.8,0.0,82,29,53,2023-02-08
32.4,17.6,24.4,0.0,82,23,50,2023-02-09
32.8,17.9,24.9,0.0,77,17,38,2023-02-10
33.5,16.5,25.1,0.0,71,16,38,2023-02-11
33.3,17.2,25.4,0.0,77,18,36,2023-02-12
31.6,17.4,23.6,0.0,57,15,35,2023-02-13
31.6,14.4,22.6,0.0,58,13,34,2023-02-14
32.8,15.8,23.8,0.0,55,14,32,2023-02-15
33.4,17.7,24.8,0.0,62,14,31,2023-02-16
32.5,17.3,24.0,0.0,55,19,35,2023-02-17
31.6,17.6,24.4,0.0,68,24,41,2023-02-18
31.7,18.9,25.0,0.0,76,26,46,2023-02-19
32.8,16.9,25.2,0.0,89,24,47,2023-02-20
34.3,17.1,25.9,0.0,85,14,38,2023-02-21
34.8,17.4,26.2,0.0,71,16,36,2023-02-22
34.3,17.3,25.7,0.0,78,17,39,2023-02-23
34.4,20.0,26.5,0.0,68,14,35,2023-02-24
34.6,20.7,26.6,0.0,59,12,31,2023-02-25
33.7,18.9,26.1,0.0,56,16,31,2023-02-26
33.3,17.8,25.4,0.0,62,18,35,2023-02-27
32.9,18.5,25.7,0.0,61,18,35,2023-02-28
32.8,19.1,26.0,0.0,50,19,32,2023-03-01
33.2,18.4,25.7,0.0,48,16,30,2023-03-02
34.2,18.0,26.0,0.0,62,19,35,2023-03-03
34.0,20.8,27.0,0.0,43,18,29,2023-03-04
34.1,18.6,26.2,0.0,64,17,34,2023-03-05
34.4,18.3,26.5,0.0,63,16,33,2023-03-06
32.1,19.7,25.9,0.0,52,24,37,2023-03-07
33.2,19.1,26.2,0.0,69,21,40,2023-03-08
33.5,19.8,26.4,0.0,61,19,35,2023-03-09
33.8,19.8,26.6,0.0,61,20,36,2023-03-10
33.4,19.2,26.2,0.0,67,21,40,2023-03-11
33.7,19.4,26.4,0.0,70,19,39,2023-03-12
33.8,18.8,26.4,0.0,65,16,35,2023-03-13
34.5,19.6,27.1,0.0,46,15,26,2023-03-14
34.8,18.5,26.9,0.0,57,15,32,2023-03-15
31.1,20.3,24.3,9.7,94,38,69,2023-03-16
26.8,18.9,22.2,29.6,97,60,81,2023-03-17
26.6,19.1,21.7,17.6,98,63,86,2023-03-18
29.0,17.7,22.6,0.3,98,35,73,2023-03-19
29.6,18.5,23.3,0.0,99,34,67,2023-03-20
29.9,16.9,23.5,0.0,95,32,59,2023-03-21
30.9,18.3,24.7,0.0,95,34,58,2023-03-22
31.2,18.8,25.1,0.0,81,35,59,2023-03-23
32.3,19.6,25.9,0.0,96,35,62,2023-03-24
31.1,20.9,26.0,0.7,98,46,69,2023-03-25
33.2,21.2,26.6,0.0,96,35,65,2023-03-26
33.6,20.8,26.5,0.0,92,25,55,2023-03-27
34.4,20.6,27.2,0.0,90,25,53,2023-03-28
34.8,21.0,27.8,0.0,93,26,55,2023-03-29
35.1,21.3,28.4,0.0,91,23,49,2023-03-30
33.6,21.5,27.2,0.0,82,25,52,2023-03-31
33.3,21.2,27.1,0.0,94,27,52,2023-04-01
33.4,20.8,27.2,0.5,100,26,60,2023-04-02
34.2,21.4,27.9,0.0,92,28,54,2023-04-03
35.1,22.4,28.5,0.0,93,25,52,2023-04-04
34.4,21.4,28.6,0.0,87,30,52,2023-04-05
33.7,22.5,27.5,2.5,88,33,57,2023-04-06
34.8,22.9,26.9,1.5,84,31,62,2023-04-07
33.3,21.8,26.8,0.1,83,33,57,2023-04-08
34.4,22.4,28.0,0.0,70,26,47,2023-04-09
35.7,21.4,28.2,0.0,58,18,38,2023-04-10
36.6,21.8,28.9,0.0,65,19,39,2023-04-11
37.1,22.4,29.8,0.0,58,22,38,2023-04-12
37.6,23.5,30.6,0.0,58,22,37,2023-04-13
37.0,24.3,30.5,0.0,68,25,41,2023-04-14
36.4,24.0,29.7,0.0,59,24,41,2023-04-15
36.5,23.4,30.1,0.0,60,26,41,2023-04-16
37.0,24.5,30.7,0.0,57,21,38,2023-04-17
38.6,24.9,31.1,0.0,53,17,31,2023-04-18
38.0,22.9,30.6,0.0,65,18,35,2023-04-19
37.9,24.2,31.0,0.0,56,21,34,2023-04-20
35.0,23.1,28.8,1.6,74,28,47,2023-04-21
35.1,22.7,28.9,0.0,79,29,51,2023-04-22
35.0,21.9,28.7,0.0,83,23,50,2023-04-23
33.0,23.6,28.0,4.2,95,43,65,2023-04-24
33.9,23.9,27.6,16.2,94,37,68,2023-04-25
32.2,21.6,26.6,2.5,91,45,68,2023-04-26
30.3,23.2,25.6,17.3,87,59,74,2023-04-27
31.1,22.0,26.8,0.5,87,51,68,2023-04-28
30.2,21.4,25.6,19.4,94,56,74,2023-04-29
29.6,21.6,24.7,17.7,94,61,79,2023-04-30
29.9,20.0,24.4,9.9,98,58,80,2023-05-01
30.1,22.3,24.9,7.0,95,57,80,2023-05-02
30.4,22.3,25.8,1.0,97,52,75,2023-05-03
31.4,21.5,26.3,0.2,99,50,74,2023-05-04
29.6,21.1,25.1,8.7,97,58,78,2023-05-05
32.0,21.8,26.8,1.8,94,50,72,2023-05-06
32.7,24.6,28.1,0.0,84,49,68,2023-05-07
34.1,23.8,28.5,0.0,87,42,66,2023-05-08
32.2,23.9,27.3,4.3,92,57,77,2023-05-09
33.4,24.1,27.7,15.3,97,53,78,2023-05-10
36.2,24.1,29.3,0.2,93,28,60,2023-05-11
37.4,22.4,29.6,0.0,80,22,49,2023-05-12
38.3,22.4,29.8,0.0,68,17,45,2023-05-13
37.8,22.2,30.2,0.0,63,19,40,2023-05-14
37.3,24.6,30.4,0.0,54,23,42,2023-05-15
36.7,23.9,29.6,0.0,61,23,43,2023-05-16
36.6,21.4,29.4,0.0,79,23,46,2023-05-17
36.9,23.5,30.4,0.0,70,25,44,2023-05-18
37.7,24.9,31.4,0.0,65,24,42,2023-05-19
36.5,24.2,30.3,0.1,74,26,51,2023-05-20
36.9,24.3,30.6,0.0,67,29,49,2023-05-21
36.2,22.5,29.1,15.1,93,27,56,2023-05-22
36.4,23.5,30.3,0.0,75,26,47,2023-05-23
36.4,24.1,30.3,3.4,78,32,51,2023-05-24
35.8,25.7,30.3,1.0,86,31,52,2023-05-25
36.2,25.2,30.4,0.0,63,24,46,2023-05-26
36.1,25.0,30.2,0.0,61,27,44,2023-05-27
36.7,24.2,30.7,0.0,62,28,44,2023-05-28
35.8,23.9,29.8,9.0,80,31,52,2023-05-29
33.9,22.5,28.3,11.0,92,40,62,2023-05-30
37.1,25.1,31.0,0.0,76,28,50,2023-05-31
38.0,25.5,31.1,0.0,63,21,43,2023-06-01
38.3,26.2,31.5,0.0,67,20,39,2023-06-02
37.6,26.1,31.4,0.0,58,26,40,2023-06-03
34.7,24.3,28.1,6.3,90,40,63,2023-06-04
35.0,23.8,29.3,0.0,90,33,57,2023-06-05
35.1,25.8,29.6,1.9,82,37,56,2023-06-06
37.0,27.1,31.2,0.1,63,31,49,2023-06-07
36.6,27.7,31.2,0.0,68,31,49,2023-06-08
37.1,26.9,31.1,0.0,70,32,51,2023-06-09
36.8,27.0,31.0,0.3,65,34,51,2023-06-10
35.0,27.1,30.3,0.0,72,42,55,2023-06-11
36.1,26.9,30.6,0.0,70,33,52,2023-06-12
36.8,26.9,31.1,0.0,67,27,45,2023-06-13
36.6,26.9,31.2,0.0,62,28,46,2023-06-14
36.3,26.9,31.1,0.0,63,29,46,2023-06-15
36.8,27.2,31.5,0.0,60,27,42,2023-06-16
36.7,27.3,31.4,0.0,62,30,47,2023-06-17
36.5,28.0,31.6,0.0,63,33,46,2023-06-18
36.4,27.9,31.4,0.1,59,34,48,2023-06-19
36.2,27.3,31.0,0.4,64,35,51,2023-06-20
35.4,24.4,29.5,9.3,91,38,60,2023-06-21
34.3,24.4,27.7,4.7,92,39,72,2023-06-22
33.2,24.4,27.1,11.2,91,44,72,2023-06-23
29.3,23.6,25.8,16.5,93,62,81,2023-06-24
31.6,23.4,26.5,3.9,94,53,76,2023-06-25
30.6,24.0,25.7,3.1,93,58,82,2023-06-26
31.9,24.1,27.0,1.0,86,54,71,2023-06-27
31.5,23.7,27.0,1.6,92,52,72,2023-06-28
32.1,23.9,27.6,0.1,83,51,67,2023-06-29
32.3,23.8,27.7,0.3,85,49,66,2023-06-30
33.1,24.6,28.5,0.3,79,48,64,2023-07-01
33.1,24.2,28.2,0.8,88,49,67,2023-07-02
32.7,23.7,27.7,1.9,92,53,72,2023-07-03
32.7,25.0,28.3,0.2,84,54,69,2023-07-04
30.2,23.6,26.6,3.3,94,60,77,2023-07-05
28.0,23.6,24.9,10.9,94,70,85,2023-07-06
29.8,22.9,26.3,2.9,89,59,74,2023-07-07
31.0,23.8,26.3,0.8,86,57,75,2023-07-08
31.2,23.7,26.8,1.2,94,55,74,2023-07-09
30.4,24.7,27.0,0.1,80,53,69,2023-07-10
29.2,24.4,26.2,0.0,80,55,71,2023-07-11
30.7,23.7,26.5,1.8,93,48,72,2023-07-12
31.5,23.3,27.0,0.7,96,51,73,2023-07-13
31.4,23.1,26.7,1.4,93,55,76,2023-07-14
30.5,23.7,26.6,0.9,86,55,72,2023-07-15
27.3,23.7,25.1,7.0,92,70,82,2023-07-16
29.2,23.1,24.9,6.4,93,60,82,2023-07-17
25.7,22.6,23.7,29.1,93,77,88,2023-07-18
26.4,22.3,23.7,28.8,93,74,88,2023-07-19
24.1,22.4,23.1,28.9,94,88,92,2023-07-20
27.5,22.6,24.4,17.8,94,74,86,2023-07-21
28.7,23.0,24.8,4.0,92,65,84,2023-07-22
28.5,23.2,24.7,17.4,93,70,85,2023-07-23
27.9,22.9,24.6,9.9,94,73,87,2023-07-24
27.4,22.6,24.3,16.1,94,72,87,2023-07-25
26.9,22.9,24.1,23.8,93,74,87,2023-07-26
24.1,22.5,23.1,82.7,92,86,90,2023-07-27
29.4,22.8,25.3,0.8,92,60,79,2023-07-28
29.8,23.2,25.7,0.8,86,60,78,2023-07-29
30.0,22.9,25.8,2.9,85,60,77,2023-07-30
27.8,23.6,25.6,1.1,88,68,79,2023-07-31
28.9,23.5,25.9,1.6,91,66,78,2023-08-01
28.7,23.4,25.8,0.2,84,62,75,2023-08-02
29.5,23.0,25.7,0.7,84,60,75,2023-08-03
30.0,22.7,26.0,1.7,87,57,76,2023-08-04
30.7,22.8,26.3,0.4,89,55,74,2023-08-05
30.5,22.9,26.3,0.4,89,54,73,2023-08-06
30.0,23.1,26.1,0.3,85,56,72,2023-08-07
29.9,22.8,26.1,0.0,85,55,72,2023-08-08
30.6,23.3,26.4,0.4,90,58,76,2023-08-09
30.8,23.4,26.6,0.7,89,56,75,2023-08-10
30.7,23.1,26.8,0.3,90,57,74,2023-08-11
31.2,23.8,26.8,0.1,84,52,70,2023-08-12
30.6,23.6,26.8,0.0,83,51,68,2023-08-13
30.8,23.6,26.7,0.1,83,54,70,2023-08-14
30.3,23.2,26.2,3.8,92,52,72,2023-08-15
29.5,23.4,26.1,3.8,81,60,72,2023-08-16
29.6,23.8,26.3,0.9,85,58,71,2023-08-17
28.5,23.4,25.1,3.3,90,59,76,2023-08-18
27.2,22.3,24.2,5.2,93,70,85,2023-08-19
29.9,22.0,25.4,1.4,94,61,80,2023-08-20
30.4,22.8,26.0,0.0,89,54,75,2023-08-21
29.8,22.7,26.0,2.0,94,60,78,2023-08-22
30.6,23.3,26.6,0.0,87,56,74,2023-08-23
31.1,23.6,26.8,0.3,84,49,67,2023-08-24
31.4,24.2,26.9,4.4,83,54,72,2023-08-25
31.0,22.7,26.3,0.7,93,56,77,2023-08-26
31.6,23.3,26.9,0.0,91,50,72,2023-08-27
31.2,23.5,26.3,0.6,85,52,73,2023-08-28
30.5,22.6,25.9,0.5,96,55,78,2023-08-29
31.3,22.0,26.4,0.1,95,47,72,2023-08-30
31.8,22.3,27.0,0.0,88,46,69,2023-08-31
32.4,22.6,26.7,8.9,95,47,76,2023-09-01
31.1,22.7,26.5,23.3,97,57,80,2023-09-02
29.2,22.8,24.8,27.9,96,71,89,2023-09-03
24.7,22.3,23.5,30.0,96,88,94,2023-09-04
26.3,22.0,23.5,27.0,95,82,91,2023-09-05
27.8,22.5,25.0,9.7,94,71,84,2023-09-06
29.2,23.0,25.3,1.7,92,64,81,2023-09-07
28.8,23.1,25.3,8.5,88,66,80,2023-09-08
29.5,23.1,25.4,3.3,92,67,82,2023-09-09
29.3,22.8,25.2,14.1,95,67,85,2023-09-10
29.4,23.2,25.9,0.0,92,60,79,2023-09-11
29.6,22.6,25.7,0.2,88,64,79,2023-09-12
29.9,22.9,25.8,0.2,89,57,75,2023-09-13
28.5,23.8,25.6,0.1,89,65,77,2023-09-14
29.8,23.6,26.1,0.1,86,56,71,2023-09-15
29.6,23.6,26.0,1.1,91,60,76,2023-09-16
29.7,22.8,25.9,0.1,89,60,76,2023-09-17
30.8,23.2,26.5,0.7,86,59,73,2023-09-18
31.3,23.4,26.7,0.0,85,55,73,2023-09-19
31.0,24.1,26.6,3.2,84,58,75,2023-09-20
29.6,23.0,25.6,3.8,97,66,84,2023-09-21
29.1,22.7,25.1,1.9,96,66,86,2023-09-22
29.4,22.7,25.4,8.2,97,64,85,2023-09-23
28.4,22.1,24.9,3.1,98,72,87,2023-09-24
29.1,22.5,24.8,3.3,97,67,86,2023-09-25
30.0,22.4,25.4,7.7,97,62,84,2023-09-26
30.1,22.2,25.6,5.7,99,63,87,2023-09-27
30.9,22.2,25.6,17.0,98,65,86,2023-09-28
30.2,22.4,25.4,30.9,99,63,86,2023-09-29
30.0,21.9,25.5,1.9,97,61,83,2023-09-30
30.2,22.6,25.6,6.9,96,58,82,2023-10-01
30.5,22.8,26.2,0.8,95,53,79,2023-10-02
31.4,24.6,27.0,0.0,93,47,73,2023-10-03
31.4,23.2,26.8,0.0,87,42,63,2023-10-04
31.5,21.5,25.7,0.0,74,38,60,2023-10-05
31.6,20.9,25.3,0.0,79,38,63,2023-10-06
31.9,20.8,25.8,0.0,82,35,61,2023-10-07
31.9,19.9,26.0,0.0,87,39,63,2023-10-08
32.6,20.8,26.6,0.0,89,37,66,2023-10-09
32.0,21.7,25.9,24.6,96,44,72,2023-10-10
33.4,20.6,26.6,0.0,97,35,65,2023-10-11
32.6,21.6,26.7,0.0,86,36,59,2023-10-12
32.4,21.2,26.6,0.0,82,37,60,2023-10-13
32.0,22.7,26.9,0.0,79,38,60,2023-10-14
32.3,21.6,26.7,0.0,86,36,60,2023-10-15
31.0,22.4,26.6,0.8,78,43,62,2023-10-16
31.4,21.5,26.4,0.2,86,41,62,2023-10-17
31.4,22.0,26.1,0.1,89,39,62,2023-10-18
32.6,20.1,26.3,0.0,86,36,61,2023-10-19
32.3,20.7,26.4,0.0,87,36,59,2023-10-20
31.1,20.8,25.7,0.0,89,40,62,2023-10-21
31.5,20.2,25.2,0.0,67,29,49,2023-10-22
30.7,18.4,24.3,0.0,70,32,50,2023-10-23
30.7,16.6,23.7,0.0,82,28,52,2023-10-24
30.9,17.1,23.9,0.0,75,29,51,2023-10-25
30.2,17.3,23.6,0.0,73,29,49,2023-10-26
30.6,16.6,23.9,0.0,67,25,44,2023-10-27
30.9,17.0,24.4,0.1,79,37,56,2023-10-28
31.1,20.2,25.1,1.8,97,41,74,2023-10-29
29.6,19.9,24.5,0.3,97,49,77,2023-10-30
29.9,20.2,24.8,0.0,98,43,70,2023-10-31
30.7,20.1,24.8,0.0,88,42,68,2023-11-01
30.5,19.9,24.5,4.5,98,48,75,2023-11-02
30.8,20.4,24.7,1.9,98,52,81,2023-11-03
30.0,20.4,25.0,1.7,99,56,77,2023-11-04
30.1,20.1,25.0,0.0,100,50,74,2023-11-05
30.2,21.3,24.5,6.5,98,55,82,2023-11-06
29.5,21.0,24.0,8.3,99,56,83,2023-11-07
29.6,21.2,24.1,9.0,98,59,86,2023-11-08
28.9,20.9,24.3,0.0,99,50,75,2023-11-09
29.4,20.7,24.5,0.0,85,47,69,2023-11-10
29.7,19.1,24.2,0.0,90,40,65,2023-11-11
30.7,19.9,24.8,0.0,87,42,64,2023-11-12
30.0,18.8,24.4,0.0,89,40,64,2023-11-13
29.7,19.2,24.2,0.0,93,42,68,2023-11-14
29.4,18.5,23.8,0.0,91,42,64,2023-11-15
29.5,18.8,23.6,0.0,78,40,59,2023-11-16
29.8,18.2,23.6,0.0,84,43,64,2023-11-17
29.7,18.5,24.0,0.0,92,46,70,2023-11-18
29.8,18.9,24.0,0.0,97,43,70,2023-11-19
29.9,18.5,24.0,0.0,88,39,64,2023-11-20
28.8,19.5,24.2,0.9,97,54,74,2023-11-21
29.0,19.5,24.2,0.9,100,56,79,2023-11-22
27.6,20.3,23.3,1.2,99,62,86,2023-11-23
27.1,20.5,23.0,7.2,97,65,86,2023-11-24
28.6,19.8,23.6,0.0,98,53,78,2023-11-25
28.4,20.7,23.9,0.2,94,56,77,2023-11-26
29.0,19.7,23.9,0.0,97,47,72,2023-11-27
29.5,20.1,23.5,5.9,96,49,78,2023-11-28
28.9,20.0,23.9,0.8,99,45,71,2023-11-29
29.3,20.2,24.1,0.0,97,45,73,2023-11-30
29.2,19.2,23.4,0.0,97,35,66,2023-12-01
29.7,17.9,23.7,0.0,94,40,65,2023-12-02
30.2,19.4,24.5,0.0,92,43,66,2023-12-03
28.0,20.8,23.8,1.0,85,53,71,2023-12-04
25.5,20.6,22.2,6.2,93,68,86,2023-12-05
28.8,19.5,22.7,3.1,97,54,81,2023-12-06
27.9,18.6,22.3,0.0,100,52,82,2023-12-07
28.2,16.7,22.2,0.0,100,46,75,2023-12-08
28.6,17.2,22.7,0.0,96,44,70,2023-12-09
28.4,16.8,22.1,0.0,89,36,63,2023-12-10
27.6,16.2,21.5,0.0,85,39,63,2023-12-11
27.5,15.7,21.2,0.0,88,38,64,2023-12-12
27.3,15.7,21.2,0.0,91,41,66,2023-12-13
26.4,16.1,20.7,0.0,89,42,67,2023-12-14
26.7,16.0,21.3,0.0,90,45,68,2023-12-15
26.6,17.1,22.1,0.0,97,55,75,2023-12-16
27.3,17.7,22.5,0.0,92,42,64,2023-12-17
27.1,17.2,21.6,0.0,74,41,58,2023-12-18
26.8,16.8,21.2,0.0,71,41,58,2023-12-19
26.9,15.9,20.5,0.0,70,38,56,2023-12-20
27.9,13.8,20.4,0.0,80,31,56,2023-12-21
28.1,13.2,20.5,0.0,99,28,61,2023-12-22
28.2,16.5,21.3,0.0,92,38,66,2023-12-23
28.4,16.1,21.2,0.0,95,34,69,2023-12-24
28.3,16.4,21.3,0.0,97,44,74,2023-12-25
29.3,16.7,21.6,0.0,92,34,68,2023-12-26
28.3,16.9,21.7,0.0,91,38,67,2023-12-27
27.5,15.4,21.3,0.0,96,47,73,2023-12-28
27.5,14.3,20.7,0.0,99,43,73,2023-12-29
28.0,14.7,21.2,0.0,99,35,67,2023-12-30
27.9,15.1,20.8,0.0,94,39,70,2023-12-31
27.7,14.7,21.0,0.0,98,43,72,2024-01-01
27.3,14.6,20.5,0.0,100,42,74,2024-01-02
27.1,17.1,21.5,0.0,98,43,70,2024-01-03
27.7,18.2,21.9,0.0,98,36,70,2024-01-04
27.6,17.0,21.3,0.0,97,37,68,2024-01-05
27.9,16.9,21.2,0.0,99,39,70,2024-01-06
27.0,17.5,21.0,0.0,98,40,71,2024-01-07
27.4,16.5,21.6,0.0,94,40,66,2024-01-08
28.3,17.0,22.0,0.0,89,32,62,2024-01-09
26.0,17.6,21.8,0.5,93,47,69,2024-01-10
29.5,17.7,23.2,0.0,88,38,63,2024-01-11
30.0,18.6,23.5,0.0,88,38,65,2024-01-12
30.0,17.6,23.4,0.0,97,38,69,2024-01-13
30.3,17.6,23.6,0.0,88,34,60,2024-01-14
29.2,17.3,23.5,0.0,84,34,58,2024-01-15
29.8,18.3,23.7,0.0,93,38,63,2024-01-16
29.8,17.7,23.6,0.0,90,37,63,2024-01-17
28.6,18.1,22.8,0.0,82,38,62,2024-01-18
29.9,17.0,23.8,0.0,94,35,60,2024-01-19
29.0,18.9,23.5,0.0,75,42,61,2024-01-20
30.1,18.2,23.9,0.0,88,37,60,2024-01-21
31.0,20.3,24.6,0.0,79,35,61,2024-01-22
30.7,19.0,24.7,0.0,95,35,62,2024-01-23
29.6,19.2,24.4,0.0,96,41,65,2024-01-24
28.3,18.1,22.7,0.0,95,45,70,2024-01-25
29.6,17.8,23.1,0.0,99,36,66,2024-01-26
29.0,17.5,22.7,0.0,97,39,68,2024-01-27
29.1,16.4,22.4,0.0,92,30,60,2024-01-28
29.2,15.9,22.2,0.0,96,33,64,2024-01-29
29.3,16.6,22.5,0.0,94,37,63,2024-01-30
30.8,16.8,23.1,0.0,91,30,55,2024-01-31
31.1,18.3,23.9,0.0,98,28,57,2024-02-01
30.8,17.1,24.1,0.0,99,35,60,2024-02-02
29.9,19.4,24.4,0.2,93,46,67,2024-02-03
31.3,20.4,25.2,0.0,95,36,61,2024-02-04
32.4,19.0,25.8,0.0,94,31,59,2024-02-05
32.8,20.2,26.5,0.0,89,33,54,2024-02-06
33.4,20.3,26.8,0.0,86,28,54,2024-02-07
33.1,20.6,26.7,0.0,85,29,52,2024-02-08
32.4,19.3,25.7,0.0,70,27,49,2024-02-09
32.3,20.5,25.8,0.0,97,32,62,2024-02-10
32.7,19.8,25.8,0.0,95,27,61,2024-02-11
32.0,19.0,25.0,0.0,96,26,58,2024-02-12
32.3,18.0,24.6,0.0,97,19,54,2024-02-13
32.6,18.9,25.0,0.0,98,23,53,2024-02-14
32.3,18.2,24.8,0.0,81,23,49,2024-02-15
32.0,16.7,24.0,0.0,81,16,43,2024-02-16
33.0,17.2,24.6,0.0,65,13,35,2024-02-17
33.5,17.7,25.8,0.0,68,15,32,2024-02-18
33.6,18.5,26.1,0.0,68,18,37,2024-02-19
33.4,19.7,26.7,0.0,65,24,40,2024-02-20
33.3,19.9,26.8,0.0,69,23,39,2024-02-21
33.0,19.0,25.9,0.0,60,22,39,2024-02-22
32.6,19.3,25.6,0.0,70,23,42,2024-02-23
33.7,18.7,26.8,0.1,99,27,59,2024-02-24
32.0,22.3,26.3,0.4,93,40,67,2024-02-25
32.3,20.7,26.1,0.1,93,33,61,2024-02-26
33.4,19.6,26.1,0.0,98,24,56,2024-02-27
32.9,20.3,25.6,0.0,82,23,48,2024-02-28
33.7,19.7,26.1,0.0,68,26,45,2024-02-29
34.3,20.3,27.1,0.0,72,24,44,2024-03-01
35.4,20.7,28.0,0.0,64,19,38,2024-03-02
35.1,21.4,28.0,0.0,76,19,42,2024-03-03
34.8,21.1,27.9,0.0,74,24,46,2024-03-04
34.6,20.9,27.8,0.0,75,25,43,2024-03-05
36.3,23.0,29.3,0.0,72,19,42,2024-03-06
36.1,22.6,28.9,0.0,70,20,41,2024-03-07
35.8,20.8,28.5,0.0,72,17,45,2024-03-08
36.3,21.7,29.3,0.0,80,19,46,2024-03-09
34.8,23.0,28.3,0.2,94,27,53,2024-03-10
35.6,23.0,28.5,0.0,76,25,46,2024-03-11
36.3,22.7,29.7,0.0,71,24,45,2024-03-12
37.4,25.9,31.0,0.0,55,20,37,2024-03-13
35.4,23.0,29.4,0.0,77,28,49,2024-03-14
37.8,22.3,29.6,0.0,77,18,43,2024-03-15
35.1,22.3,28.5,0.4,95,33,58,2024-03-16
34.9,22.8,27.5,5.7,93,35,64,2024-03-17
34.3,23.4,27.7,0.9,82,29,55,2024-03-18
34.9,22.3,28.5,0.2,75,26,47,2024-03-19
30.8,21.8,26.1,0.2,78,33,57,2024-03-20
33.1,20.4,26.5,0.0,94,21,52,2024-03-21
35.1,19.8,27.6,0.0,81,23,44,2024-03-22
35.4,20.9,29.1,0.0,72,23,40,2024-03-23
35.4,23.0,29.6,0.0,68,25,42,2024-03-24
35.5,23.0,28.9,0.0,74,21,42,2024-03-25
36.9,22.6,29.7,0.0,61,20,37,2024-03-26
37.2,22.4,29.5,0.0,48,19,32,2024-03-27
38.3,21.9,30.0,0.0,73,17,41,2024-03-28
38.7,23.7,30.8,0.0,67,18,37,2024-03-29
38.4,23.1,30.3,0.0,65,18,38,2024-03-30
37.6,23.0,29.9,0.0,66,20,37,2024-03-31
38.0,22.7,31.0,0.0,58,20,36,2024-04-01
37.7,23.9,30.9,0.0,71,22,41,2024-04-02
38.4,24.5,31.4,0.0,78,20,39,2024-04-03
38.8,23.6,31.4,0.0,82,19,41,2024-04-04
39.2,25.8,32.1,0.0,63,18,35,2024-04-05
38.7,26.4,32.2,0.0,50,20,31,2024-04-06
39.5,25.0,32.3,0.0,47,17,31,2024-04-07
37.3,25.8,31.1,0.0,71,24,39,2024-04-08
35.0,23.8,29.4,0.0,90,32,58,2024-04-09
35.6,24.2,30.1,0.0,67,27,45,2024-04-10
35.4,24.4,29.1,0.0,63,30,45,2024-04-11
31.2,23.7,27.8,6.3,92,45,63,2024-04-12
33.1,22.5,28.0,1.8,88,35,53,2024-04-13
36.6,23.8,30.0,0.0,81,28,48,2024-04-14
37.7,23.8,30.7,0.0,61,23,40,2024-04-15
37.8,24.4,31.3,0.0,53,25,37,2024-04-16
37.8,24.9,31.7,0.1,65,25,41,2024-04-17
38.6,26.4,32.1,0.0,62,23,42,2024-04-18
37.8,26.1,32.0,0.1,62,27,42,2024-04-19
36.4,25.8,30.0,0.5,72,28,52,2024-04-20
36.9,26.2,30.5,1.7,67,30,50,2024-04-21
37.0,25.7,30.9,0.0,68,27,44,2024-04-22
39.0,23.4,30.4,0.0,78,16,44,2024-04-23
38.7,22.9,30.8,0.0,51,17,33,2024-04-24
39.0,25.5,31.7,0.0,56,20,32,2024-04-25
40.4,23.8,32.3,0.0,60,15,34,2024-04-26
38.7,24.7,32.1,0.0,56,23,36,2024-04-27
40.5,25.8,33.3,0.0,55,18,34,2024-04-28
39.6,25.5,32.9,0.0,53,22,34,2024-04-29
39.9,25.8,33.2,0.0,64,21,36,2024-04-30
40.5,28.0,33.7,0.0,45,16,29,2024-05-01
39.6,25.2,32.5,0.0,49,14,27,2024-05-02
40.4,24.0,32.5,0.0,55,14,26,2024-05-03
41.4,24.9,33.1,0.0,83,14,41,2024-05-04
40.0,26.0,33.4,0.0,85,17,44,2024-05-05
40.8,25.9,33.6,0.0,83,18,44,2024-05-06
35.1,23.9,29.3,1.6,89,44,64,2024-05-07
36.5,23.4,29.7,0.8,90,32,58,2024-05-08
36.2,23.6,29.3,0.8,88,30,62,2024-05-09
34.8,22.0,27.7,22.9,98,38,74,2024-05-10
37.3,24.2,30.7,0.0,87,30,54,2024-05-11
35.8,24.2,30.1,5.1,83,35,57,2024-05-12
34.9,24.9,29.4,1.6,88,37,58,2024-05-13
35.0,24.4,29.3,0.5,78,38,59,2024-05-14
36.1,24.6,29.7,1.0,93,35,61,2024-05-15
32.9,23.7,28.7,13.5,92,49,66,2024-05-16
32.6,23.1,27.3,2.3,97,47,73,2024-05-17
33.1,24.2,27.1,10.7,91,48,78,2024-05-18
32.8,23.7,27.1,10.3,95,55,80,2024-05-19
32.7,23.1,28.5,9.2,97,54,74,2024-05-20
34.6,24.7,29.7,0.2,81,45,63,2024-05-21
35.2,24.4,29.3,5.5,88,47,67,2024-05-22
36.3,25.0,30.3,0.0,89,36,60,2024-05-23
38.6,26.4,32.1,0.0,71,31,50,2024-05-24
37.0,27.3,31.7,0.5,73,32,51,2024-05-25
37.6,28.2,32.3,0.2,61,32,46,2024-05-26
38.0,27.9,31.5,0.0,69,39,55,2024-05-27
37.0,26.8,31.6,0.0,72,37,52,2024-05-28
38.6,27.0,32.4,0.0,64,30,46,2024-05-29
38.4,27.9,32.8,0.0,53,29,42,2024-05-30
39.5,28.0,33.6,0.0,53,27,38,2024-05-31
39.2,27.6,33.8,0.0,59,25,41,2024-06-01
37.2,26.1,29.9,25.2,95,33,65,2024-06-02
33.6,22.7,27.8,11.9,94,41,69,2024-06-03
33.5,25.2,28.8,7.4,93,47,68,2024-06-04
32.3,24.2,26.7,34.1,96,56,83,2024-06-05
34.1,23.6,27.1,38.3,95,49,80,2024-06-06
32.0,23.3,26.9,4.5,96,53,77,2024-06-07
31.3,24.0,26.4,6.3,91,55,79,2024-06-08
30.9,23.3,26.4,1.6,92,57,77,2024-06-09
29.2,23.4,25.5,10.6,92,67,83,2024-06-10
31.1,23.1,25.3,6.0,95,59,85,2024-06-11
31.1,22.6,25.7,6.2,96,60,82,2024-06-12
32.1,23.4,26.1,32.4,95,60,83,2024-06-13
30.4,23.2,25.9,8.7,95,62,82,2024-06-14
31.6,23.5,27.2,0.8,93,57,74,2024-06-15
31.2,23.9,27.5,2.1,90,57,72,2024-06-16
32.4,23.6,27.8,2.8,93,55,73,2024-06-17
32.6,23.8,27.9,0.4,89,54,72,2024-06-18
30.3,23.8,27.3,6.5,92,57,72,2024-06-19
32.1,24.5,27.8,0.6,83,49,65,2024-06-20
32.3,24.5,27.5,2.8,87,49,71,2024-06-21
29.0,23.9,25.7,15.8,93,65,81,2024-06-22
31.9,23.2,27.2,2.5,93,55,74,2024-06-23
31.5,23.8,27.7,0.1,85,52,67,2024-06-24
32.5,24.1,27.2,7.9,94,52,74,2024-06-25
31.7,24.0,26.9,7.4,94,58,77,2024-06-26
27.5,23.5,25.0,28.0,93,71,86,2024-06-27
28.9,23.0,25.2,8.9,92,62,84,2024-06-28
30.0,23.4,26.6,2.2,91,61,75,2024-06-29
28.6,23.7,25.3,11.8,93,70,85,2024-06-30
28.9,23.4,26.0,1.0,93,61,77,2024-07-01
30.9,23.6,26.4,1.8,89,54,72,2024-07-02
30.7,23.5,26.6,0.0,90,56,73,2024-07-03
31.3,24.0,27.0,0.1,83,57,71,2024-07-04
30.8,23.7,26.2,2.4,90,56,77,2024-07-05
29.6,23.2,25.6,9.9,93,61,80,2024-07-06
28.9,22.8,25.2,9.3,93,65,82,2024-07-07
29.1,22.7,24.8,25.9,95,65,86,2024-07-08
29.3,23.1,25.3,8.6,92,62,83,2024-07-09
31.2,22.6,26.4,2.1,92,52,73,2024-07-10
31.0,23.1,26.3,12.0,93,54,76,2024-07-11
30.9,23.3,26.2,3.3,93,51,76,2024-07-12
30.5,23.1,25.9,3.6,93,58,78,2024-07-13
26.2,23.0,24.4,17.7,94,78,88,2024-07-14
29.1,23.3,24.7,5.4,94,67,87,2024-07-15
29.8,23.0,25.6,8.8,95,61,81,2024-07-16
28.7,22.9,25.1,3.6,89,64,81,2024-07-17
27.6,23.1,24.9,10.8,94,77,85,2024-07-18
27.5,22.4,23.9,28.3,94,74,90,2024-07-19
25.9,22.7,23.4,20.6,93,80,91,2024-07-20
27.7,22.4,24.1,13.5,93,69,86,2024-07-21
25.8,22.8,24.0,10.2,92,81,88,2024-07-22
26.6,23.0,24.3,11.9,92,77,87,2024-07-23
24.6,22.4,23.3,25.7,93,87,90,2024-07-24
24.9,22.4,23.2,18.2,92,86,91,2024-07-25
27.2,22.0,23.9,13.5,93,71,85,2024-07-26
25.5,22.9,23.7,10.5,92,80,88,2024-07-27
28.7,22.7,25.1,4.8,94,63,81,2024-07-28
29.3,23.3,25.3,3.8,90,64,82,2024-07-29
29.9,23.4,26.0,0.0,90,61,78,2024-07-30
29.6,23.4,26.1,1.5,88,63,77,2024-07-31
29.0,23.7,25.5,3.7,92,64,81,2024-08-01
27.4,22.9,24.5,11.5,93,71,85,2024-08-02
28.2,23.1,25.4,0.4,86,69,77,2024-08-03
29.0,22.9,25.2,4.9,88,64,80,2024-08-04
30.2,22.7,25.8,0.5,89,62,77,2024-08-05
29.1,22.5,25.2,5.5,93,64,82,2024-08-06
25.1,22.6,23.5,22.2,95,80,92,2024-08-07
29.0,22.0,24.6,7.9,95,63,83,2024-08-08
30.3,21.9,25.3,3.6,98,59,81,2024-08-09
30.3,22.8,26.0,0.4,91,62,78,2024-08-10
29.4,22.9,25.8,0.2,90,59,76,2024-08-11
28.2,23.1,24.9,39.0,95,74,85,2024-08-12
30.4,22.6,26.2,2.2,95,63,82,2024-08-13
30.8,23.6,27.0,0.2,95,62,80,2024-08-14
31.0,23.3,26.5,1.1,98,63,83,2024-08-15
31.2,23.1,25.4,26.6,100,60,88,2024-08-16
30.4,22.8,26.4,3.2,98,64,82,2024-08-17
31.2,23.6,26.5,7.8,97,64,83,2024-08-18
28.8,23.6,25.2,17.3,98,72,90,2024-08-19
29.9,23.1,25.5,8.2,96,61,85,2024-08-20
31.2,23.0,26.7,7.4,97,61,81,2024-08-21
30.1,22.7,25.7,6.9,96,63,82,2024-08-22
28.4,23.2,25.5,0.2,92,66,79,2024-08-23
27.3,22.9,24.3,12.7,93,72,85,2024-08-24
27.0,22.1,24.1,9.1,93,70,85,2024-08-25
29.2,22.4,25.0,1.8,91,62,80,2024-08-26
29.7,22.4,25.1,4.0,94,60,79,2024-08-27
29.3,22.4,25.3,3.3,91,63,78,2024-08-28
29.2,22.3,25.1,1.0,89,61,78,2024-08-29
24.8,22.9,23.8,15.9,93,82,90,2024-08-30
25.1,21.9,23.1,25.0,95,82,91,2024-08-31
23.1,21.7,22.4,72.0,94,90,92,2024-09-01
25.1,22.0,23.5,19.6,93,79,86,2024-09-02
27.6,22.8,24.6,8.8,95,72,84,2024-09-03
28.1,22.6,24.4,7.9,95,69,86,2024-09-04
29.4,22.6,25.1,3.7,94,62,83,2024-09-05
29.0,22.6,25.2,2.9,93,67,83,2024-09-06
26.5,22.8,24.0,10.3,94,76,89,2024-09-07
26.4,22.7,23.7,16.1,95,78,91,2024-09-08
25.0,22.7,23.5,12.9,94,86,91,2024-09-09
29.3,22.4,25.1,2.5,92,61,81,2024-09-10
29.4,22.0,25.1,0.1,87,59,76,2024-09-11
28.7,22.1,25.1,0.0,90,60,75,2024-09-12
28.7,21.9,24.8,0.0,86,56,73,2024-09-13
29.2,21.7,24.9,0.0,89,53,74,2024-09-14
29.4,21.8,25.2,0.0,86,54,73,2024-09-15
27.8,22.2,24.5,0.8,87,63,76,2024-09-16
29.8,22.1,25.2,0.0,86,53,72,2024-09-17
29.5,21.0,24.8,0.1,89,53,74,2024-09-18
30.4,21.1,25.5,0.0,91,54,74,2024-09-19
30.9,22.1,25.8,0.4,92,58,77,2024-09-20
29.5,22.3,24.9,6.1,96,62,85,2024-09-21
29.3,22.2,24.7,2.4,97,67,86,2024-09-22
29.2,22.2,24.8,20.0,98,70,88,2024-09-23
29.3,22.5,25.2,13.6,98,65,85,2024-09-24
28.7,22.7,24.7,14.6,97,69,88,2024-09-25
27.8,22.9,24.8,8.6,96,70,85,2024-09-26
29.0,22.8,25.3,0.0,91,60,79,2024-09-27
29.6,22.2,25.5,0.0,94,60,79,2024-09-28
30.7,22.1,26.1,0.8,96,56,79,2024-09-29
29.9,22.5,25.8,3.7,97,64,85,2024-09-30
31.2,22.7,26.4,2.7,100,58,82,2024-10-01
31.8,22.4,26.4,3.1,96,58,81,2024-10-02
31.5,22.5,26.1,1.1,95,59,81,2024-10-03
30.7,22.4,25.8,0.1,95,59,81,2024-10-04
30.4,22.3,24.9,2.2,96,61,85,2024-10-05
30.7,22.3,25.6,1.4,98,57,82,2024-10-06
30.0,21.7,25.4,2.1,98,58,79,2024-10-07
29.7,21.6,25.2,0.2,98,55,79,2024-10-08
30.2,22.4,25.2,2.7,99,59,82,2024-10-09
29.2,22.5,25.0,1.4,99,64,83,2024-10-10
29.7,22.6,24.9,1.7,99,62,85,2024-10-11
29.5,22.3,24.9,4.4,97,64,85,2024-10-12
29.7,22.2,25.2,2.7,99,62,83,2024-10-13
28.6,21.0,25.1,0.2,100,66,83,2024-10-14
29.4,22.1,24.6,11.0,98,62,85,2024-10-15
29.4,21.9,24.8,6.6,99,60,86,2024-10-16
29.0,22.7,25.0,7.8,97,66,86,2024-10-17
28.8,23.0,25.1,2.6,98,67,86,2024-10-18
30.3,22.0,25.3,0.9,100,59,83,2024-10-19
29.4,21.4,24.4,5.9,99,61,85,2024-10-20
29.6,20.8,24.8,1.2,100,62,83,2024-10-21
29.5,20.9,24.2,6.1,100,60,86,2024-10-22
30.5,21.0,24.9,0.0,98,43,73,2024-10-23
30.7,19.5,24.3,0.0,95,39,70,2024-10-24
30.1,19.9,24.2,0.0,82,39,62,2024-10-25
30.2,20.3,24.4,0.4,80,42,65,2024-10-26
30.5,18.7,24.5,0.0,91,39,66,2024-10-27
30.3,19.5,24.7,0.0,88,39,66,2024-10-28
30.5,20.0,25.4,0.1,93,46,68,2024-10-29
30.2,21.5,24.4,6.5,96,56,82,2024-10-30
28.7,21.1,24.4,11.3,98,63,84,2024-10-31
30.1,21.3,24.4,6.1,98,57,84,2024-11-01
29.2,20.7,24.4,1.6,100,57,83,2024-11-02
28.4,20.6,24.3,1.2,98,55,79,2024-11-03
29.5,20.4,24.5,0.0,97,44,73,2024-11-04
29.7,18.5,24.1,0.0,98,40,67,2024-11-05
30.2,18.1,23.8,0.0,88,39,61,2024-11-06
29.8,17.8,23.3,0.0,82,35,61,2024-11-07
29.6,17.6,23.8,0.0,86,42,65,2024-11-08
29.8,18.2,23.7,0.0,91,39,66,2024-11-09
29.9,18.5,24.1,0.0,86,35,59,2024-11-10
29.3,18.8,23.7,0.0,76,42,61,2024-11-11
29.9,20.5,25.4,0.0,76,45,59,2024-11-12
30.3,22.5,26.3,0.0,81,42,57,2024-11-13
29.5,21.9,25.1,1.0,93,53,76,2024-11-14
30.7,21.6,26.1,1.4,97,44,67,2024-11-15
30.6,21.9,26.0,0.0,71,31,49,2024-11-16
29.5,20.8,24.8,0.0,63,28,47,2024-11-17
28.6,19.9,23.9,0.0,64,35,50,2024-11-18
28.3,19.6,23.6,0.0,64,33,49,2024-11-19
28.1,18.8,23.3,0.0,67,35,49,2024-11-20
28.3,19.2,23.6,0.0,65,32,49,2024-11-21
28.6,19.1,23.6,0.0,67,33,49,2024-11-22
28.3,19.0,23.4,0.0,71,33,51,2024-11-23
28.4,19.4,23.5,0.0,69,35,53,2024-11-24
27.5,18.6,22.7,0.0,71,36,52,2024-11-25
28.8,18.6,23.3,0.0,64,38,50,2024-11-26
27.5,18.9,22.8,0.0,62,30,45,2024-11-27
26.9,18.0,22.0,0.0,61,27,44,2024-11-28
29.0,17.9,23.3,0.0,65,40,53,2024-11-29
29.1,21.1,24.7,0.0,76,50,64,2024-11-30
28.1,22.1,24.7,0.7,89,58,76,2024-12-01
27.3,21.7,23.7,4.2,97,67,85,2024-12-02
27.4,21.3,23.6,3.5,98,65,86,2024-12-03
28.3,21.8,24.7,0.8,98,59,80,2024-12-04
27.4,21.1,23.9,12.2,96,66,85,2024-12-05
29.1,21.6,24.7,3.1,97,55,78,2024-12-06
30.0,21.1,25.1,1.4,98,44,73,2024-12-07
28.7,21.8,24.5,1.1,93,56,78,2024-12-08
27.8,21.4,24.3,1.0,95,55,77,2024-12-09
28.2,21.0,23.8,0.6,95,47,72,2024-12-10
27.2,18.6,22.5,0.0,70,37,56,2024-12-11
27.4,17.5,22.2,0.0,71,33,53,2024-12-12
26.9,18.0,22.2,0.0,67,35,53,2024-12-13
26.6,17.5,21.7,0.0,69,38,54,2024-12-14
26.6,16.9,21.3,0.0,68,31,51,2024-12-15
27.0,15.5,20.9,0.0,66,28,47,2024-12-16
27.5,15.3,21.2,0.0,78,27,53,2024-12-17
28.0,16.7,22.3,0.0,75,35,53,2024-12-18
28.9,18.5,23.6,0.0,79,42,58,2024-12-19
29.4,20.9,24.7,0.0,95,47,72,2024-12-20
29.9,20.0,24.6,0.0,98,38,69,2024-12-21
28.5,20.2,24.0,0.0,90,43,65,2024-12-22
28.6,19.8,24.0,0.0,88,41,63,2024-12-23
28.5,21.0,24.3,0.0,74,37,59,2024-12-24
27.7,20.0,23.1,0.1,91,51,75,2024-12-25
25.9,20.6,22.4,0.5,95,65,84,2024-12-26
26.4,20.6,22.8,1.9,96,54,77,2024-12-27
27.9,18.8,23.0,0.0,94,49,72,2024-12-28
28.9,19.3,23.7,0.0,93,38,67,2024-12-29
30.0,19.4,24.5,0.0,82,28,54,2024-12-30
28.7,19.9,24.5,0.0,80,39,57,2024-12-31
28.6,20.5,24.3,0.0,76,39,57,2025-01-01
28.2,18.6,23.0,0.0,74,21,48,2025-01-02
28.9,18.2,23.1,0.0,56,24,40,2025-01-03
28.9,18.5,23.3,0.0,56,22,40,2025-01-04
28.2,16.4,22.4,0.0,88,31,56,2025-01-05
27.5,17.7,22.6,0.0,80,38,57,2025-01-06
28.6,18.0,23.1,0.0,82,31,53,2025-01-07
27.2,18.7,22.6,0.0,66,28,46,2025-01-08
25.8,17.0,21.6,0.0,60,41,50,2025-01-09
26.4,17.3,22.0,0.0,84,40,60,2025-01-10
26.8,17.8,22.2,0.0,86,41,62,2025-01-11
27.7,18.0,22.6,0.0,88,45,65,2025-01-12
28.7,19.0,23.5,0.0,85,36,58,2025-01-13
28.5,18.4,23.4,0.0,88,38,61,2025-01-14
28.1,18.7,23.1,0.0,94,38,65,2025-01-15
28.2,18.9,23.4,0.0,91,39,63,2025-01-16
28.4,18.9,23.2,0.0,91,34,62,2025-01-17
26.9,18.5,22.6,0.0,90,41,63,2025-01-18
29.3,19.0,23.7,0.0,78,26,51,2025-01-19
29.5,19.2,23.8,0.0,61,26,44,2025-01-20
30.5,18.2,24.1,0.0,58,17,38,2025-01-21
30.1,18.6,24.0,0.0,67,24,47,2025-01-22
29.6,18.5,23.4,0.0,80,31,61,2025-01-23
30.6,19.0,24.1,0.0,85,22,57,2025-01-24
31.3,18.3,24.3,0.0,87,19,52,2025-01-25
30.1,19.6,24.9,0.0,68,30,46,2025-01-26
31.2,19.2,25.0,0.0,81,25,49,2025-01-27
31.0,19.3,25.1,0.0,71,29,47,2025-01-28
30.5,19.8,24.7,0.0,72,32,51,2025-01-29
31.0,19.3,24.8,0.0,80,31,53,2025-01-30
32.4,19.6,25.6,0.0,74,22,48,2025-01-31
32.2,21.0,26.4,0.0,71,22,44,2025-02-01
32.3,21.3,26.5,0.0,66,25,42,2025-02-02
32.2,20.9,26.5,0.0,67,24,42,2025-02-03
33.1,20.0,26.6,0.0,67,18,42,2025-02-04
33.4,22.1,27.6,0.0,61,20,38,2025-02-05
32.4,21.6,26.9,0.0,63,24,41,2025-02-06
32.1,21.9,26.8,0.0,67,29,46,2025-02-07
32.3,22.2,27.1,0.0,66,27,45,2025-02-08
31.6,22.1,27.0,0.0,61,28,42,2025-02-09
32.3,21.4,26.7,0.0,78,27,48,2025-02-10
33.7,21.5,27.3,0.0,74,24,44,2025-02-11
34.4,22.0,28.0,0.0,64,24,41,2025-02-12
33.6,21.5,27.7,0.0,69,19,39,2025-02-13
32.8,22.4,27.1,0.0,58,20,37,2025-02-14
32.9,20.6,27.0,0.0,68,15,35,2025-02-15
33.5,20.4,27.2,0.0,69,15,33,2025-02-16
34.3,21.4,27.8,0.0,58,17,32,2025-02-17
34.7,21.9,28.1,0.0,65,19,38,2025-02-18
34.0,23.0,28.6,0.0,59,23,37,2025-02-19
33.9,23.4,28.3,0.5,64,26,42,2025-02-20
32.8,23.3,27.8,0.0,77,28,48,2025-02-21
33.9,22.3,28.1,0.0,72,21,41,2025-02-22
33.2,23.0,27.8,0.0,62,19,36,2025-02-23
32.3,22.7,27.7,0.0,44,17,29,2025-02-24
31.8,21.1,26.5,0.0,77,23,43,2025-02-25
31.8,21.7,26.9,0.0,68,27,44,2025-02-26
32.4,21.6,27.0,0.0,68,24,44,2025-02-27
32.5,21.7,27.2,0.0,79,26,48,2025-02-28
32.8,21.6,27.2,0.0,71,23,44,2025-03-01
34.5,22.5,28.5,0.0,62,19,37,2025-03-02
35.6,23.5,29.9,0.0,53,16,29,2025-03-03
36.0,22.8,29.9,0.0,62,17,32,2025-03-04
33.7,23.9,28.7,0.0,46,20,31,2025-03-05
32.5,21.1,26.9,0.0,45,10,23,2025-03-06
33.4,19.3,27.2,0.0,64,10,27,2025-03-07
35.8,19.8,28.3,0.0,64,10,28,2025-03-08
34.7,22.6,28.8,0.0,56,20,34,2025-03-09
32.6,20.7,27.1,0.0,92,28,53,2025-03-10
33.6,22.1,28.1,0.0,82,25,46,2025-03-11
35.8,22.4,29.2,0.0,69,17,38,2025-03-12
37.6,23.7,30.6,0.0,60,15,33,2025-03-13
37.4,25.5,31.6,0.0,50,18,30,2025-03-14
37.4,26.0,31.4,0.0,41,15,27,2025-03-15
37.2,25.8,31.4,0.0,34,12,22,2025-03-16
37.6,24.9,31.2,0.0,42,13,25,2025-03-17
37.0,26.2,31.4,0.0,49,15,28,2025-03-18
36.1,24.6,30.2,0.0,57,14,33,2025-03-19
35.3,22.1,28.7,0.0,90,22,52,2025-03-20
35.8,22.4,29.0,0.0,84,24,49,2025-03-21
33.8,23.0,27.2,0.5,89,34,61,2025-03-22
32.3,22.8,27.6,0.1,89,37,63,2025-03-23
33.3,22.8,28.2,0.0,90,29,56,2025-03-24
34.5,23.0,29.2,0.0,79,23,44,2025-03-25
36.2,24.0,30.0,0.0,59,17,35,2025-03-26
37.5,25.1,30.8,0.0,56,16,33,2025-03-27
37.8,26.1,31.8,0.0,46,17,31,2025-03-28
37.6,26.2,31.9,0.0,45,19,31,2025-03-29
38.1,26.8,32.0,0.0,44,17,29,2025-03-30
37.0,26.1,31.2,0.0,43,17,28,2025-03-31
35.2,23.8,29.4,0.0,73,29,47,2025-04-01
32.8,23.3,28.1,0.0,79,36,55,2025-04-02
30.3,21.6,25.8,9.4,95,48,71,2025-04-03
30.6,21.4,25.7,3.0,96,49,74,2025-04-04
32.5,23.6,27.7,0.0,82,38,63,2025-04-05
34.5,23.1,28.6,0.0,78,24,54,2025-04-06
36.1,23.8,29.8,0.0,64,19,41,2025-04-07
35.6,23.9,29.7,0.1,75,27,47,2025-04-08
36.8,23.8,30.3,0.0,83,19,47,2025-04-09
37.1,25.4,30.8,0.0,61,20,39,2025-04-10
37.0,24.3,31.0,0.0,62,14,35,2025-04-11
37.1,25.3,31.7,0.0,50,14,27,2025-04-12
37.0,25.1,31.3,0.0,48,16,28,2025-04-13
36.9,24.9,31.2,0.0,60,18,34,2025-04-14
36.2,25.6,31.2,0.0,60,21,35,2025-04-15
36.2,24.3,30.5,0.0,88,29,51,2025-04-16
35.9,25.1,30.1,0.3,77,31,54,2025-04-17
37.2,25.6,31.4,0.0,65,26,44,2025-04-18
35.3,26.7,30.7,1.7,64,35,50,2025-04-19
37.9,27.3,32.8,0.0,59,24,39,2025-04-20
37.8,26.7,32.4,0.1,67,26,42,2025-04-21
38.5,27.7,33.3,0.1,61,24,38,2025-04-22
38.3,28.0,33.2,0.0,57,23,37,2025-04-23
38.7,27.8,33.6,0.0,50,22,32,2025-04-24
38.4,28.9,33.4,0.0,49,22,35,2025-04-25
37.6,27.0,32.4,0.0,64,26,42,2025-04-26
32.9,24.7,29.1,8.2,86,44,62,2025-04-27
37.0,24.9,30.8,0.0,75,21,48,2025-04-28
36.9,25.0,31.2,0.0,75,24,44,2025-04-29
38.4,25.6,32.3,0.0,76,19,41,2025-04-30
37.9,25.2,31.7,0.0,84,23,50,2025-05-01
38.7,25.5,32.2,0.0,83,17,45,2025-05-02
38.6,26.2,32.3,0.0,72,16,41,2025-05-03
38.5,26.1,31.4,0.0,65,16,39,2025-05-04
37.5,23.9,31.4,0.0,82,18,43,2025-05-05
36.8,24.9,31.4,0.0,72,20,39,2025-05-06
36.0,24.8,31.2,0.8,62,24,38,2025-05-07
35.2,26.4,31.0,0.0,52,26,36,2025-05-08
35.6,25.1,30.9,0.0,69,26,40,2025-05-09
36.5,26.7,31.7,0.0,61,26,39,2025-05-10
37.6,27.4,32.2,0.2,60,25,41,2025-05-11
37.0,26.3,32.1,0.0,63,30,43,2025-05-12
36.5,26.1,31.2,0.0,70,32,49,2025-05-13
36.9,25.5,30.9,0.2,77,31,51,2025-05-14
33.6,22.8,29.3,11.5,94,45,61,2025-05-15
35.5,25.0,29.9,0.3,83,36,57,2025-05-16
34.9,26.1,30.2,0.6,74,40,57,2025-05-17
35.2,25.0,29.6,1.5,79,39,62,2025-05-18
34.0,23.6,28.8,8.8,93,44,68,2025-05-19
34.5,25.7,29.9,1.9,86,43,65,2025-05-20
30.2,24.1,26.4,24.5,95,66,82,2025-05-21
30.8,23.7,26.5,5.4,95,57,78,2025-05-22
31.5,24.0,27.4,1.0,86,51,69,2025-05-23
31.1,24.5,26.8,1.6,88,58,74,2025-05-24
30.4,23.2,26.5,2.6,92,59,77,2025-05-25
28.8,23.7,25.7,2.0,93,67,81,2025-05-26
30.7,23.4,25.9,1.5,95,60,81,2025-05-27
28.0,23.8,25.3,3.5,94,68,84,2025-05-28
30.9,23.5,26.1,4.5,95,58,82,2025-05-29
32.2,23.6,27.7,1.8,92,48,71,2025-05-30
33.6,24.5,28.6,0.0,81,39,59,2025-05-31
33.0,24.3,28.0,0.2,79,43,62,2025-06-01
31.9,24.0,27.3,1.1,81,49,66,2025-06-02
31.8,24.1,27.7,0.2,80,48,65,2025-06-03
33.0,23.9,28.3,0.1,78,42,59,2025-06-04
32.5,23.9,28.0,0.7,85,43,62,2025-06-05
33.8,23.8,29.0,0.2,84,41,61,2025-06-06
35.4,25.5,29.7,0.0,72,34,56,2025-06-07
35.1,25.5,29.3,0.6,77,37,60,2025-06-08
28.6,24.7,26.1,6.2,87,68,77,2025-06-09
31.5,24.6,27.4,1.6,80,53,70,2025-06-10
30.1,23.9,26.6,2.6,88,57,75,2025-06-11
31.1,22.6,26.5,10.0,96,59,80,2025-06-12
32.1,24.2,27.6,0.9,96,54,77,2025-06-13
31.4,24.6,27.7,1.6,91,56,74,2025-06-14
30.9,23.8,26.5,5.4,89,57,77,2025-06-15
30.2,23.8,26.4,1.6,88,59,75,2025-06-16
31.8,24.1,27.6,0.1,83,51,66,2025-06-17
31.4,23.7,27.5,0.2,82,52,66,2025-06-18
31.6,24.1,27.2,2.3,80,53,68,2025-06-19
31.6,24.1,27.5,0.2,81,51,67,2025-06-20
32.5,23.7,28.1,0.3,84,45,64,2025-06-21
33.0,23.6,28.1,1.0,82,41,61,2025-06-22
31.7,24.0,26.7,0.5,81,48,67,2025-06-23
29.4,23.4,25.7,12.4,85,58,74,2025-06-24
28.9,23.7,25.9,7.2,85,60,74,2025-06-25
30.0,22.8,26.2,9.8,93,54,74,2025-06-26
30.4,23.3,26.7,1.6,83,55,69,2025-06-27
32.0,23.4,27.6,0.3,83,47,64,2025-06-28
32.0,23.8,26.9,1.5,78,42,65,2025-06-29
30.6,23.1,25.5,8.7,90,54,75,2025-06-30
28.0,22.7,24.5,9.6,92,68,83,2025-07-01
27.8,22.7,24.6,4.9,95,70,85,2025-07-02
27.7,23.4,25.2,1.8,86,67,78,2025-07-03
29.9,23.5,25.9,11.5,83,59,75,2025-07-04
29.9,23.9,26.0,2.9,82,59,75,2025-07-05
30.8,23.4,26.6,2.4,83,54,69,2025-07-06
28.9,23.2,25.5,3.0,89,61,76,2025-07-07
29.8,23.3,25.8,1.7,84,58,74,2025-07-08
29.9,23.7,26.0,0.6,87,51,73,2025-07-09
31.4,22.9,26.8,0.7,89,47,70,2025-07-10
31.6,23.4,27.5,0.3,87,49,68,2025-07-11
32.2,23.7,27.6,1.3,85,44,67,2025-07-12
32.0,24.4,28.1,0.0,79,46,63,2025-07-13
32.3,24.2,28.2,1.2,80,45,62,2025-07-14
31.2,24.0,27.0,2.7,81,53,71,2025-07-15
32.2,23.8,27.7,4.3,86,48,69,2025-07-16
31.3,22.8,27.0,7.0,95,59,77,2025-07-17
31.1,22.7,25.9,12.5,95,57,82,2025-07-18
30.2,22.5,25.7,8.5,95,62,83,2025-07-19
29.5,23.7,26.2,2.1,94,66,78,2025-07-20
30.3,23.5,26.2,3.0,92,60,79,2025-07-21
29.0,23.0,25.3,5.5,93,66,84,2025-07-22
27.6,23.0,24.4,8.1,95,70,87,2025-07-23
25.7,22.8,23.9,8.5,92,77,87,2025-07-24
26.6,22.9,24.0,14.9,95,78,88,2025-07-25
24.5,22.6,23.5,23.5,94,87,90,2025-07-26
29.3,23.0,25.8,0.9,90,59,73,2025-07-27
29.9,22.6,25.9,0.0,84,55,70,2025-07-28
29.6,23.2,26.0,0.5,82,55,71,2025-07-29
28.5,23.2,25.4,2.9,86,62,77,2025-07-30
29.3,23.0,26.0,1.0,84,61,74,2025-07-31
30.3,23.3,26.4,0.0,85,56,73,2025-08-01
30.8,23.6,27.0,0.2,84,52,71,2025-08-02
30.7,23.4,26.8,0.6,88,60,76,2025-08-03
31.1,23.4,26.4,4.1,97,57,80,2025-08-04
29.6,23.6,26.5,6.6,93,65,79,2025-08-05
31.5,22.8,26.6,7.0,96,56,79,2025-08-06
30.0,24.1,26.1,23.7,96,62,83,2025-08-07
29.5,22.5,26.0,3.9,94,65,80,2025-08-08
28.1,21.8,24.8,5.4,97,67,85,2025-08-09
28.5,22.8,24.7,15.0,96,67,86,2025-08-10
28.6,22.3,24.8,9.7,95,66,84,2025-08-11
28.5,22.2,24.9,4.4,95,68,83,2025-08-12
26.3,22.2,23.8,11.8,96,78,88,2025-08-13
27.4,21.9,24.1,8.8,97,67,85,2025-08-14
27.6,22.3,24.4,4.8,94,72,85,2025-08-15
26.9,22.5,24.2,2.0,94,73,86,2025-08-16
26.6,22.5,23.8,7.5,95,76,88,2025-08-17
25.7,22.4,23.6,15.6,95,79,88,2025-08-18
26.9,22.1,23.8,7.4,94,69,85,2025-08-19
27.5,22.7,24.6,2.8,88,74,82,2025-08-20
29.4,22.4,25.8,0.1,88,61,76,2025-08-21
28.9,22.7,25.6,0.1,86,61,75,2025-08-22
28.8,22.4,25.3,0.1,86,60,74,2025-08-23
29.2,22.2,25.6,0.1,85,56,72,2025-08-24
29.4,21.9,25.6,0.1,85,55,71,2025-08-25
26.7,22.7,24.2,19.8,94,75,84,2025-08-26
26.7,22.2,23.3,25.8,96,77,91,2025-08-27
26.5,21.8,23.7,17.6,96,75,89,2025-08-28
28.6,21.8,24.9,1.7,96,62,81,2025-08-29
29.6,22.5,25.8,0.4,90,60,77,2025-08-30
28.0,22.9,25.0,2.9,92,74,84,2025-08-31
27.9,22.7,24.8,8.7,93,66,83,2025-09-01
27.0,22.7,24.3,4.5,93,70,84,2025-09-02
28.8,22.2,24.9,0.2,93,57,79,2025-09-03
29.4,22.1,25.4,0.3,92,55,76,2025-09-04
29.1,22.2,25.5,0.6,89,58,75,2025-09-05
28.9,22.8,25.6,0.2,89,65,78,2025-09-06
29.3,22.6,25.6,0.0,89,54,73,2025-09-07
30.0,22.7,26.2,0.5,88,55,73,2025-09-08
31.8,22.2,27.2,0.9,86,44,67,2025-09-09
30.7,22.6,26.1,12.2,94,59,79,2025-09-10
26.7,22.7,24.2,20.5,94,75,87,2025-09-11
25.7,21.9,23.8,6.6,96,79,89,2025-09-12
27.2,22.5,24.1,11.5,96,74,89,2025-09-13
29.3,21.7,25.0,7.2,98,69,85,2025-09-14
28.9,22.6,25.2,4.5,97,66,84,2025-09-15
29.4,22.9,25.2,7.6,97,66,85,2025-09-16
28.8,22.5,25.4,1.2,97,68,85,2025-09-17
30.0,21.9,25.8,6.3,96,65,83,2025-09-18
30.3,22.0,25.5,16.2,98,59,82,2025-09-19
30.0,21.9,25.7,2.2,96,64,82,2025-09-20
29.7,22.4,25.4,9.3,97,65,84,2025-09-21
28.4,22.4,24.7,6.8,96,69,87,2025-09-22
28.7,22.7,24.7,10.2,97,69,86,2025-09-23
28.3,22.5,25.0,0.0,91,64,80,2025-09-24
25.7,22.2,23.6,6.0,89,72,84,2025-09-25
27.7,21.7,23.7,16.9,96,75,88,2025-09-26
25.1,22.0,23.4,10.5,97,86,92,2025-09-27
27.1,21.7,23.9,3.3,91,68,82,2025-09-28
29.2,21.6,25.0,0.0,93,55,76,2025-09-29
28.4,22.1,25.2,0.1,92,62,79,2025-09-30
29.2,22.4,25.4,0.2,88,57,75,2025-10-01
27.9,23.0,25.1,0.0,87,63,78,2025-10-02
29.7,23.0,25.8,0.0,89,54,76,2025-10-03
29.7,23.6,26.0,0.8,88,60,79,2025-10-04
29.6,22.3,25.4,2.3,90,60,80,2025-10-05
29.6,21.5,24.6,10.2,97,55,82,2025-10-06
28.5,21.8,24.7,3.4,94,63,82,2025-10-07
30.4,22.7,25.9,0.7,94,48,75,2025-10-08
29.2,22.0,25.8,1.1,96,58,76,2025-10-09
30.7,22.8,26.3,0.0,78,40,60,2025-10-10
30.8,21.8,26.1,0.0,72,40,57,2025-10-11
31.4,22.3,26.9,0.0,76,40,57,2025-10-12
28.1,23.7,25.5,0.2,85,56,70,2025-10-13
28.9,22.5,24.9,2.1,97,63,82,2025-10-14
29.7,22.3,25.7,0.7,98,50,75,2025-10-15
31.0,22.6,26.8,0.0,93,44,66,2025-10-16
31.2,22.7,26.9,0.7,89,44,65,2025-10-17
31.7,22.6,27.1,0.0,90,39,60,2025-10-18
31.1,22.5,26.2,1.3,93,46,68,2025-10-19
29.8,22.6,25.7,10.8,95,55,74,2025-10-20
30.4,22.8,25.4,2.2,93,52,77,2025-10-21
29.8,22.6,25.1,5.1,96,57,81,2025-10-22
26.7,22.5,23.7,5.5,98,70,89,2025-10-23
25.7,21.9,23.3,12.0,98,76,91,2025-10-24
27.0,21.6,23.4,20.4,98,70,89,2025-10-25
28.0,21.6,24.4,1.0,100,68,84,2025-10-26
28.8,21.3,24.9,2.3,97,58,79,2025-10-27
27.8,22.0,23.5,16.8,97,67,89,2025-10-28
23.8,21.7,22.5,26.7,98,77,91,2025-10-29
28.4,22.3,24.8,0.2,89,55,74,2025-10-30
28.5,20.9,24.4,0.0,85,55,71,2025-10-31
28.7,22.0,25.2,0.1,94,63,80,2025-11-01
29.1,22.5,25.0,0.4,93,61,81,2025-11-02
28.8,22.4,25.4,1.0,94,63,81,2025-11-03
28.2,22.3,24.3,1.6,98,63,85,2025-11-04
29.7,21.7,25.2,0.0,99,46,74,2025-11-05
28.7,21.7,25.0,0.0,84,45,65,2025-11-06
29.5,21.6,25.0,0.0,81,36,58,2025-11-07
28.9,20.3,24.2,0.0,72,26,50,2025-11-08
28.0,18.3,23.3,0.0,83,34,54,2025-11-09
28.8,18.0,23.5,0.0,72,34,51,2025-11-10
29.3,19.2,24.2,0.0,69,35,49,2025-11-11
29.5,19.3,24.1,0.0,66,32,48,2025-11-12
29.0,18.7,23.4,0.0,63,27,45,2025-11-13
28.2,16.4,22.4,0.0,72,31,50,2025-11-14
27.8,16.7,22.4,0.0,79,30,52,2025-11-15
27.9,17.1,22.4,0.0,70,28,48,2025-11-16
27.7,17.4,22.3,0.0,61,29,45,2025-11-17
29.1,17.3,23.1,0.0,60,30,45,2025-11-18
29.0,17.4,23.1,0.0,69,30,49,2025-11-19
28.9,16.6,23.0,0.0,76,31,49,2025-11-20
29.7,18.5,24.3,0.0,71,41,57,2025-11-21
30.5,20.8,25.2,0.0,85,41,63,2025-11-22
31.2,21.0,25.7,0.0,88,35,61,2025-11-23
30.2,21.3,25.4,0.0,75,32,54,2025-11-24
29.3,19.6,24.4,0.0,92,38,58,2025-11-25
29.0,19.1,24.0,0.0,93,35,61,2025-11-26
28.5,18.7,23.6,0.0,92,40,63,2025-11-27
28.1,19.2,23.1,0.0,74,30,52,2025-11-28
27.0,17.2,22.1,0.0,65,36,51,2025-11-29
26.9,19.2,22.7,0.0,65,42,54,2025-11-30
28.3,19.5,23.4,0.2,78,39,60,2025-12-01
28.8,19.0,23.9,0.0,87,43,62,2025-12-02
28.5,20.3,24.1,0.0,70,46,58,2025-12-03
28.4,20.8,24.3,0.1,80,50,62,2025-12-04
28.2,19.7,23.6,0.0,71,38,52,2025-12-05
28.3,17.9,22.9,0.0,66,32,49,2025-12-06
29.1,18.8,23.4,0.0,63,28,45,2025-12-07
28.9,17.3,22.6,0.0,60,22,40,2025-12-08
28.8,17.5,22.7,0.0,56,17,35,2025-12-09
28.6,17.6,22.7,0.0,50,18,35,2025-12-10
28.3,16.8,22.2,0.0,54,13,32,2025-12-11
28.2,15.2,21.9,0.0,59,17,35,2025-12-12
28.3,15.1,22.1,0.0,73,23,42,2025-12-13
28.3,16.4,22.3,0.0,67,25,45,2025-12-14
27.7,16.7,22.0,0.0,70,29,50,2025-12-15
27.9,17.0,22.0,0.0,75,28,52,2025-12-16
29.2,17.7,22.9,0.0,76,23,49,2025-12-17
29.0,17.2,22.7,0.0,65,17,40,2025-12-18
27.5,17.4,22.1,0.0,52,20,37,2025-12-19
27.3,15.9,21.6,0.0,62,24,42,2025-12-20
27.0,14.8,21.2,0.0,85,32,55,2025-12-21
27.5,17.0,22.2,0.0,69,31,48,2025-12-22
27.5,15.6,21.7,0.0,77,29,49,2025-12-23
27.1,17.1,21.9,0.0,65,31,48,2025-12-24
26.8,16.7,21.9,0.0,73,28,47,2025-12-25
26.6,16.2,21.4,0.0,76,32,52,2025-12-26
26.9,16.2,21.5,0.0,83,28,53,2025-12-27
26.8,16.2,21.5,0.0,77,30,52,2025-12-28
26.6,16.5,21.4,0.0,74,29,51,2025-12-29
28.0,16.1,22.0,0.0,78,30,52,2025-12-30
28.3,16.7,22.7,0.0,80,27,53,2025-12-31
29.1,18.2,23.1,0.0,90,31,62,2026-01-01
28.9,18.8,23.3,0.0,88,33,63,2026-01-02
27.6,18.6,22.9,0.0,91,38,62,2026-01-03
26.7,18.2,22.4,0.0,87,37,58,2026-01-04
26.8,17.5,22.1,0.0,79,32,54,2026-01-05
26.6,17.0,21.7,0.0,75,26,50,2026-01-06
26.6,16.5,21.3,0.0,70,22,48,2026-01-07
26.0,16.2,21.0,0.0,66,25,45,2026-01-08
25.3,16.3,20.8,0.0,57,30,42,2026-01-09
25.5,17.1,20.9,0.0,45,24,36,2026-01-10
25.6,16.7,21.5,0.0,53,30,41,2026-01-11
26.6,18.8,22.6,0.0,64,37,47,2026-01-12
29.5,19.0,23.9,0.0,84,35,54,2026-01-13
29.6,19.7,24.5,0.2,75,32,52,2026-01-14
28.8,20.0,24.5,0.0,76,37,54,2026-01-15
28.7,19.0,23.7,0.0,73,29,49,2026-01-16
29.6,18.0,23.7,0.0,58,19,38,2026-01-17
30.2,17.0,23.6,0.0,77,15,41,2026-01-18
29.7,17.7,23.8,0.0,72,22,45,2026-01-19
28.4,18.7,23.7,0.0,78,28,48,2026-01-20
27.2,17.7,22.7,0.0,85,32,51,2026-01-21
27.0,17.4,22.4,0.0,79,30,49,2026-01-22
26.8,17.8,22.4,0.0,82,29,50,2026-01-23
28.2,17.6,22.5,0.0,98,31,57,2026-01-24
28.6,19.2,23.6,0.0,76,36,57,2026-01-25
28.7,19.6,23.8,0.0,77,36,56,2026-01-26
28.7,19.5,24.0,0.0,71,37,53,2026-01-27
30.1,19.1,24.3,0.0,75,29,52,2026-01-28
29.2,19.4,24.3,0.0,82,30,54,2026-01-29
28.6,19.6,23.9,0.0,79,34,55,2026-01-30
27.7,18.7,23.3,0.0,82,36,54,2026-01-31
27.7,17.8,22.9,0.0,94,38,59,2026-02-01
28.2,18.2,23.2,0.0,86,35,59,2026-02-02
28.1,18.3,23.2,0.0,94,36,59,2026-02-03
28.2,18.4,23.5,0.0,93,32,56,2026-02-04
28.4,18.5,23.4,0.0,90,31,55,2026-02-05
28.8,18.9,24.0,0.0,80,30,50,2026-02-06
29.4,18.6,24.3,0.0,79,22,44,2026-02-07
29.6,20.3,24.7,0.0,46,20,32,2026-02-08
30.1,18.9,24.3,0.0,51,21,34,2026-02-09
30.0,18.7,24.4,0.0,59,23,39,2026-02-10
29.5,18.3,23.8,0.0,74,27,50,2026-02-11
29.6,18.3,24.0,0.0,79,24,48,2026-02-12
30.2,18.6,24.5,0.0,70,22,43,2026-02-13
30.5,19.2,25.2,0.0,68,23,39,2026-02-14
31.2,18.8,25.7,0.0,74,23,39,2026-02-15
30.7,20.8,26.1,0.0,55,25,37,2026-02-16
30.0,19.8,25.0,0.0,63,28,43,2026-02-17
29.4,18.8,24.4,0.0,73,29,48,2026-02-18
30.0,20.2,25.0,0.0,64,29,45,2026-02-19
31.0,19.5,25.3,0.0,82,25,50,2026-02-20
31.5,20.9,26.3,0.0,75,28,47,2026-02-21
31.9,21.8,26.4,0.0,74,25,48,2026-02-22
31.4,21.7,25.6,1.9,86,33,58,2026-02-23
28.9,19.5,24.1,3.7,96,37,66,2026-02-24
29.0,20.8,24.8,0.0,86,36,61,2026-02-25
29.7,20.4,24.9,0.0,81,36,59,2026-02-26
30.4,21.5,25.8,0.0,76,34,54,2026-02-27
31.6,20.8,26.4,0.0,78,28,50,2026-02-28
32.7,21.8,27.3,0.0,72,25,46,2026-03-01
34.1,22.9,28.3,0.0,67,23,45,2026-03-02
34.1,22.8,28.8,0.0,73,22,40,2026-03-03
33.6,20.9,28.2,0.0,81,18,35,2026-03-04
34.5,21.0,28.6,0.0,65,14,30,2026-03-05
35.1,21.9,29.1,0.0,48,13,27,2026-03-06
35.3,21.6,29.1,0.0,59,16,30,2026-03-07
34.5,23.0,28.7,0.0,56,20,36,2026-03-08
33.7,22.5,27.8,0.0,77,24,52,2026-03-09
32.5,22.4,27.4,0.0,84,31,54,2026-03-10
34.3,22.8,28.4,0.0,57,22,37,2026-03-11
35.3,21.1,29.2,0.0,75,16,36,2026-03-12
36.1,23.6,30.2,0.0,45,13,28,2026-03-13
35.5,23.9,29.5,0.0,61,17,38,2026-03-14
33.9,22.8,28.6,0.0,76,21,42,2026-03-15
33.4,23.6,28.1,0.3,68,22,43,2026-03-16
31.0,22.3,26.6,0.4,72,29,49,2026-03-17
27.8,20.4,23.5,3.8,81,40,62,2026-03-18
30.4,19.8,24.9,0.0,88,32,61,2026-03-19
30.8,20.0,25.8,0.0,87,29,54,2026-03-20
32.5,22.0,26.8,0.1,74,25,53,2026-03-21
31.4,22.5,27.3,0.4,88,37,58,2026-03-22
34.0,23.3,28.4,0.2,79,27,50,2026-03-23
33.7,23.7,28.3,0.7,72,30,51,2026-03-24
33.5,24.1,28.7,0.1,77,32,51,2026-03-25
35.1,24.1,29.8,0.0,72,22,43,2026-03-26
35.5,23.9,30.0,0.0,70,24,42,2026-03-27
35.2,25.2,30.4,0.0,57,22,37,2026-03-28
36.6,25.2,30.9,0.0,54,20,34,2026-03-29
36.3,26.2,30.3,0.3,60,23,41,2026-03-30
32.0,23.2,27.6,1.5,75,37,55,2026-03-31
33.5,23.9,28.9,0.0,83,30,53,2026-04-01
33.5,23.7,28.8,0.0,64,32,44,2026-04-02
34.9,24.4,30.0,0.0,71,27,42,2026-04-03
34.6,26.1,30.5,0.1,54,29,38,2026-04-04
33.9,27.1,30.4,2.3,53,27,42,2026-04-05
34.7,25.1,30.5,0.0,66,21,37,2026-04-06
34.6,24.7,30.2,0.0,41,21,28,2026-04-07
35.6,25.2,30.9,0.0,43,19,28,2026-04-08
36.3,25.9,31.3,0.0,49,20,31,2026-04-09
36.8,25.7,31.6,0.0,60,21,35,2026-04-10
37.9,26.2,32.1,0.0,60,22,37,2026-04-11
38.3,27.3,32.6,0.0,55,19,36,2026-04-12
37.4,27.4,32.6,0.0,54,23,38,2026-04-13
38.4,27.5,33.1,0.0,55,21,36,2026-04-14
38.6,27.7,33.5,0.0,53,18,32,2026-04-15
38.4,27.4,33.2,0.0,62,19,37,2026-04-16
39.5,27.9,33.8,0.0,72,17,38,2026-04-17
39.0,27.4,33.2,0.0,65,19,38,2026-04-18
38.3,26.6,32.4,0.0,72,22,43,2026-04-19
37.1,26.6,32.4,0.0,55,21,34,2026-04-20
36.6,27.3,31.9,0.2,67,25,41,2026-04-21
37.8,26.3,32.0,0.0,64,18,38,2026-04-22
37.3,26.9,32.4,0.0,67,20,36,2026-04-23
37.7,26.4,32.3,0.0,57,21,35,2026-04-24
38.2,26.9,33.0,0.0,63,20,35,2026-04-25
37.7,27.9,33.4,0.0,62,23,37,2026-04-26
39.1,27.6,33.7,0.0,59,20,35,2026-04-27
39.3,27.3,33.4,0.0,68,16,37,2026-04-28
39.4,28.0,33.5,0.0,51,18,33,2026-04-29
38.9,29.1,34.2,0.0,46,15,27,2026-04-30
37.9,27.3,33.1,0.0,50,18,27,2026-05-01
38.9,28.2,33.9,0.0,39,15,26,2026-05-02
38.8,28.7,33.7,0.0,51,17,27,2026-05-03
38.8,26.1,32.6,0.0,63,13,32,2026-05-04
38.2,26.1,32.1,0.0,74,13,40,2026-05-05
35.8,25.5,30.7,0.0,84,26,47,2026-05-06
35.2,25.7,30.4,0.2,75,30,49,2026-05-07
34.8,25.4,30.1,0.0,73,34,50,2026-05-08
34.7,24.7,30.2,0.0,84,27,51,2026-05-09
36.3,24.7,30.8,0.2,82,26,49,2026-05-10
36.7,25.1,30.9,0.0,79,25,49,2026-05-11
36.6,26.2,31.2,2.0,74,28,49,2026-05-12
36.9,26.5,31.9,1.5,73,28,48,2026-05-13
36.9,28.5,32.7,0.3,59,32,44,2026-05-14
37.4,27.5,33.1,0.2,68,25,43,2026-05-15
37.7,29.4,33.0,1.0,63,30,45,2026-05-16
36.6,27.6,32.1,0.4,68,34,48,2026-05-17
36.7,27.8,32.5,0.6,68,31,46,2026-05-18
37.9,28.0,33.2,0.3,71,28,46,2026-05-19
38.5,28.2,33.7,0.3,66,25,42,2026-05-20
40.0,29.3,34.9,0.0,56,20,36,2026-05-21
36.8,29.3,32.8,0.2,63,29,47,2026-05-22
37.2,28.0,32.9,0.8,63,28,45,2026-05-23
37.7,26.5,32.5,0.0,72,23,46,2026-05-24
37.1,29.1,32.8,1.8,56,30,43,2026-05-25
36.9,25.1,32.3,4.1,79,30,47,2026-05-26
32.5,23.2,28.5,2.5,90,49,67,2026-05-27
36.2,26.0,30.7,0.3,76,35,58,2026-05-28
36.8,27.5,31.9,0.0,68,29,49,2026-05-29
37.0,28.2,32.7,0.0,63,25,41,2026-05-30
35.8,28.2,31.9,0.5,63,31,44,2026-05-31
35.8,27.4,32.1,0.0,51,26,38,2026-06-01
35.5,27.7,31.9,0.6,58,33,43,2026-06-02
34.4,26.8,30.9,0.2,63,37,49,2026-06-03
35.0,26.9,30.7,0.9,67,37,52,2026-06-04
33.5,25.3,29.6,0.1,85,43,60,2026-06-05
35.2,23.7,30.0,7.8,91,37,58,2026-06-06
35.0,24.8,29.5,0.8,92,38,64,2026-06-07
31.6,24.9,28.2,0.3,82,52,67,2026-06-08
32.2,25.6,27.9,1.3,81,52,71,2026-06-09
34.0,25.0,28.9,1.0,83,44,65,2026-06-10
34.5,25.8,29.8,0.0,72,42,60,2026-06-11
34.1,25.9,30.1,0.0,75,39,56,2026-06-12
32.9,24.5,28.3,2.8,82,48,65,2026-06-13
33.0,25.7,28.8,0.7,73,47,62,2026-06-14
34.0,26.4,30.2,0.0,65,37,52,2026-06-15
35.2,26.9,31.2,0.0,56,30,45,2026-06-16
36.2,27.3,31.6,1.2,59,29,44,2026-06-17
35.2,27.3,31.7,0.2,63,36,45,2026-06-18
34.9,26.1,31.4,0.2,73,34,48,2026-06-19
36.9,26.9,31.9,1.1,72,33,46,2026-06-20
32.6,25.9,29.1,2.3,72,48,60,2026-06-21
33.2,26.6,30.0,0.0,72,43,57,2026-06-22
31.9,23.6,28.4,2.7,87,45,61,2026-06-23
31.0,24.6,27.5,0.4,82,49,62,2026-06-24
30.5,23.8,27.0,1.8,83,53,68,2026-06-25
30.8,24.4,27.3,1.2,87,52,71,2026-06-26
28.7,24.1,26.6,4.2,92,65,78,2026-06-27
32.6,23.2,26.9,14.6,97,53,81,2026-06-28
29.6,24.3,26.7,0.9,92,61,76,2026-06-29
29.8,23.8,26.7,1.8,87,58,73,2026-06-30
29.1,23.7,25.9,4.0,90,61,76,2026-07-01
28.6,23.5,25.6,6.9,91,61,80,2026-07-02
28.3,23.5,25.3,7.1,90,64,80,2026-07-03
25.2,22.8,24.0,10.7,94,84,88,2026-07-04
27.9,23.2,25.4,4.5,89,65,77,2026-07-05
