date,product_identifier,outlet,sales,v6_predicted,v7_hurdle_predicted
2014-01-29,1190,331,0,0.0,0.0
2014-01-29,2935,221,0,0.38,0.0
2014-01-29,581,333,2,0.49,0.0
2014-01-29,1727,331,0,0.13,0.0
2014-01-29,3008,111,2,1.36,2.0
2014-01-29,1629,221,0,2.08,2.0
2014-01-29,1328,331,0,0.33,0.0
2014-01-29,3021,221,0,0.03,0.0
2014-01-29,1054,111,0,1.38,2.0
2014-01-29,1599,114,0,0.05,0.0
2014-01-29,797,111,0,1.51,2.0
2014-01-29,926,112,0,0.02,0.0
2014-01-29,1275,112,0,0.0,0.0
2014-01-29,1135,112,0,0.05,0.0
2014-01-29,743,111,0,1.04,0.0
2014-01-29,1599,222,0,0.03,0.0
2014-01-29,1242,111,0,0.45,0.0
2014-01-29,926,331,0,0.02,0.0
2014-01-29,1173,113,0,1.07,0.0
2014-01-29,2332,113,21,14.32,11.0
2014-01-29,1190,113,0,0.0,0.0
2014-01-29,1240,112,0,0.0,0.0
2014-01-29,1508,112,0,0.12,0.0
2014-01-29,74,222,1,0.12,0.0
2014-01-29,631,113,2,0.9,0.0
2014-01-29,1275,114,0,0.0,0.0
2014-01-29,743,333,1,0.36,0.0
2014-01-29,1424,112,0,0.44,0.0
2014-01-29,1275,331,0,0.0,0.0
2014-01-29,1328,111,1,0.34,0.0
2014-01-29,3021,333,0,0.18,0.0
2014-01-29,1472,332,0,0.26,0.0
2014-01-29,423,111,1,0.44,0.0
2014-01-29,1275,111,0,0.0,0.0
2014-01-29,611,114,1,1.31,2.0
2014-01-29,3021,331,0,0.16,0.0
2014-01-29,904,221,0,0.18,0.0
2014-01-29,74,111,0,0.23,0.0
2014-01-29,1242,113,3,0.43,0.0
2014-01-29,2768,222,1,0.24,0.0
2014-01-29,2492,332,1,2.67,2.0
2014-01-29,1727,114,0,0.05,0.0
2014-01-29,659,333,0,0.36,0.0
2014-01-29,1228,222,0,0.08,0.0
2014-01-29,1228,223,0,0.2,0.0
2014-01-29,611,112,1,1.41,0.0
2014-01-29,631,222,0,0.18,0.0
2014-01-29,423,332,0,0.19,0.0
2014-01-29,423,222,0,0.48,0.0
2014-01-29,2935,112,4,3.17,3.0
2014-01-29,1542,114,0,0.12,0.0
2014-01-29,631,332,0,0.41,0.0
2014-01-29,2853,331,1,1.95,2.0
2014-01-29,2818,333,0,0.0,0.0
2014-01-29,432,111,0,0.1,0.0
2014-01-29,423,223,1,0.34,0.0
2014-01-29,1135,222,0,0.19,0.0
2014-01-29,868,114,0,0.37,0.0
2014-01-29,1424,221,0,0.35,0.0
2014-01-29,926,114,0,0.09,0.0
2014-01-29,611,221,0,1.23,2.0
2014-01-29,1727,223,0,0.07,0.0
2014-01-29,1135,332,0,0.0,0.0
2014-01-29,3008,331,1,1.24,2.0
2014-01-29,2853,221,4,1.57,2.0
2014-01-29,1753,114,2,0.33,0.0
2014-01-29,3008,223,1,0.55,0.0
2014-01-29,3021,332,0,0.0,0.0
2014-01-29,1424,222,0,0.26,0.0
2014-01-29,1173,223,0,0.03,0.0
2014-01-29,2332,111,2,5.58,5.0
2014-01-29,581,331,0,0.54,0.0
2014-01-29,1508,113,0,0.22,0.0
2014-01-29,1328,113,2,0.56,0.0
2014-01-29,2853,332,3,1.93,2.0
2014-01-29,1542,332,0,0.06,0.0
2014-01-29,1727,113,0,0.19,0.0
2014-01-29,868,222,0,0.16,0.0
2014-01-29,3021,114,0,0.16,0.0
2014-01-29,74,223,0,0.84,0.0
2014-01-29,74,333,0,0.01,0.0
2014-01-29,3008,113,1,1.92,2.0
2014-01-29,581,114,0,0.55,0.0
2014-01-29,2935,223,0,7.41,4.0
2014-01-29,743,114,0,0.44,0.0
2014-01-29,1508,333,0,0.05,0.0
2014-01-29,797,333,1,0.97,0.0
2014-01-29,337,333,0,1.02,0.0
2014-01-29,972,333,1,0.42,0.0
2014-01-29,1694,333,3,1.43,2.0
2014-01-29,1328,222,0,0.73,0.0
2014-01-29,1242,112,0,0.73,0.0
2014-01-29,2332,221,2,1.84,2.0
2014-01-29,2492,331,0,0.04,0.0
2014-01-29,423,114,0,0.15,0.0
2014-01-29,1228,333,0,0.2,0.0
2014-01-29,1365,331,0,0.21,0.0
2014-01-29,2492,113,2,4.35,4.0
2014-01-29,797,112,1,2.4,0.0
2014-01-29,1135,221,0,0.15,0.0
2014-01-29,2768,221,1,0.35,0.0
2014-01-29,1135,113,2,0.13,0.0
2014-01-29,1275,113,0,0.0,0.0
2014-01-29,972,223,2,1.68,2.0
2014-01-29,2935,111,2,11.92,9.0
2014-01-29,2818,221,0,0.26,0.0
2014-01-29,432,112,0,0.0,0.0
2014-01-29,74,113,0,0.46,0.0
2014-01-29,1173,112,0,0.88,0.0
2014-01-29,1753,111,3,0.79,0.0
2014-01-29,1228,114,0,0.03,0.0
2014-01-29,926,111,0,0.03,0.0
2014-01-29,1424,111,2,0.25,0.0
2014-01-29,1599,223,0,0.1,0.0
2014-01-29,1629,112,1,6.2,5.0
2014-01-29,2492,114,2,1.39,2.0
2014-01-29,1190,221,0,0.0,0.0
2014-01-29,611,223,1,1.24,2.0
2014-01-29,631,112,3,0.91,0.0
2014-01-29,1242,222,1,0.42,0.0
2014-01-29,1054,112,0,2.1,2.0
2014-01-29,3008,222,3,0.49,0.0
2014-01-29,2294,111,0,0.17,0.0
2014-01-29,1599,331,0,0.14,0.0
2014-01-29,2932,333,1,1.37,2.0
2014-01-29,1240,223,0,0.01,0.0
2014-01-29,1629,332,5,10.24,10.0
2014-01-29,743,222,0,0.92,0.0
2014-01-29,1365,223,0,0.09,0.0
2014-01-29,432,221,1,0.06,0.0
2014-01-29,2332,222,0,1.43,2.0
2014-01-29,1753,331,0,0.48,0.0
2014-01-29,1365,113,0,0.31,0.0
2014-01-29,2853,333,2,1.6,2.0
2014-01-29,659,112,1,0.9,0.0
2014-01-29,868,331,1,0.15,0.0
2014-01-29,1542,111,0,0.05,0.0
2014-01-29,2818,332,0,0.35,0.0
2014-01-29,1508,223,0,0.09,0.0
2014-01-29,1190,114,0,0.0,0.0
2014-01-29,659,113,0,1.14,0.0
2014-01-29,631,223,1,0.19,0.0
2014-01-29,904,223,0,0.27,0.0
2014-01-29,973,221,1,0.24,0.0
2014-01-29,1328,223,1,0.21,0.0
2014-01-29,2818,331,0,0.27,0.0
2014-01-29,973,331,0,0.62,0.0
2014-01-29,1672,114,0,0.04,0.0
2014-01-29,973,113,2,0.82,0.0
2014-01-29,926,223,1,0.04,0.0
2014-01-29,1240,111,0,0.0,0.0
2014-01-29,2332,333,0,1.47,2.0
2014-01-29,581,221,0,0.2,0.0
2014-01-29,2768,114,1,0.25,0.0
2014-01-29,432,114,0,0.0,0.0
2014-01-29,1629,222,18,5.91,6.0
2014-01-29,1542,331,0,0.13,0.0
2014-01-29,1472,333,0,0.41,0.0
2014-01-29,659,332,0,0.42,0.0
2014-01-29,1672,332,0,0.04,0.0
2014-01-29,1753,332,0,0.37,0.0
2014-01-29,2818,113,0,0.37,0.0
2014-01-29,743,112,0,1.66,2.0
2014-01-29,2492,111,1,2.04,3.0
2014-01-29,2768,113,1,0.63,0.0
2014-01-29,1542,113,0,0.13,0.0
2014-01-29,2492,222,0,0.26,0.0
2014-01-29,2768,223,0,0.19,0.0
2014-01-29,2332,112,4,2.39,4.0
2014-01-29,1548,112,1,1.16,0.0
2014-01-29,1672,222,0,0.03,0.0
2014-01-29,1599,221,0,0.09,0.0
2014-01-29,973,114,1,0.35,0.0
2014-01-29,2492,333,1,1.36,0.0
2014-01-29,631,221,0,0.16,0.0
2014-01-29,1365,221,0,0.1,0.0
2014-01-29,337,332,1,1.67,2.0
2014-01-29,904,333,1,0.65,0.0
2014-01-29,1240,114,0,0.0,0.0
2014-01-29,3021,111,0,0.12,0.0
2014-01-29,926,221,0,0.12,0.0
2014-01-29,74,331,0,0.03,0.0
2014-01-29,2932,112,1,0.85,0.0
2014-01-29,2853,112,0,1.52,0.0
2014-01-29,926,113,0,0.03,0.0
2014-01-29,1599,333,0,0.07,0.0
2014-01-29,1753,222,0,0.54,0.0
2014-01-29,1242,331,0,0.17,0.0
2014-01-29,2768,111,2,0.33,0.0
2014-01-29,2332,331,4,2.05,2.0
2014-01-29,1508,221,0,0.15,0.0
2014-01-29,1672,112,0,0.02,0.0
2014-01-29,2853,223,0,2.4,3.0
2014-01-29,2935,222,48,5.35,4.0
2014-01-29,1190,332,0,0.0,0.0
2014-01-29,1508,111,1,0.18,0.0
2014-01-29,868,111,2,0.52,0.0
2014-01-29,1542,222,0,0.0,0.0
2014-01-29,1228,331,0,0.17,0.0
2014-01-29,611,222,1,1.37,2.0
2014-01-29,1328,114,1,0.25,0.0
2014-01-29,1542,112,0,0.0,0.0
2014-01-29,1135,223,0,0.06,0.0
2014-01-29,868,223,0,0.21,0.0
2014-01-29,337,331,2,2.71,3.0
2014-01-29,868,112,1,0.24,0.0
2014-01-29,1629,113,3,6.55,8.0
2014-01-29,743,223,2,0.51,0.0
2014-01-29,1328,333,0,0.24,0.0
2014-01-29,1753,333,1,1.0,0.0
2014-01-29,1365,333,0,0.12,0.0
2014-01-29,1727,332,0,0.08,0.0
2014-01-29,1629,114,2,4.7,4.0
2014-01-29,1173,221,0,0.16,0.0
2014-01-29,581,332,0,0.77,0.0
2014-01-29,1173,333,0,0.16,0.0
2014-01-29,74,112,0,0.04,0.0
2014-01-29,423,113,0,0.12,0.0
2014-01-29,1190,223,0,0.0,0.0
2014-01-29,1135,333,0,0.15,0.0
2014-01-29,1275,221,0,0.0,0.0
2014-01-29,1629,331,5,3.14,3.0
2014-01-29,3008,114,1,0.7,0.0
2014-01-29,3021,222,0,0.11,0.0
2014-01-29,1424,331,0,0.0,0.0
2014-01-29,581,112,0,0.64,0.0
2014-01-29,743,113,1,1.23,0.0
2014-01-29,1275,223,0,0.0,0.0
2014-01-29,973,112,0,0.24,0.0
2014-01-29,1240,221,0,0.02,0.0
2014-01-29,581,223,0,0.48,0.0
2014-01-29,1365,111,0,0.24,0.0
2014-01-29,1508,331,0,0.16,0.0
2014-01-29,1672,111,0,0.04,0.0
2014-01-29,1054,113,2,2.79,3.0
2014-01-29,581,113,4,1.53,2.0
2014-01-29,2853,113,2,2.37,3.0
2014-01-29,1240,332,0,0.0,0.0
2014-01-29,423,331,0,0.23,0.0
2014-01-29,2932,114,2,0.89,0.0
2014-01-29,1242,221,1,0.24,0.0
2014-01-29,1727,222,0,0.16,0.0
2014-01-29,2818,222,1,0.45,0.0
2014-01-29,926,332,0,0.16,0.0
2014-01-29,2932,223,0,0.36,0.0
2014-01-29,1599,113,0,0.0,0.0
2014-01-29,1672,331,0,0.01,0.0
2014-01-29,1424,113,1,0.69,0.0
2014-01-29,1727,111,0,0.1,0.0
2014-01-29,74,114,0,0.27,0.0
2014-01-29,973,223,0,0.05,0.0
2014-01-29,423,221,0,0.26,0.0
2014-01-29,1753,113,3,1.41,0.0
2014-01-29,1242,332,3,0.57,0.0
2014-01-29,972,331,0,0.19,0.0
2014-01-29,423,333,1,0.19,0.0
2014-01-29,611,113,2,2.72,3.0
2014-01-29,2932,222,1,0.36,0.0
2014-01-29,3008,112,0,1.09,0.0
2014-01-29,2818,114,0,0.28,0.0
2014-01-29,1054,114,1,1.07,0.0
2014-01-29,868,332,0,0.1,0.0
2014-01-29,1173,332,0,0.18,0.0
2014-01-29,3021,112,0,0.0,0.0
2014-01-29,904,222,0,0.51,0.0
2014-01-29,904,332,0,0.49,0.0
2014-01-29,973,332,0,0.36,0.0
2014-01-29,797,331,2,1.42,2.0
2014-01-29,973,111,0,0.0,0.0
2014-01-29,1753,112,5,1.68,2.0
2014-01-29,1190,222,0,0.0,0.0
2014-01-29,74,332,0,0.24,0.0
2014-01-29,2492,221,0,1.59,2.0
2014-01-29,1508,114,1,0.06,0.0
2014-01-29,1240,222,0,0.04,0.0
2014-01-29,1424,333,1,0.02,0.0
2014-01-29,1240,113,0,0.06,0.0
2014-01-29,432,113,0,0.19,0.0
2014-01-29,3021,113,0,0.06,0.0
2014-01-29,1328,221,1,0.57,0.0
2014-01-29,1548,111,0,0.58,0.0
2014-01-29,1365,114,1,0.15,0.0
2014-01-29,1328,332,1,0.49,0.0
2014-01-29,1629,223,1,1.63,2.0
2014-01-29,2294,112,0,0.82,0.0
2014-01-29,2932,113,2,2.39,2.0
2014-01-29,2818,223,0,0.28,0.0
2014-01-29,2332,223,1,1.54,2.0
2014-01-29,1753,223,0,0.27,0.0
2014-01-29,1365,112,0,0.41,0.0
2014-01-29,2932,111,2,1.32,2.0
2014-01-29,581,222,0,0.15,0.0
2014-01-29,904,331,2,1.24,0.0
2014-01-29,1173,331,0,0.33,0.0
2014-01-29,1242,223,0,0.01,0.0
2014-01-29,2932,332,0,0.61,0.0
2014-01-29,1629,333,3,2.31,2.0
2014-01-29,611,111,2,1.8,2.0
2014-01-29,1275,222,0,0.0,0.0
2014-01-29,631,331,0,0.77,0.0
2014-01-29,1173,111,0,0.39,0.0
2014-01-29,1727,112,0,0.06,0.0
2014-01-29,3008,332,0,1.16,0.0
2014-01-29,1694,332,4,1.48,2.0
2014-01-29,743,331,1,1.09,0.0
2014-01-29,868,333,0,0.04,0.0
2014-01-29,1173,222,0,0.28,0.0
2014-01-29,2768,331,1,0.4,0.0
2014-01-29,631,114,2,0.51,0.0
2014-01-29,659,111,0,0.55,0.0
2014-01-29,1672,113,0,0.06,0.0
2014-01-29,1727,333,0,0.07,0.0
2014-01-29,2932,221,1,0.85,0.0
2014-01-29,631,333,0,0.41,0.0
2014-01-29,1228,332,0,0.02,0.0
2014-01-29,1542,223,0,0.08,0.0
2014-01-29,1240,331,0,0.04,0.0
2014-01-29,973,222,2,0.29,0.0
2014-01-29,2853,114,1,1.85,2.0
2014-01-29,2853,111,2,1.84,2.0
2014-01-29,1190,333,0,0.0,0.0
2014-01-29,1424,332,0,0.14,0.0
2014-01-29,1242,333,0,0.0,0.0
2014-01-29,1328,112,1,0.37,0.0
2014-01-29,74,221,0,0.37,0.0
2014-01-29,868,221,1,0.04,0.0
2014-01-29,1508,222,0,0.15,0.0
2014-01-29,2935,113,29,11.61,10.0
2014-01-29,1173,114,0,0.02,0.0
2014-01-29,1508,332,0,0.02,0.0
2014-01-29,926,333,0,0.11,0.0
2014-01-29,797,332,0,1.03,2.0
2014-01-29,868,113,0,0.24,0.0
2014-01-29,2332,332,4,2.46,3.0
2014-01-29,1727,221,0,0.11,0.0
2014-01-29,1424,114,0,0.17,0.0
2014-01-29,926,222,1,0.18,0.0
2014-01-29,1542,221,0,0.0,0.0
2014-01-29,1135,114,0,0.08,0.0
2014-01-29,1242,114,0,0.2,0.0
2014-01-29,2492,112,0,0.05,0.0
2014-01-29,973,333,0,0.01,0.0
2014-01-29,3021,223,0,0.08,0.0
2014-01-29,1365,332,0,0.09,0.0
2014-01-29,2935,114,2,2.87,0.0
2014-01-29,1190,111,0,0.0,0.0
2014-01-29,1599,332,0,0.06,0.0
2014-01-29,1228,221,0,0.0,0.0
2014-01-29,2768,333,0,0.61,0.0
2014-01-29,743,332,0,0.34,0.0
2014-01-29,2768,332,1,0.71,0.0
2014-01-29,743,221,0,0.4,0.0
2014-01-29,2768,112,0,0.29,0.0
2014-01-29,1672,223,0,0.04,0.0
2014-01-29,1424,223,0,0.18,0.0
2014-01-29,3008,221,0,0.9,0.0
2014-01-29,1135,331,0,0.19,0.0
2014-01-29,2853,222,0,2.58,3.0
2014-01-29,423,112,0,0.7,0.0
2014-01-29,1240,333,0,0.01,0.0
2014-01-29,1542,333,0,0.0,0.0
2014-01-29,2332,114,1,2.45,3.0
2014-01-29,1365,222,0,0.07,0.0
2014-01-29,1753,221,1,3.7,0.0
2014-01-29,1629,111,13,6.85,9.0
2014-01-29,3008,333,1,1.16,0.0
2014-01-29,2932,331,0,1.11,2.0
2014-01-29,972,332,9,2.89,3.0
2014-01-29,2492,223,0,0.63,0.0
2014-01-29,1190,112,0,0.0,0.0
2014-01-29,1672,221,0,0.05,0.0
2014-01-29,2935,332,4,8.75,14.0
2014-01-29,432,332,2,0.09,0.0
2014-01-29,3004,112,2,2.21,2.0
2014-01-29,3004,221,0,0.65,0.0
2014-01-29,1472,222,0,0.15,0.0
2014-01-29,3004,114,2,2.14,2.0
2014-01-29,659,331,0,1.43,2.0
2014-01-29,1054,223,1,1.03,2.0
2014-01-29,659,223,0,0.48,0.0
2014-01-29,2794,332,1,0.64,0.0
2014-01-29,1599,112,0,0.04,0.0
2014-01-29,1599,111,0,0.09,0.0
2014-01-29,337,114,2,1.22,2.0
2014-01-29,1054,222,0,0.6,0.0
2014-01-29,3004,332,1,4.4,4.0
2014-01-29,1196,111,0,0.16,0.0
2014-01-29,337,222,0,0.79,0.0
2014-01-29,2794,221,1,0.37,0.0
2014-01-29,1228,112,1,0.2,0.0
2014-01-29,1548,331,0,0.19,0.0
2014-01-29,1054,333,0,0.7,0.0
2014-01-29,1322,111,0,0.44,0.0
2014-01-29,972,114,0,0.24,0.0
2014-01-29,972,111,2,0.77,0.0
2014-01-29,2818,112,0,0.17,0.0
2014-01-29,1694,112,0,1.79,0.0
2014-01-29,1472,113,0,0.22,0.0
2014-01-29,1472,114,0,0.09,0.0
2014-01-29,1548,333,0,0.08,0.0
2014-01-29,1322,112,0,0.32,0.0
2014-01-29,2294,223,0,1.07,0.0
2014-01-29,1275,332,0,0.0,0.0
2014-01-29,1322,114,1,0.16,0.0
2014-01-29,1196,113,0,0.13,0.0
2014-01-29,1196,223,0,0.1,0.0
2014-01-29,1135,111,0,0.19,0.0
2014-01-29,1694,222,1,1.2,0.0
2014-01-29,2294,221,0,0.66,0.0
2014-01-29,2794,223,0,0.53,0.0
2014-01-29,1322,332,0,0.17,0.0
2014-01-29,659,114,2,0.45,0.0
2014-01-29,2794,331,0,0.44,0.0
2014-01-29,611,332,0,1.35,2.0
2014-01-29,2794,114,3,1.06,0.0
2014-01-29,1548,223,0,0.17,0.0
2014-01-29,1694,113,1,3.29,3.0
2014-01-29,1548,114,0,0.24,0.0
2014-01-29,432,222,0,0.27,0.0
2014-01-29,1472,112,0,0.0,0.0
2014-01-29,904,114,2,0.96,0.0
2014-01-29,1548,332,0,0.16,0.0
2014-01-29,1548,222,0,0.54,0.0
2014-01-29,1322,222,0,0.15,0.0
2014-01-29,2294,333,2,1.76,2.0
2014-01-29,1054,332,1,1.4,2.0
2014-01-29,1196,333,0,0.08,0.0
2014-01-29,1275,333,0,0.0,0.0
2014-01-29,797,223,1,1.12,2.0
2014-01-29,1694,114,3,1.47,2.0
2014-01-29,631,111,4,1.36,2.0
2014-01-29,337,223,0,0.22,0.0
2014-01-29,1228,111,0,0.21,0.0
2014-01-29,2794,113,1,1.89,2.0
2014-01-29,1472,221,0,0.2,0.0
2014-01-29,1322,333,0,0.18,0.0
2014-01-29,972,222,1,2.52,3.0
2014-01-29,904,113,2,1.2,2.0
2014-01-29,797,114,2,0.71,0.0
2014-01-29,1472,111,0,0.17,0.0
2014-01-29,797,221,1,1.47,2.0
2014-01-29,972,221,2,2.27,2.0
2014-01-29,904,111,3,1.59,2.0
2014-01-29,1694,111,3,1.33,0.0
2014-01-29,2818,111,0,0.04,0.0
2014-01-29,2794,111,4,1.89,2.0
2014-01-29,1054,221,3,1.52,2.0
2014-01-29,3004,113,2,1.64,3.0
2014-01-29,797,222,0,1.43,2.0
2014-01-29,1694,331,0,1.07,0.0
2014-01-29,1472,331,1,0.22,0.0
2014-01-29,432,331,0,0.03,0.0
2014-01-29,1672,333,0,0.04,0.0
2014-01-29,904,112,1,2.14,2.0
2014-01-29,972,112,0,0.68,0.0
2014-01-29,1196,331,0,0.2,0.0
2014-01-29,1196,221,0,0.07,0.0
2014-01-29,2294,222,2,1.66,0.0
2014-01-29,1694,223,0,0.74,0.0
2014-01-29,2294,113,8,0.48,0.0
2014-01-29,2794,333,0,1.1,2.0
2014-01-29,337,221,0,0.44,0.0
2014-01-29,2294,331,3,0.94,0.0
2014-01-29,337,112,1,0.71,0.0
2014-01-29,432,223,0,0.16,0.0
2014-01-29,1548,221,0,0.25,0.0
2014-01-29,659,221,0,0.4,0.0
2014-01-29,2935,333,0,4.19,10.0
2014-01-29,611,333,2,1.08,0.0
2014-01-29,337,111,4,1.35,2.0
2014-01-29,3004,331,3,2.02,2.0
2014-01-29,1322,221,1,0.23,0.0
2014-01-29,2794,112,1,1.26,0.0
2014-01-29,2294,114,0,0.3,0.0
2014-01-29,432,333,0,0.12,0.0
2014-01-29,1196,114,0,0.13,0.0
2014-01-29,1322,113,1,0.33,0.0
2014-01-29,1472,223,0,0.23,0.0
2014-01-29,2935,331,4,2.19,4.0
2014-01-29,3004,223,6,4.61,4.0
2014-01-29,1196,112,0,0.13,0.0
2014-01-29,659,222,1,0.83,0.0
2014-01-29,3004,333,2,3.33,3.0
2014-01-29,2794,222,1,0.85,0.0
2014-01-29,1196,332,0,0.15,0.0
2014-01-29,972,113,3,2.51,0.0
2014-01-29,1228,113,0,0.03,0.0
2014-01-29,581,111,2,0.97,0.0
2014-01-29,1322,331,0,0.19,0.0
2014-01-29,1548,113,0,0.77,0.0
2014-01-29,1322,223,0,0.05,0.0
2014-01-29,797,113,4,3.14,3.0
2014-01-29,3004,111,4,2.88,3.0
2014-01-29,1694,221,1,1.57,4.0
2014-01-29,3004,222,1,5.43,4.0
2014-01-29,1054,331,0,0.76,0.0
2014-01-29,611,331,3,1.3,2.0
2014-01-29,1196,222,1,0.1,0.0
2014-01-29,337,113,0,0.95,0.0
2014-01-29,2294,332,0,0.64,2.0
2014-01-30,2332,221,4,1.89,2.0
2014-01-30,3004,113,0,2.04,3.0
2014-01-30,1190,111,0,0.0,0.0
2014-01-30,1135,222,0,0.18,0.0
2014-01-30,2935,113,19,12.37,11.0
2014-01-30,581,111,1,1.13,0.0
2014-01-30,2818,114,1,0.26,0.0
2014-01-30,2853,221,5,2.3,2.0
2014-01-30,1548,114,0,0.23,0.0
2014-01-30,1135,332,0,0.0,0.0
2014-01-30,1542,114,0,0.11,0.0
2014-01-30,2935,332,27,10.91,12.0
2014-01-30,1694,111,0,1.42,0.0
2014-01-30,1242,332,1,0.7,0.0
2014-01-30,904,113,0,1.2,2.0
2014-01-30,1508,332,0,0.02,0.0
2014-01-30,1240,113,0,0.06,0.0
2014-01-30,2492,221,1,1.27,0.0
2014-01-30,1275,223,0,0.0,0.0
2014-01-30,611,331,1,1.34,2.0
2014-01-30,1424,331,0,0.0,0.0
2014-01-30,1672,221,0,0.05,0.0
2014-01-30,797,332,2,0.96,0.0
2014-01-30,3004,333,4,3.53,4.0
2014-01-30,2294,113,3,2.04,2.0
2014-01-30,2818,111,0,0.04,0.0
2014-01-30,1542,113,0,0.13,0.0
2014-01-30,926,331,0,0.02,0.0
2014-01-30,2932,112,0,0.96,0.0
2014-01-30,423,332,0,0.19,0.0
2014-01-30,1135,333,1,0.15,0.0
2014-01-30,973,112,0,0.23,0.0
2014-01-30,1472,332,0,0.25,0.0
2014-01-30,1727,222,0,0.12,0.0
2014-01-30,1190,112,0,0.0,0.0
2014-01-30,1753,112,1,1.95,2.0
2014-01-30,2332,331,2,2.23,2.0
2014-01-30,1472,113,0,0.18,0.0
2014-01-30,3004,331,4,2.37,2.0
2014-01-30,1672,331,0,0.01,0.0
2014-01-30,432,331,0,0.03,0.0
2014-01-30,1727,333,0,0.07,0.0
2014-01-30,797,222,3,1.28,0.0
2014-01-30,1322,113,1,0.36,0.0
2014-01-30,973,221,1,0.24,0.0
2014-01-30,1173,111,0,0.39,0.0
2014-01-30,1599,223,0,0.09,0.0
2014-01-30,1054,114,3,1.11,2.0
2014-01-30,3021,223,0,0.07,0.0
2014-01-30,1328,114,0,0.27,0.0
2014-01-30,1173,333,0,0.17,0.0
2014-01-30,1424,223,0,0.15,0.0
2014-01-30,1228,112,0,0.24,0.0
2014-01-30,3004,112,3,2.14,2.0
2014-01-30,1672,113,0,0.05,0.0
2014-01-30,1328,332,0,0.55,0.0
2014-01-30,631,331,2,0.75,0.0
2014-01-30,1548,331,0,0.19,0.0
2014-01-30,904,222,0,0.48,0.0
2014-01-30,1135,113,0,0.2,0.0
2014-01-30,2294,332,1,1.0,0.0
2014-01-30,581,112,0,0.55,0.0
2014-01-30,3008,333,0,1.31,2.0
2014-01-30,631,332,0,0.38,0.0
2014-01-30,1190,114,0,0.0,0.0
2014-01-30,1275,113,0,0.0,0.0
2014-01-30,1472,114,0,0.09,0.0
2014-01-30,659,333,0,0.36,0.0
2014-01-30,1196,332,0,0.15,0.0
2014-01-30,1472,222,0,0.12,0.0
2014-01-30,581,332,4,0.76,0.0
2014-01-30,1242,113,1,0.93,0.0
2014-01-30,2932,221,2,0.92,0.0
2014-01-30,1629,113,7,7.93,8.0
2014-01-30,1135,331,0,0.19,0.0
2014-01-30,3021,111,0,0.11,0.0
2014-01-30,581,333,1,0.59,0.0
2014-01-30,3008,331,1,1.33,0.0
2014-01-30,1242,221,0,0.31,0.0
2014-01-30,2294,223,0,1.11,0.0
2014-01-30,973,333,0,0.01,0.0
2014-01-30,1328,222,0,0.74,0.0
2014-01-30,2932,114,2,1.26,2.0
2014-01-30,1322,332,1,0.17,0.0
2014-01-30,2853,113,1,2.55,3.0
2014-01-30,2794,333,0,1.08,0.0
2014-01-30,868,222,0,0.15,0.0
2014-01-30,3021,114,0,0.16,0.0
2014-01-30,3021,333,0,0.1,0.0
2014-01-30,423,113,0,0.12,0.0
2014-01-30,3004,111,3,2.86,3.0
2014-01-30,423,333,0,0.27,0.0
2014-01-30,1328,111,0,0.34,0.0
2014-01-30,1753,221,2,2.67,0.0
2014-01-30,1242,222,0,0.45,0.0
2014-01-30,926,111,0,0.03,0.0
2014-01-30,1054,332,0,1.37,2.0
2014-01-30,1054,222,0,0.56,0.0
2014-01-30,2768,331,1,0.42,0.0
2014-01-30,1599,111,0,0.08,0.0
2014-01-30,2818,223,0,0.27,0.0
2014-01-30,337,112,1,0.78,0.0
2014-01-30,1242,114,0,0.19,0.0
2014-01-30,1753,114,1,0.51,0.0
2014-01-30,3008,113,1,1.92,2.0
2014-01-30,2794,223,2,0.49,0.0
2014-01-30,797,333,3,1.19,2.0
2014-01-30,1173,114,0,0.02,0.0
2014-01-30,1228,333,0,0.18,0.0
2014-01-30,926,221,0,0.11,0.0
2014-01-30,797,113,0,3.33,3.0
2014-01-30,2935,111,1,8.24,8.0
2014-01-30,3008,114,1,0.79,0.0
2014-01-30,1365,111,0,0.2,0.0
2014-01-30,2332,333,1,1.37,2.0
2014-01-30,1322,331,1,0.19,0.0
2014-01-30,2768,333,0,0.54,0.0
2014-01-30,1196,222,0,0.2,0.0
2014-01-30,904,223,0,0.24,0.0
2014-01-30,797,331,0,1.45,2.0
2014-01-30,1694,112,0,0.95,0.0
2014-01-30,1173,331,0,0.29,0.0
2014-01-30,659,222,1,0.79,0.0
2014-01-30,1548,113,2,0.8,0.0
2014-01-30,1196,331,0,0.19,0.0
2014-01-30,423,222,1,0.45,0.0
2014-01-30,2768,111,0,0.42,0.0
2014-01-30,1672,333,0,0.04,0.0
2014-01-30,3004,221,0,0.46,0.0
2014-01-30,1054,113,1,2.84,3.0
2014-01-30,1196,223,0,0.1,0.0
2014-01-30,1228,221,0,0.0,0.0
2014-01-30,1190,331,0,0.0,0.0
2014-01-30,2853,333,2,1.75,2.0
2014-01-30,1629,223,1,1.5,2.0
2014-01-30,1542,223,0,0.06,0.0
2014-01-30,1190,223,0,0.0,0.0
2014-01-30,3021,222,0,0.11,0.0
2014-01-30,1196,221,0,0.07,0.0
2014-01-30,1135,223,0,0.06,0.0
2014-01-30,2932,223,0,0.34,0.0
2014-01-30,1548,221,0,0.23,0.0
2014-01-30,972,114,0,0.23,0.0
2014-01-30,1240,333,0,0.01,0.0
2014-01-30,1173,221,0,0.16,0.0
2014-01-30,3008,223,4,0.72,0.0
2014-01-30,1694,223,0,0.62,0.0
2014-01-30,1240,222,0,0.04,0.0
2014-01-30,1727,112,0,0.06,0.0
2014-01-30,973,223,0,0.05,0.0
2014-01-30,2932,331,3,1.02,0.0
2014-01-30,1190,333,0,0.0,0.0
2014-01-30,868,114,2,0.38,0.0
2014-01-30,1629,112,6,4.4,5.0
2014-01-30,337,221,2,0.43,0.0
2014-01-30,1173,112,2,0.9,0.0
2014-01-30,2768,113,0,0.68,0.0
2014-01-30,926,113,0,0.02,0.0
2014-01-30,2768,112,0,0.27,0.0
2014-01-30,1240,112,0,0.0,0.0
2014-01-30,926,333,0,0.1,0.0
2014-01-30,1054,331,3,0.75,0.0
2014-01-30,1727,114,0,0.03,0.0
2014-01-30,1753,222,0,0.39,0.0
2014-01-30,631,221,0,0.16,0.0
2014-01-30,2935,333,10,5.08,0.0
2014-01-30,1508,223,0,0.09,0.0
2014-01-30,743,111,1,1.0,0.0
2014-01-30,904,331,1,1.3,2.0
2014-01-30,1508,112,0,0.12,0.0
2014-01-30,2294,331,1,1.41,2.0
2014-01-30,743,221,0,0.38,0.0
2014-01-30,972,333,0,0.57,0.0
2014-01-30,2332,222,1,1.28,0.0
2014-01-30,2818,221,2,0.25,0.0
2014-01-30,1322,112,1,0.32,0.0
2014-01-30,432,112,0,0.0,0.0
2014-01-30,3021,221,0,0.03,0.0
2014-01-30,1672,111,0,0.04,0.0
2014-01-30,1365,332,0,0.08,0.0
2014-01-30,3004,223,2,4.09,4.0
2014-01-30,2935,331,13,3.46,4.0
2014-01-30,926,222,0,0.21,0.0
2014-01-30,1275,221,0,0.0,0.0
2014-01-30,1508,222,0,0.15,0.0
2014-01-30,973,111,0,0.0,0.0
2014-01-30,2818,333,0,0.0,0.0
2014-01-30,1275,111,0,0.0,0.0
2014-01-30,1727,113,0,0.17,0.0
2014-01-30,904,333,1,0.69,0.0
2014-01-30,74,221,0,0.35,0.0
2014-01-30,926,114,0,0.08,0.0
2014-01-30,1599,113,0,0.0,0.0
2014-01-30,1228,111,1,0.21,0.0
2014-01-30,1328,113,0,0.63,0.0
2014-01-30,2932,111,2,1.32,2.0
2014-01-30,797,112,2,2.61,3.0
2014-01-30,1054,221,0,2.01,2.0
2014-01-30,1548,223,0,0.17,0.0
2014-01-30,743,223,0,0.64,0.0
2014-01-30,2794,113,0,1.88,2.0
2014-01-30,1508,113,0,0.2,0.0
2014-01-30,972,111,0,0.84,0.0
2014-01-30,2935,112,1,3.91,4.0
2014-01-30,868,221,0,0.18,0.0
2014-01-30,868,332,0,0.1,0.0
2014-01-30,1472,221,0,0.19,0.0
2014-01-30,1240,114,0,0.0,0.0
2014-01-30,2794,114,2,1.17,2.0
2014-01-30,1694,113,2,2.77,2.0
2014-01-30,1599,331,0,0.14,0.0
2014-01-30,611,221,1,1.06,0.0
2014-01-30,1196,333,0,0.07,0.0
2014-01-30,1275,331,0,0.0,0.0
2014-01-30,2492,333,1,1.31,2.0
2014-01-30,2932,332,1,0.57,0.0
2014-01-30,1727,111,0,0.1,0.0
2014-01-30,2294,333,1,1.93,2.0
2014-01-30,972,332,11,4.32,4.0
2014-01-30,1322,222,0,0.15,0.0
2014-01-30,1548,222,0,0.5,0.0
2014-01-30,1322,111,0,0.41,0.0
2014-01-30,1240,221,0,0.02,0.0
2014-01-30,1365,113,0,0.33,0.0
2014-01-30,3008,111,0,1.37,2.0
2014-01-30,1424,114,0,0.16,0.0
2014-01-30,1472,112,0,0.0,0.0
2014-01-30,743,331,1,1.19,0.0
2014-01-30,1548,112,0,1.31,2.0
2014-01-30,1054,333,0,0.57,0.0
2014-01-30,1694,332,8,2.19,2.0
2014-01-30,3021,332,0,0.0,0.0
2014-01-30,1672,112,0,0.02,0.0
2014-01-30,1365,222,0,0.07,0.0
2014-01-30,1599,112,0,0.04,0.0
2014-01-30,3008,221,0,0.78,0.0
2014-01-30,1508,114,0,0.15,0.0
2014-01-30,659,223,1,0.47,0.0
2014-01-30,1275,333,0,0.0,0.0
2014-01-30,1424,222,0,0.25,0.0
2014-01-30,2932,333,1,1.38,2.0
2014-01-30,2332,114,10,2.32,3.0
2014-01-30,1727,221,0,0.11,0.0
2014-01-30,2768,221,0,0.37,0.0
2014-01-30,2294,112,0,0.58,0.0
2014-01-30,1240,223,0,0.01,0.0
2014-01-30,2935,222,5,12.37,10.0
2014-01-30,1542,333,0,0.0,0.0
2014-01-30,1629,222,11,8.59,8.0
2014-01-30,2332,112,2,4.21,4.0
2014-01-30,337,222,2,0.82,0.0
2014-01-30,1694,333,1,1.82,2.0
2014-01-30,1472,111,0,0.18,0.0
2014-01-30,1135,221,0,0.14,0.0
2014-01-30,868,333,0,0.04,0.0
2014-01-30,659,331,0,1.27,2.0
2014-01-30,1322,333,0,0.18,0.0
2014-01-30,581,113,2,1.89,2.0
2014-01-30,1240,331,0,0.04,0.0
2014-01-30,1365,331,1,0.2,0.0
2014-01-30,581,222,0,0.15,0.0
2014-01-30,432,114,0,0.0,0.0
2014-01-30,973,113,4,0.81,0.0
2014-01-30,1275,222,0,0.0,0.0
2014-01-30,1054,111,2,1.3,2.0
2014-01-30,1753,331,1,0.46,0.0
2014-01-30,1424,333,0,0.11,0.0
2014-01-30,659,114,0,0.56,0.0
2014-01-30,1548,332,0,0.17,0.0
2014-01-30,2853,114,6,1.91,2.0
2014-01-30,631,222,2,0.16,0.0
2014-01-30,904,221,0,0.19,0.0
2014-01-30,1322,223,0,0.05,0.0
2014-01-30,1135,114,0,0.08,0.0
2014-01-30,2818,332,0,0.29,0.0
2014-01-30,631,113,0,0.93,0.0
2014-01-30,432,111,0,0.1,0.0
2014-01-30,631,112,1,0.93,0.0
2014-01-30,2932,222,2,0.86,0.0
2014-01-30,581,223,1,0.4,0.0
2014-01-30,611,112,1,1.68,2.0
2014-01-30,1599,222,0,0.02,0.0
2014-01-30,797,223,1,1.25,2.0
2014-01-30,1694,114,0,1.6,2.0
2014-01-30,1672,332,0,0.04,0.0
2014-01-30,1242,111,0,0.41,0.0
2014-01-30,2853,111,3,1.87,2.0
2014-01-30,1322,114,0,0.19,0.0
2014-01-30,1727,331,0,0.11,0.0
2014-01-30,337,223,2,0.21,0.0
2014-01-30,868,112,0,0.27,0.0
2014-01-30,2332,111,8,3.56,4.0
2014-01-30,1694,331,0,0.9,0.0
2014-01-30,2492,332,0,2.17,2.0
2014-01-30,1328,112,1,0.37,0.0
2014-01-30,1694,222,2,1.17,0.0
2014-01-30,1599,332,0,0.06,0.0
2014-01-30,581,331,1,0.52,0.0
2014-01-30,1508,333,0,0.05,0.0
2014-01-30,1599,221,0,0.09,0.0
2014-01-30,2853,112,0,1.36,0.0
2014-01-30,423,112,0,0.62,0.0
2014-01-30,743,222,3,0.9,0.0
2014-01-30,1727,332,0,0.08,0.0
2014-01-30,581,221,0,0.16,0.0
2014-01-30,2332,113,15,17.43,12.0
2014-01-30,1228,332,0,0.02,0.0
2014-01-30,1228,222,0,0.07,0.0
2014-01-30,926,112,0,0.01,0.0
2014-01-30,1190,332,0,0.0,0.0
2014-01-30,631,114,1,0.55,0.0
2014-01-30,74,113,0,0.42,0.0
2014-01-30,74,223,0,0.74,0.0
2014-01-30,1753,113,4,1.52,2.0
2014-01-30,868,223,0,0.21,0.0
2014-01-30,868,331,0,0.21,0.0
2014-01-30,2492,331,0,0.04,0.0
2014-01-30,2818,222,2,0.48,0.0
2014-01-30,2492,111,5,2.12,3.0
2014-01-30,1472,331,0,0.25,0.0
2014-01-30,74,222,0,0.32,0.0
2014-01-30,1629,333,2,2.55,2.0
2014-01-30,2768,332,0,0.78,0.0
2014-01-30,611,332,0,1.2,2.0
2014-01-30,2853,331,3,1.94,2.0
2014-01-30,611,113,1,3.16,3.0
2014-01-30,1672,222,0,0.03,0.0
2014-01-30,1328,333,0,0.22,0.0
2014-01-30,3008,332,1,1.01,0.0
2014-01-30,432,222,1,0.21,0.0
2014-01-30,1328,331,1,0.32,0.0
2014-01-30,1727,223,0,0.07,0.0
2014-01-30,1753,223,0,0.26,0.0
2014-01-30,1629,332,5,9.32,9.0
2014-01-30,1542,112,0,0.0,0.0
2014-01-30,423,114,0,0.15,0.0
2014-01-30,2853,222,1,2.16,3.0
2014-01-30,3008,222,0,1.0,0.0
2014-01-30,1753,332,0,0.36,0.0
2014-01-30,972,222,1,2.47,3.0
2014-01-30,2294,221,1,0.66,0.0
2014-01-30,1190,113,0,0.0,0.0
2014-01-30,797,114,1,1.02,2.0
2014-01-30,1542,111,0,0.05,0.0
2014-01-30,2794,221,1,0.45,0.0
2014-01-30,1240,111,0,0.0,0.0
2014-01-30,2818,331,2,0.26,0.0
2014-01-30,1424,221,0,0.32,0.0
2014-01-30,3021,331,1,0.16,0.0
2014-01-30,1508,111,0,0.23,0.0
2014-01-30,423,223,0,0.38,0.0
2014-01-30,1365,333,0,0.12,0.0
2014-01-30,1424,113,1,0.69,0.0
2014-01-30,2935,223,1,4.79,0.0
2014-01-30,2853,332,4,2.33,2.0
2014-01-30,2794,331,2,0.42,0.0
2014-01-30,432,113,0,0.19,0.0
2014-01-30,1190,222,0,0.0,0.0
2014-01-30,1242,223,1,0.01,0.0
2014-01-30,1196,111,0,0.15,0.0
2014-01-30,74,333,0,0.01,0.0
2014-01-30,3004,332,2,4.42,4.0
2014-01-30,1228,331,0,0.16,0.0
2014-01-30,904,332,0,0.48,0.0
2014-01-30,797,111,0,1.48,2.0
2014-01-30,1365,223,0,0.09,0.0
2014-01-30,2492,223,1,0.58,0.0
2014-01-30,973,114,0,0.36,0.0
2014-01-30,581,114,2,0.51,0.0
2014-01-30,2332,223,0,1.54,2.0
2014-01-30,1275,112,0,0.0,0.0
2014-01-30,904,111,2,2.04,2.0
2014-01-30,423,111,0,0.39,0.0
2014-01-30,972,112,1,0.6,0.0
2014-01-30,74,332,0,0.21,0.0
2014-01-30,2935,221,2,0.0,0.0
2014-01-30,2332,332,2,2.68,3.0
2014-01-30,1629,114,4,3.33,4.0
2014-01-30,2818,112,0,0.2,0.0
2014-01-30,631,333,0,0.42,0.0
2014-01-30,797,221,2,1.57,2.0
2014-01-30,1672,114,0,0.04,0.0
2014-01-30,631,111,4,1.53,2.0
2014-01-30,743,333,0,0.37,0.0
2014-01-30,2492,113,3,3.47,4.0
2014-01-30,611,222,3,1.38,2.0
2014-01-30,973,332,0,0.36,0.0
2014-01-30,1135,111,0,0.19,0.0
2014-01-30,1424,332,0,0.14,0.0
2014-01-30,659,332,1,0.39,0.0
2014-01-30,972,221,1,2.35,2.0
2014-01-30,743,112,1,1.52,2.0
2014-01-30,1275,332,0,0.0,0.0
2014-01-30,1196,113,0,0.13,0.0
2014-01-30,2294,111,0,0.29,0.0
2014-01-30,2794,111,1,2.13,2.0
2014-01-30,1242,112,1,0.7,0.0
2014-01-30,1753,111,3,0.97,0.0
2014-01-30,2818,113,0,0.29,0.0
2014-01-30,1629,111,14,11.2,10.0
2014-01-30,2935,114,1,4.52,3.0
2014-01-30,1508,331,0,0.16,0.0
2014-01-30,1424,111,0,0.34,0.0
2014-01-30,1753,333,0,0.92,0.0
2014-01-30,1240,332,0,0.0,0.0
2014-01-30,1328,223,0,0.26,0.0
2014-01-30,432,221,1,0.2,0.0
2014-01-30,1196,114,0,0.12,0.0
2014-01-30,2294,222,0,2.32,1.0
2014-01-30,1173,223,0,0.03,0.0
2014-01-30,904,112,1,2.21,2.0
2014-01-30,926,332,0,0.15,0.0
2014-01-30,743,114,0,0.43,0.0
2014-01-30,2492,222,0,0.24,0.0
2014-01-30,2768,114,0,0.29,0.0
2014-01-30,1322,221,0,0.22,0.0
2014-01-30,1242,331,0,0.17,0.0
2014-01-30,337,113,0,0.86,0.0
2014-01-30,1228,114,0,0.03,0.0
2014-01-30,3004,222,3,3.62,4.0
2014-01-30,1694,221,0,1.63,0.0
2014-01-30,1548,333,0,0.08,0.0
2014-01-30,972,113,4,2.49,3.0
2014-01-30,1542,332,0,0.06,0.0
2014-01-30,1472,223,0,0.22,0.0
2014-01-30,1472,333,0,0.4,0.0
2014-01-30,972,331,0,0.18,0.0
2014-01-30,74,114,0,0.21,0.0
2014-01-30,2932,113,2,2.25,2.0
2014-01-30,659,112,0,0.9,0.0
2014-01-30,1365,112,0,0.34,0.0
2014-01-30,973,331,1,0.58,0.0
2014-01-30,423,331,0,0.2,0.0
2014-01-30,868,111,0,0.59,0.0
2014-01-30,337,332,0,1.88,2.0
2014-01-30,1173,222,0,0.26,0.0
2014-01-30,1542,331,0,0.12,0.0
2014-01-30,1228,113,0,0.03,0.0
2014-01-30,74,331,0,0.02,0.0
2014-01-30,1054,112,3,1.83,2.0
2014-01-30,926,223,1,0.18,0.0
2014-01-30,611,114,1,1.24,2.0
2014-01-30,74,111,1,0.22,0.0
2014-01-30,1228,223,0,0.17,0.0
2014-01-30,1629,331,4,3.82,4.0
2014-01-30,432,223,0,0.16,0.0
2014-01-30,337,333,0,0.97,0.0
2014-01-30,74,112,0,0.04,0.0
2014-01-30,1196,112,0,0.13,0.0
2014-01-30,659,113,0,1.14,0.0
2014-01-30,659,221,0,0.39,0.0
2014-01-30,611,333,1,1.12,0.0
2014-01-30,972,223,0,1.78,2.0
2014-01-30,743,113,2,1.16,1.0
2014-01-30,337,111,1,1.38,2.0
2014-01-30,2794,222,1,0.89,0.0
2014-01-30,1548,111,0,0.58,0.0
2014-01-30,1135,112,0,0.05,0.0
2014-01-30,1599,114,0,0.05,0.0
2014-01-30,631,223,0,0.2,0.0
2014-01-30,2294,114,1,0.27,0.0
2014-01-30,2492,112,0,0.05,0.0
2014-01-30,611,111,0,1.77,2.0
2014-01-30,3008,112,0,0.85,0.0
2014-01-30,423,221,0,0.25,0.0
2014-01-30,432,333,0,0.11,0.0
2014-01-30,2794,332,0,0.74,0.0
2014-01-30,1542,222,0,0.0,0.0
2014-01-30,2492,114,1,1.42,2.0
2014-01-30,1542,221,0,0.0,0.0
2014-01-30,1672,223,0,0.04,0.0
2014-01-30,904,114,2,1.04,0.0
2014-01-30,1173,332,0,0.19,0.0
2014-01-30,1190,221,0,0.0,0.0
2014-01-30,1275,114,0,0.0,0.0
2014-01-30,2768,222,0,0.29,0.0
2014-01-30,1365,114,0,0.19,0.0
2014-01-30,1054,223,0,1.05,2.0
2014-01-30,1173,113,0,0.89,0.0
2014-01-30,3004,114,1,2.03,2.0
2014-01-30,659,111,0,0.55,0.0
2014-01-30,337,331,3,2.73,3.0
2014-01-30,3021,113,0,0.06,0.0
2014-01-30,337,114,1,1.25,2.0
2014-01-30,432,332,0,0.18,0.0
2014-01-30,2794,112,2,1.41,2.0
2014-01-30,1508,221,0,0.13,0.0
2014-01-30,1242,333,0,0.0,0.0
2014-01-30,1328,221,1,0.6,0.0
2014-01-30,3021,112,0,0.0,0.0
2014-01-30,611,223,2,1.23,2.0
2014-01-30,743,332,0,0.31,0.0
2014-01-30,973,222,0,0.32,0.0
2014-01-30,2853,223,5,2.19,3.0
2014-01-30,2768,223,1,0.16,0.0
2014-01-30,1365,221,0,0.07,0.0
2014-01-30,1629,221,2,1.63,2.0
2014-01-30,1599,333,0,0.07,0.0
2014-01-30,1424,112,0,0.44,0.0
2014-01-30,868,113,0,0.24,0.0
2014-01-31,1672,223,0,0.05,0.0
2014-01-31,1542,333,0,0.01,0.0
2014-01-31,1275,112,0,0.01,0.0
2014-01-31,2935,222,7,10.58,8.0
2014-01-31,1365,333,0,0.13,0.0
2014-01-31,1054,112,0,2.87,2.0
2014-01-31,904,331,1,1.53,2.0
2014-01-31,743,221,1,0.42,0.0
2014-01-31,1508,223,0,0.11,0.0
2014-01-31,1694,223,2,0.74,0.0
2014-01-31,1173,331,1,0.31,0.0
2014-01-31,973,114,0,0.43,0.0
2014-01-31,1424,221,0,0.39,0.0
2014-01-31,1727,112,0,0.07,0.0
2014-01-31,659,222,0,0.85,0.0
2014-01-31,1672,112,0,0.02,0.0
2014-01-31,1275,333,0,0.0,0.0
2014-01-31,1322,223,0,0.06,0.0
2014-01-31,74,221,4,0.38,0.0
2014-01-31,904,332,1,0.54,0.0
2014-01-31,631,114,1,0.67,0.0
2014-01-31,1753,222,0,0.41,0.0
2014-01-31,1196,112,1,0.15,0.0
2014-01-31,1240,332,0,0.01,0.0
2014-01-31,2492,113,6,4.67,4.0
2014-01-31,1694,222,2,1.25,2.0
2014-01-31,868,223,0,0.25,0.0
2014-01-31,2768,221,0,0.41,0.0
2014-01-31,2818,331,0,0.4,0.0
2014-01-31,2935,333,10,13.95,12.0
2014-01-31,1054,333,0,0.59,0.0
2014-01-31,1472,331,0,0.28,0.0
2014-01-31,1173,112,0,1.03,2.0
2014-01-31,2768,112,0,0.25,0.0
2014-01-31,1196,114,0,0.13,0.0
2014-01-31,2935,114,12,6.21,3.0
2014-01-31,1365,111,0,0.24,0.0
2014-01-31,1228,222,0,0.08,0.0
2014-01-31,1727,332,0,0.09,0.0
2014-01-31,2332,333,5,1.81,2.0
2014-01-31,631,112,1,1.15,2.0
2014-01-31,1190,221,0,0.02,0.0
2014-01-31,3021,221,0,0.03,0.0
2014-01-31,1753,332,0,0.38,0.0
2014-01-31,1240,333,0,0.02,0.0
2014-01-31,973,331,1,0.77,0.0
2014-01-31,904,223,0,0.26,0.0
2014-01-31,1727,331,0,0.11,0.0
2014-01-31,1322,114,0,0.2,0.0
2014-01-31,2818,221,0,0.38,0.0
2014-01-31,1508,222,0,0.18,0.0
2014-01-31,1173,221,0,0.19,0.0
2014-01-31,1629,221,0,2.35,2.0
2014-01-31,2935,111,2,9.63,8.0
2014-01-31,1672,333,0,0.05,0.0
2014-01-31,3004,223,5,4.48,4.0
2014-01-31,2853,332,6,2.7,3.0
2014-01-31,1242,111,0,0.46,0.0
2014-01-31,2768,111,3,0.43,0.0
2014-01-31,432,112,0,0.01,0.0
2014-01-31,1322,221,0,0.25,0.0
2014-01-31,743,111,1,1.23,1.0
2014-01-31,1054,113,7,3.03,3.0
2014-01-31,1599,114,0,0.07,0.0
2014-01-31,1196,113,0,0.16,0.0
2014-01-31,926,113,1,0.04,0.0
2014-01-31,1190,222,0,0.02,0.0
2014-01-31,3008,114,0,0.88,0.0
2014-01-31,2492,222,0,0.23,0.0
2014-01-31,1472,223,0,0.26,0.0
2014-01-31,1629,222,25,12.21,9.0
2014-01-31,868,111,0,0.62,0.0
2014-01-31,1190,333,0,0.01,0.0
2014-01-31,1196,222,1,0.23,0.0
2014-01-31,743,332,1,0.34,0.0
2014-01-31,1629,332,6,10.98,9.0
2014-01-31,973,332,0,0.42,0.0
2014-01-31,1328,331,0,0.41,0.0
2014-01-31,3004,221,0,0.47,0.0
2014-01-31,3021,222,0,0.1,0.0
2014-01-31,797,331,0,1.6,2.0
2014-01-31,3021,333,0,0.11,0.0
2014-01-31,74,332,0,0.22,0.0
2014-01-31,1542,223,0,0.08,0.0
2014-01-31,972,114,0,0.24,0.0
2014-01-31,1228,113,0,0.05,0.0
2014-01-31,2768,332,1,0.86,0.0
2014-01-31,926,111,0,0.05,0.0
2014-01-31,1054,223,2,1.11,2.0
2014-01-31,1054,332,4,1.53,2.0
2014-01-31,659,111,1,0.67,0.0
2014-01-31,2853,223,8,3.23,3.0
2014-01-31,1328,221,0,0.7,0.0
2014-01-31,1365,221,0,0.09,0.0
2014-01-31,1228,332,0,0.03,0.0
2014-01-31,1054,114,2,1.34,2.0
2014-01-31,3021,223,0,0.08,0.0
2014-01-31,432,332,0,0.18,0.0
2014-01-31,1228,112,1,0.26,0.0
2014-01-31,1365,112,0,0.42,0.0
2014-01-31,1548,331,0,0.22,0.0
2014-01-31,1135,113,0,0.22,0.0
2014-01-31,1242,333,1,0.01,0.0
2014-01-31,337,331,5,3.44,3.0
2014-01-31,904,114,0,1.13,2.0
2014-01-31,1242,222,2,0.5,0.0
2014-01-31,3021,114,1,0.15,0.0
2014-01-31,432,111,1,0.11,0.0
2014-01-31,2818,222,1,0.51,0.0
2014-01-31,1190,111,0,0.02,0.0
2014-01-31,74,223,0,0.83,0.0
2014-01-31,1135,222,1,0.22,0.0
2014-01-31,904,113,2,1.37,2.0
2014-01-31,1275,114,0,0.01,0.0
2014-01-31,1508,332,0,0.04,0.0
2014-01-31,1328,333,1,0.23,0.0
2014-01-31,1190,332,0,0.02,0.0
2014-01-31,3021,113,0,0.06,0.0
2014-01-31,3008,331,1,1.77,2.0
2014-01-31,3021,112,0,0.0,0.0
2014-01-31,74,113,0,0.47,0.0
2014-01-31,2794,333,0,1.09,0.0
2014-01-31,1322,332,0,0.24,0.0
2014-01-31,1328,222,1,0.83,0.0
2014-01-31,631,332,2,0.5,0.0
2014-01-31,797,222,0,2.09,2.0
2014-01-31,972,331,0,0.17,0.0
2014-01-31,659,112,2,1.03,2.0
2014-01-31,1548,111,0,0.64,0.0
2014-01-31,2818,223,0,0.29,0.0
2014-01-31,1242,332,2,0.82,0.0
2014-01-31,337,112,0,0.92,0.0
2014-01-31,611,333,2,1.25,2.0
2014-01-31,337,333,6,0.93,0.0
2014-01-31,1753,111,6,1.22,0.0
2014-01-31,2492,112,0,0.07,0.0
2014-01-31,1365,223,0,0.11,0.0
2014-01-31,432,223,0,0.17,0.0
2014-01-31,1629,331,10,4.71,4.0
2014-01-31,1275,223,0,0.01,0.0
2014-01-31,2853,113,1,2.81,3.0
2014-01-31,581,111,4,1.39,2.0
2014-01-31,926,223,0,0.23,0.0
2014-01-31,1672,221,0,0.06,0.0
2014-01-31,3004,331,9,3.19,3.0
2014-01-31,337,111,1,1.72,2.0
2014-01-31,868,222,1,0.16,0.0
2014-01-31,3008,112,0,0.85,0.0
2014-01-31,1472,333,1,0.45,0.0
2014-01-31,581,332,3,0.96,0.0
2014-01-31,1542,332,0,0.08,0.0
2014-01-31,1135,331,0,0.21,0.0
2014-01-31,1472,222,0,0.15,0.0
2014-01-31,926,332,0,0.18,0.0
2014-01-31,1242,331,0,0.19,0.0
2014-01-31,581,112,0,0.62,0.0
2014-01-31,2294,332,0,1.37,3.0
2014-01-31,2294,222,0,1.97,0.0
2014-01-31,1672,113,0,0.08,0.0
2014-01-31,2768,331,0,0.5,0.0
2014-01-31,904,222,0,0.56,0.0
2014-01-31,1173,223,0,0.05,0.0
2014-01-31,2794,223,0,0.84,0.0
2014-01-31,1242,114,0,0.23,0.0
2014-01-31,423,331,0,0.2,0.0
2014-01-31,1275,113,0,0.01,0.0
2014-01-31,2932,112,0,0.97,0.0
2014-01-31,1424,331,0,0.01,0.0
2014-01-31,611,113,6,3.69,3.0
2014-01-31,581,114,0,0.71,0.0
2014-01-31,972,111,1,0.85,0.0
2014-01-31,1548,112,0,1.3,0.0
2014-01-31,1508,331,0,0.18,0.0
2014-01-31,611,222,5,1.82,2.0
2014-01-31,868,221,1,0.21,0.0
2014-01-31,1275,332,0,0.01,0.0
2014-01-31,1472,111,0,0.21,0.0
2014-01-31,2853,114,6,2.52,2.0
2014-01-31,1054,221,3,2.09,2.0
2014-01-31,1424,332,0,0.15,0.0
2014-01-31,797,112,1,3.74,3.0
2014-01-31,631,111,4,1.87,2.0
2014-01-31,631,222,0,0.27,0.0
2014-01-31,973,113,1,0.94,0.0
2014-01-31,2932,114,1,1.47,2.0
2014-01-31,2794,113,3,1.87,2.0
2014-01-31,972,222,4,2.92,3.0
2014-01-31,1135,221,1,0.16,0.0
2014-01-31,2294,221,3,1.56,0.0
2014-01-31,1548,113,0,1.04,0.0
2014-01-31,1365,222,0,0.07,0.0
2014-01-31,3004,332,7,5.25,4.0
2014-01-31,1190,113,0,0.02,0.0
2014-01-31,2332,112,1,3.84,4.0
2014-01-31,1694,333,0,1.61,2.0
2014-01-31,3008,221,1,0.74,0.0
2014-01-31,1548,332,0,0.21,0.0
2014-01-31,2794,331,3,0.71,0.0
2014-01-31,1753,331,1,0.62,0.0
2014-01-31,1275,222,0,0.01,0.0
2014-01-31,1424,113,0,0.81,0.0
2014-01-31,423,223,0,0.4,0.0
2014-01-31,581,222,0,0.16,0.0
2014-01-31,1548,223,1,0.17,0.0
2014-01-31,581,113,0,2.27,2.0
2014-01-31,1542,111,0,0.06,0.0
2014-01-31,797,221,2,1.86,2.0
2014-01-31,2935,221,0,0.8,0.0
2014-01-31,1629,114,5,4.66,4.0
2014-01-31,972,112,1,0.83,0.0
2014-01-31,1228,333,1,0.2,0.0
2014-01-31,1242,221,0,0.32,0.0
2014-01-31,1424,223,0,0.16,0.0
2014-01-31,1672,331,0,0.02,0.0
2014-01-31,1472,113,0,0.21,0.0
2014-01-31,926,331,0,0.04,0.0
2014-01-31,423,114,0,0.17,0.0
2014-01-31,2492,331,1,0.05,0.0
2014-01-31,2332,221,0,2.19,2.0
2014-01-31,3008,332,5,1.34,2.0
2014-01-31,1542,112,0,0.01,0.0
2014-01-31,1190,112,0,0.02,0.0
2014-01-31,2853,221,5,2.8,2.0
2014-01-31,2818,114,0,0.34,0.0
2014-01-31,2294,223,1,0.64,0.0
2014-01-31,2492,111,5,3.1,3.0
2014-01-31,1548,114,1,0.25,0.0
2014-01-31,1694,114,0,1.5,2.0
2014-01-31,1599,112,0,0.06,0.0
2014-01-31,1196,333,0,0.09,0.0
2014-01-31,1173,114,0,0.04,0.0
2014-01-31,1694,113,9,3.01,2.0
2014-01-31,659,331,4,1.47,2.0
2014-01-31,3008,222,3,0.74,0.0
2014-01-31,2794,114,0,1.39,2.0
2014-01-31,1054,111,1,1.7,2.0
2014-01-31,743,331,1,1.4,1.0
2014-01-31,868,112,1,0.31,0.0
2014-01-31,1508,111,1,0.26,0.0
2014-01-31,581,331,0,0.69,0.0
2014-01-31,2492,333,6,1.49,2.0
2014-01-31,1472,221,0,0.23,0.0
2014-01-31,1328,112,0,0.46,0.0
2014-01-31,1424,114,0,0.19,0.0
2014-01-31,1694,331,3,0.85,0.0
2014-01-31,2932,332,1,0.82,0.0
2014-01-31,611,112,4,2.05,2.0
2014-01-31,2853,111,10,2.56,2.0
2014-01-31,2332,331,2,2.36,2.0
2014-01-31,1599,113,0,0.01,0.0
2014-01-31,868,114,0,0.42,0.0
2014-01-31,972,221,1,2.65,3.0
2014-01-31,74,333,0,0.02,0.0
2014-01-31,3004,112,1,2.57,2.0
2014-01-31,1322,333,0,0.2,0.0
2014-01-31,1196,111,0,0.17,0.0
2014-01-31,868,333,0,0.05,0.0
2014-01-31,2935,223,0,3.75,0.0
2014-01-31,797,114,3,1.13,2.0
2014-01-31,1240,111,0,0.01,0.0
2014-01-31,1694,332,3,3.46,3.0
2014-01-31,1328,114,1,0.32,0.0
2014-01-31,2794,221,1,0.59,0.0
2014-01-31,1629,111,14,15.65,11.0
2014-01-31,868,332,0,0.12,0.0
2014-01-31,2935,112,6,3.9,4.0
2014-01-31,1240,331,0,0.06,0.0
2014-01-31,611,332,4,1.24,2.0
2014-01-31,743,112,2,1.78,2.0
2014-01-31,3004,114,1,1.9,2.0
2014-01-31,1508,113,0,0.24,0.0
2014-01-31,743,223,0,0.68,0.0
2014-01-31,1240,114,0,0.01,0.0
2014-01-31,1599,223,0,0.11,0.0
2014-01-31,1173,111,1,0.43,0.0
2014-01-31,2818,113,1,0.33,0.0
2014-01-31,868,113,1,0.26,0.0
2014-01-31,2932,111,0,1.53,2.0
2014-01-31,3021,111,0,0.12,0.0
2014-01-31,1228,111,0,0.26,0.0
2014-01-31,1054,222,0,0.52,0.0
2014-01-31,1599,111,0,0.09,0.0
2014-01-31,904,111,8,2.31,2.0
2014-01-31,432,222,1,0.35,0.0
2014-01-31,973,222,0,0.37,0.0
2014-01-31,1365,331,1,0.25,0.0
2014-01-31,423,111,0,0.4,0.0
2014-01-31,1196,332,0,0.18,0.0
2014-01-31,2294,111,1,0.32,0.0
2014-01-31,1190,114,0,0.02,0.0
2014-01-31,972,113,3,2.85,3.0
2014-01-31,2932,221,0,1.1,2.0
2014-01-31,3008,333,1,1.24,0.0
2014-01-31,3021,331,0,0.23,0.0
2014-01-31,797,111,1,1.63,2.0
2014-01-31,74,114,0,0.23,0.0
2014-01-31,973,112,0,0.25,0.0
2014-01-31,1727,114,0,0.04,0.0
2014-01-31,1753,113,1,1.7,2.0
2014-01-31,659,333,3,0.45,0.0
2014-01-31,337,222,0,0.96,0.0
2014-01-31,2853,333,3,2.12,2.0
2014-01-31,1242,223,0,0.26,0.0
2014-01-31,1228,331,0,0.19,0.0
2014-01-31,659,113,0,1.32,0.0
2014-01-31,1508,114,0,0.17,0.0
2014-01-31,432,114,0,0.01,0.0
2014-01-31,423,112,0,0.6,0.0
2014-01-31,1629,113,9,11.91,9.0
2014-01-31,337,114,1,1.5,2.0
2014-01-31,1424,333,0,0.13,0.0
2014-01-31,2794,332,0,0.83,0.0
2014-01-31,1472,114,0,0.1,0.0
2014-01-31,74,222,1,0.25,0.0
2014-01-31,1173,113,1,1.04,0.0
2014-01-31,659,114,0,0.6,0.0
2014-01-31,1322,113,0,0.43,0.0
2014-01-31,2492,223,2,0.81,0.0
2014-01-31,659,223,0,0.6,0.0
2014-01-31,1328,113,1,0.65,0.0
2014-01-31,2794,111,0,2.5,2.0
2014-01-31,1727,113,0,0.18,0.0
2014-01-31,1424,112,1,0.51,0.0
2014-01-31,973,333,0,0.03,0.0
2014-01-31,926,112,0,0.03,0.0
2014-01-31,1672,332,0,0.05,0.0
2014-01-31,1242,113,3,0.81,0.0
2014-01-31,1599,222,0,0.03,0.0
2014-01-31,797,223,2,1.41,2.0
2014-01-31,1135,333,0,0.24,0.0
2014-01-31,1727,333,0,0.08,0.0
2014-01-31,2932,222,0,1.18,2.0
2014-01-31,743,333,2,0.41,0.0
2014-01-31,2492,221,0,1.68,2.0
2014-01-31,1135,114,0,0.09,0.0
2014-01-31,1599,332,0,0.08,0.0
2014-01-31,1727,222,0,0.12,0.0
2014-01-31,1322,222,0,0.15,0.0
2014-01-31,1694,111,4,1.2,0.0
2014-01-31,611,331,0,1.56,2.0
2014-01-31,2768,222,0,0.29,0.0
2014-01-31,1753,223,0,0.25,0.0
2014-01-31,423,332,0,0.18,0.0
2014-01-31,1727,223,0,0.08,0.0
2014-01-31,1054,331,0,0.91,2.0
2014-01-31,868,331,0,0.24,0.0
2014-01-31,2853,331,8,2.5,2.0
2014-01-31,3004,113,1,2.98,4.0
2014-01-31,432,113,0,0.19,0.0
2014-01-31,2935,113,14,15.6,13.0
2014-01-31,432,331,0,0.06,0.0
2014-01-31,631,113,0,1.07,2.0
2014-01-31,611,221,2,1.5,2.0
2014-01-31,2492,332,0,1.31,0.0
2014-01-31,1275,331,0,0.01,0.0
2014-01-31,659,332,3,0.52,0.0
2014-01-31,1328,111,0,0.4,0.0
2014-01-31,743,222,1,1.11,0.0
2014-01-31,631,223,1,0.23,0.0
2014-01-31,1322,111,2,0.5,0.0
2014-01-31,1542,221,0,0.01,0.0
2014-01-31,1599,331,0,0.15,0.0
2014-01-31,423,113,0,0.11,0.0
2014-01-31,1672,114,0,0.05,0.0
2014-01-31,1365,113,0,0.37,0.0
2014-01-31,1472,112,0,0.02,0.0
2014-01-31,3008,111,4,1.34,2.0
2014-01-31,2332,332,3,3.02,3.0
2014-01-31,3004,111,9,3.41,3.0
2014-01-31,1242,112,2,0.88,2.0
2014-01-31,1548,222,0,0.57,0.0
2014-01-31,611,223,0,1.53,2.0
2014-01-31,2818,111,0,0.07,0.0
2014-01-31,1365,114,0,0.19,0.0
2014-01-31,423,333,0,0.25,0.0
2014-01-31,2853,222,4,2.89,3.0
2014-01-31,1240,113,0,0.07,0.0
2014-01-31,1599,221,0,0.1,0.0
2014-01-31,1753,114,0,0.5,0.0
2014-01-31,1542,222,0,0.01,0.0
2014-01-31,1240,221,0,0.04,0.0
2014-01-31,797,333,1,1.45,2.0
2014-01-31,2332,223,1,1.73,2.0
2014-01-31,2853,112,3,1.43,0.0
2014-01-31,2294,333,0,1.82,3.0
2014-01-31,972,332,13,5.83,5.0
2014-01-31,1727,111,0,0.1,0.0
2014-01-31,1135,111,1,0.23,0.0
2014-01-31,1424,222,0,0.27,0.0
2014-01-31,1599,333,0,0.08,0.0
2014-01-31,972,333,1,0.6,0.0
2014-01-31,1472,332,0,0.31,0.0
2014-01-31,2932,113,1,2.68,2.0
2014-01-31,74,112,0,0.06,0.0
2014-01-31,3021,332,0,0.0,0.0
2014-01-31,1275,111,0,0.01,0.0
2014-01-31,2768,223,0,0.3,0.0
2014-01-31,2294,331,0,1.79,3.0
2014-01-31,1135,112,0,0.07,0.0
2014-01-31,973,223,0,0.07,0.0
2014-01-31,1322,112,1,0.43,0.0
2014-01-31,1196,331,0,0.22,0.0
2014-01-31,1173,332,1,0.22,0.0
2014-01-31,743,113,1,1.38,1.0
2014-01-31,1694,112,0,1.4,0.0
2014-01-31,2492,114,0,1.47,2.0
2014-01-31,904,333,0,0.81,0.0
2014-01-31,1135,223,0,0.07,0.0
2014-01-31,797,113,4,2.68,4.0
2014-01-31,1135,332,0,0.01,0.0
2014-01-31,1753,333,0,0.61,0.0
2014-01-31,1228,221,0,0.01,0.0
2014-01-31,973,221,0,0.31,0.0
2014-01-31,2332,222,2,2.01,2.0
2014-01-31,659,221,0,0.43,0.0
2014-01-31,2794,112,0,1.76,2.0
2014-01-31,1322,331,0,0.25,0.0
2014-01-31,1542,114,0,0.13,0.0
2014-01-31,423,222,0,0.57,0.0
2014-01-31,611,111,2,1.81,2.0
2014-01-31,1727,221,0,0.12,0.0
2014-01-31,2294,114,1,0.51,0.0
2014-01-31,1173,222,1,0.28,0.0
2014-01-31,1228,114,0,0.05,0.0
2014-01-31,337,221,0,0.57,0.0
2014-01-31,926,222,0,0.23,0.0
2014-01-31,1508,221,0,0.15,0.0
2014-01-31,797,332,3,1.19,2.0
2014-01-31,1629,112,6,6.82,6.0
2014-01-31,926,114,0,0.1,0.0
2014-01-31,972,223,1,1.94,2.0
2014-01-31,2932,331,2,1.24,2.0
2014-01-31,1240,112,0,0.02,0.0
2014-01-31,926,333,0,0.12,0.0
2014-01-31,2818,333,0,0.01,0.0
2014-01-31,74,111,1,0.38,0.0
2014-01-31,74,331,0,0.04,0.0
2014-01-31,1542,331,0,0.14,0.0
2014-01-31,631,221,0,0.18,0.0
2014-01-31,581,223,0,0.62,0.0
2014-01-31,1629,333,0,2.92,3.0
2014-01-31,1228,223,0,0.2,0.0
2014-01-31,611,114,3,1.44,2.0
2014-01-31,337,113,0,0.91,1.0
2014-01-31,2935,332,18,16.95,15.0
2014-01-31,1548,333,1,0.1,0.0
2014-01-31,2768,114,0,0.31,0.0
2014-01-31,2935,331,0,4.47,6.0
2014-01-31,973,111,0,0.01,0.0
2014-01-31,2794,222,0,1.09,2.0
2014-01-31,1365,332,0,0.1,0.0
2014-01-31,432,333,0,0.12,0.0
2014-01-31,1275,221,0,0.01,0.0
2014-01-31,1672,111,0,0.04,0.0
2014-01-31,2294,113,1,2.12,3.0
2014-01-31,3004,333,4,4.47,4.0
2014-01-31,1508,112,0,0.14,0.0
2014-01-31,423,221,0,0.25,0.0
2014-01-31,2768,113,1,0.68,0.0
2014-01-31,1753,112,2,2.03,2.0
2014-01-31,1173,333,0,0.2,0.0
2014-01-31,1328,223,0,0.28,0.0
2014-01-31,3008,113,1,2.31,2.0
2014-01-31,1196,221,0,0.08,0.0
2014-01-31,1542,113,0,0.16,0.0
2014-01-31,1190,223,0,0.02,0.0
2014-01-31,1240,222,0,0.06,0.0
2014-01-31,337,223,0,0.38,0.0
2014-01-31,1629,223,2,1.87,2.0
2014-01-31,581,333,0,0.76,0.0
2014-01-31,1196,223,0,0.13,0.0
2014-01-31,1508,333,0,0.07,0.0
2014-01-31,743,114,0,0.44,0.0
2014-01-31,1328,332,2,0.57,0.0
2014-01-31,1190,331,0,0.02,0.0
2014-01-31,2332,114,5,3.89,4.0
2014-01-31,631,331,1,0.91,0.0
2014-01-31,2932,223,0,0.39,0.0
2014-01-31,1694,221,3,0.83,0.0
2014-01-31,2818,332,0,0.31,0.0
2014-01-31,1240,223,0,0.03,0.0
2014-01-31,2294,112,0,0.78,0.0
2014-01-31,2818,112,1,0.22,0.0
2014-01-31,3004,222,2,4.35,4.0
2014-01-31,631,333,1,0.51,0.0
2014-01-31,2932,333,1,1.66,2.0
2014-01-31,1424,111,1,0.32,0.0
2014-01-31,581,221,0,0.22,0.0
2014-01-31,2332,111,4,5.75,5.0
2014-01-31,432,221,0,0.25,0.0
2014-01-31,1548,221,0,0.31,0.0
2014-01-31,904,221,1,0.17,0.0
2014-01-31,3008,223,0,1.1,0.0
2014-01-31,1753,221,3,2.92,0.0
2014-01-31,1672,222,0,0.04,0.0
2014-01-31,2768,333,1,0.55,0.0
2014-01-31,926,221,0,0.12,0.0
2014-01-31,337,332,4,2.22,2.0
2014-01-31,904,112,0,2.6,3.0
2014-01-31,2332,113,11,17.32,13.0
2014-02-01,1753,111,3,2.33,2.0
2014-02-01,3004,222,6,7.13,6.0
2014-02-01,1242,113,2,0.98,2.0
2014-02-01,904,112,1,3.18,3.0
2014-02-01,1472,333,0,0.6,0.0
2014-02-01,2294,114,1,0.71,0.0
2014-02-01,611,114,2,1.96,2.0
2014-02-01,1328,333,1,0.47,0.0
2014-02-01,2853,113,4,4.99,4.0
2014-02-01,1694,221,1,1.29,3.0
2014-02-01,1542,221,1,0.11,0.0
2014-02-01,1190,332,0,0.03,0.0
2014-02-01,926,332,0,0.27,0.0
2014-02-01,2853,223,13,6.93,5.0
2014-02-01,1542,111,0,0.11,0.0
2014-02-01,972,113,1,3.4,4.0
2014-02-01,1322,112,2,0.52,0.0
2014-02-01,1228,223,0,0.22,0.0
2014-02-01,1054,223,2,1.73,2.0
2014-02-01,1365,114,0,0.23,0.0
2014-02-01,3021,113,2,0.21,0.0
2014-02-01,743,113,3,1.73,1.0
2014-02-01,423,223,0,0.68,0.0
2014-02-01,1629,331,3,11.15,7.0
2014-02-01,926,114,0,0.15,0.0
2014-02-01,659,112,2,1.41,2.0
2014-02-01,2818,222,0,0.65,0.0
2014-02-01,337,114,0,1.86,2.0
2014-02-01,3008,112,2,1.16,0.0
2014-02-01,2768,222,0,0.33,0.0
2014-02-01,3004,114,4,2.81,3.0
2014-02-01,2492,112,0,0.1,0.0
2014-02-01,337,331,10,5.43,5.0
2014-02-01,1424,112,1,0.87,1.0
2014-02-01,1328,223,2,0.44,0.0
2014-02-01,904,114,1,1.31,2.0
2014-02-01,2294,222,0,1.27,0.0
2014-02-01,1135,112,0,0.09,0.0
2014-02-01,1599,331,0,0.17,0.0
2014-02-01,1228,332,0,0.02,0.0
2014-02-01,611,111,7,3.18,2.0
2014-02-01,423,331,1,0.35,0.0
2014-02-01,1242,333,1,0.32,0.0
2014-02-01,432,331,0,0.08,0.0
2014-02-01,926,112,0,0.04,0.0
2014-02-01,973,222,1,0.56,0.0
2014-02-01,659,111,2,1.01,1.0
2014-02-01,337,332,2,3.28,3.0
2014-02-01,74,114,0,0.37,0.0
2014-02-01,432,111,1,0.22,0.0
2014-02-01,611,223,2,1.7,2.0
2014-02-01,432,221,0,0.21,0.0
2014-02-01,432,332,0,0.29,0.0
2014-02-01,423,221,0,0.2,0.0
2014-02-01,972,331,0,0.2,0.0
2014-02-01,973,221,0,0.37,0.0
2014-02-01,868,113,0,0.39,0.0
2014-02-01,74,113,3,0.68,0.0
2014-02-01,1242,331,0,0.21,0.0
2014-02-01,1548,333,0,0.2,0.0
2014-02-01,1542,222,0,0.1,0.0
2014-02-01,743,114,0,0.43,0.0
2014-02-01,659,113,0,1.1,0.0
2014-02-01,1173,113,2,1.86,2.0
2014-02-01,337,111,2,2.07,2.0
2014-02-01,1365,221,0,0.19,0.0
2014-02-01,1173,223,0,0.06,0.0
2014-02-01,1328,221,1,0.93,0.0
2014-02-01,1173,222,0,0.55,0.0
2014-02-01,1365,112,0,0.69,0.0
2014-02-01,1542,332,0,0.18,0.0
2014-02-01,868,114,0,0.59,0.0
2014-02-01,74,223,0,0.97,0.0
2014-02-01,1753,332,2,0.53,0.0
2014-02-01,2332,111,11,8.04,6.0
2014-02-01,1190,222,0,0.03,0.0
2014-02-01,337,223,0,0.62,0.0
2014-02-01,1472,223,1,0.33,0.0
2014-02-01,1135,111,1,0.3,0.0
2014-02-01,2853,332,4,5.64,4.0
2014-02-01,1424,111,1,0.59,0.0
2014-02-01,631,112,2,1.64,2.0
2014-02-01,581,221,0,0.38,0.0
2014-02-01,1054,333,2,0.87,0.0
2014-02-01,868,223,0,0.27,0.0
2014-02-01,2332,113,15,20.25,15.0
2014-02-01,1672,222,0,0.13,0.0
2014-02-01,1629,332,4,15.37,12.0
2014-02-01,74,112,0,0.04,0.0
2014-02-01,1240,332,0,0.09,0.0
2014-02-01,1727,332,0,0.06,0.0
2014-02-01,973,332,3,0.5,0.0
2014-02-01,904,332,4,0.97,1.0
2014-02-01,797,111,5,2.57,2.0
2014-02-01,2935,223,0,3.86,0.0
2014-02-01,1275,112,0,0.07,0.0
2014-02-01,1196,113,0,0.21,0.0
2014-02-01,2294,111,3,1.6,0.0
2014-02-01,423,111,1,0.57,0.0
2014-02-01,972,222,4,4.26,4.0
2014-02-01,2935,114,23,9.29,6.0
2014-02-01,2818,112,2,0.68,0.0
2014-02-01,631,333,0,0.68,0.0
2014-02-01,1753,223,2,0.48,0.0
2014-02-01,74,332,0,0.22,0.0
2014-02-01,2818,332,0,0.35,0.0
2014-02-01,1629,111,21,15.64,14.0
2014-02-01,1727,331,0,0.07,0.0
2014-02-01,631,114,1,0.9,1.0
2014-02-01,581,223,1,0.89,1.0
2014-02-01,1472,331,0,0.31,0.0
2014-02-01,423,112,0,0.66,0.0
2014-02-01,1328,331,2,0.69,0.0
2014-02-01,432,333,0,0.14,0.0
2014-02-01,1508,333,0,0.03,0.0
2014-02-01,2492,222,0,0.29,0.0
2014-02-01,1599,114,0,0.08,0.0
2014-02-01,2794,222,1,1.48,2.0
2014-02-01,1542,331,0,0.13,0.0
2014-02-01,868,111,0,0.87,0.0
2014-02-01,1508,221,0,0.17,0.0
2014-02-01,1054,112,9,3.7,3.0
2014-02-01,972,223,2,2.75,3.0
2014-02-01,2492,113,5,7.2,6.0
2014-02-01,74,111,0,0.44,0.0
2014-02-01,1196,112,0,0.26,0.0
2014-02-01,1322,221,1,0.31,0.0
2014-02-01,337,113,1,1.04,1.0
2014-02-01,2768,114,0,0.33,0.0
2014-02-01,743,332,1,0.55,0.0
2014-02-01,1629,333,1,3.81,3.0
2014-02-01,1694,222,1,1.7,2.0
2014-02-01,904,331,2,1.75,2.0
2014-02-01,1753,333,0,0.72,0.0
2014-02-01,2794,112,3,2.67,2.0
2014-02-01,1599,333,1,0.1,0.0
2014-02-01,1228,222,0,0.08,0.0
2014-02-01,3021,331,0,0.32,0.0
2014-02-01,2492,114,0,1.59,2.0
2014-02-01,1173,332,0,0.28,0.0
2014-02-01,1190,221,0,0.03,0.0
2014-02-01,2768,223,0,0.26,0.0
2014-02-01,1629,221,3,2.59,3.0
2014-02-01,1322,114,0,0.24,0.0
2014-02-01,1228,114,0,0.09,0.0
2014-02-01,2932,113,2,4.35,3.0
2014-02-01,1672,223,0,0.13,0.0
2014-02-01,1242,223,2,0.34,0.0
2014-02-01,2818,331,0,0.34,0.0
2014-02-01,2794,331,1,1.86,1.0
2014-02-01,1694,331,3,1.77,2.0
2014-02-01,2853,222,10,5.23,4.0
2014-02-01,2492,332,0,1.28,0.0
2014-02-01,1328,112,2,0.8,0.0
2014-02-01,1508,111,0,0.39,0.0
2014-02-01,581,331,0,0.9,0.0
2014-02-01,1599,221,0,0.1,0.0
2014-02-01,423,333,1,0.36,0.0
2014-02-01,868,112,0,0.45,0.0
2014-02-01,2294,221,2,3.86,3.0
2014-02-01,2853,112,6,4.0,3.0
2014-02-01,972,112,1,1.1,1.0
2014-02-01,1629,114,11,6.77,6.0
2014-02-01,797,223,2,1.86,2.0
2014-02-01,1242,112,3,1.16,2.0
2014-02-01,1275,114,0,0.06,0.0
2014-02-01,611,112,3,3.48,3.0
2014-02-01,1599,332,0,0.11,0.0
2014-02-01,1599,222,0,0.1,0.0
2014-02-01,432,113,1,0.21,0.0
2014-02-01,1753,113,0,2.53,2.0
2014-02-01,2853,331,5,5.63,4.0
2014-02-01,1727,223,0,0.03,0.0
2014-02-01,2492,111,6,5.19,4.0
2014-02-01,337,221,0,0.83,0.0
2014-02-01,631,113,1,1.33,2.0
2014-02-01,797,221,6,2.58,2.0
2014-02-01,3008,332,5,2.03,3.0
2014-02-01,423,114,0,0.31,0.0
2014-02-01,2492,331,3,1.03,1.0
2014-02-01,2932,222,0,1.39,2.0
2014-02-01,743,333,0,0.56,0.0
2014-02-01,1694,114,3,1.73,2.0
2014-02-01,3021,112,0,0.04,0.0
2014-02-01,1672,332,0,0.06,0.0
2014-02-01,1135,114,0,0.13,0.0
2014-02-01,868,331,0,0.22,0.0
2014-02-01,1672,114,0,0.1,0.0
2014-02-01,972,221,5,3.55,3.0
2014-02-01,1424,113,0,1.04,2.0
2014-02-01,432,222,0,0.46,0.0
2014-02-01,1196,111,0,0.13,0.0
2014-02-01,2853,111,10,6.84,4.0
2014-02-01,74,333,0,0.09,0.0
2014-02-01,1190,113,0,0.03,0.0
2014-02-01,1228,331,0,0.2,0.0
2014-02-01,3004,332,5,9.62,7.0
2014-02-01,1196,114,1,0.13,0.0
2014-02-01,2768,332,0,0.9,0.0
2014-02-01,2794,332,2,1.06,0.0
2014-02-01,1424,221,0,0.52,0.0
2014-02-01,973,114,0,0.57,0.0
2014-02-01,2492,223,1,1.25,1.0
2014-02-01,74,222,1,0.61,0.0
2014-02-01,797,114,1,1.57,2.0
2014-02-01,1240,111,0,0.05,0.0
2014-02-01,1242,111,1,0.52,0.0
2014-02-01,743,112,1,2.46,2.0
2014-02-01,2935,221,0,1.58,0.0
2014-02-01,1424,332,0,0.15,0.0
2014-02-01,659,332,0,0.72,0.0
2014-02-01,2794,111,7,3.22,3.0
2014-02-01,1275,332,0,0.08,0.0
2014-02-01,2794,221,1,1.06,0.0
2014-02-01,611,222,4,2.59,2.0
2014-02-01,2332,332,1,4.8,4.0
2014-02-01,1508,331,0,0.2,0.0
2014-02-01,3008,222,1,1.58,2.0
2014-02-01,1542,112,0,0.08,0.0
2014-02-01,631,111,1,3.06,3.0
2014-02-01,2332,223,2,2.09,2.0
2014-02-01,581,114,1,0.66,0.0
2014-02-01,904,111,1,3.52,3.0
2014-02-01,611,332,3,2.11,2.0
2014-02-01,2818,113,1,0.69,0.0
2014-02-01,2932,114,3,1.97,2.0
2014-02-01,904,221,0,0.47,0.0
2014-02-01,631,223,1,0.37,0.0
2014-02-01,1548,223,0,0.28,0.0
2014-02-01,1365,331,0,0.34,0.0
2014-02-01,581,222,0,0.3,0.0
2014-02-01,659,223,2,0.7,0.0
2014-02-01,581,113,1,2.89,3.0
2014-02-01,1240,331,0,0.05,0.0
2014-02-01,1135,221,0,0.21,0.0
2014-02-01,1727,114,0,0.07,0.0
2014-02-01,868,333,1,0.14,0.0
2014-02-01,423,222,1,0.88,0.0
2014-02-01,972,111,1,1.19,2.0
2014-02-01,868,332,0,0.21,0.0
2014-02-01,1694,332,5,4.16,3.0
2014-02-01,1548,112,2,1.56,2.0
2014-02-01,1322,333,0,0.24,0.0
2014-02-01,868,221,0,0.3,0.0
2014-02-01,1472,111,3,0.29,0.0
2014-02-01,2935,112,14,7.98,6.0
2014-02-01,2932,333,1,2.34,2.0
2014-02-01,1753,331,0,0.9,0.0
2014-02-01,1196,222,0,0.25,0.0
2014-02-01,1694,333,4,1.53,2.0
2014-02-01,1599,112,0,0.03,0.0
2014-02-01,1424,222,0,0.28,0.0
2014-02-01,1196,331,0,0.36,0.0
2014-02-01,973,112,0,0.26,0.0
2014-02-01,1548,113,1,1.19,2.0
2014-02-01,1424,333,0,0.27,0.0
2014-02-01,1365,222,0,0.16,0.0
2014-02-01,2332,112,3,4.49,4.0
2014-02-01,2853,333,4,3.73,3.0
2014-02-01,432,114,0,0.04,0.0
2014-02-01,659,114,0,0.79,0.0
2014-02-01,3008,221,0,1.1,0.0
2014-02-01,1275,221,0,0.07,0.0
2014-02-01,1275,222,0,0.07,0.0
2014-02-01,337,222,2,1.12,2.0
2014-02-01,1472,114,0,0.11,0.0
2014-02-01,2853,114,18,5.17,4.0
2014-02-01,2794,113,4,3.5,3.0
2014-02-01,1054,111,4,2.29,2.0
2014-02-01,2492,333,2,2.36,2.0
2014-02-01,1548,222,1,0.72,0.0
2014-02-01,1472,221,0,0.23,0.0
2014-02-01,659,331,4,2.43,2.0
2014-02-01,2932,332,0,0.98,1.0
2014-02-01,2794,114,0,1.84,2.0
2014-02-01,743,331,2,1.57,2.0
2014-02-01,611,333,3,1.45,2.0
2014-02-01,1548,111,1,0.67,0.0
2014-02-01,1228,333,0,0.28,0.0
2014-02-01,2818,111,0,0.14,0.0
2014-02-01,1275,331,0,0.1,0.0
2014-02-01,1727,111,0,0.07,0.0
2014-02-01,1242,221,0,0.36,0.0
2014-02-01,1424,223,0,0.24,0.0
2014-02-01,1173,114,0,0.05,0.0
2014-02-01,972,332,8,8.29,7.0
2014-02-01,3008,111,3,2.58,3.0
2014-02-01,1365,113,0,0.49,0.0
2014-02-01,1228,111,1,0.26,0.0
2014-02-01,1054,221,2,3.52,3.0
2014-02-01,1322,111,0,0.66,0.0
2014-02-01,2932,111,0,1.95,2.0
2014-02-01,631,222,0,0.39,0.0
2014-02-01,1508,113,0,0.24,0.0
2014-02-01,973,113,1,1.29,2.0
2014-02-01,797,112,2,5.22,4.0
2014-02-01,1240,114,0,0.02,0.0
2014-02-01,1599,113,0,0.03,0.0
2014-02-01,743,223,0,0.66,0.0
2014-02-01,3021,332,0,0.07,0.0
2014-02-01,1328,113,2,0.98,1.0
2014-02-01,1508,114,0,0.2,0.0
2014-02-01,743,222,0,0.97,0.0
2014-02-01,1472,112,0,0.08,0.0
2014-02-01,1672,221,0,0.04,0.0
2014-02-01,1190,331,0,0.03,0.0
2014-02-01,1727,113,0,0.1,0.0
2014-02-01,1672,112,0,0.07,0.0
2014-02-01,1275,333,0,0.05,0.0
2014-02-01,3004,223,6,7.27,6.0
2014-02-01,973,111,0,0.03,0.0
2014-02-01,2935,331,0,6.22,7.0
2014-02-01,432,112,0,0.04,0.0
2014-02-01,3004,221,0,0.65,0.0
2014-02-01,2332,222,4,2.87,2.0
2014-02-01,743,221,1,0.67,0.0
2014-02-01,2818,221,0,0.32,0.0
2014-02-01,972,333,1,1.02,1.0
2014-02-01,1508,222,0,0.24,0.0
2014-02-01,2768,112,1,0.28,0.0
2014-02-01,659,222,2,0.89,1.0
2014-02-01,973,223,0,0.11,0.0
2014-02-01,1694,112,0,1.93,0.0
2014-02-01,904,333,0,1.05,0.0
2014-02-01,1173,331,1,0.52,0.0
2014-02-01,743,111,3,1.46,1.0
2014-02-01,2294,331,0,2.35,0.0
2014-02-01,2935,333,24,21.18,19.0
2014-02-01,1672,111,0,0.15,0.0
2014-02-01,1196,333,0,0.14,0.0
2014-02-01,973,331,0,0.92,0.0
2014-02-01,1322,223,0,0.07,0.0
2014-02-01,926,333,0,0.18,0.0
2014-02-01,926,113,0,0.27,0.0
2014-02-01,1508,223,0,0.15,0.0
2014-02-01,1240,112,0,0.03,0.0
2014-02-01,1365,332,0,0.11,0.0
2014-02-01,1629,112,7,11.41,8.0
2014-02-01,1190,333,0,0.03,0.0
2014-02-01,926,222,0,0.31,0.0
2014-02-01,1727,112,0,0.08,0.0
2014-02-01,3021,221,0,0.14,0.0
2014-02-01,904,223,0,0.27,0.0
2014-02-01,1173,112,0,1.2,2.0
2014-02-01,2932,331,3,1.68,2.0
2014-02-01,1508,112,0,0.14,0.0
2014-02-01,3008,114,1,0.95,2.0
2014-02-01,1322,331,0,0.24,0.0
2014-02-01,1275,111,0,0.06,0.0
2014-02-01,1629,223,1,2.3,3.0
2014-02-01,1694,223,2,1.26,1.0
2014-02-01,1542,223,0,0.18,0.0
2014-02-01,2294,223,3,1.89,3.0
2014-02-01,1196,223,1,0.13,0.0
2014-02-01,1054,113,1,6.01,5.0
2014-02-01,2332,114,7,5.41,5.0
2014-02-01,1190,223,0,0.03,0.0
2014-02-01,1542,333,0,0.02,0.0
2014-02-01,2935,222,7,14.7,13.0
2014-02-01,1240,223,0,0.02,0.0
2014-02-01,2294,112,8,0.51,0.0
2014-02-01,2768,221,0,0.53,0.0
2014-02-01,1196,221,0,0.15,0.0
2014-02-01,1548,332,0,0.24,0.0
2014-02-01,1322,113,0,0.64,0.0
2014-02-01,2932,223,0,0.41,0.0
2014-02-01,3021,222,1,0.23,0.0
2014-02-01,1629,222,23,20.04,15.0
2014-02-01,2768,111,1,0.88,1.0
2014-02-01,797,331,3,1.79,2.0
2014-02-01,1135,223,0,0.06,0.0
2014-02-01,1228,221,0,0.02,0.0
2014-02-01,797,113,4,5.95,5.0
2014-02-01,2332,333,0,3.1,2.0
2014-02-01,2935,111,11,10.42,9.0
2014-02-01,1365,111,0,0.34,0.0
2014-02-01,1672,333,0,0.11,0.0
2014-02-01,2768,333,1,0.87,0.0
2014-02-01,2768,113,0,0.98,1.0
2014-02-01,1173,221,0,0.32,0.0
2014-02-01,3021,333,1,0.15,0.0
2014-02-01,1240,333,0,0.05,0.0
2014-02-01,3008,223,0,1.09,0.0
2014-02-01,926,221,0,0.18,0.0
2014-02-01,972,114,0,0.26,0.0
2014-02-01,1548,221,0,0.32,0.0
2014-02-01,74,221,1,0.76,0.0
2014-02-01,611,221,4,2.04,2.0
2014-02-01,1694,113,6,4.66,4.0
2014-02-01,926,331,0,0.07,0.0
2014-02-01,3021,114,0,0.23,0.0
2014-02-01,1542,113,0,0.21,0.0
2014-02-01,631,221,0,0.31,0.0
2014-02-01,1240,221,0,0.06,0.0
2014-02-01,926,111,0,0.05,0.0
2014-02-01,3008,113,2,3.65,3.0
2014-02-01,797,333,1,2.1,2.0
2014-02-01,1242,114,0,0.25,0.0
2014-02-01,1242,222,0,0.73,0.0
2014-02-01,3008,331,3,2.33,2.0
2014-02-01,1753,221,0,1.69,3.0
2014-02-01,1240,113,0,0.05,0.0
2014-02-01,3004,111,13,7.33,6.0
2014-02-01,1322,332,0,0.19,0.0
2014-02-01,1328,222,0,0.49,0.0
2014-02-01,1135,332,0,0.02,0.0
2014-02-01,1240,222,0,0.05,0.0
2014-02-01,2794,333,2,1.22,0.0
2014-02-01,868,222,0,0.34,0.0
2014-02-01,1135,331,0,0.26,0.0
2014-02-01,1173,333,1,0.18,0.0
2014-02-01,1727,221,0,0.2,0.0
2014-02-01,611,113,1,5.7,4.0
2014-02-01,659,221,2,0.68,0.0
2014-02-01,1727,333,0,0.18,0.0
2014-02-01,2794,223,0,0.96,0.0
2014-02-01,1542,114,0,0.17,0.0
2014-02-01,1328,111,1,0.65,0.0
2014-02-01,904,222,0,0.73,0.0
2014-02-01,1424,114,0,0.22,0.0
2014-02-01,1753,114,0,0.77,0.0
2014-02-01,1190,114,0,0.03,0.0
2014-02-01,1275,113,0,0.04,0.0
2014-02-01,2932,221,2,1.37,2.0
2014-02-01,581,332,3,1.23,2.0
2014-02-01,631,332,2,0.72,0.0
2014-02-01,659,333,3,0.6,0.0
2014-02-01,1135,113,0,0.29,0.0
2014-02-01,1548,331,0,0.22,0.0
2014-02-01,3004,112,2,2.8,3.0
2014-02-01,1328,114,0,0.48,0.0
2014-02-01,1054,332,3,2.44,2.0
2014-02-01,1196,332,0,0.19,0.0
2014-02-01,1228,112,2,0.39,0.0
2014-02-01,1694,111,1,2.05,2.0
2014-02-01,581,112,2,0.79,0.0
2014-02-01,3021,111,0,0.18,0.0
2014-02-01,1472,222,0,0.29,0.0
2014-02-01,1629,113,7,13.72,11.0
2014-02-01,1599,223,0,0.17,0.0
2014-02-01,2294,332,1,1.72,3.0
2014-02-01,3021,223,0,0.07,0.0
2014-02-01,631,331,1,1.17,2.0
2014-02-01,2818,333,0,0.15,0.0
2014-02-01,2768,331,0,0.58,0.0
2014-02-01,1328,332,0,0.96,0.0
2014-02-01,1054,114,2,1.8,2.0
2014-02-01,1599,111,0,0.15,0.0
2014-02-01,1672,113,0,0.41,0.0
2014-02-01,1173,111,0,0.79,0.0
2014-02-01,1753,222,0,0.57,0.0
2014-02-01,423,113,0,0.17,0.0
2014-02-01,337,333,2,1.8,2.0
2014-02-01,1727,222,0,0.06,0.0
2014-02-01,2818,114,2,0.31,0.0
2014-02-01,1322,222,0,0.14,0.0
2014-02-01,2332,331,4,4.05,3.0
2014-02-01,1548,114,2,0.34,0.0
2014-02-01,1508,332,0,0.02,0.0
2014-02-01,1190,112,0,0.03,0.0
2014-02-01,1054,222,2,0.76,0.0
2014-02-01,1242,332,0,1.12,2.0
2014-02-01,432,223,2,0.26,0.0
2014-02-01,2853,221,12,5.97,3.0
2014-02-01,2818,223,2,0.29,0.0
2014-02-01,2492,221,0,1.82,2.0
2014-02-01,1135,333,0,0.25,0.0
2014-02-01,2332,221,3,2.95,3.0
2014-02-01,1228,113,0,0.04,0.0
2014-02-01,581,333,0,1.01,0.0
2014-02-01,1275,223,0,0.04,0.0
2014-02-01,3004,333,5,8.17,6.0
2014-02-01,1472,113,0,0.31,0.0
2014-02-01,581,111,3,1.94,2.0
2014-02-01,1365,333,0,0.18,0.0
2014-02-01,2294,333,4,2.49,3.0
2014-02-01,74,331,0,0.05,0.0
2014-02-01,1672,331,0,0.08,0.0
2014-02-01,3004,331,4,6.66,5.0
2014-02-01,2294,113,2,3.36,3.0
2014-02-01,973,333,0,0.07,0.0
2014-02-01,2935,332,33,33.44,28.0
2014-02-01,797,332,3,1.62,2.0
2014-02-01,1135,222,1,0.31,0.0
2014-02-01,2935,113,20,18.71,19.0
2014-02-01,1054,331,2,1.15,2.0
2014-02-01,3004,113,2,4.54,5.0
2014-02-01,926,223,1,0.27,0.0
2014-02-01,1753,112,2,3.19,3.0
2014-02-01,797,222,2,2.43,2.0
2014-02-01,1365,223,0,0.08,0.0
2014-02-01,904,113,2,1.96,2.0
2014-02-01,611,331,2,1.56,2.0
2014-02-01,2932,112,4,1.14,1.0
2014-02-01,1472,332,2,0.4,0.0
2014-02-01,3008,333,0,1.89,2.0
2014-02-01,1424,331,0,0.09,0.0
2014-02-01,1190,111,0,0.03,0.0
2014-02-01,423,332,0,0.26,0.0
2014-02-01,337,112,0,1.03,1.0
2014-02-02,1054,112,6,5.04,4.0
2014-02-02,1240,112,0,0.02,0.0
2014-02-02,1228,113,0,0.05,0.0
2014-02-02,337,112,1,0.93,1.0
2014-02-02,1135,223,0,0.05,0.0
2014-02-02,659,113,0,1.03,0.0
2014-02-02,1599,114,0,0.07,0.0
2014-02-02,1228,223,0,0.23,0.0
2014-02-02,581,332,2,1.24,2.0
2014-02-02,2932,114,1,2.17,2.0
2014-02-02,1365,111,2,0.3,0.0
2014-02-02,423,333,1,0.42,0.0
2014-02-02,3004,112,1,2.81,3.0
2014-02-02,2935,331,0,5.75,6.0
2014-02-02,2794,222,1,1.69,2.0
2014-02-02,1240,332,0,0.08,0.0
2014-02-02,868,223,0,0.26,0.0
2014-02-02,1508,112,0,0.12,0.0
2014-02-02,743,111,0,1.47,1.0
2014-02-02,2332,113,20,19.19,16.0
2014-02-02,973,223,0,0.11,0.0
2014-02-02,337,111,1,2.03,2.0
2014-02-02,1727,112,0,0.07,0.0
2014-02-02,1135,332,0,0.02,0.0
2014-02-02,2818,221,0,0.29,0.0
2014-02-02,1240,222,0,0.05,0.0
2014-02-02,2768,331,0,0.57,0.0
2014-02-02,1173,221,0,0.31,0.0
2014-02-02,1472,222,0,0.27,0.0
2014-02-02,1472,333,1,0.58,0.0
2014-02-02,423,221,0,0.19,0.0
2014-02-02,1242,332,0,1.0,2.0
2014-02-02,659,112,3,1.39,2.0
2014-02-02,904,112,3,3.39,3.0
2014-02-02,2768,113,2,0.83,0.0
2014-02-02,3008,113,1,3.53,3.0
2014-02-02,1694,333,3,2.13,2.0
2014-02-02,1190,222,0,0.02,0.0
2014-02-02,611,113,4,4.47,4.0
2014-02-02,2794,112,2,3.02,2.0
2014-02-02,797,112,2,4.8,4.0
2014-02-02,2935,221,0,1.9,0.0
2014-02-02,2768,222,2,0.29,0.0
2014-02-02,1753,113,6,1.8,2.0
2014-02-02,2932,112,0,1.64,2.0
2014-02-02,1542,222,0,0.09,0.0
2014-02-02,3008,222,0,1.28,2.0
2014-02-02,659,331,4,2.29,2.0
2014-02-02,1472,112,0,0.07,0.0
2014-02-02,1322,111,0,0.63,0.0
2014-02-02,423,113,0,0.15,0.0
2014-02-02,432,222,0,0.43,0.0
2014-02-02,423,222,0,0.9,0.0
2014-02-02,743,112,2,2.32,2.0
2014-02-02,2935,112,0,10.24,8.0
2014-02-02,2794,333,2,1.63,2.0
2014-02-02,1328,113,1,0.97,0.0
2014-02-02,631,113,1,1.43,2.0
2014-02-02,611,221,2,2.06,2.0
2014-02-02,1365,333,0,0.17,0.0
2014-02-02,1275,114,0,0.05,0.0
2014-02-02,1242,111,0,0.66,0.0
2014-02-02,2935,332,92,37.11,29.0
2014-02-02,581,333,1,0.91,0.0
2014-02-02,1548,111,0,0.71,0.0
2014-02-02,1135,333,0,0.21,0.0
2014-02-02,926,331,1,0.06,0.0
2014-02-02,1508,331,0,0.2,0.0
2014-02-02,2818,112,2,0.82,1.0
2014-02-02,2932,332,0,0.88,0.0
2014-02-02,3021,332,0,0.06,0.0
2014-02-02,1599,222,0,0.09,0.0
2014-02-02,3008,332,3,2.45,3.0
2014-02-02,659,223,0,0.71,0.0
2014-02-02,743,222,1,0.92,0.0
2014-02-02,3021,222,1,0.37,0.0
2014-02-02,972,111,1,1.14,0.0
2014-02-02,1242,222,2,0.63,0.0
2014-02-02,1508,222,0,0.24,0.0
2014-02-02,1228,332,0,0.01,0.0
2014-02-02,1365,221,0,0.19,0.0
2014-02-02,1275,112,0,0.06,0.0
2014-02-02,2818,333,0,0.15,0.0
2014-02-02,1542,221,0,0.25,0.0
2014-02-02,1054,331,1,1.22,2.0
2014-02-02,1190,331,0,0.02,0.0
2014-02-02,1599,332,0,0.11,0.0
2014-02-02,1694,223,5,1.35,2.0
2014-02-02,973,332,0,0.62,0.0
2014-02-02,74,112,0,0.03,0.0
2014-02-02,659,333,1,0.8,0.0
2014-02-02,2294,223,2,2.36,2.0
2014-02-02,904,113,5,1.79,2.0
2014-02-02,1424,111,0,0.56,0.0
2014-02-02,1135,113,0,0.25,0.0
2014-02-02,3021,333,0,0.27,0.0
2014-02-02,2492,331,7,2.29,2.0
2014-02-02,1240,221,0,0.05,0.0
2014-02-02,1727,221,0,0.16,0.0
2014-02-02,1196,114,0,0.19,0.0
2014-02-02,1322,112,0,0.54,0.0
2014-02-02,74,221,0,0.72,0.0
2014-02-02,2853,221,17,8.72,5.0
2014-02-02,2332,332,2,4.39,4.0
2014-02-02,904,114,1,1.36,2.0
2014-02-02,2294,111,1,2.19,2.0
2014-02-02,1275,222,0,0.06,0.0
2014-02-02,1753,114,0,0.71,0.0
2014-02-02,973,114,1,0.49,0.0
2014-02-02,743,114,0,0.36,0.0
2014-02-02,432,114,0,0.03,0.0
2014-02-02,797,111,3,2.51,2.0
2014-02-02,2794,331,0,1.65,1.0
2014-02-02,74,222,0,0.71,0.0
2014-02-02,1054,111,3,2.2,2.0
2014-02-02,973,331,0,0.86,0.0
2014-02-02,337,113,0,1.16,1.0
2014-02-02,1190,333,0,0.02,0.0
2014-02-02,926,113,1,0.24,0.0
2014-02-02,926,333,0,0.16,0.0
2014-02-02,1196,333,0,0.14,0.0
2014-02-02,337,221,1,0.8,0.0
2014-02-02,797,113,4,5.91,5.0
2014-02-02,2294,221,3,3.42,3.0
2014-02-02,868,114,1,0.56,0.0
2014-02-02,1322,114,3,0.24,0.0
2014-02-02,3021,221,0,0.15,0.0
2014-02-02,1242,112,0,1.15,2.0
2014-02-02,904,223,0,0.21,0.0
2014-02-02,1322,223,0,0.05,0.0
2014-02-02,2935,333,9,29.83,20.0
2014-02-02,1727,223,0,0.03,0.0
2014-02-02,3004,223,7,6.87,6.0
2014-02-02,743,221,0,0.62,0.0
2014-02-02,432,112,0,0.02,0.0
2014-02-02,2853,331,0,5.02,4.0
2014-02-02,3004,221,0,0.61,0.0
2014-02-02,2768,112,0,0.49,0.0
2014-02-02,1508,223,0,0.15,0.0
2014-02-02,1629,112,3,7.88,7.0
2014-02-02,926,222,0,0.29,0.0
2014-02-02,631,222,0,0.34,0.0
2014-02-02,1424,112,0,0.78,0.0
2014-02-02,926,221,0,0.17,0.0
2014-02-02,1242,113,0,1.11,2.0
2014-02-02,3008,223,6,0.94,0.0
2014-02-02,2768,333,1,0.85,0.0
2014-02-02,337,222,0,1.07,2.0
2014-02-02,1365,114,0,0.21,0.0
2014-02-02,1228,221,0,0.01,0.0
2014-02-02,1275,111,0,0.06,0.0
2014-02-02,1322,331,0,0.22,0.0
2014-02-02,2294,331,1,0.68,0.0
2014-02-02,1694,112,0,1.91,0.0
2014-02-02,904,333,0,0.99,0.0
2014-02-02,972,333,3,1.02,1.0
2014-02-02,1694,332,5,3.63,4.0
2014-02-02,973,111,0,0.02,0.0
2014-02-02,2332,222,3,3.18,2.0
2014-02-02,1365,332,0,0.1,0.0
2014-02-02,1173,113,4,1.78,2.0
2014-02-02,432,113,1,0.31,0.0
2014-02-02,1173,112,2,0.97,0.0
2014-02-02,1629,222,7,17.37,14.0
2014-02-02,972,221,2,3.81,3.0
2014-02-02,659,222,1,0.95,1.0
2014-02-02,3008,114,0,1.02,2.0
2014-02-02,1365,222,2,0.15,0.0
2014-02-02,2332,112,5,4.44,4.0
2014-02-02,1196,222,0,0.22,0.0
2014-02-02,2492,332,0,1.08,0.0
2014-02-02,3008,221,0,0.91,0.0
2014-02-02,1275,221,0,0.06,0.0
2014-02-02,1753,331,4,0.84,0.0
2014-02-02,2932,222,1,1.19,1.0
2014-02-02,1599,221,0,0.09,0.0
2014-02-02,581,113,4,2.95,3.0
2014-02-02,1548,223,0,0.22,0.0
2014-02-02,1472,111,0,0.48,0.0
2014-02-02,1135,221,1,0.18,0.0
2014-02-02,2794,113,2,3.57,3.0
2014-02-02,1548,112,2,1.58,2.0
2014-02-02,631,223,0,0.41,0.0
2014-02-02,1054,221,4,3.4,3.0
2014-02-02,973,113,0,1.24,2.0
2014-02-02,1599,113,0,0.02,0.0
2014-02-02,2853,112,7,4.38,3.0
2014-02-02,581,222,0,0.28,0.0
2014-02-02,2794,221,1,1.08,0.0
2014-02-02,432,331,0,0.08,0.0
2014-02-02,2853,222,16,7.08,5.0
2014-02-02,1275,333,0,0.05,0.0
2014-02-02,797,331,1,2.14,2.0
2014-02-02,868,331,0,0.19,0.0
2014-02-02,2935,111,41,15.05,10.0
2014-02-02,1672,333,0,0.1,0.0
2014-02-02,1173,331,0,0.5,0.0
2014-02-02,1135,114,0,0.12,0.0
2014-02-02,1672,112,0,0.07,0.0
2014-02-02,1240,333,0,0.04,0.0
2014-02-02,972,114,0,0.21,0.0
2014-02-02,2768,111,0,0.79,0.0
2014-02-02,1548,332,0,0.23,0.0
2014-02-02,2332,333,2,2.38,2.0
2014-02-02,743,333,0,0.48,0.0
2014-02-02,1542,333,0,0.01,0.0
2014-02-02,1542,223,0,0.17,0.0
2014-02-02,1672,111,0,0.15,0.0
2014-02-02,1054,113,6,5.01,4.0
2014-02-02,1672,332,0,0.06,0.0
2014-02-02,2935,222,17,11.84,13.0
2014-02-02,2768,221,0,0.51,0.0
2014-02-02,904,331,1,1.7,2.0
2014-02-02,1599,112,0,0.02,0.0
2014-02-02,1190,223,0,0.02,0.0
2014-02-02,1629,223,1,2.25,3.0
2014-02-02,1196,223,0,0.17,0.0
2014-02-02,423,332,0,0.25,0.0
2014-02-02,1599,111,1,0.14,0.0
2014-02-02,2294,114,1,0.68,0.0
2014-02-02,1328,111,0,0.69,0.0
2014-02-02,1629,113,17,12.19,11.0
2014-02-02,432,221,0,0.19,0.0
2014-02-02,337,332,6,2.91,3.0
2014-02-02,797,333,3,1.98,2.0
2014-02-02,1240,113,0,0.04,0.0
2014-02-02,1328,223,0,0.6,0.0
2014-02-02,1694,221,1,1.31,3.0
2014-02-02,1727,333,0,0.18,0.0
2014-02-02,1694,111,4,1.99,2.0
2014-02-02,3004,222,4,7.01,6.0
2014-02-02,2935,113,6,21.46,20.0
2014-02-02,3004,113,0,4.19,5.0
2014-02-02,1753,112,12,2.87,2.0
2014-02-02,743,113,2,1.74,1.0
2014-02-02,1727,222,0,0.06,0.0
2014-02-02,1322,222,1,0.15,0.0
2014-02-02,2492,221,0,1.44,0.0
2014-02-02,1599,223,0,0.16,0.0
2014-02-02,973,333,0,0.06,0.0
2014-02-02,3021,111,0,0.17,0.0
2014-02-02,1328,114,0,0.42,0.0
2014-02-02,3004,333,8,7.12,6.0
2014-02-02,2294,113,0,2.87,3.0
2014-02-02,1472,332,1,0.5,0.0
2014-02-02,926,114,0,0.14,0.0
2014-02-02,797,332,1,1.58,2.0
2014-02-02,1542,114,0,0.17,0.0
2014-02-02,1173,333,1,0.24,0.0
2014-02-02,904,221,0,0.43,0.0
2014-02-02,611,111,2,3.15,3.0
2014-02-02,1753,221,0,0.85,0.0
2014-02-02,611,114,3,1.92,2.0
2014-02-02,659,221,0,0.75,0.0
2014-02-02,1173,222,0,0.48,0.0
2014-02-02,1542,113,0,0.19,0.0
2014-02-02,1328,332,1,0.84,0.0
2014-02-02,631,331,1,1.16,2.0
2014-02-02,1548,333,0,0.17,0.0
2014-02-02,1190,114,0,0.02,0.0
2014-02-02,3008,333,2,1.63,2.0
2014-02-02,2932,221,2,1.43,2.0
2014-02-02,1135,112,0,0.09,0.0
2014-02-02,1173,111,0,0.79,0.0
2014-02-02,1548,221,1,0.31,0.0
2014-02-02,1054,222,0,1.99,2.0
2014-02-02,611,333,0,1.65,2.0
2014-02-02,1472,114,0,0.1,0.0
2014-02-02,3004,114,9,2.92,3.0
2014-02-02,926,112,0,0.03,0.0
2014-02-02,1322,333,0,0.23,0.0
2014-02-02,611,223,3,1.8,2.0
2014-02-02,868,332,0,0.21,0.0
2014-02-02,1196,332,0,0.19,0.0
2014-02-02,868,333,0,0.26,0.0
2014-02-02,1240,331,0,0.05,0.0
2014-02-02,2932,333,1,2.3,2.0
2014-02-02,1365,331,1,0.28,0.0
2014-02-02,1424,333,2,0.25,0.0
2014-02-02,659,114,0,0.75,0.0
2014-02-02,1196,331,7,0.31,0.0
2014-02-02,973,112,0,0.24,0.0
2014-02-02,2932,223,0,0.33,0.0
2014-02-02,1424,222,0,0.26,0.0
2014-02-02,1322,113,2,0.63,0.0
2014-02-02,2294,112,1,2.7,2.0
2014-02-02,1240,223,0,0.02,0.0
2014-02-02,2332,114,6,5.92,5.0
2014-02-02,1365,113,1,0.47,0.0
2014-02-02,3004,111,7,7.33,7.0
2014-02-02,1228,111,0,0.27,0.0
2014-02-02,1508,113,0,0.25,0.0
2014-02-02,2932,331,2,1.89,2.0
2014-02-02,972,113,13,3.19,4.0
2014-02-02,2294,333,11,2.89,3.0
2014-02-02,973,222,0,0.63,0.0
2014-02-02,1727,113,0,0.09,0.0
2014-02-02,1727,111,0,0.06,0.0
2014-02-02,1275,331,0,0.09,0.0
2014-02-02,74,114,0,0.35,0.0
2014-02-02,2818,111,0,0.13,0.0
2014-02-02,611,331,2,2.17,2.0
2014-02-02,1548,222,0,0.8,0.0
2014-02-02,972,332,12,7.28,7.0
2014-02-02,3008,111,0,2.69,2.0
2014-02-02,868,113,1,0.36,0.0
2014-02-02,1599,331,0,0.16,0.0
2014-02-02,973,221,0,0.35,0.0
2014-02-02,1508,114,0,0.16,0.0
2014-02-02,743,223,2,0.58,0.0
2014-02-02,2853,333,8,3.44,3.0
2014-02-02,337,114,1,1.69,2.0
2014-02-02,1240,114,0,0.02,0.0
2014-02-02,2932,111,3,1.72,2.0
2014-02-02,2492,333,4,2.07,2.0
2014-02-02,868,221,0,0.27,0.0
2014-02-02,743,331,1,1.58,1.0
2014-02-02,2492,111,2,5.01,5.0
2014-02-02,3021,112,0,0.03,0.0
2014-02-02,423,114,0,0.32,0.0
2014-02-02,2794,114,1,1.76,2.0
2014-02-02,1694,331,2,1.91,2.0
2014-02-02,1328,112,0,0.8,0.0
2014-02-02,1672,222,0,0.12,0.0
2014-02-02,581,221,0,0.35,0.0
2014-02-02,1508,111,0,0.33,0.0
2014-02-02,1629,333,2,3.74,3.0
2014-02-02,581,331,3,0.9,0.0
2014-02-02,868,112,1,0.41,0.0
2014-02-02,611,112,6,3.19,2.0
2014-02-02,1727,114,0,0.05,0.0
2014-02-02,1629,114,11,8.31,7.0
2014-02-02,797,221,2,2.73,3.0
2014-02-02,1424,332,0,0.14,0.0
2014-02-02,1275,332,0,0.08,0.0
2014-02-02,611,222,2,2.83,2.0
2014-02-02,581,114,1,0.66,0.0
2014-02-02,1542,112,0,0.07,0.0
2014-02-02,3021,113,0,0.48,0.0
2014-02-02,1599,333,0,0.19,0.0
2014-02-02,74,223,2,0.76,0.0
2014-02-02,1135,111,0,0.29,0.0
2014-02-02,1753,223,0,0.75,0.0
2014-02-02,972,331,0,0.18,0.0
2014-02-02,2818,332,1,0.33,0.0
2014-02-02,1196,221,0,0.15,0.0
2014-02-02,1472,221,0,0.22,0.0
2014-02-02,337,331,5,5.52,5.0
2014-02-02,1629,111,19,17.04,14.0
2014-02-02,432,111,0,0.23,0.0
2014-02-02,2853,223,12,8.44,6.0
2014-02-02,2853,113,6,5.35,4.0
2014-02-02,2294,222,0,0.64,0.0
2014-02-02,1328,333,1,0.49,0.0
2014-02-02,659,111,1,0.95,1.0
2014-02-02,1328,221,0,0.95,0.0
2014-02-02,581,223,1,0.96,1.0
2014-02-02,74,113,5,0.98,0.0
2014-02-02,1365,112,0,0.66,0.0
2014-02-02,2332,111,8,7.07,7.0
2014-02-02,1190,332,0,0.02,0.0
2014-02-02,1054,223,1,1.64,2.0
2014-02-02,337,223,0,0.58,0.0
2014-02-02,2818,222,1,0.51,0.0
2014-02-02,1694,114,2,2.14,2.0
2014-02-02,1424,113,0,0.99,1.0
2014-02-02,631,111,3,2.74,3.0
2014-02-02,2853,332,6,4.93,4.0
2014-02-02,631,114,0,0.91,1.0
2014-02-02,1472,331,0,0.32,0.0
2014-02-02,1629,332,17,11.88,10.0
2014-02-02,1694,222,2,1.59,2.0
2014-02-02,1228,222,0,0.07,0.0
2014-02-02,1190,221,0,0.02,0.0
2014-02-02,904,332,1,0.97,0.0
2014-02-02,1672,223,0,0.14,0.0
2014-02-02,1542,331,0,0.13,0.0
2014-02-02,743,332,0,0.55,0.0
2014-02-02,1322,221,0,0.32,0.0
2014-02-02,1629,221,2,3.15,3.0
2014-02-02,972,223,1,2.56,2.0
2014-02-02,2492,222,2,0.26,0.0
2014-02-02,1328,331,4,0.79,0.0
2014-02-02,1508,221,0,0.16,0.0
2014-02-02,868,111,1,0.81,0.0
2014-02-02,74,111,0,0.39,0.0
2014-02-02,2492,113,8,6.39,6.0
2014-02-02,1196,112,0,0.21,0.0
2014-02-02,1054,333,5,1.14,1.0
2014-02-02,631,112,2,1.54,2.0
2014-02-02,1753,333,1,0.68,0.0
2014-02-02,1472,223,1,0.37,0.0
2014-02-02,2492,114,0,1.28,0.0
2014-02-02,2853,111,11,7.13,5.0
2014-02-02,1190,113,0,0.03,0.0
2014-02-02,3004,332,7,7.95,7.0
2014-02-02,2768,332,0,0.75,0.0
2014-02-02,1173,332,0,0.24,0.0
2014-02-02,1424,221,0,0.49,0.0
2014-02-02,972,112,2,1.03,0.0
2014-02-02,2818,331,0,0.31,0.0
2014-02-02,2768,223,0,0.24,0.0
2014-02-02,423,223,1,0.62,0.0
2014-02-02,1228,114,0,0.08,0.0
2014-02-02,972,222,1,4.36,4.0
2014-02-02,2768,114,0,0.29,0.0
2014-02-02,2935,114,7,4.72,8.0
2014-02-02,2932,113,6,4.43,3.0
2014-02-02,423,112,1,0.6,0.0
2014-02-02,432,333,0,0.12,0.0
2014-02-02,74,332,0,0.21,0.0
2014-02-02,1727,331,0,0.04,0.0
2014-02-02,1727,332,0,0.06,0.0
2014-02-02,1753,332,0,0.66,0.0
2014-02-02,1196,113,0,0.19,0.0
2014-02-02,631,333,1,0.68,0.0
2014-02-02,432,332,0,0.25,0.0
2014-02-02,926,332,0,0.24,0.0
2014-02-02,1694,113,0,4.67,4.0
2014-02-02,1196,111,0,0.12,0.0
2014-02-02,1322,332,0,0.17,0.0
2014-02-02,1328,222,1,0.45,0.0
2014-02-02,2294,332,1,1.83,3.0
2014-02-02,74,333,1,0.08,0.0
2014-02-02,631,221,0,0.31,0.0
2014-02-02,3021,114,0,0.15,0.0
2014-02-02,1424,114,0,0.21,0.0
2014-02-02,1054,114,3,1.82,2.0
2014-02-02,3021,223,0,0.06,0.0
2014-02-02,3008,331,1,2.33,2.0
2014-02-02,1228,112,0,0.44,0.0
2014-02-02,1548,331,2,0.19,0.0
2014-02-02,1054,332,2,2.42,2.0
2014-02-02,1228,331,1,0.19,0.0
2014-02-02,1275,113,0,0.04,0.0
2014-02-02,423,111,0,0.62,0.0
2014-02-02,2794,332,0,1.41,2.0
2014-02-02,1135,331,0,0.26,0.0
2014-02-02,611,332,2,2.06,2.0
2014-02-02,1753,222,1,0.55,0.0
2014-02-02,1135,222,0,0.31,0.0
2014-02-02,1508,332,0,0.01,0.0
2014-02-02,1240,111,0,0.04,0.0
2014-02-02,1672,114,0,0.1,0.0
2014-02-02,2818,113,1,0.87,0.0
2014-02-02,1424,223,1,0.23,0.0
2014-02-02,1228,333,0,0.24,0.0
2014-02-02,1508,333,0,0.03,0.0
2014-02-02,1173,114,0,0.04,0.0
2014-02-02,797,223,0,1.73,2.0
2014-02-02,1242,221,0,0.35,0.0
2014-02-02,1672,331,0,0.07,0.0
2014-02-02,1472,113,1,0.31,0.0
2014-02-02,2492,223,1,1.23,1.0
2014-02-02,659,332,2,0.65,0.0
2014-02-02,2794,111,2,4.24,3.0
2014-02-02,1190,112,0,0.03,0.0
2014-02-02,1548,114,0,0.46,0.0
2014-02-02,2818,114,0,0.42,0.0
2014-02-02,1190,111,0,0.03,0.0
2014-02-02,2332,223,2,2.09,2.0
2014-02-02,1424,331,0,0.09,0.0
2014-02-02,797,222,1,2.57,2.0
2014-02-02,2332,331,4,3.7,3.0
2014-02-02,904,111,2,2.97,3.0
2014-02-02,2332,221,2,3.31,3.0
2014-02-02,1242,223,1,0.55,0.0
2014-02-02,631,332,0,0.86,0.0
2014-02-02,3021,331,0,0.27,0.0
2014-02-02,1365,223,0,0.07,0.0
2014-02-02,3004,331,5,5.97,5.0
2014-02-02,432,223,2,0.33,0.0
2014-02-02,2818,223,2,0.48,0.0
2014-02-02,1275,223,0,0.03,0.0
2014-02-02,797,114,1,1.5,2.0
2014-02-02,1672,221,0,0.04,0.0
2014-02-02,1548,113,0,1.18,2.0
2014-02-02,337,333,0,1.7,2.0
2014-02-02,1753,111,3,2.33,2.0
2014-02-02,1242,333,1,0.39,0.0
2014-02-02,423,331,0,0.45,0.0
2014-02-02,2492,112,0,0.1,0.0
2014-02-02,1173,223,0,0.05,0.0
2014-02-02,3008,112,1,1.43,2.0
2014-02-02,1242,331,0,0.18,0.0
2014-02-02,1542,111,0,0.1,0.0
2014-02-02,1542,332,0,0.17,0.0
2014-02-02,1629,331,4,6.78,6.0
2014-02-02,2794,223,0,0.8,0.0
2014-02-02,74,331,0,0.04,0.0
2014-02-02,868,222,0,0.29,0.0
2014-02-02,926,223,0,0.3,0.0
2014-02-02,581,111,1,1.79,2.0
2014-02-02,581,112,1,0.89,0.0
2014-02-02,1672,113,0,0.33,0.0
2014-02-02,1242,114,0,0.22,0.0
2014-02-02,2853,114,2,6.68,7.0
2014-02-02,926,111,0,0.04,0.0
2014-02-02,2935,223,0,2.69,0.0
2014-02-02,904,222,0,0.66,0.0
2014-02-03,432,113,0,0.26,0.0
2014-02-03,611,114,1,1.61,2.0
2014-02-03,423,111,0,0.39,0.0
2014-02-03,972,113,2,4.38,4.0
2014-02-03,743,113,1,1.43,1.0
2014-02-03,2492,223,4,1.14,1.0
2014-02-03,1173,222,1,0.42,0.0
2014-02-03,1599,221,0,0.08,0.0
2014-02-03,868,113,0,0.28,0.0
2014-02-03,1727,114,0,0.03,0.0
2014-02-03,1599,222,0,0.07,0.0
2014-02-03,581,223,2,0.74,0.0
2014-02-03,1365,114,0,0.19,0.0
2014-02-03,797,114,4,1.28,2.0
2014-02-03,1135,114,0,0.1,0.0
2014-02-03,2853,222,3,4.75,5.0
2014-02-03,337,332,2,2.13,2.0
2014-02-03,2768,223,0,0.21,0.0
2014-02-03,1135,111,0,0.21,0.0
2014-02-03,743,112,2,1.74,2.0
2014-02-03,74,112,0,0.01,0.0
2014-02-03,1240,221,0,0.04,0.0
2014-02-03,1753,333,2,0.67,0.0
2014-02-03,972,221,5,2.62,2.0
2014-02-03,1228,331,1,0.19,0.0
2014-02-03,337,221,1,0.63,0.0
2014-02-03,2794,112,1,2.1,2.0
2014-02-03,1672,222,0,0.1,0.0
2014-02-03,797,223,0,1.33,2.0
2014-02-03,2932,113,5,3.27,3.0
2014-02-03,1629,111,18,10.95,11.0
2014-02-03,1196,332,0,0.14,0.0
2014-02-03,1629,332,10,10.63,9.0
2014-02-03,1228,223,0,0.2,0.0
2014-02-03,973,112,0,0.2,0.0
2014-02-03,1054,331,3,0.99,2.0
2014-02-03,926,332,0,0.18,0.0
2014-02-03,1753,111,3,2.01,2.0
2014-02-03,1629,331,8,5.47,4.0
2014-02-03,2818,223,1,0.56,0.0
2014-02-03,2794,223,0,0.53,0.0
2014-02-03,423,331,0,0.35,0.0
2014-02-03,1228,113,0,0.02,0.0
2014-02-03,2853,114,2,2.19,4.0
2014-02-03,904,222,1,0.44,0.0
2014-02-03,2768,331,3,0.4,0.0
2014-02-03,2818,333,0,0.18,0.0
2014-02-03,1424,114,1,0.19,0.0
2014-02-03,631,332,0,0.58,0.0
2014-02-03,1135,331,0,0.23,0.0
2014-02-03,1054,332,2,1.87,2.0
2014-02-03,1135,222,0,0.23,0.0
2014-02-03,1322,332,0,0.13,0.0
2014-02-03,1694,113,0,2.47,3.0
2014-02-03,432,223,0,0.25,0.0
2014-02-03,1275,333,0,0.03,0.0
2014-02-03,1424,331,0,0.07,0.0
2014-02-03,1242,222,0,0.56,0.0
2014-02-03,1548,114,0,0.32,0.0
2014-02-03,611,113,3,3.48,3.0
2014-02-03,1242,221,0,0.26,0.0
2014-02-03,337,111,2,1.44,2.0
2014-02-03,1424,223,1,0.27,0.0
2014-02-03,1228,332,0,0.0,0.0
2014-02-03,2294,222,0,0.16,0.0
2014-02-03,868,111,1,0.67,0.0
2014-02-03,1328,331,0,0.79,0.0
2014-02-03,3004,111,1,4.45,5.0
2014-02-03,1672,223,0,0.13,0.0
2014-02-03,1190,222,0,0.01,0.0
2014-02-03,1240,332,0,0.07,0.0
2014-02-03,1727,331,0,0.03,0.0
2014-02-03,1424,221,3,0.36,0.0
2014-02-03,2935,114,2,5.42,6.0
2014-02-03,2794,331,1,0.74,0.0
2014-02-03,1694,223,4,1.64,2.0
2014-02-03,2794,114,2,1.34,2.0
2014-02-03,972,112,1,0.87,0.0
2014-02-03,3004,332,1,7.93,5.0
2014-02-03,631,111,2,1.99,2.0
2014-02-03,743,332,0,0.37,0.0
2014-02-03,611,222,0,2.04,2.0
2014-02-03,611,112,4,2.2,2.0
2014-02-03,1508,331,0,0.15,0.0
2014-02-03,1242,111,0,0.43,0.0
2014-02-03,1275,114,0,0.04,0.0
2014-02-03,1508,111,0,0.24,0.0
2014-02-03,2492,111,3,3.43,3.0
2014-02-03,659,331,2,1.81,2.0
2014-02-03,2818,222,0,0.41,0.0
2014-02-03,1365,112,1,0.46,0.0
2014-02-03,1328,221,0,0.62,0.0
2014-02-03,432,111,0,0.16,0.0
2014-02-03,1548,111,0,0.49,0.0
2014-02-03,3021,332,0,0.05,0.0
2014-02-03,1548,221,0,0.26,0.0
2014-02-03,1322,111,0,0.45,0.0
2014-02-03,1240,112,0,0.01,0.0
2014-02-03,1240,331,0,0.04,0.0
2014-02-03,1472,114,0,0.07,0.0
2014-02-03,973,333,0,0.04,0.0
2014-02-03,743,223,1,0.56,0.0
2014-02-03,1599,331,0,0.14,0.0
2014-02-03,972,332,6,5.11,6.0
2014-02-03,743,222,2,0.67,0.0
2014-02-03,1727,111,0,0.06,0.0
2014-02-03,2294,333,3,3.52,3.0
2014-02-03,581,333,3,0.77,0.0
2014-02-03,1727,222,0,0.04,0.0
2014-02-03,1135,333,0,0.18,0.0
2014-02-03,2935,113,0,16.32,16.0
2014-02-03,1694,221,0,0.94,0.0
2014-02-03,2768,222,2,0.37,0.0
2014-02-03,659,333,0,0.62,0.0
2014-02-03,1629,113,15,10.2,9.0
2014-02-03,1599,111,0,0.18,0.0
2014-02-03,1328,114,0,0.24,0.0
2014-02-03,1135,332,0,0.0,0.0
2014-02-03,1542,113,0,0.16,0.0
2014-02-03,2853,333,0,2.77,2.0
2014-02-03,1753,221,0,0.52,0.0
2014-02-03,1599,332,0,0.09,0.0
2014-02-03,797,332,4,1.27,2.0
2014-02-03,1190,331,0,0.01,0.0
2014-02-03,868,332,0,0.17,0.0
2014-02-03,1322,113,1,0.48,0.0
2014-02-03,2332,114,1,4.22,4.0
2014-02-03,1275,221,0,0.05,0.0
2014-02-03,581,113,3,2.28,2.0
2014-02-03,3008,221,0,0.61,0.0
2014-02-03,1508,222,0,0.18,0.0
2014-02-03,973,223,0,0.09,0.0
2014-02-03,1275,222,0,0.05,0.0
2014-02-03,1054,113,3,3.98,3.0
2014-02-03,1472,111,0,0.29,0.0
2014-02-03,1542,333,0,0.0,0.0
2014-02-03,1548,332,0,0.18,0.0
2014-02-03,1672,112,0,0.05,0.0
2014-02-03,3021,222,1,0.34,0.0
2014-02-03,1672,333,3,0.09,0.0
2014-02-03,74,331,0,0.03,0.0
2014-02-03,3008,114,2,0.76,0.0
2014-02-03,904,332,1,0.76,0.0
2014-02-03,2935,333,17,16.02,15.0
2014-02-03,3021,221,0,0.13,0.0
2014-02-03,1727,112,0,0.06,0.0
2014-02-03,926,113,0,0.25,0.0
2014-02-03,926,222,0,0.26,0.0
2014-02-03,631,222,1,0.28,0.0
2014-02-03,1173,112,0,0.8,0.0
2014-02-03,904,333,2,0.73,0.0
2014-02-03,1275,111,0,0.04,0.0
2014-02-03,2294,331,0,0.93,0.0
2014-02-03,1629,222,3,10.51,10.0
2014-02-03,1190,223,0,0.01,0.0
2014-02-03,3004,221,0,0.55,0.0
2014-02-03,432,333,0,0.1,0.0
2014-02-03,1508,221,0,0.14,0.0
2014-02-03,1508,333,0,0.02,0.0
2014-02-03,1508,114,0,0.14,0.0
2014-02-03,868,112,4,0.31,0.0
2014-02-03,3008,111,0,1.65,2.0
2014-02-03,1190,113,0,0.01,0.0
2014-02-03,1548,222,0,0.56,0.0
2014-02-03,1629,114,7,5.88,5.0
2014-02-03,1424,332,0,0.13,0.0
2014-02-03,1275,332,0,0.06,0.0
2014-02-03,581,114,0,0.51,0.0
2014-02-03,2818,111,0,0.16,0.0
2014-02-03,1328,112,0,0.49,0.0
2014-02-03,1542,112,0,0.05,0.0
2014-02-03,1275,331,0,0.08,0.0
2014-02-03,1424,113,0,0.68,0.0
2014-02-03,581,331,0,0.69,0.0
2014-02-03,1727,113,0,0.07,0.0
2014-02-03,2853,111,0,3.43,4.0
2014-02-03,2768,332,2,0.53,0.0
2014-02-03,611,333,0,1.06,0.0
2014-02-03,1054,333,3,1.62,2.0
2014-02-03,1054,222,3,1.29,0.0
2014-02-03,2492,221,1,0.78,0.0
2014-02-03,611,331,2,1.78,2.0
2014-02-03,1694,331,0,1.61,2.0
2014-02-03,1508,113,0,0.21,0.0
2014-02-03,3021,333,0,0.18,0.0
2014-02-03,1424,222,0,0.23,0.0
2014-02-03,1328,333,0,0.32,0.0
2014-02-03,2932,223,0,0.25,0.0
2014-02-03,659,111,0,0.69,0.0
2014-02-03,1196,331,0,0.57,0.0
2014-02-03,74,113,0,1.04,0.0
2014-02-03,659,114,0,0.61,0.0
2014-02-03,1190,332,0,0.01,0.0
2014-02-03,1054,223,1,1.32,2.0
2014-02-03,2932,333,5,1.89,2.0
2014-02-03,74,223,3,0.86,0.0
2014-02-03,868,333,0,0.19,0.0
2014-02-03,1322,333,0,0.19,0.0
2014-02-03,3021,113,2,0.33,0.0
2014-02-03,797,221,1,1.98,2.0
2014-02-03,2853,113,3,3.41,3.0
2014-02-03,3021,112,0,0.02,0.0
2014-02-03,423,114,0,0.27,0.0
2014-02-03,1365,113,0,0.36,0.0
2014-02-03,972,331,0,0.14,0.0
2014-02-03,1228,111,0,0.19,0.0
2014-02-03,2932,111,0,1.81,2.0
2014-02-03,1240,114,0,0.0,0.0
2014-02-03,1424,333,0,0.33,0.0
2014-02-03,2818,331,0,0.27,0.0
2014-02-03,1322,222,2,0.27,0.0
2014-02-03,1472,223,0,0.32,0.0
2014-02-03,3021,111,0,0.14,0.0
2014-02-03,1196,112,0,0.16,0.0
2014-02-03,1190,114,0,0.01,0.0
2014-02-03,1599,114,0,0.05,0.0
2014-02-03,631,331,6,0.91,0.0
2014-02-03,1054,112,3,2.85,3.0
2014-02-03,1328,332,0,0.65,0.0
2014-02-03,973,332,0,0.46,0.0
2014-02-03,868,223,0,0.24,0.0
2014-02-03,659,221,0,0.55,0.0
2014-02-03,1275,112,0,0.05,0.0
2014-02-03,904,221,0,0.37,0.0
2014-02-03,1548,333,0,0.14,0.0
2014-02-03,973,114,2,0.44,0.0
2014-02-03,1196,114,0,0.14,0.0
2014-02-03,2294,113,0,1.41,0.0
2014-02-03,1472,332,1,0.38,0.0
2014-02-03,3004,333,8,6.72,5.0
2014-02-03,3008,222,1,0.85,0.0
2014-02-03,2935,221,0,1.26,0.0
2014-02-03,1542,114,0,0.14,0.0
2014-02-03,631,223,0,0.29,0.0
2014-02-03,1322,221,0,0.24,0.0
2014-02-03,973,331,0,0.65,0.0
2014-02-03,2853,223,1,5.28,5.0
2014-02-03,3008,333,2,1.68,2.0
2014-02-03,1173,111,0,0.51,0.0
2014-02-03,1196,113,0,0.15,0.0
2014-02-03,972,222,1,2.46,3.0
2014-02-03,1753,112,7,3.34,3.0
2014-02-03,3004,113,0,1.62,0.0
2014-02-03,1727,333,0,0.17,0.0
2014-02-03,74,332,0,0.18,0.0
2014-02-03,1694,111,2,2.02,2.0
2014-02-03,1727,332,0,0.04,0.0
2014-02-03,1753,332,0,0.49,0.0
2014-02-03,797,333,1,1.79,2.0
2014-02-03,2853,332,0,2.88,3.0
2014-02-03,631,114,1,0.63,0.0
2014-02-03,1472,331,1,0.26,0.0
2014-02-03,904,331,0,1.29,2.0
2014-02-03,1228,222,0,0.06,0.0
2014-02-03,1328,111,0,0.53,0.0
2014-02-03,1190,221,0,0.01,0.0
2014-02-03,1240,113,0,0.02,0.0
2014-02-03,1694,222,0,1.56,2.0
2014-02-03,423,332,0,0.22,0.0
2014-02-03,2492,113,2,6.54,5.0
2014-02-03,2492,222,0,0.87,0.0
2014-02-03,1599,223,0,0.14,0.0
2014-02-03,2932,221,0,1.37,2.0
2014-02-03,926,114,0,0.12,0.0
2014-02-03,337,331,6,3.02,4.0
2014-02-03,2294,112,1,1.64,0.0
2014-02-03,1240,333,0,0.03,0.0
2014-02-03,743,331,2,1.22,1.0
2014-02-03,1190,112,0,0.01,0.0
2014-02-03,2818,114,0,0.31,0.0
2014-02-03,1173,331,0,0.34,0.0
2014-02-03,1190,111,0,0.01,0.0
2014-02-03,2935,111,2,12.22,12.0
2014-02-03,797,222,0,1.89,2.0
2014-02-03,2332,331,3,2.9,2.0
2014-02-03,797,331,1,1.64,2.0
2014-02-03,1672,331,1,0.06,0.0
2014-02-03,3004,223,5,5.45,5.0
2014-02-03,659,222,1,0.71,0.0
2014-02-03,1508,332,0,0.0,0.0
2014-02-03,432,112,0,0.01,0.0
2014-02-03,1753,222,0,0.57,0.0
2014-02-03,743,221,4,0.46,0.0
2014-02-03,1328,222,0,0.35,0.0
2014-02-03,1472,113,1,0.35,0.0
2014-02-03,2294,332,3,1.05,0.0
2014-02-03,1508,223,0,0.13,0.0
2014-02-03,3021,223,0,0.05,0.0
2014-02-03,2768,112,0,0.31,0.0
2014-02-03,2332,221,2,2.41,2.0
2014-02-03,2768,111,0,0.48,0.0
2014-02-03,337,113,1,0.85,1.0
2014-02-03,1135,221,0,0.2,0.0
2014-02-03,1753,331,1,0.79,0.0
2014-02-03,2794,113,4,2.45,2.0
2014-02-03,1196,222,0,0.18,0.0
2014-02-03,1548,112,1,1.36,2.0
2014-02-03,868,221,0,0.23,0.0
2014-02-03,1054,221,4,2.6,2.0
2014-02-03,2332,112,2,3.53,3.0
2014-02-03,972,114,0,0.18,0.0
2014-02-03,1365,222,0,0.27,0.0
2014-02-03,1599,113,0,0.01,0.0
2014-02-03,1599,112,0,0.0,0.0
2014-02-03,973,113,2,0.81,0.0
2014-02-03,2768,221,0,0.33,0.0
2014-02-03,2935,222,17,10.32,11.0
2014-02-03,2492,333,0,1.76,2.0
2014-02-03,581,222,0,0.24,0.0
2014-02-03,1672,111,0,0.14,0.0
2014-02-03,1472,221,0,0.19,0.0
2014-02-03,1542,223,0,0.14,0.0
2014-02-03,1228,333,0,0.17,0.0
2014-02-03,2332,333,4,2.26,2.0
2014-02-03,1173,114,0,0.03,0.0
2014-02-03,631,221,1,0.27,0.0
2014-02-03,1322,223,1,0.04,0.0
2014-02-03,3021,114,0,0.11,0.0
2014-02-03,904,223,0,0.19,0.0
2014-02-03,1548,113,1,0.88,0.0
2014-02-03,1694,332,6,3.32,3.0
2014-02-03,972,333,0,1.57,2.0
2014-02-03,1672,221,0,0.03,0.0
2014-02-03,1694,112,4,1.56,0.0
2014-02-03,1322,331,0,0.17,0.0
2014-02-03,1242,333,0,0.48,0.0
2014-02-03,1228,221,0,0.0,0.0
2014-02-03,337,222,0,0.78,0.0
2014-02-03,2768,333,2,0.65,0.0
2014-02-03,3008,223,0,1.37,2.0
2014-02-03,926,221,0,0.13,0.0
2014-02-03,1173,223,0,0.04,0.0
2014-02-03,2492,112,0,0.08,0.0
2014-02-03,3008,112,3,1.23,0.0
2014-02-03,1629,223,2,1.86,2.0
2014-02-03,1242,331,0,0.12,0.0
2014-02-03,1542,111,0,0.08,0.0
2014-02-03,1542,332,0,0.14,0.0
2014-02-03,1365,331,0,0.27,0.0
2014-02-03,1196,223,0,0.13,0.0
2014-02-03,423,223,0,0.51,0.0
2014-02-03,1240,223,0,0.01,0.0
2014-02-03,973,111,0,0.0,0.0
2014-02-03,432,332,0,0.2,0.0
2014-02-03,1275,223,0,0.02,0.0
2014-02-03,926,111,0,0.02,0.0
2014-02-03,1054,114,0,1.6,2.0
2014-02-03,1228,112,1,0.27,0.0
2014-02-03,1548,331,0,0.22,0.0
2014-02-03,1190,333,0,0.01,0.0
2014-02-03,3008,331,0,1.69,2.0
2014-02-03,1275,113,0,0.02,0.0
2014-02-03,868,114,2,0.41,0.0
2014-02-03,797,113,4,4.69,3.0
2014-02-03,926,333,0,0.14,0.0
2014-02-03,581,111,1,1.49,2.0
2014-02-03,581,112,0,0.71,0.0
2014-02-03,1629,112,6,5.43,5.0
2014-02-03,1196,333,0,0.12,0.0
2014-02-03,1672,113,10,0.32,0.0
2014-02-03,2294,221,4,3.09,2.0
2014-02-03,868,222,2,0.25,0.0
2014-02-03,1242,114,0,0.19,0.0
2014-02-03,926,223,0,0.23,0.0
2014-02-03,1173,113,0,1.51,2.0
2014-02-03,337,333,1,1.13,0.0
2014-02-03,2332,222,1,2.71,2.0
2014-02-03,1365,223,0,0.06,0.0
2014-02-03,3004,331,2,4.22,4.0
2014-02-03,1365,332,0,0.08,0.0
2014-02-03,611,111,4,2.15,2.0
2014-02-03,631,112,2,1.19,2.0
2014-02-03,3008,332,4,1.85,2.0
2014-02-03,1672,332,0,0.05,0.0
2014-02-03,2768,113,1,0.81,0.0
2014-02-03,2932,222,3,1.21,1.0
2014-02-03,432,114,0,0.02,0.0
2014-02-03,2492,331,0,3.27,2.0
2014-02-03,2935,331,0,4.52,0.0
2014-02-03,1672,114,0,0.08,0.0
2014-02-03,1472,112,0,0.06,0.0
2014-02-03,2935,112,0,4.15,5.0
2014-02-03,1508,112,0,0.09,0.0
2014-02-03,1328,113,3,0.69,0.0
2014-02-03,2794,111,1,2.72,2.0
2014-02-03,2853,112,0,2.39,2.0
2014-02-03,2935,332,171,24.45,26.0
2014-02-03,2332,223,1,1.79,2.0
2014-02-03,1365,333,1,0.14,0.0
2014-02-03,611,221,1,1.64,2.0
2014-02-03,904,111,1,2.15,2.0
2014-02-03,1240,111,0,0.02,0.0
2014-02-03,423,113,0,0.12,0.0
2014-02-03,659,332,0,0.54,0.0
2014-02-03,659,223,0,0.5,0.0
2014-02-03,2794,221,0,0.55,0.0
2014-02-03,743,333,0,0.33,0.0
2014-02-03,432,331,0,0.06,0.0
2014-02-03,1424,112,0,0.6,0.0
2014-02-03,797,112,2,2.7,3.0
2014-02-03,972,111,0,0.88,0.0
2014-02-03,1242,113,2,0.67,0.0
2014-02-03,74,221,0,0.49,0.0
2014-02-03,2853,221,1,3.35,5.0
2014-02-03,1694,333,4,1.94,2.0
2014-02-03,2294,223,0,1.53,2.0
2014-02-03,1135,223,0,0.04,0.0
2014-02-03,904,113,0,1.5,2.0
2014-02-03,1727,223,0,0.02,0.0
2014-02-03,2853,331,1,2.14,2.0
2014-02-03,1173,221,1,0.27,0.0
2014-02-03,868,331,0,0.16,0.0
2014-02-03,1240,222,0,0.03,0.0
2014-02-03,743,111,1,1.04,0.0
2014-02-03,2818,221,0,0.25,0.0
2014-02-03,1322,114,0,0.28,0.0
2014-02-03,2818,113,0,0.9,0.0
2014-02-03,1242,112,0,0.75,0.0
2014-02-03,926,331,1,0.24,0.0
2014-02-03,1196,111,0,0.09,0.0
2014-02-03,611,332,4,1.58,2.0
2014-02-03,581,221,0,0.25,0.0
2014-02-03,1629,333,5,3.17,3.0
2014-02-03,1599,333,0,0.15,0.0
2014-02-03,2818,112,1,0.87,1.0
2014-02-03,423,112,2,0.54,0.0
2014-02-03,1542,222,0,0.08,0.0
2014-02-03,432,222,1,0.33,0.0
2014-02-03,1173,332,0,0.2,0.0
2014-02-03,2794,222,0,1.06,2.0
2014-02-03,631,113,0,1.17,2.0
2014-02-03,2332,332,7,3.09,3.0
2014-02-03,1228,114,0,0.06,0.0
2014-02-03,2768,114,2,0.21,0.0
2014-02-03,2294,111,1,1.46,0.0
2014-02-03,1542,331,0,0.1,0.0
2014-02-03,1424,111,0,0.37,0.0
2014-02-03,2332,113,18,16.58,13.0
2014-02-03,972,223,2,2.09,2.0
2014-02-03,74,222,0,0.52,0.0
2014-02-03,74,111,0,0.26,0.0
2014-02-03,797,111,2,1.94,2.0
2014-02-03,74,333,0,0.32,0.0
2014-02-03,1753,223,2,0.54,0.0
2014-02-03,337,223,1,0.46,0.0
2014-02-03,423,222,2,0.66,0.0
2014-02-03,2794,332,0,0.85,0.0
2014-02-03,1753,114,0,0.55,0.0
2014-02-03,3021,331,0,0.24,0.0
2014-02-03,1694,114,1,1.81,2.0
2014-02-03,337,114,3,1.52,2.0
2014-02-03,2935,223,0,1.16,0.0
2014-02-03,904,112,2,2.29,2.0
2014-02-03,3004,112,0,1.88,2.0
2014-02-03,1753,113,5,2.09,2.0
2014-02-03,3008,113,4,2.67,2.0
2014-02-03,1242,223,2,0.49,0.0
2014-02-03,1727,221,0,0.13,0.0
2014-02-03,2818,332,0,0.37,0.0
2014-02-03,423,333,0,0.37,0.0
2014-02-03,423,221,0,0.14,0.0
2014-02-03,659,113,0,0.92,0.0
2014-02-03,2332,111,1,7.18,5.0
2014-02-03,1542,221,0,0.19,0.0
2014-02-03,743,114,0,0.25,0.0
2014-02-03,631,333,0,0.5,0.0
2014-02-03,2932,332,0,0.65,0.0
2014-02-03,2492,332,0,0.73,0.0
2014-02-03,1548,223,0,0.18,0.0
2014-02-03,904,114,4,1.06,2.0
2014-02-03,2932,112,0,1.14,0.0
2014-02-03,1135,112,0,0.06,0.0
2014-02-03,2794,333,0,1.3,2.0
2014-02-03,1365,221,1,0.16,0.0
2014-02-03,973,221,0,0.29,0.0
2014-02-03,2294,114,0,0.53,0.0
2014-02-03,1054,111,3,1.81,2.0
2014-02-03,432,221,0,0.14,0.0
2014-02-03,2492,114,2,0.76,0.0
2014-02-03,74,114,0,0.29,0.0
2014-02-03,1135,113,0,0.21,0.0
2014-02-03,581,332,0,1.0,0.0
2014-02-03,973,222,2,0.42,0.0
2014-02-03,1472,333,1,0.42,0.0
2014-02-03,1328,223,2,0.39,0.0
2014-02-03,659,112,0,1.13,2.0
2014-02-03,2932,331,2,1.57,2.0
2014-02-03,1472,222,0,0.23,0.0
2014-02-03,3004,222,0,5.52,4.0
2014-02-03,1322,112,0,0.33,0.0
2014-02-03,2932,114,1,1.62,2.0
2014-02-03,3004,114,6,3.49,3.0
2014-02-03,1629,221,0,2.35,2.0
2014-02-03,337,112,3,0.76,0.0
2014-02-03,1365,111,0,0.27,0.0
2014-02-03,926,112,0,0.01,0.0
2014-02-03,1242,332,2,0.73,0.0
2014-02-03,611,223,2,1.46,2.0
2014-02-03,1173,333,0,0.2,0.0
2014-02-03,1196,221,0,0.13,0.0
2014-02-04,3021,221,0,0.11,0.0
2014-02-04,1190,333,0,0.01,0.0
2014-02-04,1242,223,1,0.39,0.0
2014-02-04,1328,332,0,0.61,0.0
2014-02-04,797,114,3,1.17,2.0
2014-02-04,2818,332,0,0.32,0.0
2014-02-04,797,113,2,4.18,3.0
2014-02-04,74,111,1,0.23,0.0
2014-02-04,904,223,1,0.17,0.0
2014-02-04,1548,333,0,0.13,0.0
2014-02-04,659,221,0,0.55,0.0
2014-02-04,1542,331,0,0.08,0.0
2014-02-04,2794,332,0,0.7,0.0
2014-02-04,1196,222,0,0.17,0.0
2014-02-04,1542,113,0,0.14,0.0
2014-02-04,1322,223,0,0.17,0.0
2014-02-04,2332,111,4,5.37,5.0
2014-02-04,1173,222,0,0.46,0.0
2014-02-04,1508,223,0,0.11,0.0
2014-02-04,2332,112,0,2.76,3.0
2014-02-04,972,223,3,1.97,2.0
2014-02-04,743,221,0,0.65,0.0
2014-02-04,337,332,2,1.93,2.0
2014-02-04,1328,223,0,0.48,0.0
2014-02-04,1542,223,0,0.11,0.0
2014-02-04,868,114,2,0.39,0.0
2014-02-04,3008,221,0,0.55,0.0
2014-02-04,1672,333,2,1.95,2.0
2014-02-04,1173,113,0,1.33,2.0
2014-02-04,2332,222,3,2.04,2.0
2014-02-04,2492,223,1,1.81,2.0
2014-02-04,972,114,1,0.17,0.0
2014-02-04,2294,221,0,3.18,2.0
2014-02-04,3021,111,0,0.13,0.0
2014-02-04,1190,114,0,0.01,0.0
2014-02-04,3021,331,1,0.23,0.0
2014-02-04,1196,333,0,0.1,0.0
2014-02-04,611,111,1,2.02,2.0
2014-02-04,797,223,1,1.12,0.0
2014-02-04,926,114,0,0.1,0.0
2014-02-04,926,113,0,0.21,0.0
2014-02-04,2935,223,0,1.05,0.0
2014-02-04,1629,112,7,5.22,5.0
2014-02-04,926,333,0,0.12,0.0
2014-02-04,1753,331,0,0.78,0.0
2014-02-04,631,331,1,0.9,0.0
2014-02-04,926,222,2,0.27,0.0
2014-02-04,1322,112,0,0.31,0.0
2014-02-04,631,333,0,0.47,0.0
2014-02-04,797,332,1,1.26,2.0
2014-02-04,1672,112,0,0.04,0.0
2014-02-04,904,332,1,0.72,0.0
2014-02-04,432,333,0,0.07,0.0
2014-02-04,423,112,0,0.69,0.0
2014-02-04,1173,331,0,0.35,0.0
2014-02-04,1365,222,0,0.21,0.0
2014-02-04,1508,221,0,0.12,0.0
2014-02-04,1472,332,0,0.38,0.0
2014-02-04,1173,332,0,0.2,0.0
2014-02-04,2768,111,0,0.4,0.0
2014-02-04,1629,111,5,11.68,11.0
2014-02-04,1599,112,0,0.0,0.0
2014-02-04,2768,221,1,0.3,0.0
2014-02-04,1542,333,0,0.0,0.0
2014-02-04,3021,333,0,0.15,0.0
2014-02-04,2332,333,2,2.18,2.0
2014-02-04,1472,111,1,0.26,0.0
2014-02-04,2768,112,0,0.27,0.0
2014-02-04,3004,333,4,5.94,5.0
2014-02-04,904,111,1,1.88,2.0
2014-02-04,2768,114,0,0.33,0.0
2014-02-04,1135,112,0,0.05,0.0
2014-02-04,1672,111,0,0.12,0.0
2014-02-04,1054,113,2,3.53,3.0
2014-02-04,2935,222,10,9.44,12.0
2014-02-04,1228,114,0,0.05,0.0
2014-02-04,868,331,0,0.15,0.0
2014-02-04,74,331,0,0.02,0.0
2014-02-04,1542,114,0,0.13,0.0
2014-02-04,1240,333,0,0.02,0.0
2014-02-04,631,223,0,0.26,0.0
2014-02-04,904,221,0,0.35,0.0
2014-02-04,337,223,0,0.47,0.0
2014-02-04,1173,333,0,0.18,0.0
2014-02-04,432,112,0,0.0,0.0
2014-02-04,2768,223,0,0.18,0.0
2014-02-04,3004,221,0,0.49,0.0
2014-02-04,659,222,0,0.68,0.0
2014-02-04,3008,114,1,0.91,0.0
2014-02-04,1135,111,0,0.2,0.0
2014-02-04,1672,222,0,0.08,0.0
2014-02-04,432,221,0,0.13,0.0
2014-02-04,2932,113,6,2.83,3.0
2014-02-04,1753,223,0,0.7,0.0
2014-02-04,611,114,0,1.38,2.0
2014-02-04,2294,114,0,0.41,0.0
2014-02-04,797,331,2,1.44,2.0
2014-02-04,973,223,0,0.07,0.0
2014-02-04,581,221,0,0.18,0.0
2014-02-04,2935,111,11,7.31,8.0
2014-02-04,2294,113,0,0.96,0.0
2014-02-04,1629,333,6,4.1,3.0
2014-02-04,1599,333,0,0.14,0.0
2014-02-04,1727,114,0,0.02,0.0
2014-02-04,3004,223,2,4.67,5.0
2014-02-04,1424,333,0,0.27,0.0
2014-02-04,1196,221,0,0.11,0.0
2014-02-04,743,223,0,0.59,0.0
2014-02-04,2294,331,3,0.66,0.0
2014-02-04,2853,333,0,1.44,2.0
2014-02-04,2853,331,1,2.01,2.0
2014-02-04,1508,113,1,0.2,0.0
2014-02-04,1727,333,0,0.12,0.0
2014-02-04,1135,114,0,0.09,0.0
2014-02-04,1240,114,0,0.0,0.0
2014-02-04,432,331,0,0.04,0.0
2014-02-04,2932,111,2,1.6,2.0
2014-02-04,973,221,0,0.27,0.0
2014-02-04,2932,331,2,1.47,2.0
2014-02-04,2935,113,0,9.89,0.0
2014-02-04,743,333,4,0.32,0.0
2014-02-04,1472,114,0,0.05,0.0
2014-02-04,1753,333,0,0.87,0.0
2014-02-04,973,333,0,0.04,0.0
2014-02-04,2818,113,2,0.55,0.0
2014-02-04,1240,331,0,0.03,0.0
2014-02-04,1694,221,2,0.55,0.0
2014-02-04,1322,333,0,0.17,0.0
2014-02-04,1694,111,2,1.91,2.0
2014-02-04,868,333,0,0.18,0.0
2014-02-04,2794,221,0,0.44,0.0
2014-02-04,868,332,1,0.16,0.0
2014-02-04,1548,222,0,0.5,0.0
2014-02-04,1365,113,0,0.37,0.0
2014-02-04,3008,111,0,1.36,0.0
2014-02-04,972,332,0,5.61,6.0
2014-02-04,926,112,0,0.01,0.0
2014-02-04,743,113,2,1.33,1.0
2014-02-04,2492,221,0,1.33,2.0
2014-02-04,337,221,0,0.58,0.0
2014-02-04,972,113,1,2.99,3.0
2014-02-04,2294,333,2,2.62,3.0
2014-02-04,1322,222,2,0.3,0.0
2014-02-04,1727,113,0,0.05,0.0
2014-02-04,611,331,1,1.52,2.0
2014-02-04,1727,111,0,0.03,0.0
2014-02-04,611,333,0,0.91,0.0
2014-02-04,1753,112,3,3.45,3.0
2014-02-04,1275,331,0,0.06,0.0
2014-02-04,1727,222,0,0.03,0.0
2014-02-04,1328,114,1,0.22,0.0
2014-02-04,611,223,2,1.31,2.0
2014-02-04,1424,112,0,0.55,0.0
2014-02-04,1365,114,0,0.17,0.0
2014-02-04,432,113,0,0.23,0.0
2014-02-04,926,221,1,0.12,0.0
2014-02-04,2818,111,2,0.15,0.0
2014-02-04,1242,112,0,0.67,0.0
2014-02-04,1727,223,0,0.01,0.0
2014-02-04,1599,331,1,0.12,0.0
2014-02-04,1054,222,1,1.5,2.0
2014-02-04,1508,114,0,0.12,0.0
2014-02-04,1196,332,1,0.13,0.0
2014-02-04,3004,113,0,0.66,0.0
2014-02-04,2932,333,3,1.75,2.0
2014-02-04,631,222,0,0.28,0.0
2014-02-04,581,113,4,1.92,2.0
2014-02-04,1228,111,1,0.18,0.0
2014-02-04,1190,223,0,0.01,0.0
2014-02-04,2853,112,2,1.48,2.0
2014-02-04,972,221,3,2.74,2.0
2014-02-04,2768,333,1,0.67,0.0
2014-02-04,1753,221,1,0.21,0.0
2014-02-04,581,223,2,0.8,0.0
2014-02-04,3004,222,0,2.99,4.0
2014-02-04,2332,223,1,1.51,2.0
2014-02-04,1228,221,0,0.0,0.0
2014-02-04,1322,331,0,0.16,0.0
2014-02-04,2932,221,1,1.03,0.0
2014-02-04,1599,223,0,0.12,0.0
2014-02-04,3008,333,5,1.63,2.0
2014-02-04,1196,111,0,0.07,0.0
2014-02-04,972,333,2,0.91,0.0
2014-02-04,1228,331,0,0.19,0.0
2014-02-04,1173,111,0,0.47,0.0
2014-02-04,1694,332,6,3.23,3.0
2014-02-04,973,111,0,0.0,0.0
2014-02-04,1173,112,1,0.75,0.0
2014-02-04,3004,114,2,2.95,3.0
2014-02-04,1240,111,0,0.01,0.0
2014-02-04,423,111,1,0.36,0.0
2014-02-04,1365,332,0,0.07,0.0
2014-02-04,423,332,0,0.2,0.0
2014-02-04,611,332,3,1.43,2.0
2014-02-04,904,333,0,0.74,0.0
2014-02-04,3008,223,0,0.96,0.0
2014-02-04,1629,223,2,1.84,2.0
2014-02-04,1240,113,0,0.01,0.0
2014-02-04,2853,222,2,2.06,4.0
2014-02-04,2794,111,2,2.29,2.0
2014-02-04,74,114,0,0.27,0.0
2014-02-04,659,114,0,0.58,0.0
2014-02-04,2932,223,0,0.2,0.0
2014-02-04,1196,331,0,0.42,0.0
2014-02-04,1672,332,0,0.04,0.0
2014-02-04,868,113,0,0.27,0.0
2014-02-04,2932,222,1,1.41,2.0
2014-02-04,1424,222,0,0.2,0.0
2014-02-04,1322,113,2,0.49,0.0
2014-02-04,2294,112,0,1.28,0.0
2014-02-04,1328,111,0,0.48,0.0
2014-02-04,1672,114,0,0.06,0.0
2014-02-04,1599,221,0,0.07,0.0
2014-02-04,1240,223,0,0.0,0.0
2014-02-04,1242,113,0,0.73,0.0
2014-02-04,1196,223,0,0.12,0.0
2014-02-04,973,222,0,0.49,0.0
2014-02-04,2492,332,1,0.74,0.0
2014-02-04,1599,111,1,0.16,0.0
2014-02-04,659,332,0,0.48,0.0
2014-02-04,1365,331,2,0.23,0.0
2014-02-04,2332,114,6,3.49,3.0
2014-02-04,1548,332,0,0.16,0.0
2014-02-04,1629,222,8,6.92,9.0
2014-02-04,797,333,3,1.56,2.0
2014-02-04,1629,113,10,10.29,9.0
2014-02-04,74,333,0,0.27,0.0
2014-02-04,1472,331,0,0.25,0.0
2014-02-04,1228,222,0,0.05,0.0
2014-02-04,2818,331,0,0.25,0.0
2014-02-04,2853,111,1,1.67,3.0
2014-02-04,3004,332,5,4.28,5.0
2014-02-04,1322,111,0,0.44,0.0
2014-02-04,1054,333,1,1.49,2.0
2014-02-04,2935,331,1,4.53,0.0
2014-02-04,1472,223,0,0.28,0.0
2014-02-04,2768,332,0,0.67,0.0
2014-02-04,1240,112,0,0.0,0.0
2014-02-04,631,111,1,1.83,2.0
2014-02-04,581,331,1,0.63,0.0
2014-02-04,1424,113,2,0.6,0.0
2014-02-04,1542,112,0,0.04,0.0
2014-02-04,611,222,0,1.61,2.0
2014-02-04,1472,112,0,0.05,0.0
2014-02-04,972,112,0,0.84,0.0
2014-02-04,2794,114,2,1.24,2.0
2014-02-04,1190,331,0,0.01,0.0
2014-02-04,1508,112,0,0.08,0.0
2014-02-04,631,114,0,0.62,0.0
2014-02-04,1753,332,0,0.45,0.0
2014-02-04,337,114,2,1.41,2.0
2014-02-04,1727,332,0,0.03,0.0
2014-02-04,1727,331,0,0.03,0.0
2014-02-04,1424,111,0,0.35,0.0
2014-02-04,2768,113,1,0.71,0.0
2014-02-04,1424,221,0,0.49,0.0
2014-02-04,74,332,0,0.18,0.0
2014-02-04,2935,114,2,4.54,5.0
2014-02-04,432,114,0,0.01,0.0
2014-02-04,972,222,1,2.3,3.0
2014-02-04,1196,113,0,0.14,0.0
2014-02-04,1694,223,0,1.75,2.0
2014-02-04,581,114,0,0.46,0.0
2014-02-04,1275,332,0,0.05,0.0
2014-02-04,1328,113,2,0.69,0.0
2014-02-04,1424,332,0,0.1,0.0
2014-02-04,2853,113,2,2.66,3.0
2014-02-04,797,221,3,1.72,2.0
2014-02-04,659,223,1,0.46,0.0
2014-02-04,3021,113,0,0.47,0.0
2014-02-04,1135,113,1,0.2,0.0
2014-02-04,2768,222,0,0.43,0.0
2014-02-04,74,223,1,0.86,0.0
2014-02-04,973,112,0,0.16,0.0
2014-02-04,337,331,1,2.61,4.0
2014-02-04,1054,223,0,1.19,2.0
2014-02-04,2818,222,2,0.37,0.0
2014-02-04,1190,332,0,0.01,0.0
2014-02-04,1753,114,0,0.52,0.0
2014-02-04,1328,221,1,0.53,0.0
2014-02-04,74,113,0,0.76,0.0
2014-02-04,2492,111,1,3.11,3.0
2014-02-04,1135,223,0,0.03,0.0
2014-02-04,423,114,1,0.24,0.0
2014-02-04,972,331,0,0.12,0.0
2014-02-04,2935,112,5,3.83,0.0
2014-02-04,868,112,0,0.41,0.0
2014-02-04,1629,114,2,5.59,5.0
2014-02-04,2935,332,111,15.7,27.0
2014-02-04,611,112,2,1.93,2.0
2014-02-04,743,222,0,0.71,0.0
2014-02-04,581,333,0,0.96,0.0
2014-02-04,1190,113,0,0.01,0.0
2014-02-04,611,221,1,1.48,2.0
2014-02-04,1328,112,0,0.47,0.0
2014-02-04,1508,111,0,0.22,0.0
2014-02-04,1694,331,4,1.23,0.0
2014-02-04,423,113,0,0.11,0.0
2014-02-04,743,332,0,0.37,0.0
2014-02-04,1365,333,0,0.16,0.0
2014-02-04,1365,112,1,0.45,0.0
2014-02-04,631,112,2,1.07,0.0
2014-02-04,1548,223,2,0.18,0.0
2014-02-04,904,331,2,1.11,2.0
2014-02-04,337,111,0,1.32,2.0
2014-02-04,1228,332,0,0.0,0.0
2014-02-04,904,114,1,0.97,0.0
2014-02-04,1365,221,0,0.18,0.0
2014-02-04,926,331,0,0.24,0.0
2014-02-04,1365,111,0,0.26,0.0
2014-02-04,659,331,1,1.62,2.0
2014-02-04,797,112,6,2.65,3.0
2014-02-04,972,111,0,0.71,0.0
2014-02-04,2492,331,4,2.09,2.0
2014-02-04,1275,114,0,0.03,0.0
2014-02-04,2932,332,0,0.51,0.0
2014-02-04,2853,221,0,2.5,4.0
2014-02-04,1242,111,0,0.38,0.0
2014-02-04,1275,222,0,0.04,0.0
2014-02-04,1548,111,2,0.45,0.0
2014-02-04,1322,221,0,0.23,0.0
2014-02-04,1472,333,0,0.41,0.0
2014-02-04,1629,221,5,1.77,2.0
2014-02-04,74,221,1,0.44,0.0
2014-02-04,2818,333,0,0.17,0.0
2014-02-04,2768,331,0,0.52,0.0
2014-02-04,581,332,0,0.83,0.0
2014-02-04,2932,112,0,1.0,0.0
2014-02-04,1472,222,0,0.22,0.0
2014-02-04,2794,333,0,1.07,0.0
2014-02-04,2794,223,1,0.51,0.0
2014-02-04,611,113,3,3.02,3.0
2014-02-04,1228,113,0,0.01,0.0
2014-02-04,1242,222,2,0.48,0.0
2014-02-04,337,112,1,0.72,0.0
2014-02-04,1508,222,0,0.17,0.0
2014-02-04,1242,332,1,0.81,0.0
2014-02-04,2932,114,2,1.4,2.0
2014-02-04,659,112,0,0.95,0.0
2014-02-04,659,111,0,0.62,0.0
2014-02-04,1508,331,0,0.13,0.0
2014-02-04,2935,221,0,0.9,0.0
2014-02-04,1629,332,7,10.97,9.0
2014-02-04,868,111,0,0.62,0.0
2014-02-04,973,331,0,0.58,0.0
2014-02-04,743,111,0,1.03,0.0
2014-02-04,1328,331,0,0.63,0.0
2014-02-04,2853,332,1,1.96,3.0
2014-02-04,2818,221,1,0.24,0.0
2014-02-04,2492,222,0,0.56,0.0
2014-02-04,3021,332,0,0.04,0.0
2014-02-04,2492,113,5,4.94,4.0
2014-02-04,1322,114,0,0.26,0.0
2014-02-04,1727,112,0,0.05,0.0
2014-02-04,1694,222,0,1.26,2.0
2014-02-04,1672,223,1,0.1,0.0
2014-02-04,1190,221,0,0.01,0.0
2014-02-04,1240,222,0,0.02,0.0
2014-02-04,3008,332,0,1.7,2.0
2014-02-04,1173,221,0,0.25,0.0
2014-02-04,3004,111,0,3.51,4.0
2014-02-04,3008,222,1,0.97,0.0
2014-02-04,1694,333,0,1.91,2.0
2014-02-04,1196,114,0,0.13,0.0
2014-02-04,973,114,0,0.44,0.0
2014-02-04,904,113,1,1.21,0.0
2014-02-04,2794,331,1,0.85,0.0
2014-02-04,1275,112,0,0.04,0.0
2014-02-04,2294,223,0,1.06,0.0
2014-02-04,1240,332,0,0.05,0.0
2014-02-04,868,223,0,0.23,0.0
2014-02-04,1190,222,0,0.01,0.0
2014-02-04,973,332,1,0.44,0.0
2014-02-04,3021,222,0,0.37,0.0
2014-02-04,1054,112,0,2.27,3.0
2014-02-04,1599,114,0,0.05,0.0
2014-02-04,1196,112,0,0.15,0.0
2014-02-04,2294,222,0,0.24,0.0
2014-02-04,1599,332,0,0.08,0.0
2014-02-04,1328,333,0,0.29,0.0
2014-02-04,1542,222,1,0.06,0.0
2014-02-04,1599,222,0,0.06,0.0
2014-02-04,1508,333,0,0.01,0.0
2014-02-04,797,222,0,1.5,2.0
2014-02-04,1190,112,0,0.01,0.0
2014-02-04,1424,331,0,0.06,0.0
2014-02-04,2332,331,1,2.63,2.0
2014-02-04,1275,333,0,0.02,0.0
2014-02-04,432,222,0,0.33,0.0
2014-02-04,2818,112,0,0.63,0.0
2014-02-04,1322,332,1,0.12,0.0
2014-02-04,2853,114,3,1.89,3.0
2014-02-04,2294,332,1,1.38,2.0
2014-02-04,1508,332,0,0.0,0.0
2014-02-04,1753,222,0,0.5,0.0
2014-02-04,1694,113,0,2.07,0.0
2014-02-04,1328,222,0,0.3,0.0
2014-02-04,581,111,0,1.25,0.0
2014-02-04,3008,331,0,1.49,2.0
2014-02-04,1753,113,3,2.09,2.0
2014-02-04,1275,113,0,0.02,0.0
2014-02-04,1135,331,0,0.21,0.0
2014-02-04,631,113,1,1.05,0.0
2014-02-04,2818,114,0,0.27,0.0
2014-02-04,743,114,1,0.21,0.0
2014-02-04,1548,331,0,0.19,0.0
2014-02-04,1054,114,1,1.35,2.0
2014-02-04,631,221,0,0.25,0.0
2014-02-04,1135,222,1,0.22,0.0
2014-02-04,3021,223,0,0.04,0.0
2014-02-04,1472,113,2,0.38,0.0
2014-02-04,1228,112,0,0.28,0.0
2014-02-04,743,331,1,1.13,0.0
2014-02-04,1548,114,0,0.29,0.0
2014-02-04,1672,331,0,0.93,0.0
2014-02-04,74,222,0,0.43,0.0
2014-02-04,1548,221,0,0.24,0.0
2014-02-04,1275,111,0,0.03,0.0
2014-02-04,337,222,0,0.75,0.0
2014-02-04,1054,221,1,2.33,2.0
2014-02-04,2332,113,14,16.27,13.0
2014-02-04,1599,113,0,0.0,0.0
2014-02-04,1275,221,0,0.04,0.0
2014-02-04,2935,333,28,13.84,16.0
2014-02-04,1548,112,1,1.26,2.0
2014-02-04,1240,221,0,0.03,0.0
2014-02-04,2794,113,2,2.26,2.0
2014-02-04,1694,112,20,3.81,2.0
2014-02-04,1135,221,0,0.17,0.0
2014-02-04,868,221,0,0.21,0.0
2014-02-04,631,332,0,0.51,0.0
2014-02-04,973,113,1,0.85,0.0
2014-02-04,74,112,0,0.01,0.0
2014-02-04,2332,221,0,2.13,2.0
2014-02-04,1173,114,0,0.02,0.0
2014-02-04,1242,221,0,0.24,0.0
2014-02-04,2794,222,0,0.92,0.0
2014-02-04,432,223,0,0.26,0.0
2014-02-04,1228,333,0,0.19,0.0
2014-02-04,2492,333,0,1.22,0.0
2014-02-04,743,112,3,1.52,2.0
2014-02-04,1472,221,0,0.16,0.0
2014-02-04,2332,332,3,3.23,3.0
2014-02-04,581,222,0,0.18,0.0
2014-02-04,1190,111,0,0.01,0.0
2014-02-04,797,111,0,1.7,2.0
2014-02-04,2294,111,2,1.39,0.0
2014-02-04,1424,223,0,0.27,0.0
2014-02-04,2794,112,1,1.76,2.0
2014-02-04,3021,114,0,0.11,0.0
2014-02-04,904,222,0,0.52,0.0
2014-02-04,3008,113,1,2.34,2.0
2014-02-04,1054,332,3,1.67,2.0
2014-02-04,2492,114,0,1.21,2.0
2014-02-04,1054,331,0,0.98,2.0
2014-02-04,3004,112,1,1.18,2.0
2014-02-04,1173,223,0,0.03,0.0
2014-02-04,1753,111,0,1.85,2.0
2014-02-04,1542,111,0,0.07,0.0
2014-02-04,1228,223,0,0.18,0.0
2014-02-04,1672,221,0,0.02,0.0
2014-02-04,1727,221,0,0.1,0.0
2014-02-04,1629,331,5,6.32,5.0
2014-02-04,1424,114,0,0.19,0.0
2014-02-04,1548,113,0,0.91,0.0
2014-02-04,1242,333,1,0.32,0.0
2014-02-04,423,221,0,0.14,0.0
2014-02-04,1694,114,0,1.73,2.0
2014-02-04,3008,112,1,1.36,0.0
2014-02-04,659,333,0,0.5,0.0
2014-02-04,2853,223,2,2.46,4.0
2014-02-04,432,111,0,0.13,0.0
2014-02-04,432,332,0,0.17,0.0
2014-02-04,423,333,0,0.31,0.0
2014-02-04,423,222,2,0.66,0.0
2014-02-04,2492,112,0,0.06,0.0
2014-02-04,926,332,0,0.17,0.0
2014-02-04,1542,332,0,0.12,0.0
2014-02-04,1242,331,0,0.09,0.0
2014-02-04,1135,333,0,0.16,0.0
2014-02-04,1135,332,0,0.0,0.0
2014-02-04,904,112,0,1.99,2.0
2014-02-04,926,111,0,0.01,0.0
2014-02-04,423,223,2,0.5,0.0
2014-02-04,659,113,0,0.78,0.0
2014-02-04,1054,111,0,1.6,2.0
2014-02-04,926,223,0,0.21,0.0
2014-02-04,3004,331,0,3.16,3.0
2014-02-04,1365,223,0,0.05,0.0
2014-02-04,1275,223,0,0.01,0.0
2014-02-04,3021,112,0,0.01,0.0
2014-02-04,337,333,2,1.19,2.0
2014-02-04,1542,221,0,0.18,0.0
2014-02-04,337,113,0,0.79,0.0
2014-02-04,1672,113,6,4.12,3.0
2014-02-04,868,222,0,0.25,0.0
2014-02-04,1242,114,1,0.18,0.0
2014-02-04,423,331,0,0.31,0.0
2014-02-04,581,112,0,0.58,0.0
2014-02-04,2818,223,0,0.46,0.0
2014-02-05,581,221,0,0.17,0.0
2014-02-05,797,111,0,1.65,2.0
2014-02-05,2768,222,0,0.35,0.0
2014-02-05,432,333,0,0.07,0.0
2014-02-05,926,331,1,0.22,0.0
2014-02-05,2932,331,2,1.45,2.0
2014-02-05,432,331,1,0.04,0.0
2014-02-05,743,114,0,0.32,0.0
2014-02-05,74,222,0,0.35,0.0
2014-02-05,743,111,2,0.93,0.0
2014-02-05,1322,111,0,0.4,0.0
2014-02-05,972,113,1,2.32,0.0
2014-02-05,2935,112,1,5.95,4.0
2014-02-05,631,113,3,1.09,2.0
2014-02-05,1424,111,0,0.34,0.0
2014-02-05,1242,222,0,0.58,0.0
2014-02-05,1753,114,1,0.53,0.0
2014-02-05,1240,111,0,0.01,0.0
2014-02-05,631,333,0,0.5,0.0
2014-02-05,1672,114,0,0.06,0.0
2014-02-05,1240,221,0,0.03,0.0
2014-02-05,1135,111,1,0.19,0.0
2014-02-05,1242,111,0,0.33,0.0
2014-02-05,2794,332,0,0.68,0.0
2014-02-05,337,113,2,0.76,0.0
2014-02-05,2768,223,0,0.18,0.0
2014-02-05,423,112,0,0.51,0.0
2014-02-05,1228,331,1,0.17,0.0
2014-02-05,1629,333,1,4.68,3.0
2014-02-05,743,333,2,0.44,0.0
2014-02-05,797,114,1,1.28,2.0
2014-02-05,432,222,0,0.32,0.0
2014-02-05,1135,114,0,0.08,0.0
2014-02-05,1727,114,0,0.02,0.0
2014-02-05,2492,332,2,0.95,0.0
2014-02-05,1727,221,0,0.1,0.0
2014-02-05,1542,331,0,0.08,0.0
2014-02-05,2853,114,1,2.11,3.0
2014-02-05,2935,332,242,12.63,27.0
2014-02-05,2294,223,1,0.73,0.0
2014-02-05,1365,114,0,0.17,0.0
2014-02-05,1694,114,1,1.59,2.0
2014-02-05,2818,332,1,0.31,0.0
2014-02-05,1472,112,0,0.05,0.0
2014-02-05,1242,223,0,0.39,0.0
2014-02-05,904,111,3,1.79,2.0
2014-02-05,973,221,0,0.27,0.0
2014-02-05,1599,222,0,0.06,0.0
2014-02-05,2768,114,0,0.27,0.0
2014-02-05,1135,332,0,0.0,0.0
2014-02-05,1424,112,2,0.52,0.0
2014-02-05,797,223,0,1.29,2.0
2014-02-05,1727,223,0,0.01,0.0
2014-02-05,1727,112,0,0.05,0.0
2014-02-05,3004,112,0,1.25,2.0
2014-02-05,2853,221,0,1.97,3.0
2014-02-05,1240,222,0,0.02,0.0
2014-02-05,611,221,4,1.52,2.0
2014-02-05,1508,112,0,0.07,0.0
2014-02-05,2794,221,1,0.42,0.0
2014-02-05,659,223,1,0.46,0.0
2014-02-05,1135,221,0,0.15,0.0
2014-02-05,973,333,0,0.04,0.0
2014-02-05,1242,333,0,0.35,0.0
2014-02-05,1322,331,0,0.15,0.0
2014-02-05,1672,221,1,0.02,0.0
2014-02-05,2932,221,1,1.1,2.0
2014-02-05,972,333,2,1.25,0.0
2014-02-05,1424,114,0,0.19,0.0
2014-02-05,3004,331,0,2.56,3.0
2014-02-05,743,332,0,0.36,0.0
2014-02-05,337,333,0,1.16,0.0
2014-02-05,2332,222,2,2.15,2.0
2014-02-05,1173,113,1,1.12,0.0
2014-02-05,868,222,1,0.25,0.0
2014-02-05,631,332,0,0.54,0.0
2014-02-05,3008,331,0,1.21,0.0
2014-02-05,2818,223,1,0.38,0.0
2014-02-05,1275,113,0,0.02,0.0
2014-02-05,1173,223,0,0.03,0.0
2014-02-05,2853,333,0,1.23,2.0
2014-02-05,1548,222,2,0.44,0.0
2014-02-05,1054,223,0,1.17,2.0
2014-02-05,1629,222,8,10.19,9.0
2014-02-05,1328,221,0,0.57,0.0
2014-02-05,74,113,0,0.72,0.0
2014-02-05,1424,222,0,0.17,0.0
2014-02-05,1054,331,1,0.92,0.0
2014-02-05,1472,223,1,0.27,0.0
2014-02-05,432,332,0,0.17,0.0
2014-02-05,926,111,0,0.01,0.0
2014-02-05,2332,114,5,3.69,4.0
2014-02-05,1240,223,0,0.0,0.0
2014-02-05,3008,223,2,0.79,0.0
2014-02-05,1054,332,1,1.7,2.0
2014-02-05,1542,332,0,0.12,0.0
2014-02-05,1629,112,10,5.84,5.0
2014-02-05,1424,223,0,0.24,0.0
2014-02-05,3021,221,0,0.11,0.0
2014-02-05,1173,331,0,0.32,0.0
2014-02-05,2768,112,0,0.24,0.0
2014-02-05,1190,111,0,0.01,0.0
2014-02-05,1672,111,0,0.12,0.0
2014-02-05,973,113,5,0.87,0.0
2014-02-05,337,222,4,0.69,0.0
2014-02-05,1228,333,1,0.17,0.0
2014-02-05,2768,221,1,0.35,0.0
2014-02-05,1753,331,0,0.72,0.0
2014-02-05,1275,111,0,0.03,0.0
2014-02-05,1548,221,0,0.25,0.0
2014-02-05,3008,221,1,0.5,0.0
2014-02-05,1196,222,0,0.17,0.0
2014-02-05,2794,113,3,2.19,2.0
2014-02-05,926,223,0,0.21,0.0
2014-02-05,2332,333,2,2.15,2.0
2014-02-05,1542,333,0,0.0,0.0
2014-02-05,1548,223,1,0.25,0.0
2014-02-05,1228,112,0,0.26,0.0
2014-02-05,659,221,1,0.52,0.0
2014-02-05,904,223,0,0.32,0.0
2014-02-05,3021,114,0,0.1,0.0
2014-02-05,1508,223,0,0.11,0.0
2014-02-05,1328,222,0,0.3,0.0
2014-02-05,743,331,1,1.11,0.0
2014-02-05,432,112,0,0.0,0.0
2014-02-05,3004,221,0,0.35,0.0
2014-02-05,926,222,0,0.25,0.0
2014-02-05,2294,332,0,1.35,0.0
2014-02-05,1322,332,0,0.17,0.0
2014-02-05,1275,333,0,0.02,0.0
2014-02-05,797,222,2,1.3,0.0
2014-02-05,2935,111,23,10.85,10.0
2014-02-05,74,223,0,0.85,0.0
2014-02-05,74,221,1,0.48,0.0
2014-02-05,2932,333,2,1.78,2.0
2014-02-05,1365,113,0,0.34,0.0
2014-02-05,1542,114,0,0.12,0.0
2014-02-05,2492,331,3,2.71,2.0
2014-02-05,3008,222,0,0.98,0.0
2014-02-05,1196,114,0,0.13,0.0
2014-02-05,3004,111,0,2.68,4.0
2014-02-05,1322,114,0,0.25,0.0
2014-02-05,1173,222,1,0.43,0.0
2014-02-05,1275,112,0,0.04,0.0
2014-02-05,1190,222,0,0.01,0.0
2014-02-05,1054,112,1,2.25,3.0
2014-02-05,1629,332,16,9.84,7.0
2014-02-05,1190,114,0,0.01,0.0
2014-02-05,1548,333,0,0.13,0.0
2014-02-05,423,332,0,0.19,0.0
2014-02-05,1548,332,0,0.15,0.0
2014-02-05,973,331,1,0.58,0.0
2014-02-05,1275,114,0,0.03,0.0
2014-02-05,1365,111,0,0.22,0.0
2014-02-05,972,221,1,2.86,2.0
2014-02-05,1472,222,0,0.21,0.0
2014-02-05,2818,333,2,0.17,0.0
2014-02-05,1054,111,5,1.51,2.0
2014-02-05,1196,221,1,0.11,0.0
2014-02-05,1328,223,1,0.45,0.0
2014-02-05,926,114,0,0.09,0.0
2014-02-05,2932,114,3,1.42,2.0
2014-02-05,904,114,0,0.99,0.0
2014-02-05,2294,114,0,0.39,0.0
2014-02-05,1228,332,0,0.0,0.0
2014-02-05,2853,113,5,2.61,3.0
2014-02-05,868,331,0,0.15,0.0
2014-02-05,659,331,1,1.59,2.0
2014-02-05,659,112,0,0.89,0.0
2014-02-05,631,223,0,0.26,0.0
2014-02-05,2853,332,2,2.22,3.0
2014-02-05,1599,223,0,0.11,0.0
2014-02-05,581,331,0,0.65,0.0
2014-02-05,2818,111,0,0.52,0.0
2014-02-05,1599,331,0,0.15,0.0
2014-02-05,581,114,1,0.45,0.0
2014-02-05,1054,222,0,1.43,2.0
2014-02-05,611,112,4,1.91,2.0
2014-02-05,1054,333,0,1.44,2.0
2014-02-05,972,332,2,3.99,5.0
2014-02-05,1508,113,2,0.2,0.0
2014-02-05,1190,113,0,0.01,0.0
2014-02-05,423,114,0,0.29,0.0
2014-02-05,1365,112,2,0.42,0.0
2014-02-05,973,112,0,0.14,0.0
2014-02-05,1240,331,0,0.03,0.0
2014-02-05,797,332,0,1.22,2.0
2014-02-05,1727,113,0,0.05,0.0
2014-02-05,2294,333,1,2.36,3.0
2014-02-05,2818,331,0,0.24,0.0
2014-02-05,3021,332,0,0.04,0.0
2014-02-05,904,331,0,1.22,2.0
2014-02-05,3008,333,0,1.92,2.0
2014-02-05,1190,221,0,0.01,0.0
2014-02-05,797,333,0,1.62,2.0
2014-02-05,1753,332,1,0.44,0.0
2014-02-05,1694,111,0,1.88,2.0
2014-02-05,1694,221,2,1.63,2.0
2014-02-05,1727,331,0,0.02,0.0
2014-02-05,1424,221,0,0.45,0.0
2014-02-05,2935,113,0,9.09,0.0
2014-02-05,972,222,3,2.2,2.0
2014-02-05,1196,113,1,0.13,0.0
2014-02-05,1322,222,0,0.28,0.0
2014-02-05,1694,223,0,1.4,0.0
2014-02-05,3021,113,3,0.35,0.0
2014-02-05,2332,221,2,1.72,2.0
2014-02-05,631,222,0,0.27,0.0
2014-02-05,1196,223,0,0.12,0.0
2014-02-05,2794,333,2,0.97,0.0
2014-02-05,3021,222,0,0.3,0.0
2014-02-05,2492,333,4,1.04,0.0
2014-02-05,1694,222,0,1.04,0.0
2014-02-05,1328,112,1,0.52,0.0
2014-02-05,1548,112,2,1.22,2.0
2014-02-05,868,221,0,0.21,0.0
2014-02-05,1054,221,1,2.24,2.0
2014-02-05,2932,112,0,0.91,0.0
2014-02-05,1629,221,4,2.38,2.0
2014-02-05,2768,113,0,0.76,0.0
2014-02-05,1599,113,0,0.0,0.0
2014-02-05,904,332,0,0.72,0.0
2014-02-05,926,113,0,0.18,0.0
2014-02-05,3021,111,0,0.13,0.0
2014-02-05,1424,113,1,0.7,0.0
2014-02-05,2492,222,0,0.46,0.0
2014-02-05,1190,331,0,0.01,0.0
2014-02-05,1672,333,0,2.0,2.0
2014-02-05,1672,112,7,0.05,0.0
2014-02-05,432,114,0,0.01,0.0
2014-02-05,611,113,4,3.11,3.0
2014-02-05,3008,114,0,0.91,0.0
2014-02-05,1228,222,0,0.04,0.0
2014-02-05,1424,333,0,0.24,0.0
2014-02-05,973,223,0,0.07,0.0
2014-02-05,1228,113,0,0.0,0.0
2014-02-05,2768,331,0,0.42,0.0
2014-02-05,337,114,3,1.35,2.0
2014-02-05,611,333,1,0.89,0.0
2014-02-05,1753,112,5,3.45,3.0
2014-02-05,3004,113,0,0.43,0.0
2014-02-05,904,112,2,1.57,2.0
2014-02-05,972,114,0,0.23,0.0
2014-02-05,1727,333,0,0.12,0.0
2014-02-05,1599,332,0,0.08,0.0
2014-02-05,1054,113,2,3.63,3.0
2014-02-05,1472,111,0,0.3,0.0
2014-02-05,1508,222,0,0.16,0.0
2014-02-05,1548,111,0,0.45,0.0
2014-02-05,1328,111,2,0.44,0.0
2014-02-05,1240,113,0,0.01,0.0
2014-02-05,1694,112,9,4.46,5.0
2014-02-05,581,113,0,1.98,2.0
2014-02-05,631,331,0,0.91,0.0
2014-02-05,904,221,0,0.34,0.0
2014-02-05,1322,112,1,0.3,0.0
2014-02-05,1228,223,0,0.18,0.0
2014-02-05,2935,331,0,5.95,4.0
2014-02-05,432,221,0,0.13,0.0
2014-02-05,1190,112,0,0.01,0.0
2014-02-05,1472,114,0,0.05,0.0
2014-02-05,2794,223,0,0.52,0.0
2014-02-05,743,223,1,0.47,0.0
2014-02-05,1508,332,0,0.0,0.0
2014-02-05,972,331,0,0.1,0.0
2014-02-05,3004,114,1,2.25,3.0
2014-02-05,3004,222,0,2.5,4.0
2014-02-05,1599,114,0,0.05,0.0
2014-02-05,1753,222,1,0.48,0.0
2014-02-05,2794,112,1,1.69,2.0
2014-02-05,1275,222,0,0.04,0.0
2014-02-05,973,222,1,0.45,0.0
2014-02-05,74,114,0,0.27,0.0
2014-02-05,1727,111,0,0.03,0.0
2014-02-05,868,332,0,0.24,0.0
2014-02-05,1135,113,1,0.23,0.0
2014-02-05,2492,114,1,1.02,0.0
2014-02-05,2818,114,0,0.26,0.0
2014-02-05,581,222,0,0.18,0.0
2014-02-05,2294,113,0,0.71,0.0
2014-02-05,1328,332,0,0.55,0.0
2014-02-05,1472,221,0,0.16,0.0
2014-02-05,581,332,0,0.78,0.0
2014-02-05,432,223,0,0.25,0.0
2014-02-05,1240,332,0,0.05,0.0
2014-02-05,1240,112,0,0.0,0.0
2014-02-05,1190,223,0,0.01,0.0
2014-02-05,3004,333,12,5.32,5.0
2014-02-05,1173,114,0,0.02,0.0
2014-02-05,611,111,2,1.89,2.0
2014-02-05,1672,331,1,0.83,0.0
2014-02-05,1322,113,0,0.54,0.0
2014-02-05,1173,112,1,0.76,0.0
2014-02-05,659,333,2,0.45,0.0
2014-02-05,1135,333,0,0.17,0.0
2014-02-05,1135,112,0,0.05,0.0
2014-02-05,1173,333,0,0.17,0.0
2014-02-05,1196,112,0,0.15,0.0
2014-02-05,2332,112,2,2.07,3.0
2014-02-05,1365,222,0,0.2,0.0
2014-02-05,2492,221,0,1.06,0.0
2014-02-05,743,221,0,0.53,0.0
2014-02-05,1672,223,0,1.08,0.0
2014-02-05,2294,222,0,0.28,0.0
2014-02-05,432,111,0,0.11,0.0
2014-02-05,74,332,0,0.17,0.0
2014-02-05,1365,221,0,0.17,0.0
2014-02-05,926,332,0,0.15,0.0
2014-02-05,1228,221,0,0.0,0.0
2014-02-05,659,222,0,0.71,0.0
2014-02-05,868,111,1,0.62,0.0
2014-02-05,1365,331,0,0.29,0.0
2014-02-05,1328,331,2,0.62,0.0
2014-02-05,2768,333,0,0.68,0.0
2014-02-05,868,114,0,0.44,0.0
2014-02-05,1629,331,6,6.3,4.0
2014-02-05,1135,223,0,0.03,0.0
2014-02-05,3004,223,3,4.73,4.0
2014-02-05,797,331,2,1.44,2.0
2014-02-05,1629,223,1,1.95,2.0
2014-02-05,904,333,0,0.75,0.0
2014-02-05,2818,221,0,0.27,0.0
2014-02-05,581,333,0,0.88,0.0
2014-02-05,2818,222,1,0.47,0.0
2014-02-05,2935,114,3,5.51,5.0
2014-02-05,926,333,0,0.12,0.0
2014-02-05,1196,333,0,0.09,0.0
2014-02-05,1365,223,0,0.04,0.0
2014-02-05,2294,221,1,2.27,2.0
2014-02-05,3004,332,5,5.42,5.0
2014-02-05,2853,111,3,2.41,3.0
2014-02-05,1753,111,5,1.56,2.0
2014-02-05,1173,221,0,0.23,0.0
2014-02-05,1190,333,0,0.01,0.0
2014-02-05,972,112,0,0.73,0.0
2014-02-05,2768,332,4,0.55,0.0
2014-02-05,1508,111,1,0.2,0.0
2014-02-05,797,113,1,3.62,3.0
2014-02-05,1365,332,0,0.07,0.0
2014-02-05,973,111,0,0.0,0.0
2014-02-05,1322,223,0,0.17,0.0
2014-02-05,2492,111,3,2.84,3.0
2014-02-05,1694,332,2,3.29,3.0
2014-02-05,904,113,0,1.28,2.0
2014-02-05,2294,112,1,0.97,0.0
2014-02-05,1727,332,0,0.03,0.0
2014-02-05,631,114,1,0.67,0.0
2014-02-05,3008,111,1,1.15,0.0
2014-02-05,1542,223,0,0.12,0.0
2014-02-05,1508,114,0,0.12,0.0
2014-02-05,1424,331,0,0.06,0.0
2014-02-05,1548,114,0,0.25,0.0
2014-02-05,1424,332,0,0.09,0.0
2014-02-05,1242,221,0,0.24,0.0
2014-02-05,1196,331,0,0.38,0.0
2014-02-05,2492,113,7,5.4,4.0
2014-02-05,926,221,0,0.17,0.0
2014-02-05,1629,114,4,5.03,5.0
2014-02-05,972,111,0,0.58,0.0
2014-02-05,1275,331,0,0.06,0.0
2014-02-05,1599,112,0,0.0,0.0
2014-02-05,797,112,3,3.1,3.0
2014-02-05,611,331,1,1.54,2.0
2014-02-05,1275,221,0,0.04,0.0
2014-02-05,2935,333,8,19.16,15.0
2014-02-05,337,111,2,1.12,0.0
2014-02-05,1694,113,11,1.89,0.0
2014-02-05,1275,332,0,0.05,0.0
2014-02-05,2932,332,1,0.47,0.0
2014-02-05,1135,222,0,0.23,0.0
2014-02-05,423,331,2,0.31,0.0
2014-02-05,904,222,0,0.5,0.0
2014-02-05,868,112,0,0.36,0.0
2014-02-05,2932,223,0,0.2,0.0
2014-02-05,1240,333,0,0.02,0.0
2014-02-05,2794,331,0,0.85,0.0
2014-02-05,659,114,0,0.52,0.0
2014-02-05,1228,111,0,0.2,0.0
2014-02-05,1508,331,0,0.14,0.0
2014-02-05,926,112,0,0.01,0.0
2014-02-05,1135,331,0,0.21,0.0
2014-02-05,2768,111,0,0.4,0.0
2014-02-05,2932,111,1,1.63,2.0
2014-02-05,868,333,0,0.15,0.0
2014-02-05,1472,331,1,0.24,0.0
2014-02-05,1322,333,1,0.16,0.0
2014-02-05,2935,222,4,7.79,12.0
2014-02-05,631,112,0,1.14,0.0
2014-02-05,1240,114,0,0.0,0.0
2014-02-05,1694,333,0,1.56,2.0
2014-02-05,1542,112,0,0.04,0.0
2014-02-05,743,112,1,1.5,2.0
2014-02-05,1472,332,0,0.35,0.0
2014-02-05,3021,223,0,0.03,0.0
2014-02-05,432,113,0,0.23,0.0
2014-02-05,1694,331,2,1.68,2.0
2014-02-05,743,113,0,1.31,1.0
2014-02-05,1196,111,0,0.07,0.0
2014-02-05,74,333,0,0.27,0.0
2014-02-05,1242,114,0,0.22,0.0
2014-02-05,3021,112,0,0.01,0.0
2014-02-05,2332,223,1,1.43,2.0
2014-02-05,611,332,1,1.49,2.0
2014-02-05,1275,223,0,0.01,0.0
2014-02-05,2935,223,0,1.64,0.0
2014-02-05,2935,221,0,1.32,0.0
2014-02-05,2853,222,4,2.16,4.0
2014-02-05,1548,113,3,0.77,0.0
2014-02-05,1599,221,0,0.07,0.0
2014-02-05,3021,331,0,0.27,0.0
2014-02-05,1753,333,0,0.63,0.0
2014-02-05,2294,331,0,1.24,0.0
2014-02-05,3021,333,0,0.15,0.0
2014-02-05,337,221,0,0.57,0.0
2014-02-05,611,114,6,1.41,2.0
2014-02-05,337,332,2,1.94,2.0
2014-02-05,2294,111,0,1.49,0.0
2014-02-05,743,222,1,0.63,0.0
2014-02-05,2932,222,3,1.33,2.0
2014-02-05,1242,113,2,0.65,0.0
2014-02-05,973,114,0,0.43,0.0
2014-02-05,2818,112,2,0.56,0.0
2014-02-05,423,113,0,0.1,0.0
2014-02-05,1672,113,3,4.69,3.0
2014-02-05,1542,222,0,0.17,0.0
2014-02-05,2794,222,0,0.79,0.0
2014-02-05,868,113,0,0.27,0.0
2014-02-05,1328,114,0,0.29,0.0
2014-02-05,1508,333,0,0.01,0.0
2014-02-05,2853,112,1,1.93,2.0
2014-02-05,659,332,0,0.44,0.0
2014-02-05,337,331,4,2.69,3.0
2014-02-05,1472,333,0,0.38,0.0
2014-02-05,1196,332,0,0.17,0.0
2014-02-05,797,221,4,1.75,2.0
2014-02-05,423,223,0,0.51,0.0
2014-02-05,3008,113,1,2.32,2.0
2014-02-05,1228,114,0,0.04,0.0
2014-02-05,1173,332,0,0.2,0.0
2014-02-05,1508,221,0,0.12,0.0
2014-02-05,1629,111,11,11.22,10.0
2014-02-05,1242,331,0,0.08,0.0
2014-02-05,423,222,5,0.75,0.0
2014-02-05,2932,113,4,3.21,3.0
2014-02-05,659,113,0,0.57,0.0
2014-02-05,74,111,0,0.3,0.0
2014-02-05,2853,223,4,3.55,4.0
2014-02-05,1242,332,2,0.8,0.0
2014-02-05,1328,333,0,0.28,0.0
2014-02-05,972,223,3,2.09,2.0
2014-02-05,423,333,0,0.29,0.0
2014-02-05,1365,333,0,0.16,0.0
2014-02-05,1322,221,0,0.26,0.0
2014-02-05,1672,222,0,0.08,0.0
2014-02-05,3008,332,1,1.43,2.0
2014-02-05,2332,111,5,5.51,4.0
2014-02-05,337,223,0,0.42,0.0
2014-02-05,659,111,0,0.67,0.0
2014-02-05,423,111,0,0.39,0.0
2014-02-05,1542,111,0,0.07,0.0
2014-02-05,2492,223,2,1.48,2.0
2014-02-05,3008,112,1,1.31,0.0
2014-02-05,1753,113,0,2.24,2.0
2014-02-05,1753,223,0,0.58,0.0
2014-02-05,1542,221,0,0.15,0.0
2014-02-05,2492,112,0,0.07,0.0
2014-02-05,611,222,4,1.42,2.0
2014-02-05,423,221,0,0.11,0.0
2014-02-05,1599,333,0,0.13,0.0
2014-02-05,1173,111,1,0.4,0.0
2014-02-05,1190,332,0,0.01,0.0
2014-02-05,581,112,0,0.55,0.0
2014-02-05,2794,114,1,1.26,2.0
2014-02-05,2332,331,2,2.35,2.0
2014-02-05,1472,113,0,0.43,0.0
2014-02-05,2818,113,0,0.87,0.0
2014-02-05,631,221,1,0.23,0.0
2014-02-05,1328,113,1,0.77,0.0
2014-02-05,74,112,0,0.01,0.0
2014-02-05,1542,113,0,0.14,0.0
2014-02-05,2332,113,23,13.94,12.0
2014-02-05,631,111,4,1.88,2.0
2014-02-05,868,223,0,0.22,0.0
2014-02-05,581,223,1,1.07,0.0
2014-02-05,1629,113,6,9.64,9.0
2014-02-05,973,332,0,0.45,0.0
2014-02-05,1242,112,0,0.65,0.0
2014-02-05,2853,331,6,1.74,2.0
2014-02-05,1548,331,0,0.19,0.0
2014-02-05,1054,114,0,1.32,2.0
2014-02-05,337,112,0,0.74,0.0
2014-02-05,1753,221,1,1.31,0.0
2014-02-05,1727,222,0,0.03,0.0
2014-02-05,581,111,2,1.22,2.0
2014-02-05,1599,111,0,0.19,0.0
2014-02-05,611,223,2,1.36,2.0
2014-02-05,1672,332,6,0.04,0.0
2014-02-05,74,331,0,0.02,0.0
2014-02-05,2332,332,4,3.1,3.0
2014-02-05,2794,111,2,2.43,2.0
2014-02-06,1054,114,2,1.3,2.0
2014-02-06,868,111,0,0.6,0.0
2014-02-06,1190,222,0,0.01,0.0
2014-02-06,1328,113,0,0.83,0.0
2014-02-06,868,112,0,0.34,0.0
2014-02-06,1173,223,0,0.03,0.0
2014-02-06,2935,111,20,13.03,11.0
2014-02-06,2818,221,0,0.25,0.0
2014-02-06,1190,332,0,0.01,0.0
2014-02-06,904,113,6,1.25,2.0
2014-02-06,659,113,0,0.47,0.0
2014-02-06,797,331,3,1.48,2.0
2014-02-06,1328,333,0,0.3,0.0
2014-02-06,1542,221,0,0.15,0.0
2014-02-06,1242,111,0,0.29,0.0
2014-02-06,1548,223,1,0.31,0.0
2014-02-06,1190,112,0,0.01,0.0
2014-02-06,3021,114,0,0.1,0.0
2014-02-06,1135,223,0,0.03,0.0
2014-02-06,868,114,0,0.42,0.0
2014-02-06,3004,223,0,4.91,4.0
2014-02-06,2492,112,0,0.07,0.0
2014-02-06,743,112,2,1.55,2.0
2014-02-06,1727,221,0,0.1,0.0
2014-02-06,2935,222,4,8.47,9.0
2014-02-06,2768,111,0,0.4,0.0
2014-02-06,631,113,1,1.06,0.0
2014-02-06,1173,331,0,0.32,0.0
2014-02-06,1365,333,0,0.16,0.0
2014-02-06,3021,223,0,0.03,0.0
2014-02-06,3004,331,0,1.99,3.0
2014-02-06,2935,114,12,4.45,5.0
2014-02-06,2935,112,1,4.69,4.0
2014-02-06,1240,333,0,0.02,0.0
2014-02-06,1508,331,0,0.13,0.0
2014-02-06,2818,114,0,0.26,0.0
2014-02-06,2332,333,0,2.09,2.0
2014-02-06,2853,111,2,2.61,3.0
2014-02-06,3004,111,0,1.13,0.0
2014-02-06,1228,223,0,0.16,0.0
2014-02-06,1542,112,0,0.04,0.0
2014-02-06,1424,221,0,0.4,0.0
2014-02-06,2794,331,1,0.8,0.0
2014-02-06,1472,223,0,0.29,0.0
2014-02-06,1424,113,1,0.67,0.0
2014-02-06,581,331,0,0.64,0.0
2014-02-06,1629,332,19,11.96,10.0
2014-02-06,1173,221,0,0.23,0.0
2014-02-06,2794,112,3,1.81,2.0
2014-02-06,1508,223,0,0.11,0.0
2014-02-06,1753,222,0,0.54,0.0
2014-02-06,74,112,0,0.01,0.0
2014-02-06,1542,332,0,0.12,0.0
2014-02-06,2853,223,1,3.38,4.0
2014-02-06,743,111,1,1.05,0.0
2014-02-06,2768,332,1,1.0,0.0
2014-02-06,797,113,5,3.53,3.0
2014-02-06,3008,113,3,2.29,2.0
2014-02-06,631,221,0,0.24,0.0
2014-02-06,2818,331,0,0.25,0.0
2014-02-06,581,333,0,0.72,0.0
2014-02-06,797,221,1,1.84,2.0
2014-02-06,904,223,1,0.28,0.0
2014-02-06,1727,331,0,0.02,0.0
2014-02-06,1275,222,0,0.04,0.0
2014-02-06,972,112,0,0.62,0.0
2014-02-06,1190,333,0,0.01,0.0
2014-02-06,1328,222,0,0.35,0.0
2014-02-06,74,113,0,0.69,0.0
2014-02-06,2935,331,0,5.54,4.0
2014-02-06,3004,112,0,1.1,0.0
2014-02-06,743,221,0,0.49,0.0
2014-02-06,1328,331,0,0.73,0.0
2014-02-06,423,114,0,0.27,0.0
2014-02-06,423,221,0,0.1,0.0
2014-02-06,1508,332,0,0.0,0.0
2014-02-06,1242,331,0,0.08,0.0
2014-02-06,3008,112,0,1.32,0.0
2014-02-06,659,222,0,0.64,0.0
2014-02-06,432,332,0,0.18,0.0
2014-02-06,1753,113,4,1.75,2.0
2014-02-06,904,333,1,0.71,0.0
2014-02-06,337,113,0,0.85,0.0
2014-02-06,432,112,0,0.0,0.0
2014-02-06,423,333,0,0.29,0.0
2014-02-06,1472,113,0,0.39,0.0
2014-02-06,631,111,0,1.76,2.0
2014-02-06,1672,223,7,0.99,0.0
2014-02-06,423,223,4,0.47,0.0
2014-02-06,1322,223,0,0.16,0.0
2014-02-06,659,221,0,0.56,0.0
2014-02-06,2768,113,0,0.68,0.0
2014-02-06,3021,332,0,0.04,0.0
2014-02-06,1365,112,0,0.44,0.0
2014-02-06,74,222,0,0.32,0.0
2014-02-06,1672,111,0,0.11,0.0
2014-02-06,1228,113,0,0.0,0.0
2014-02-06,2794,222,3,0.76,0.0
2014-02-06,2794,114,0,1.35,2.0
2014-02-06,1672,113,1,4.2,2.0
2014-02-06,1135,221,0,0.14,0.0
2014-02-06,1548,111,0,0.45,0.0
2014-02-06,1472,221,0,0.14,0.0
2014-02-06,1240,112,0,0.0,0.0
2014-02-06,1328,112,0,0.48,0.0
2014-02-06,797,222,0,1.65,2.0
2014-02-06,1242,222,0,0.51,0.0
2014-02-06,1275,113,0,0.02,0.0
2014-02-06,1508,222,0,0.16,0.0
2014-02-06,337,222,0,0.75,0.0
2014-02-06,1599,332,0,0.07,0.0
2014-02-06,972,114,0,0.2,0.0
2014-02-06,432,222,0,0.32,0.0
2014-02-06,972,331,0,0.09,0.0
2014-02-06,2332,221,1,2.04,2.0
2014-02-06,743,331,3,1.1,0.0
2014-02-06,1694,331,0,1.78,2.0
2014-02-06,1472,112,0,0.05,0.0
2014-02-06,973,333,1,0.04,0.0
2014-02-06,1240,332,0,0.06,0.0
2014-02-06,1228,333,0,0.21,0.0
2014-02-06,611,113,2,2.93,3.0
2014-02-06,2492,333,5,1.77,2.0
2014-02-06,432,114,0,0.01,0.0
2014-02-06,973,113,0,0.95,0.0
2014-02-06,1190,113,0,0.01,0.0
2014-02-06,581,112,1,0.52,0.0
2014-02-06,1196,221,0,0.2,0.0
2014-02-06,2332,332,5,3.08,3.0
2014-02-06,1599,113,0,0.0,0.0
2014-02-06,797,111,0,1.38,0.0
2014-02-06,1322,111,2,0.4,0.0
2014-02-06,423,113,0,0.1,0.0
2014-02-06,1190,331,0,0.01,0.0
2014-02-06,3021,113,0,0.69,0.0
2014-02-06,1054,221,0,2.4,2.0
2014-02-06,1727,112,0,0.05,0.0
2014-02-06,3008,331,3,1.0,0.0
2014-02-06,1694,112,2,5.29,5.0
2014-02-06,868,221,0,0.2,0.0
2014-02-06,1240,221,0,0.03,0.0
2014-02-06,1548,112,1,1.16,0.0
2014-02-06,581,111,1,1.26,2.0
2014-02-06,2794,113,3,2.55,2.0
2014-02-06,3021,222,0,0.27,0.0
2014-02-06,1542,222,0,0.17,0.0
2014-02-06,337,331,2,3.65,4.0
2014-02-06,2294,111,1,1.22,0.0
2014-02-06,2768,331,1,0.39,0.0
2014-02-06,1424,332,0,0.09,0.0
2014-02-06,2768,222,0,0.3,0.0
2014-02-06,1694,114,2,1.66,2.0
2014-02-06,1599,112,0,0.0,0.0
2014-02-06,1228,112,0,0.26,0.0
2014-02-06,659,331,4,1.65,2.0
2014-02-06,581,114,0,0.48,0.0
2014-02-06,1135,332,0,0.0,0.0
2014-02-06,1508,112,0,0.07,0.0
2014-02-06,1548,331,1,0.16,0.0
2014-02-06,743,114,0,0.29,0.0
2014-02-06,1672,221,4,0.95,0.0
2014-02-06,2768,221,0,0.37,0.0
2014-02-06,2768,112,0,0.21,0.0
2014-02-06,1322,114,0,0.24,0.0
2014-02-06,659,111,0,0.65,0.0
2014-02-06,1135,333,0,0.17,0.0
2014-02-06,1424,111,0,0.35,0.0
2014-02-06,1365,222,0,0.19,0.0
2014-02-06,1508,333,0,0.01,0.0
2014-02-06,2332,331,1,2.47,2.0
2014-02-06,1190,111,0,0.01,0.0
2014-02-06,926,223,0,0.2,0.0
2014-02-06,1275,332,0,0.05,0.0
2014-02-06,1242,333,1,0.31,0.0
2014-02-06,1275,114,0,0.03,0.0
2014-02-06,1542,223,0,0.11,0.0
2014-02-06,1548,113,0,0.87,0.0
2014-02-06,2294,332,3,1.2,0.0
2014-02-06,1542,111,0,0.07,0.0
2014-02-06,2818,333,0,0.38,0.0
2014-02-06,1196,222,0,0.17,0.0
2014-02-06,1672,331,1,0.57,0.0
2014-02-06,337,333,4,1.11,0.0
2014-02-06,337,114,2,1.32,2.0
2014-02-06,2332,112,3,2.41,3.0
2014-02-06,1242,114,0,0.2,0.0
2014-02-06,3021,112,0,0.01,0.0
2014-02-06,2332,113,10,14.32,13.0
2014-02-06,1599,222,0,0.06,0.0
2014-02-06,1228,332,0,0.0,0.0
2014-02-06,581,222,0,0.15,0.0
2014-02-06,2818,112,0,0.63,0.0
2014-02-06,337,111,0,1.33,2.0
2014-02-06,868,222,0,0.27,0.0
2014-02-06,1054,333,2,1.22,0.0
2014-02-06,1275,223,0,0.01,0.0
2014-02-06,2853,114,1,1.78,3.0
2014-02-06,743,222,0,0.66,0.0
2014-02-06,74,223,0,0.74,0.0
2014-02-06,1753,331,0,0.65,0.0
2014-02-06,659,333,1,0.58,0.0
2014-02-06,611,221,1,1.51,2.0
2014-02-06,1629,114,8,4.8,4.0
2014-02-06,1173,114,0,0.02,0.0
2014-02-06,1054,223,0,1.02,0.0
2014-02-06,2853,113,3,2.87,3.0
2014-02-06,1694,223,0,1.15,0.0
2014-02-06,1753,221,1,1.13,0.0
2014-02-06,74,114,3,0.26,0.0
2014-02-06,2932,331,4,1.5,2.0
2014-02-06,611,223,1,1.35,2.0
2014-02-06,1599,331,0,0.14,0.0
2014-02-06,1424,112,0,0.53,0.0
2014-02-06,2853,332,1,2.6,3.0
2014-02-06,2294,333,1,1.82,3.0
2014-02-06,926,112,0,0.01,0.0
2014-02-06,1727,111,0,0.02,0.0
2014-02-06,1599,111,0,0.18,0.0
2014-02-06,1242,112,0,0.55,0.0
2014-02-06,1599,114,0,0.05,0.0
2014-02-06,973,222,0,0.49,0.0
2014-02-06,1054,111,2,1.62,2.0
2014-02-06,581,223,0,1.02,0.0
2014-02-06,1727,222,0,0.03,0.0
2014-02-06,973,332,2,0.42,0.0
2014-02-06,2794,223,1,0.57,0.0
2014-02-06,74,331,0,0.02,0.0
2014-02-06,2794,111,2,2.68,2.0
2014-02-06,868,223,0,0.22,0.0
2014-02-06,2794,221,0,0.51,0.0
2014-02-06,1542,113,0,0.13,0.0
2014-02-06,1548,332,0,0.15,0.0
2014-02-06,2818,113,0,0.62,0.0
2014-02-06,972,221,0,2.44,2.0
2014-02-06,1629,113,9,8.72,8.0
2014-02-06,1054,112,2,2.29,2.0
2014-02-06,1694,221,3,1.65,2.0
2014-02-06,973,221,0,0.29,0.0
2014-02-06,337,112,0,0.73,0.0
2014-02-06,2853,331,0,2.3,2.0
2014-02-06,2935,113,0,6.27,0.0
2014-02-06,1727,223,0,0.01,0.0
2014-02-06,743,333,0,0.56,0.0
2014-02-06,3004,222,0,2.35,0.0
2014-02-06,3004,114,0,2.22,3.0
2014-02-06,797,332,0,1.11,2.0
2014-02-06,611,111,1,1.96,2.0
2014-02-06,2332,114,5,4.07,4.0
2014-02-06,1542,114,0,0.12,0.0
2014-02-06,1629,112,7,6.41,5.0
2014-02-06,3004,333,3,5.68,6.0
2014-02-06,1190,223,0,0.01,0.0
2014-02-06,2853,333,0,1.52,0.0
2014-02-06,926,114,0,0.08,0.0
2014-02-06,1472,332,0,0.33,0.0
2014-02-06,432,223,0,0.24,0.0
2014-02-06,1328,332,1,0.53,0.0
2014-02-06,1275,112,0,0.04,0.0
2014-02-06,904,221,2,0.3,0.0
2014-02-06,631,222,0,0.27,0.0
2014-02-06,631,331,0,0.96,0.0
2014-02-06,1672,333,1,1.16,0.0
2014-02-06,581,332,1,0.74,0.0
2014-02-06,1173,222,0,0.47,0.0
2014-02-06,973,331,2,0.63,0.0
2014-02-06,1472,222,1,0.21,0.0
2014-02-06,1196,112,0,0.14,0.0
2014-02-06,1328,223,0,0.49,0.0
2014-02-06,743,223,0,0.5,0.0
2014-02-06,1629,222,10,10.54,9.0
2014-02-06,432,221,0,0.13,0.0
2014-02-06,2294,114,0,0.37,0.0
2014-02-06,1240,331,0,0.03,0.0
2014-02-06,1322,113,0,0.5,0.0
2014-02-06,1472,114,0,0.07,0.0
2014-02-06,868,332,0,0.23,0.0
2014-02-06,1173,333,0,0.17,0.0
2014-02-06,868,331,0,0.16,0.0
2014-02-06,74,221,0,0.49,0.0
2014-02-06,3021,333,0,0.14,0.0
2014-02-06,1173,112,0,0.76,0.0
2014-02-06,1135,112,0,0.05,0.0
2014-02-06,1322,112,0,0.32,0.0
2014-02-06,1672,332,3,2.63,2.0
2014-02-06,2932,114,3,1.52,2.0
2014-02-06,337,221,0,0.63,0.0
2014-02-06,1173,111,0,0.48,0.0
2014-02-06,1135,111,0,0.2,0.0
2014-02-06,1672,222,0,0.08,0.0
2014-02-06,423,112,1,0.43,0.0
2014-02-06,1599,333,1,0.11,0.0
2014-02-06,904,111,0,1.92,2.0
2014-02-06,904,114,0,1.0,0.0
2014-02-06,611,222,0,1.83,2.0
2014-02-06,581,221,0,0.16,0.0
2014-02-06,797,223,1,1.14,2.0
2014-02-06,337,223,0,0.45,0.0
2014-02-06,2492,223,2,1.68,2.0
2014-02-06,423,111,0,0.37,0.0
2014-02-06,2794,332,0,0.64,0.0
2014-02-06,2332,111,4,5.03,4.0
2014-02-06,1228,331,0,0.2,0.0
2014-02-06,2935,332,156,27.79,31.0
2014-02-06,1196,114,0,0.13,0.0
2014-02-06,1753,223,1,0.54,0.0
2014-02-06,1322,221,1,0.25,0.0
2014-02-06,972,223,1,2.1,2.0
2014-02-06,1242,332,3,0.85,0.0
2014-02-06,432,333,0,0.08,0.0
2014-02-06,1727,114,0,0.02,0.0
2014-02-06,74,111,0,0.28,0.0
2014-02-06,1365,221,0,0.16,0.0
2014-02-06,2768,223,0,0.15,0.0
2014-02-06,1629,333,3,3.97,3.0
2014-02-06,2932,113,0,3.21,3.0
2014-02-06,1629,111,20,12.58,11.0
2014-02-06,1508,221,0,0.11,0.0
2014-02-06,1228,114,1,0.04,0.0
2014-02-06,2492,114,1,1.15,0.0
2014-02-06,2768,114,0,0.24,0.0
2014-02-06,1365,111,0,0.23,0.0
2014-02-06,797,114,2,1.22,2.0
2014-02-06,1173,332,0,0.21,0.0
2014-02-06,1135,113,1,0.24,0.0
2014-02-06,1542,331,0,0.08,0.0
2014-02-06,1196,332,0,0.16,0.0
2014-02-06,1365,114,0,0.19,0.0
2014-02-06,2332,223,1,1.48,2.0
2014-02-06,432,113,0,0.22,0.0
2014-02-06,2853,112,1,2.25,2.0
2014-02-06,972,113,4,2.09,0.0
2014-02-06,1328,114,0,0.23,0.0
2014-02-06,2492,331,2,2.58,2.0
2014-02-06,743,113,0,1.26,1.0
2014-02-06,1242,113,8,0.75,0.0
2014-02-06,2492,332,0,1.25,0.0
2014-02-06,659,332,0,0.46,0.0
2014-02-06,1672,114,0,0.06,0.0
2014-02-06,973,114,0,0.43,0.0
2014-02-06,337,332,1,2.13,2.0
2014-02-06,611,114,2,1.44,2.0
2014-02-06,423,222,0,1.23,0.0
2014-02-06,868,113,0,0.27,0.0
2014-02-06,3008,332,2,1.57,2.0
2014-02-06,1196,111,0,0.06,0.0
2014-02-06,1240,111,0,0.01,0.0
2014-02-06,2932,222,0,1.46,2.0
2014-02-06,3021,331,0,0.25,0.0
2014-02-06,2294,331,3,0.93,0.0
2014-02-06,1472,333,0,0.4,0.0
2014-02-06,1242,223,1,0.36,0.0
2014-02-06,1599,221,0,0.06,0.0
2014-02-06,2818,332,0,0.35,0.0
2014-02-06,74,333,0,0.21,0.0
2014-02-06,2853,222,0,3.11,4.0
2014-02-06,2935,223,0,0.87,0.0
2014-02-06,659,112,1,0.89,0.0
2014-02-06,1753,333,0,0.6,0.0
2014-02-06,611,332,4,1.49,2.0
2014-02-06,631,333,1,0.46,0.0
2014-02-06,3008,222,0,0.76,0.0
2014-02-06,1135,114,0,0.08,0.0
2014-02-06,2935,221,0,1.1,0.0
2014-02-06,904,332,0,0.69,0.0
2014-02-06,2492,222,0,0.42,0.0
2014-02-06,1753,114,0,0.59,0.0
2014-02-06,1694,333,0,1.31,0.0
2014-02-06,1694,332,8,2.96,3.0
2014-02-06,1548,222,0,0.53,0.0
2014-02-06,1135,331,0,0.2,0.0
2014-02-06,2932,111,4,1.7,2.0
2014-02-06,2932,333,3,1.82,2.0
2014-02-06,1322,331,0,0.15,0.0
2014-02-06,1135,222,0,0.22,0.0
2014-02-06,1727,332,0,0.03,0.0
2014-02-06,1365,113,0,0.33,0.0
2014-02-06,1322,333,0,0.2,0.0
2014-02-06,631,112,1,1.08,0.0
2014-02-06,2853,221,1,1.54,3.0
2014-02-06,1240,114,0,0.0,0.0
2014-02-06,1508,113,0,0.23,0.0
2014-02-06,1054,222,1,1.24,0.0
2014-02-06,3008,111,5,1.7,2.0
2014-02-06,2818,111,0,0.37,0.0
2014-02-06,972,111,0,0.53,0.0
2014-02-06,2932,221,2,1.08,2.0
2014-02-06,2492,113,5,5.53,4.0
2014-02-06,1508,111,0,0.26,0.0
2014-02-06,1365,332,0,0.06,0.0
2014-02-06,1472,331,0,0.26,0.0
2014-02-06,1242,221,2,0.24,0.0
2014-02-06,973,112,1,0.14,0.0
2014-02-06,1548,114,0,0.27,0.0
2014-02-06,1424,331,0,0.06,0.0
2014-02-06,1275,333,0,0.02,0.0
2014-02-06,2294,223,1,1.12,0.0
2014-02-06,1694,113,1,2.88,3.0
2014-02-06,1508,114,0,0.12,0.0
2014-02-06,2932,223,0,0.19,0.0
2014-02-06,659,114,0,0.52,0.0
2014-02-06,2818,222,0,0.48,0.0
2014-02-06,74,332,0,0.12,0.0
2014-02-06,1424,114,0,0.17,0.0
2014-02-06,1240,222,0,0.02,0.0
2014-02-06,3008,223,0,1.15,0.0
2014-02-06,972,222,1,2.46,3.0
2014-02-06,2768,333,1,0.61,0.0
2014-02-06,1629,331,7,6.61,5.0
2014-02-06,1054,331,1,0.99,2.0
2014-02-06,432,111,0,0.1,0.0
2014-02-06,1054,332,1,1.7,2.0
2014-02-06,926,332,0,0.15,0.0
2014-02-06,659,223,0,0.47,0.0
2014-02-06,1228,221,0,0.0,0.0
2014-02-06,2932,332,1,0.63,0.0
2014-02-06,1365,331,0,0.28,0.0
2014-02-06,1275,111,0,0.03,0.0
2014-02-06,1629,223,4,1.79,2.0
2014-02-06,743,332,1,0.32,0.0
2014-02-06,904,222,0,0.46,0.0
2014-02-06,631,332,0,0.52,0.0
2014-02-06,973,111,0,0.0,0.0
2014-02-06,1228,111,0,0.19,0.0
2014-02-06,423,331,2,0.41,0.0
2014-02-06,1753,332,0,0.49,0.0
2014-02-06,1240,223,0,0.0,0.0
2014-02-06,1424,222,1,0.17,0.0
2014-02-06,631,114,0,0.61,0.0
2014-02-06,2294,112,0,1.17,0.0
2014-02-06,2818,223,1,0.45,0.0
2014-02-06,1328,221,0,0.5,0.0
2014-02-06,1196,223,0,0.12,0.0
2014-02-06,926,111,0,0.01,0.0
2014-02-06,972,333,0,1.3,2.0
2014-02-06,2935,333,13,18.64,14.0
2014-02-06,1196,331,0,0.36,0.0
2014-02-06,1275,221,0,0.04,0.0
2014-02-06,1328,111,1,0.46,0.0
2014-02-06,1275,331,0,0.06,0.0
2014-02-06,904,112,0,2.01,2.0
2014-02-06,926,222,0,0.24,0.0
2014-02-06,3008,114,1,0.77,0.0
2014-02-06,1240,113,0,0.01,0.0
2014-02-06,2794,333,3,1.13,2.0
2014-02-06,2294,113,2,0.44,0.0
2014-02-06,432,331,0,0.15,0.0
2014-02-06,868,333,1,0.15,0.0
2014-02-06,904,331,0,1.07,2.0
2014-02-06,1672,112,5,3.57,3.0
2014-02-06,1599,223,0,0.11,0.0
2014-02-06,1173,113,1,1.29,2.0
2014-02-06,3004,332,0,5.28,5.0
2014-02-06,1727,333,0,0.12,0.0
2014-02-06,972,332,5,3.81,5.0
2014-02-06,1365,223,0,0.04,0.0
2014-02-06,1190,114,0,0.01,0.0
2014-02-06,926,113,0,0.17,0.0
2014-02-06,1694,222,3,1.03,0.0
2014-02-06,3021,111,0,0.12,0.0
2014-02-06,1629,221,9,2.68,2.0
2014-02-06,1542,333,0,0.0,0.0
2014-02-06,926,221,0,0.17,0.0
2014-02-06,423,332,0,0.19,0.0
2014-02-06,1424,223,0,0.24,0.0
2014-02-06,631,223,0,0.28,0.0
2014-02-06,2932,112,4,0.78,0.0
2014-02-06,926,333,0,0.12,0.0
2014-02-06,3021,221,0,0.11,0.0
2014-02-06,1548,333,0,0.11,0.0
2014-02-06,1694,111,3,1.48,2.0
2014-02-06,797,333,3,1.46,2.0
2014-02-06,1228,222,0,0.04,0.0
2014-02-06,1424,333,0,0.23,0.0
2014-02-06,1196,333,0,0.09,0.0
2014-02-06,973,223,0,0.07,0.0
2014-02-06,3008,333,1,1.48,0.0
2014-02-06,581,113,0,1.74,2.0
2014-02-06,1753,112,0,3.24,3.0
2014-02-06,1753,111,0,1.89,2.0
2014-02-06,3008,221,1,0.65,0.0
2014-02-06,1196,113,0,0.17,0.0
2014-02-06,797,112,0,2.93,3.0
2014-02-06,1727,113,0,0.05,0.0
2014-02-06,2492,111,0,3.26,3.0
2014-02-06,611,331,1,1.42,2.0
2014-02-06,1548,221,2,0.26,0.0
2014-02-06,2492,221,1,0.86,0.0
2014-02-06,611,112,0,1.94,2.0
2014-02-06,2294,222,1,0.21,0.0
2014-02-06,1322,222,0,0.3,0.0
2014-02-06,2294,221,2,2.29,2.0
2014-02-06,926,331,0,0.25,0.0
2014-02-06,1472,111,0,0.27,0.0
2014-02-06,1054,113,5,3.43,3.0
2014-02-06,3004,113,0,0.32,0.0
2014-02-06,1190,221,0,0.01,0.0
2014-02-06,2332,222,0,2.12,2.0
2014-02-06,1322,332,1,0.15,0.0
2014-02-06,611,333,1,1.08,0.0
2014-02-06,3004,221,0,0.32,0.0
2014-02-07,74,113,0,0.78,0.0
2014-02-07,2768,332,2,1.03,0.0
2014-02-07,1365,221,0,0.19,0.0
2014-02-07,1727,332,0,0.03,0.0
2014-02-07,1242,332,1,0.94,2.0
2014-02-07,581,331,0,0.79,0.0
2014-02-07,2935,332,70,27.48,33.0
2014-02-07,631,114,0,0.78,0.0
2014-02-07,1190,332,0,0.02,0.0
2014-02-07,74,332,0,0.13,0.0
2014-02-07,1365,111,0,0.28,0.0
2014-02-07,2853,111,2,2.78,4.0
2014-02-07,1196,113,0,0.19,0.0
2014-02-07,743,222,1,0.71,0.0
2014-02-07,1322,114,0,0.27,0.0
2014-02-07,1190,113,0,0.02,0.0
2014-02-07,972,222,4,2.62,3.0
2014-02-07,1424,113,0,0.77,0.0
2014-02-07,2853,332,3,2.83,3.0
2014-02-07,1599,114,0,0.06,0.0
2014-02-07,1228,222,0,0.04,0.0
2014-02-07,1629,114,11,5.71,6.0
2014-02-07,1196,112,0,0.17,0.0
2014-02-07,1190,221,0,0.02,0.0
2014-02-07,973,332,1,0.55,0.0
2014-02-07,1054,333,1,1.49,2.0
2014-02-07,904,112,8,2.02,2.0
2014-02-07,973,331,1,0.73,0.0
2014-02-07,2492,222,0,0.43,0.0
2014-02-07,904,331,1,1.1,0.0
2014-02-07,423,114,0,0.27,0.0
2014-02-07,972,331,0,0.11,0.0
2014-02-07,1275,112,0,0.05,0.0
2014-02-07,1328,112,0,0.63,0.0
2014-02-07,74,223,0,0.83,0.0
2014-02-07,581,114,0,0.54,0.0
2014-02-07,1054,112,1,2.84,3.0
2014-02-07,659,111,3,0.77,0.0
2014-02-07,1694,331,0,1.44,0.0
2014-02-07,868,112,1,0.41,0.0
2014-02-07,2935,221,0,0.86,0.0
2014-02-07,1054,223,0,1.09,0.0
2014-02-07,3008,222,0,0.67,0.0
2014-02-07,3021,113,1,0.5,0.0
2014-02-07,3008,332,2,1.8,2.0
2014-02-07,1753,332,0,0.52,0.0
2014-02-07,1472,331,0,0.28,0.0
2014-02-07,1542,112,0,0.06,0.0
2014-02-07,2492,331,4,2.63,2.0
2014-02-07,973,114,0,0.5,0.0
2014-02-07,1275,332,0,0.06,0.0
2014-02-07,2818,331,0,0.27,0.0
2014-02-07,631,112,0,1.31,2.0
2014-02-07,337,331,6,3.66,4.0
2014-02-07,1196,114,0,0.14,0.0
2014-02-07,868,223,0,0.22,0.0
2014-02-07,2492,113,5,5.56,5.0
2014-02-07,2853,223,1,3.46,4.0
2014-02-07,1240,113,0,0.02,0.0
2014-02-07,868,333,0,0.26,0.0
2014-02-07,1599,223,0,0.11,0.0
2014-02-07,631,223,0,0.35,0.0
2014-02-07,1548,333,0,0.14,0.0
2014-02-07,1727,333,0,0.11,0.0
2014-02-07,423,332,1,0.18,0.0
2014-02-07,926,221,0,0.18,0.0
2014-02-07,3021,111,0,0.12,0.0
2014-02-07,1190,114,0,0.02,0.0
2014-02-07,1365,223,0,0.06,0.0
2014-02-07,631,331,0,1.05,0.0
2014-02-07,904,221,0,0.51,0.0
2014-02-07,797,333,2,1.81,2.0
2014-02-07,1328,332,1,0.65,0.0
2014-02-07,1472,332,0,0.39,0.0
2014-02-07,3004,333,1,6.07,6.0
2014-02-07,1542,114,0,0.13,0.0
2014-02-07,611,111,4,2.26,2.0
2014-02-07,926,114,0,0.09,0.0
2014-02-07,1135,112,0,0.07,0.0
2014-02-07,868,331,0,0.16,0.0
2014-02-07,1173,333,0,0.19,0.0
2014-02-07,2294,113,0,1.49,2.0
2014-02-07,1694,111,2,1.94,2.0
2014-02-07,1328,111,1,0.54,0.0
2014-02-07,611,333,2,1.25,2.0
2014-02-07,1424,222,0,0.34,0.0
2014-02-07,1228,111,0,0.23,0.0
2014-02-07,1196,223,0,0.12,0.0
2014-02-07,659,114,0,0.55,0.0
2014-02-07,2932,111,4,1.84,2.0
2014-02-07,1548,222,0,0.57,0.0
2014-02-07,1365,113,0,0.36,0.0
2014-02-07,1322,333,0,0.22,0.0
2014-02-07,2932,333,2,2.06,2.0
2014-02-07,2932,223,0,0.19,0.0
2014-02-07,1508,113,0,0.28,0.0
2014-02-07,432,221,0,0.13,0.0
2014-02-07,3008,111,1,1.96,2.0
2014-02-07,1753,112,1,2.13,3.0
2014-02-07,1196,331,0,0.42,0.0
2014-02-07,2818,111,0,0.37,0.0
2014-02-07,2492,221,1,1.27,0.0
2014-02-07,1275,331,0,0.08,0.0
2014-02-07,1727,113,0,0.06,0.0
2014-02-07,3008,333,1,1.71,2.0
2014-02-07,1424,333,0,0.26,0.0
2014-02-07,611,331,4,1.66,2.0
2014-02-07,1322,222,0,0.35,0.0
2014-02-07,3004,113,0,0.14,0.0
2014-02-07,1240,114,0,0.01,0.0
2014-02-07,2294,112,0,1.02,0.0
2014-02-07,1328,223,0,0.51,0.0
2014-02-07,1424,112,1,0.62,0.0
2014-02-07,2935,223,0,0.0,0.0
2014-02-07,2818,332,0,0.36,0.0
2014-02-07,1242,223,1,0.43,0.0
2014-02-07,3021,331,0,0.25,0.0
2014-02-07,2932,222,0,1.31,2.0
2014-02-07,1542,331,0,0.1,0.0
2014-02-07,2332,111,2,5.36,5.0
2014-02-07,2794,332,0,0.7,0.0
2014-02-07,337,223,0,0.48,0.0
2014-02-07,1599,333,0,0.19,0.0
2014-02-07,581,221,0,0.18,0.0
2014-02-07,904,111,2,1.84,2.0
2014-02-07,423,112,0,0.57,0.0
2014-02-07,973,221,0,0.32,0.0
2014-02-07,1173,111,1,0.6,0.0
2014-02-07,1753,223,0,0.69,0.0
2014-02-07,1629,333,8,4.6,3.0
2014-02-07,1228,114,0,0.16,0.0
2014-02-07,2768,114,0,0.25,0.0
2014-02-07,1173,332,2,0.23,0.0
2014-02-07,74,111,0,0.29,0.0
2014-02-07,432,333,0,0.09,0.0
2014-02-07,972,223,3,2.22,2.0
2014-02-07,611,332,1,1.9,2.0
2014-02-07,2332,223,1,1.51,2.0
2014-02-07,74,333,0,0.22,0.0
2014-02-07,1240,111,0,0.03,0.0
2014-02-07,973,222,0,0.53,0.0
2014-02-07,1242,112,2,0.48,0.0
2014-02-07,926,112,0,0.02,0.0
2014-02-07,2294,114,0,0.4,0.0
2014-02-07,611,223,1,1.51,2.0
2014-02-07,74,114,0,0.4,0.0
2014-02-07,1508,114,0,0.12,0.0
2014-02-07,2932,331,1,1.85,2.0
2014-02-07,1727,223,0,0.02,0.0
2014-02-07,3004,222,0,2.19,0.0
2014-02-07,2818,113,1,0.66,0.0
2014-02-07,3004,114,0,1.91,3.0
2014-02-07,972,221,1,2.29,3.0
2014-02-07,2794,221,1,0.55,0.0
2014-02-07,2794,111,3,2.96,2.0
2014-02-07,1672,332,4,2.23,2.0
2014-02-07,631,333,0,0.54,0.0
2014-02-07,2853,331,2,2.11,2.0
2014-02-07,1672,114,1,0.07,0.0
2014-02-07,659,332,0,0.52,0.0
2014-02-07,2492,332,0,0.98,0.0
2014-02-07,1242,113,0,1.51,2.0
2014-02-07,2853,112,3,2.67,2.0
2014-02-07,1196,111,1,0.06,0.0
2014-02-07,743,333,0,0.6,0.0
2014-02-07,797,221,2,2.1,2.0
2014-02-07,1054,222,1,1.51,2.0
2014-02-07,3008,223,2,1.03,0.0
2014-02-07,1228,112,0,0.3,0.0
2014-02-07,2332,331,1,2.91,2.0
2014-02-07,3021,114,0,0.1,0.0
2014-02-07,1054,114,0,1.42,2.0
2014-02-07,631,221,0,0.28,0.0
2014-02-07,3021,223,0,0.04,0.0
2014-02-07,1753,222,2,0.52,0.0
2014-02-07,1328,222,0,0.35,0.0
2014-02-07,581,222,0,0.18,0.0
2014-02-07,1508,332,0,0.01,0.0
2014-02-07,1190,112,0,0.02,0.0
2014-02-07,2818,114,0,0.27,0.0
2014-02-07,1173,114,0,0.03,0.0
2014-02-07,1672,331,0,1.15,0.0
2014-02-07,2332,221,2,2.22,2.0
2014-02-07,337,222,1,0.87,0.0
2014-02-07,1472,221,0,0.14,0.0
2014-02-07,1228,333,0,0.2,0.0
2014-02-07,868,221,0,0.23,0.0
2014-02-07,1190,111,0,0.02,0.0
2014-02-07,1196,221,0,0.2,0.0
2014-02-07,973,113,3,1.01,0.0
2014-02-07,1694,112,1,4.12,4.0
2014-02-07,581,111,3,1.47,2.0
2014-02-07,1275,113,1,0.03,0.0
2014-02-07,3008,331,1,1.7,2.0
2014-02-07,581,112,0,0.73,0.0
2014-02-07,1472,113,0,0.43,0.0
2014-02-07,1328,333,0,0.32,0.0
2014-02-07,1542,332,0,0.13,0.0
2014-02-07,423,223,0,0.84,0.0
2014-02-07,3008,112,0,1.19,2.0
2014-02-07,1242,331,0,0.08,0.0
2014-02-07,1173,223,0,0.05,0.0
2014-02-07,1472,223,1,0.32,0.0
2014-02-07,3004,331,0,1.67,0.0
2014-02-07,1548,113,1,0.95,0.0
2014-02-07,432,332,0,0.2,0.0
2014-02-07,1599,113,0,0.01,0.0
2014-02-07,1242,333,1,0.37,0.0
2014-02-07,1672,221,2,2.95,2.0
2014-02-07,926,111,0,0.03,0.0
2014-02-07,1542,111,0,0.08,0.0
2014-02-07,1275,223,0,0.03,0.0
2014-02-07,1242,114,0,0.21,0.0
2014-02-07,337,333,2,1.3,2.0
2014-02-07,1424,332,0,0.1,0.0
2014-02-07,743,331,1,1.3,1.0
2014-02-07,1672,113,2,3.24,3.0
2014-02-07,3021,333,0,0.13,0.0
2014-02-07,1548,331,1,0.25,0.0
2014-02-07,2492,112,0,0.08,0.0
2014-02-07,1629,223,2,2.6,2.0
2014-02-07,1054,221,4,2.33,2.0
2014-02-07,2492,333,0,2.16,2.0
2014-02-07,659,222,0,0.65,0.0
2014-02-07,743,221,0,0.54,0.0
2014-02-07,3021,112,0,0.02,0.0
2014-02-07,797,113,3,4.64,4.0
2014-02-07,904,223,0,0.41,0.0
2014-02-07,1190,333,0,0.01,0.0
2014-02-07,659,221,2,0.64,0.0
2014-02-07,2332,222,4,2.04,2.0
2014-02-07,1629,112,7,7.52,6.0
2014-02-07,926,333,0,0.12,0.0
2014-02-07,1173,113,1,1.39,2.0
2014-02-07,2294,221,4,2.51,3.0
2014-02-07,1196,333,0,0.1,0.0
2014-02-07,1365,332,0,0.07,0.0
2014-02-07,1694,332,2,3.55,4.0
2014-02-07,1322,331,0,0.17,0.0
2014-02-07,1365,331,0,0.33,0.0
2014-02-07,973,111,0,0.01,0.0
2014-02-07,972,333,0,1.19,0.0
2014-02-07,2932,221,1,1.3,2.0
2014-02-07,1240,223,0,0.01,0.0
2014-02-07,1228,221,0,0.01,0.0
2014-02-07,2768,333,0,0.74,0.0
2014-02-07,1508,223,0,0.12,0.0
2014-02-07,868,114,1,0.48,0.0
2014-02-07,1322,223,0,0.16,0.0
2014-02-07,1548,223,2,0.38,0.0
2014-02-07,1135,221,0,0.17,0.0
2014-02-07,797,222,1,1.67,2.0
2014-02-07,972,114,1,0.19,0.0
2014-02-07,1542,223,0,0.13,0.0
2014-02-07,1196,222,0,0.19,0.0
2014-02-07,2332,112,2,3.48,3.0
2014-02-07,868,222,0,0.3,0.0
2014-02-07,1753,331,0,0.72,0.0
2014-02-07,2768,112,0,0.23,0.0
2014-02-07,1672,111,1,0.12,0.0
2014-02-07,1173,331,0,0.36,0.0
2014-02-07,1548,112,0,1.32,2.0
2014-02-07,1599,112,0,0.01,0.0
2014-02-07,2768,111,0,0.46,0.0
2014-02-07,2794,113,3,2.9,3.0
2014-02-07,926,223,0,0.23,0.0
2014-02-07,2935,222,13,11.78,10.0
2014-02-07,2332,333,3,2.05,2.0
2014-02-07,1365,222,0,0.21,0.0
2014-02-07,2294,332,2,1.71,2.0
2014-02-07,1240,333,0,0.04,0.0
2014-02-07,2935,111,8,7.94,14.0
2014-02-07,3004,223,0,3.89,5.0
2014-02-07,797,331,2,1.65,2.0
2014-02-07,2768,221,1,0.38,0.0
2014-02-07,432,112,0,0.02,0.0
2014-02-07,1135,331,2,0.21,0.0
2014-02-07,1328,331,0,0.74,0.0
2014-02-07,659,113,0,0.39,0.0
2014-02-07,1275,221,0,0.05,0.0
2014-02-07,3008,221,0,0.77,0.0
2014-02-07,423,333,0,0.32,0.0
2014-02-07,1322,332,0,0.21,0.0
2014-02-07,1753,114,1,0.63,0.0
2014-02-07,1054,331,0,1.08,2.0
2014-02-07,1548,221,0,0.34,0.0
2014-02-07,926,222,0,0.28,0.0
2014-02-07,1727,112,0,0.06,0.0
2014-02-07,1365,333,0,0.18,0.0
2014-02-07,1054,113,3,4.44,4.0
2014-02-07,1472,111,1,0.3,0.0
2014-02-07,2935,112,4,5.68,5.0
2014-02-07,1542,333,0,0.01,0.0
2014-02-07,2935,333,16,16.75,17.0
2014-02-07,1242,221,1,0.39,0.0
2014-02-07,423,221,0,0.1,0.0
2014-02-07,3004,112,0,1.05,0.0
2014-02-07,1508,333,0,0.02,0.0
2014-02-07,743,332,0,0.4,0.0
2014-02-07,631,113,0,1.17,2.0
2014-02-07,631,332,0,0.58,0.0
2014-02-07,904,222,0,0.52,0.0
2014-02-07,423,331,0,0.54,0.0
2014-02-07,2853,114,2,1.93,4.0
2014-02-07,432,331,0,0.17,0.0
2014-02-07,1135,222,1,0.26,0.0
2014-02-07,1275,111,0,0.05,0.0
2014-02-07,1542,221,1,0.17,0.0
2014-02-07,1275,333,0,0.04,0.0
2014-02-07,1694,113,3,2.42,3.0
2014-02-07,3008,113,3,2.57,2.0
2014-02-07,1424,331,0,0.08,0.0
2014-02-07,1548,114,0,0.31,0.0
2014-02-07,972,332,7,5.7,5.0
2014-02-07,1753,113,0,2.26,2.0
2014-02-07,3008,114,0,0.87,0.0
2014-02-07,973,223,0,0.09,0.0
2014-02-07,423,113,0,0.1,0.0
2014-02-07,337,114,2,1.54,2.0
2014-02-07,1322,113,1,0.55,0.0
2014-02-07,1508,112,0,0.08,0.0
2014-02-07,1424,111,0,0.42,0.0
2014-02-07,1472,114,0,0.06,0.0
2014-02-07,1694,221,4,1.79,2.0
2014-02-07,868,332,0,0.25,0.0
2014-02-07,2818,221,0,0.27,0.0
2014-02-07,1173,112,1,0.82,0.0
2014-02-07,1240,331,0,0.04,0.0
2014-02-07,1135,223,0,0.04,0.0
2014-02-07,797,332,1,1.19,2.0
2014-02-07,743,111,0,1.18,1.0
2014-02-07,743,223,0,0.51,0.0
2014-02-07,432,223,0,0.27,0.0
2014-02-07,1240,332,0,0.07,0.0
2014-02-07,1694,222,6,1.65,2.0
2014-02-07,2332,114,0,4.66,4.0
2014-02-07,904,113,0,1.52,2.0
2014-02-07,1672,112,2,3.27,3.0
2014-02-07,581,113,3,2.0,2.0
2014-02-07,3021,221,0,0.11,0.0
2014-02-07,1424,223,1,0.24,0.0
2014-02-07,1328,113,0,0.85,0.0
2014-02-07,2853,333,3,1.18,0.0
2014-02-07,611,221,2,1.68,2.0
2014-02-07,2768,113,0,0.69,0.0
2014-02-07,904,332,1,0.79,0.0
2014-02-07,2935,331,1,3.64,0.0
2014-02-07,1472,112,0,0.06,0.0
2014-02-07,1672,333,0,1.13,0.0
2014-02-07,631,222,1,0.34,0.0
2014-02-07,432,114,0,0.03,0.0
2014-02-07,1190,223,0,0.02,0.0
2014-02-07,926,113,0,0.19,0.0
2014-02-07,337,221,0,0.73,0.0
2014-02-07,2818,223,0,0.54,0.0
2014-02-07,1629,331,10,7.78,6.0
2014-02-07,1228,223,0,0.17,0.0
2014-02-07,1508,331,0,0.14,0.0
2014-02-07,1275,114,0,0.04,0.0
2014-02-07,3004,111,0,0.87,0.0
2014-02-07,337,113,4,0.94,1.0
2014-02-07,2294,222,0,0.92,0.0
2014-02-07,2794,112,1,2.17,2.0
2014-02-07,1275,222,0,0.05,0.0
2014-02-07,868,111,0,0.74,0.0
2014-02-07,2794,331,1,1.02,1.0
2014-02-07,1190,222,0,0.02,0.0
2014-02-07,1599,222,1,0.07,0.0
2014-02-07,74,112,0,0.02,0.0
2014-02-07,1365,112,0,0.5,0.0
2014-02-07,1242,111,0,0.29,0.0
2014-02-07,1135,333,0,0.19,0.0
2014-02-07,1135,332,0,0.01,0.0
2014-02-07,659,331,1,2.0,2.0
2014-02-07,659,333,1,0.7,0.0
2014-02-07,3021,222,0,0.29,0.0
2014-02-07,611,113,2,3.93,3.0
2014-02-07,1322,111,1,0.52,0.0
2014-02-07,1228,113,0,0.02,0.0
2014-02-07,1548,111,0,0.56,0.0
2014-02-07,973,333,0,0.35,0.0
2014-02-07,1242,222,2,0.54,0.0
2014-02-07,1629,332,7,13.24,11.0
2014-02-07,1190,331,0,0.02,0.0
2014-02-07,2818,333,0,0.34,0.0
2014-02-07,1240,112,0,0.02,0.0
2014-02-07,1228,332,0,0.01,0.0
2014-02-07,337,111,1,1.31,2.0
2014-02-07,1508,222,1,0.17,0.0
2014-02-07,2768,222,0,0.34,0.0
2014-02-07,1599,332,0,0.08,0.0
2014-02-07,2768,331,0,0.5,0.0
2014-02-07,743,112,1,1.77,2.0
2014-02-07,1672,223,2,2.58,2.0
2014-02-07,1753,111,1,1.63,2.0
2014-02-07,432,222,0,0.37,0.0
2014-02-07,2492,111,4,2.83,3.0
2014-02-07,1508,111,0,0.28,0.0
2014-02-07,1054,332,4,1.98,2.0
2014-02-07,581,333,0,0.85,0.0
2014-02-07,74,222,0,0.32,0.0
2014-02-07,2818,222,0,0.49,0.0
2014-02-07,611,112,2,2.03,2.0
2014-02-07,1328,221,0,0.56,0.0
2014-02-07,432,111,0,0.13,0.0
2014-02-07,1548,332,0,0.16,0.0
2014-02-07,659,223,0,0.59,0.0
2014-02-07,2818,112,3,0.65,0.0
2014-02-07,743,114,0,0.29,0.0
2014-02-07,1424,114,0,0.2,0.0
2014-02-07,1727,221,0,0.1,0.0
2014-02-07,926,332,0,0.15,0.0
2014-02-07,1173,221,0,0.27,0.0
2014-02-07,2794,222,0,1.08,2.0
2014-02-07,3004,332,0,4.15,5.0
2014-02-07,904,333,0,0.87,0.0
2014-02-07,1694,114,2,1.79,2.0
2014-02-07,3021,332,0,0.05,0.0
2014-02-07,2794,114,0,1.39,2.0
2014-02-07,972,112,1,0.66,0.0
2014-02-07,1727,331,0,0.03,0.0
2014-02-07,2332,113,13,16.1,13.0
2014-02-07,973,112,1,0.35,0.0
2014-02-07,631,111,1,1.95,2.0
2014-02-07,1240,221,0,0.04,0.0
2014-02-07,797,111,1,1.48,0.0
2014-02-07,1424,221,0,0.47,0.0
2014-02-07,2935,114,0,4.61,7.0
2014-02-07,1694,223,0,1.16,0.0
2014-02-07,1542,222,0,0.19,0.0
2014-02-07,2294,111,0,1.47,0.0
2014-02-07,2332,332,0,3.56,4.0
2014-02-07,581,223,0,0.94,0.0
2014-02-07,3004,221,0,0.32,0.0
2014-02-07,1054,111,0,1.92,2.0
2014-02-07,432,113,0,0.24,0.0
2014-02-07,2932,112,0,1.48,2.0
2014-02-07,1472,333,0,0.45,0.0
2014-02-07,1228,331,1,0.22,0.0
2014-02-07,2794,223,1,0.59,0.0
2014-02-07,2932,114,2,1.85,2.0
2014-02-07,1365,114,0,0.17,0.0
2014-02-07,1629,113,7,10.05,10.0
2014-02-07,1173,222,0,0.52,0.0
2014-02-07,1629,222,14,9.89,10.0
2014-02-07,2492,114,4,1.23,0.0
2014-02-07,1240,222,0,0.04,0.0
2014-02-07,1135,114,0,0.1,0.0
2014-02-07,1727,222,0,0.03,0.0
2014-02-07,797,114,2,1.4,2.0
2014-02-07,1135,113,0,0.33,0.0
2014-02-07,904,114,2,1.09,0.0
2014-02-07,2932,332,3,0.74,0.0
2014-02-07,1196,332,0,0.18,0.0
2014-02-07,337,112,0,0.87,0.0
2014-02-07,1542,113,0,0.14,0.0
2014-02-07,1135,111,1,0.24,0.0
2014-02-07,611,114,3,1.77,2.0
2014-02-07,797,112,2,2.68,3.0
2014-02-07,2853,113,5,4.02,3.0
2014-02-07,797,223,1,1.38,2.0
2014-02-07,926,331,0,0.28,0.0
2014-02-07,337,332,1,2.35,2.0
2014-02-07,972,111,1,0.55,0.0
2014-02-07,423,222,0,0.98,0.0
2014-02-07,659,112,2,1.2,2.0
2014-02-07,868,113,0,0.3,0.0
2014-02-07,1328,114,0,0.25,0.0
2014-02-07,2853,221,3,2.08,4.0
2014-02-07,423,111,0,0.44,0.0
2014-02-07,972,113,2,2.92,3.0
2014-02-07,2794,333,1,1.42,2.0
2014-02-07,1694,333,0,1.26,0.0
2014-02-07,1672,222,1,0.08,0.0
2014-02-07,74,331,0,0.03,0.0
2014-02-07,2492,223,4,1.74,2.0
2014-02-07,1508,221,0,0.12,0.0
2014-02-07,1322,112,0,0.37,0.0
2014-02-07,74,221,2,0.54,0.0
2014-02-07,611,222,2,1.88,2.0
2014-02-07,1599,331,0,0.16,0.0
2014-02-07,2294,333,3,2.23,3.0
2014-02-07,1322,221,0,0.28,0.0
2014-02-07,2932,113,2,2.93,3.0
2014-02-07,1599,221,1,0.07,0.0
2014-02-07,2853,222,4,2.06,4.0
2014-02-07,1753,221,0,1.35,0.0
2014-02-07,1599,111,0,0.2,0.0
2014-02-07,2768,223,0,0.17,0.0
2014-02-07,1727,111,0,0.04,0.0
2014-02-07,1727,114,0,0.02,0.0
2014-02-07,1629,221,2,4.2,3.0
2014-02-07,743,113,2,1.31,1.0
2014-02-07,581,332,0,0.97,0.0
2014-02-07,1753,333,0,0.61,0.0
2014-02-07,2935,113,7,9.14,0.0
2014-02-07,1472,222,0,0.3,0.0
2014-02-07,1629,111,12,16.44,14.0
2014-02-07,2294,331,1,1.33,2.0
2014-02-07,2294,223,3,1.34,2.0
2014-02-08,2794,332,1,0.81,0.0
2014-02-08,1190,333,0,0.02,0.0
2014-02-08,1328,221,0,0.65,0.0
2014-02-08,659,221,2,0.72,0.0
2014-02-08,2853,222,3,4.66,5.0
2014-02-08,2492,111,10,4.16,4.0
2014-02-08,2932,221,2,1.47,2.0
2014-02-08,1228,221,0,0.02,0.0
2014-02-08,904,333,3,0.97,0.0
2014-02-08,797,223,2,1.66,2.0
2014-02-08,3021,112,0,0.03,0.0
2014-02-08,1240,223,0,0.02,0.0
2014-02-08,2294,223,3,2.01,2.0
2014-02-08,2935,114,9,2.09,6.0
2014-02-08,743,221,1,0.64,0.0
2014-02-08,973,111,0,0.03,0.0
2014-02-08,3021,332,0,0.06,0.0
2014-02-08,581,333,2,0.91,0.0
2014-02-08,972,333,0,1.08,0.0
2014-02-08,904,111,1,3.04,3.0
2014-02-08,904,223,2,0.44,0.0
2014-02-08,797,113,7,5.58,5.0
2014-02-08,2818,222,1,0.57,0.0
2014-02-08,423,111,2,0.53,0.0
2014-02-08,1727,331,0,0.03,0.0
2014-02-08,1196,333,0,0.11,0.0
2014-02-08,743,113,4,1.75,1.0
2014-02-08,1365,332,0,0.07,0.0
2014-02-08,611,112,4,3.35,3.0
2014-02-08,3021,331,0,0.26,0.0
2014-02-08,1242,223,1,0.59,0.0
2014-02-08,1599,221,0,0.16,0.0
2014-02-08,1508,111,0,0.29,0.0
2014-02-08,973,112,0,0.58,0.0
2014-02-08,2294,221,7,3.66,3.0
2014-02-08,659,222,0,0.66,0.0
2014-02-08,926,333,0,0.13,0.0
2014-02-08,1173,113,0,1.73,2.0
2014-02-08,3004,332,0,3.23,5.0
2014-02-08,1542,331,0,0.1,0.0
2014-02-08,1228,331,0,0.34,0.0
2014-02-08,2332,111,7,6.56,6.0
2014-02-08,1694,332,2,4.31,4.0
2014-02-08,1629,112,21,10.19,8.0
2014-02-08,1322,331,0,0.17,0.0
2014-02-08,1054,332,1,2.55,2.0
2014-02-08,2332,222,0,3.34,3.0
2014-02-08,1424,221,2,0.52,0.0
2014-02-08,1196,332,0,0.2,0.0
2014-02-08,2935,223,1,1.47,0.0
2014-02-08,1365,331,0,0.37,0.0
2014-02-08,1694,223,0,1.15,0.0
2014-02-08,2932,222,3,1.37,2.0
2014-02-08,1599,111,0,0.23,0.0
2014-02-08,1672,223,2,2.78,2.0
2014-02-08,2332,112,4,4.41,4.0
2014-02-08,2818,333,0,0.3,0.0
2014-02-08,1228,332,0,0.02,0.0
2014-02-08,1173,332,0,0.31,0.0
2014-02-08,972,113,3,3.44,4.0
2014-02-08,337,111,3,1.93,2.0
2014-02-08,868,222,2,0.32,0.0
2014-02-08,972,112,2,1.12,1.0
2014-02-08,1753,331,0,0.83,0.0
2014-02-08,2768,112,0,0.27,0.0
2014-02-08,337,223,0,0.49,0.0
2014-02-08,1508,222,0,0.24,0.0
2014-02-08,1599,332,0,0.09,0.0
2014-02-08,1508,221,0,0.13,0.0
2014-02-08,1672,111,3,1.21,1.0
2014-02-08,1173,331,2,0.36,0.0
2014-02-08,659,331,2,2.44,2.0
2014-02-08,74,111,1,0.33,0.0
2014-02-08,2768,221,0,0.53,0.0
2014-02-08,2768,331,1,0.58,0.0
2014-02-08,1196,222,1,0.19,0.0
2014-02-08,432,331,0,0.19,0.0
2014-02-08,1228,113,0,0.02,0.0
2014-02-08,1228,223,1,0.18,0.0
2014-02-08,611,113,7,4.76,4.0
2014-02-08,1548,112,1,1.63,2.0
2014-02-08,2932,113,5,4.18,4.0
2014-02-08,972,223,2,3.03,3.0
2014-02-08,1727,114,0,0.03,0.0
2014-02-08,1548,111,1,0.63,0.0
2014-02-08,2492,333,3,1.88,2.0
2014-02-08,1242,222,0,0.81,0.0
2014-02-08,432,333,0,0.11,0.0
2014-02-08,1135,221,0,0.19,0.0
2014-02-08,1190,111,0,0.03,0.0
2014-02-08,972,114,0,0.32,0.0
2014-02-08,2768,223,0,0.17,0.0
2014-02-08,2294,222,1,0.85,0.0
2014-02-08,1542,223,2,0.14,0.0
2014-02-08,797,114,2,1.7,2.0
2014-02-08,2768,114,0,0.27,0.0
2014-02-08,1599,112,0,0.02,0.0
2014-02-08,1240,333,0,0.05,0.0
2014-02-08,1672,222,2,1.25,0.0
2014-02-08,1753,111,0,2.13,2.0
2014-02-08,797,222,2,2.26,2.0
2014-02-08,1322,223,0,0.18,0.0
2014-02-08,1548,223,0,0.56,0.0
2014-02-08,2294,332,3,2.5,3.0
2014-02-08,926,332,0,0.16,0.0
2014-02-08,973,221,0,0.31,0.0
2014-02-08,423,222,0,0.96,0.0
2014-02-08,423,112,1,0.68,0.0
2014-02-08,1508,223,1,0.13,0.0
2014-02-08,1629,332,8,15.69,12.0
2014-02-08,2492,114,3,1.58,2.0
2014-02-08,581,221,0,0.17,0.0
2014-02-08,2794,114,1,1.45,2.0
2014-02-08,432,112,0,0.03,0.0
2014-02-08,797,331,2,2.16,2.0
2014-02-08,2794,331,1,1.08,1.0
2014-02-08,3004,223,0,2.71,5.0
2014-02-08,1190,222,0,0.02,0.0
2014-02-08,2768,111,0,0.62,0.0
2014-02-08,1508,331,0,0.14,0.0
2014-02-08,1228,114,1,0.18,0.0
2014-02-08,2794,113,1,3.73,3.0
2014-02-08,926,223,0,0.25,0.0
2014-02-08,1753,223,1,0.69,0.0
2014-02-08,1275,114,0,0.05,0.0
2014-02-08,2935,222,11,11.57,13.0
2014-02-08,2492,223,3,2.84,2.0
2014-02-08,3004,111,0,1.02,0.0
2014-02-08,1328,114,0,0.25,0.0
2014-02-08,1173,111,0,0.78,0.0
2014-02-08,868,111,4,0.83,0.0
2014-02-08,1365,222,0,0.22,0.0
2014-02-08,868,114,0,0.62,0.0
2014-02-08,1135,111,0,0.32,0.0
2014-02-08,1328,331,3,0.78,0.0
2014-02-08,2935,111,27,11.75,14.0
2014-02-08,2332,333,4,2.82,2.0
2014-02-08,1365,112,1,0.64,0.0
2014-02-08,1228,111,0,0.29,0.0
2014-02-08,432,111,0,0.17,0.0
2014-02-08,1190,114,0,0.02,0.0
2014-02-08,926,113,0,0.21,0.0
2014-02-08,1365,223,0,0.06,0.0
2014-02-08,631,331,0,1.25,2.0
2014-02-08,1629,113,21,12.79,11.0
2014-02-08,743,333,0,0.6,0.0
2014-02-08,972,221,4,3.29,3.0
2014-02-08,2794,111,5,3.62,3.0
2014-02-08,1727,222,0,0.04,0.0
2014-02-08,1322,222,1,0.45,0.0
2014-02-08,904,221,0,0.51,0.0
2014-02-08,904,332,0,0.93,0.0
2014-02-08,631,222,0,0.42,0.0
2014-02-08,797,333,1,2.23,2.0
2014-02-08,1472,332,1,0.47,0.0
2014-02-08,1190,223,0,0.02,0.0
2014-02-08,1548,221,2,0.34,0.0
2014-02-08,926,221,0,0.2,0.0
2014-02-08,3021,111,0,0.12,0.0
2014-02-08,3021,221,0,0.12,0.0
2014-02-08,1672,332,1,2.64,2.0
2014-02-08,2294,113,0,1.29,0.0
2014-02-08,3008,114,1,0.84,0.0
2014-02-08,1542,113,0,0.15,0.0
2014-02-08,973,223,0,0.1,0.0
2014-02-08,868,333,0,0.24,0.0
2014-02-08,1240,113,0,0.04,0.0
2014-02-08,1672,112,5,3.42,3.0
2014-02-08,1599,223,1,0.12,0.0
2014-02-08,74,331,0,0.03,0.0
2014-02-08,581,113,4,3.13,3.0
2014-02-08,1173,222,0,0.58,0.0
2014-02-08,1727,333,0,0.12,0.0
2014-02-08,1424,223,0,0.34,0.0
2014-02-08,423,332,0,0.32,0.0
2014-02-08,2853,333,4,2.88,2.0
2014-02-08,2794,221,1,0.72,0.0
2014-02-08,2818,113,2,0.9,0.0
2014-02-08,1672,333,1,0.8,0.0
2014-02-08,2332,114,8,4.33,5.0
2014-02-08,1542,114,0,0.14,0.0
2014-02-08,1753,221,1,1.17,0.0
2014-02-08,1599,331,1,0.17,0.0
2014-02-08,1173,112,2,1.08,2.0
2014-02-08,1240,331,0,0.05,0.0
2014-02-08,2294,333,2,3.72,4.0
2014-02-08,432,221,0,0.13,0.0
2014-02-08,3004,114,0,2.25,3.0
2014-02-08,797,332,2,1.66,2.0
2014-02-08,1328,223,0,0.53,0.0
2014-02-08,2294,114,1,0.46,0.0
2014-02-08,1727,111,0,0.04,0.0
2014-02-08,743,223,1,0.59,0.0
2014-02-08,1424,112,3,0.79,0.0
2014-02-08,581,223,2,0.91,0.0
2014-02-08,973,222,0,0.65,0.0
2014-02-08,926,112,0,0.04,0.0
2014-02-08,1242,112,2,1.05,2.0
2014-02-08,1173,333,0,0.22,0.0
2014-02-08,1599,333,0,0.19,0.0
2014-02-08,611,223,4,1.87,2.0
2014-02-08,2853,113,4,5.55,4.0
2014-02-08,3004,333,0,7.4,7.0
2014-02-08,3004,222,0,1.74,0.0
2014-02-08,2935,113,22,13.49,11.0
2014-02-08,1328,332,2,0.76,0.0
2014-02-08,611,111,4,3.24,3.0
2014-02-08,432,223,0,0.31,0.0
2014-02-08,1322,113,1,0.7,0.0
2014-02-08,1727,223,0,0.03,0.0
2014-02-08,1508,114,0,0.13,0.0
2014-02-08,2932,223,0,0.19,0.0
2014-02-08,926,114,0,0.1,0.0
2014-02-08,1135,112,0,0.09,0.0
2014-02-08,1472,114,0,0.06,0.0
2014-02-08,2932,331,2,2.1,2.0
2014-02-08,74,114,0,0.42,0.0
2014-02-08,868,331,0,0.18,0.0
2014-02-08,1694,221,4,2.76,2.0
2014-02-08,868,332,0,0.27,0.0
2014-02-08,1694,111,0,2.18,2.0
2014-02-08,611,333,0,1.51,2.0
2014-02-08,1542,333,0,0.01,0.0
2014-02-08,1240,111,0,0.04,0.0
2014-02-08,659,114,0,0.58,0.0
2014-02-08,743,332,0,0.47,0.0
2014-02-08,904,222,0,0.64,0.0
2014-02-08,2932,111,3,2.48,2.0
2014-02-08,1548,222,0,0.69,0.0
2014-02-08,423,331,2,0.57,0.0
2014-02-08,1135,222,0,0.32,0.0
2014-02-08,1365,113,0,0.36,0.0
2014-02-08,1135,114,0,0.1,0.0
2014-02-08,1275,111,0,0.06,0.0
2014-02-08,1322,333,0,0.23,0.0
2014-02-08,972,332,7,7.1,7.0
2014-02-08,2932,333,2,2.51,2.0
2014-02-08,1196,223,0,0.14,0.0
2014-02-08,1629,111,19,16.75,15.0
2014-02-08,1275,333,0,0.05,0.0
2014-02-08,631,332,3,0.71,0.0
2014-02-08,1196,111,1,0.22,0.0
2014-02-08,2294,331,2,1.96,2.0
2014-02-08,74,333,0,0.24,0.0
2014-02-08,1629,222,19,14.52,12.0
2014-02-08,611,332,4,2.45,2.0
2014-02-08,659,223,0,0.69,0.0
2014-02-08,2768,333,1,0.87,0.0
2014-02-08,1629,223,0,2.76,3.0
2014-02-08,1365,114,2,0.18,0.0
2014-02-08,1424,114,0,0.21,0.0
2014-02-08,3008,223,1,1.4,2.0
2014-02-08,1548,333,0,0.14,0.0
2014-02-08,1753,333,0,0.7,0.0
2014-02-08,2818,223,0,0.53,0.0
2014-02-08,2853,112,3,3.76,3.0
2014-02-08,1629,331,11,10.51,7.0
2014-02-08,1054,222,6,1.75,2.0
2014-02-08,1424,222,0,0.34,0.0
2014-02-08,337,221,0,0.8,0.0
2014-02-08,2332,223,2,1.95,2.0
2014-02-08,2294,112,0,1.08,0.0
2014-02-08,2818,332,3,0.35,0.0
2014-02-08,1508,113,0,0.3,0.0
2014-02-08,1694,113,5,3.89,3.0
2014-02-08,1694,222,1,2.32,2.0
2014-02-08,1135,331,0,0.28,0.0
2014-02-08,1424,333,0,0.27,0.0
2014-02-08,611,114,1,2.29,2.0
2014-02-08,1322,332,0,0.22,0.0
2014-02-08,611,331,1,2.53,2.0
2014-02-08,631,223,1,0.37,0.0
2014-02-08,2853,331,2,4.01,3.0
2014-02-08,1054,331,3,1.22,2.0
2014-02-08,1054,113,6,4.91,4.0
2014-02-08,337,332,3,3.12,3.0
2014-02-08,3004,113,0,0.46,0.0
2014-02-08,1672,114,3,0.78,0.0
2014-02-08,1629,333,2,6.43,5.0
2014-02-08,1328,111,3,0.69,0.0
2014-02-08,1472,111,0,0.47,0.0
2014-02-08,631,333,0,0.68,0.0
2014-02-08,659,332,0,0.62,0.0
2014-02-08,3008,111,2,2.36,2.0
2014-02-08,3008,221,1,0.81,0.0
2014-02-08,1548,114,0,0.32,0.0
2014-02-08,3008,333,1,1.92,2.0
2014-02-08,1424,331,0,0.09,0.0
2014-02-08,1240,114,0,0.02,0.0
2014-02-08,432,113,0,0.27,0.0
2014-02-08,1242,113,0,1.36,0.0
2014-02-08,1753,112,1,3.45,3.0
2014-02-08,3021,333,0,0.15,0.0
2014-02-08,1242,221,0,0.49,0.0
2014-02-08,2818,111,4,0.34,0.0
2014-02-08,2935,333,37,18.06,20.0
2014-02-08,1196,331,0,0.47,0.0
2014-02-08,2492,332,0,0.93,0.0
2014-02-08,2492,221,4,1.6,2.0
2014-02-08,1275,221,0,0.06,0.0
2014-02-08,868,113,0,0.32,0.0
2014-02-08,1275,331,0,0.09,0.0
2014-02-08,3004,221,0,0.28,0.0
2014-02-08,1727,113,0,0.06,0.0
2014-02-08,1727,112,0,0.06,0.0
2014-02-08,1753,332,2,0.58,0.0
2014-02-08,1365,333,0,0.19,0.0
2014-02-08,1240,222,0,0.05,0.0
2014-02-08,1548,331,0,0.32,0.0
2014-02-08,2294,111,1,1.62,2.0
2014-02-08,926,111,0,0.05,0.0
2014-02-08,432,222,2,0.43,0.0
2014-02-08,1054,223,3,1.06,0.0
2014-02-08,743,331,0,1.59,1.0
2014-02-08,2492,113,8,6.95,6.0
2014-02-08,1694,333,1,1.41,0.0
2014-02-08,2932,332,0,1.06,1.0
2014-02-08,432,332,0,0.23,0.0
2014-02-08,1322,114,0,0.28,0.0
2014-02-08,1424,332,0,0.1,0.0
2014-02-08,74,222,1,0.34,0.0
2014-02-08,74,332,0,0.12,0.0
2014-02-08,337,333,0,1.78,2.0
2014-02-08,1240,221,0,0.05,0.0
2014-02-08,631,114,1,0.87,0.0
2014-02-08,1242,114,0,0.23,0.0
2014-02-08,1727,332,0,0.04,0.0
2014-02-08,1672,113,7,3.76,3.0
2014-02-08,1196,113,1,0.21,0.0
2014-02-08,2853,111,3,4.53,4.0
2014-02-08,1275,223,0,0.04,0.0
2014-02-08,1727,221,0,0.11,0.0
2014-02-08,1135,333,0,0.19,0.0
2014-02-08,743,114,1,0.3,0.0
2014-02-08,2818,112,5,1.0,2.0
2014-02-08,1135,223,0,0.05,0.0
2014-02-08,972,222,1,3.95,4.0
2014-02-08,1672,221,4,2.38,2.0
2014-02-08,581,112,0,0.89,1.0
2014-02-08,3008,331,1,1.96,2.0
2014-02-08,581,332,1,1.07,0.0
2014-02-08,74,112,0,0.04,0.0
2014-02-08,1054,114,1,1.55,2.0
2014-02-08,1275,112,0,0.07,0.0
2014-02-08,3021,114,0,0.1,0.0
2014-02-08,1135,113,0,0.38,0.0
2014-02-08,1542,222,0,0.17,0.0
2014-02-08,631,221,0,0.29,0.0
2014-02-08,904,331,0,1.72,2.0
2014-02-08,743,112,4,2.31,2.0
2014-02-08,1242,111,1,0.36,0.0
2014-02-08,2332,331,2,3.4,3.0
2014-02-08,2932,112,0,1.41,2.0
2014-02-08,1694,114,3,2.01,2.0
2014-02-08,2332,113,16,17.63,15.0
2014-02-08,904,112,16,3.51,3.0
2014-02-08,1190,221,0,0.02,0.0
2014-02-08,797,112,4,4.68,4.0
2014-02-08,1228,112,1,0.37,0.0
2014-02-08,1542,111,0,0.09,0.0
2014-02-08,1228,222,1,0.05,0.0
2014-02-08,926,331,2,0.29,0.0
2014-02-08,581,111,2,1.9,2.0
2014-02-08,631,111,5,2.85,2.0
2014-02-08,972,111,0,0.94,0.0
2014-02-08,1275,113,0,0.38,0.0
2014-02-08,631,112,1,1.62,2.0
2014-02-08,2853,221,4,3.95,4.0
2014-02-08,797,111,4,2.4,2.0
2014-02-08,1472,331,0,0.29,0.0
2014-02-08,973,331,1,0.86,0.0
2014-02-08,1275,332,0,0.07,0.0
2014-02-08,1173,221,0,0.3,0.0
2014-02-08,1190,113,0,0.03,0.0
2014-02-08,1328,333,1,0.33,0.0
2014-02-08,926,222,0,0.3,0.0
2014-02-08,1472,113,2,0.46,0.0
2014-02-08,972,331,0,0.11,0.0
2014-02-08,2818,331,0,0.25,0.0
2014-02-08,2853,223,1,4.42,5.0
2014-02-08,659,113,0,0.4,0.0
2014-02-08,1472,112,0,0.07,0.0
2014-02-08,423,114,1,0.29,0.0
2014-02-08,2935,331,17,4.55,5.0
2014-02-08,797,221,3,2.71,3.0
2014-02-08,423,333,0,0.36,0.0
2014-02-08,1629,114,7,9.85,8.0
2014-02-08,1753,114,1,0.76,0.0
2014-02-08,2768,113,0,0.73,0.0
2014-02-08,1424,113,0,1.0,1.0
2014-02-08,74,113,0,0.85,0.0
2014-02-08,1054,221,2,3.38,3.0
2014-02-08,659,111,0,0.94,1.0
2014-02-08,1190,332,0,0.02,0.0
2014-02-08,2935,112,9,6.52,6.0
2014-02-08,74,223,2,0.93,0.0
2014-02-08,1328,113,0,1.01,2.0
2014-02-08,3021,113,1,0.69,0.0
2014-02-08,337,331,9,5.76,5.0
2014-02-08,611,221,2,2.15,2.0
2014-02-08,1694,331,0,1.4,0.0
2014-02-08,904,113,1,1.71,2.0
2014-02-08,432,114,0,0.04,0.0
2014-02-08,743,111,0,1.3,1.0
2014-02-08,1542,332,0,0.14,0.0
2014-02-08,3004,112,0,1.14,0.0
2014-02-08,2492,112,0,0.07,0.0
2014-02-08,1753,113,1,2.2,2.0
2014-02-08,1242,333,0,0.5,0.0
2014-02-08,1508,333,0,0.03,0.0
2014-02-08,2768,332,1,1.33,2.0
2014-02-08,1548,113,3,1.17,2.0
2014-02-08,581,331,3,0.86,0.0
2014-02-08,631,113,2,1.38,2.0
2014-02-08,3004,331,0,1.3,0.0
2014-02-08,868,112,0,0.59,0.0
2014-02-08,2794,333,1,1.62,2.0
2014-02-08,1472,223,0,0.43,0.0
2014-02-08,2818,221,0,0.27,0.0
2014-02-08,1542,112,0,0.07,0.0
2014-02-08,2853,114,1,3.24,4.0
2014-02-08,1242,331,0,0.08,0.0
2014-02-08,1173,223,0,0.06,0.0
2014-02-08,2794,222,2,1.18,2.0
2014-02-08,1424,111,0,0.47,0.0
2014-02-08,423,113,0,0.1,0.0
2014-02-08,337,114,5,1.95,2.0
2014-02-08,581,114,0,0.62,0.0
2014-02-08,1542,221,1,0.27,0.0
2014-02-08,1328,112,1,0.74,0.0
2014-02-08,3008,112,2,1.26,2.0
2014-02-08,1240,332,0,0.08,0.0
2014-02-08,3008,113,1,3.25,3.0
2014-02-08,1054,333,3,1.68,2.0
2014-02-08,423,223,0,0.77,0.0
2014-02-08,423,221,0,0.11,0.0
2014-02-08,1629,221,9,3.87,3.0
2014-02-08,1508,112,1,0.1,0.0
2014-02-08,1599,222,0,0.19,0.0
2014-02-08,1190,331,0,0.02,0.0
2014-02-08,1196,114,0,0.15,0.0
2014-02-08,2794,112,1,2.45,2.0
2014-02-08,868,221,0,0.23,0.0
2014-02-08,2935,332,121,46.47,37.0
2014-02-08,904,114,1,1.43,2.0
2014-02-08,743,222,1,0.95,0.0
2014-02-08,1054,112,5,4.23,3.0
2014-02-08,2853,332,6,3.82,3.0
2014-02-08,337,112,3,1.03,1.0
2014-02-08,1508,332,0,0.01,0.0
2014-02-08,973,333,1,0.44,0.0
2014-02-08,1694,112,9,3.12,5.0
2014-02-08,1196,221,1,0.22,0.0
2014-02-08,337,113,3,1.3,2.0
2014-02-08,1365,111,0,0.32,0.0
2014-02-08,74,221,3,0.75,0.0
2014-02-08,2794,223,2,0.71,0.0
2014-02-08,1548,332,0,0.17,0.0
2014-02-08,611,222,3,2.6,2.0
2014-02-08,2818,114,1,0.27,0.0
2014-02-08,1322,221,1,0.28,0.0
2014-02-08,2768,222,0,0.38,0.0
2014-02-08,3008,332,0,2.43,3.0
2014-02-08,2332,221,1,2.97,2.0
2014-02-08,3008,222,1,0.67,0.0
2014-02-08,659,333,0,0.84,0.0
2014-02-08,1240,112,0,0.03,0.0
2014-02-08,1173,114,0,0.04,0.0
2014-02-08,1672,331,2,0.61,0.0
2014-02-08,973,114,6,0.58,0.0
2014-02-08,868,223,0,0.22,0.0
2014-02-08,337,222,2,1.06,2.0
2014-02-08,2492,331,4,3.47,2.0
2014-02-08,2935,221,0,1.12,0.0
2014-02-08,1472,221,0,0.14,0.0
2014-02-08,1135,332,0,0.02,0.0
2014-02-08,1472,333,0,0.5,0.0
2014-02-08,1228,333,0,0.21,0.0
2014-02-08,2932,114,3,2.45,2.0
2014-02-08,659,112,1,1.46,2.0
2014-02-08,1599,114,1,0.07,0.0
2014-02-08,1190,112,0,0.03,0.0
2014-02-08,973,113,4,1.47,2.0
2014-02-08,2332,332,7,3.44,4.0
2014-02-08,1365,221,0,0.2,0.0
2014-02-08,2492,222,0,0.39,0.0
2014-02-08,3021,222,0,0.27,0.0
2014-02-08,3021,223,0,0.04,0.0
2014-02-08,1599,113,0,0.03,0.0
2014-02-08,973,332,0,0.68,0.0
2014-02-08,1472,222,2,0.31,0.0
2014-02-08,1196,112,0,0.18,0.0
2014-02-08,581,222,0,0.24,0.0
2014-02-08,1753,222,0,0.77,0.0
2014-02-08,1242,332,0,1.21,2.0
2014-02-08,1054,111,2,2.21,2.0
2014-02-08,1322,112,2,0.51,0.0
2014-02-08,1275,222,0,0.06,0.0
2014-02-08,1322,111,1,0.64,0.0
2014-02-08,1328,222,1,0.34,0.0
2014-02-09,2935,221,0,1.59,0.0
2014-02-09,2794,333,3,1.57,2.0
2014-02-09,2853,113,3,5.0,4.0
2014-02-09,926,221,0,0.19,0.0
2014-02-09,1694,221,5,2.44,2.0
2014-02-09,868,332,0,0.23,0.0
2014-02-09,1424,111,0,0.42,0.0
2014-02-09,337,331,6,5.18,6.0
2014-02-09,868,331,1,0.16,0.0
2014-02-09,926,113,0,0.2,0.0
2014-02-09,581,113,2,3.05,3.0
2014-02-09,1322,221,0,0.32,0.0
2014-02-09,1135,112,0,0.08,0.0
2014-02-09,926,114,0,0.09,0.0
2014-02-09,1173,111,1,0.68,0.0
2014-02-09,581,114,2,0.55,0.0
2014-02-09,1328,112,6,0.75,0.0
2014-02-09,1472,114,0,0.05,0.0
2014-02-09,3021,221,0,0.12,0.0
2014-02-09,1240,332,0,0.08,0.0
2014-02-09,1328,113,0,0.95,0.0
2014-02-09,2818,221,0,0.25,0.0
2014-02-09,1672,112,0,4.95,3.0
2014-02-09,1672,222,2,1.65,2.0
2014-02-09,797,332,0,1.57,2.0
2014-02-09,1753,223,1,0.77,0.0
2014-02-09,868,333,1,0.22,0.0
2014-02-09,904,113,4,1.83,2.0
2014-02-09,743,113,4,1.82,1.0
2014-02-09,432,221,0,0.12,0.0
2014-02-09,3008,222,0,0.92,0.0
2014-02-09,1173,221,0,0.3,0.0
2014-02-09,1173,112,3,0.99,2.0
2014-02-09,1240,331,0,0.05,0.0
2014-02-09,2935,331,0,7.85,7.0
2014-02-09,1240,113,1,0.03,0.0
2014-02-09,3004,114,0,1.97,0.0
2014-02-09,659,112,2,1.35,2.0
2014-02-09,1694,112,3,4.41,6.0
2014-02-09,423,222,0,0.89,0.0
2014-02-09,2932,113,5,4.4,4.0
2014-02-09,1173,333,0,0.21,0.0
2014-02-09,2768,113,2,0.68,0.0
2014-02-09,1599,223,1,0.25,0.0
2014-02-09,1629,114,12,7.81,7.0
2014-02-09,1542,112,0,0.06,0.0
2014-02-09,2768,332,0,1.22,2.0
2014-02-09,3021,111,0,0.1,0.0
2014-02-09,631,331,2,1.08,0.0
2014-02-09,1328,114,1,0.21,0.0
2014-02-09,1472,332,0,0.5,0.0
2014-02-09,581,331,1,0.89,0.0
2014-02-09,1548,221,2,0.44,0.0
2014-02-09,1322,113,2,0.7,0.0
2014-02-09,1508,222,0,0.21,0.0
2014-02-09,797,333,5,2.01,2.0
2014-02-09,2935,332,215,40.57,39.0
2014-02-09,1424,223,0,0.3,0.0
2014-02-09,631,222,1,0.34,0.0
2014-02-09,432,333,0,0.1,0.0
2014-02-09,1424,113,1,0.89,0.0
2014-02-09,2818,331,1,0.24,0.0
2014-02-09,337,223,1,0.4,0.0
2014-02-09,423,332,0,0.28,0.0
2014-02-09,423,114,3,0.34,0.0
2014-02-09,659,111,0,0.88,0.0
2014-02-09,3021,333,0,0.13,0.0
2014-02-09,904,332,0,0.97,0.0
2014-02-09,904,221,0,0.48,0.0
2014-02-09,1322,222,0,0.46,0.0
2014-02-09,1472,112,0,0.06,0.0
2014-02-09,972,113,2,3.66,4.0
2014-02-09,2768,223,1,0.13,0.0
2014-02-09,611,111,8,3.07,3.0
2014-02-09,611,222,3,2.5,2.0
2014-02-09,972,331,0,0.09,0.0
2014-02-09,1365,223,0,0.05,0.0
2014-02-09,1328,332,0,0.93,0.0
2014-02-09,1135,111,0,0.28,0.0
2014-02-09,1322,112,0,0.54,0.0
2014-02-09,3004,333,0,4.49,6.0
2014-02-09,1190,114,0,0.02,0.0
2014-02-09,432,114,0,0.03,0.0
2014-02-09,2794,223,1,0.88,0.0
2014-02-09,74,111,0,0.4,0.0
2014-02-09,1228,114,1,0.21,0.0
2014-02-09,1196,114,0,0.14,0.0
2014-02-09,1672,333,6,0.99,0.0
2014-02-09,904,114,2,1.34,2.0
2014-02-09,1054,333,3,1.9,2.0
2014-02-09,1753,114,4,0.8,0.0
2014-02-09,797,114,3,1.72,2.0
2014-02-09,2768,114,0,0.23,0.0
2014-02-09,2332,114,9,5.66,5.0
2014-02-09,1727,333,0,0.11,0.0
2014-02-09,74,223,1,1.1,0.0
2014-02-09,1190,113,0,0.02,0.0
2014-02-09,1190,223,0,0.02,0.0
2014-02-09,1365,221,0,0.18,0.0
2014-02-09,1365,111,0,0.3,0.0
2014-02-09,1275,332,0,0.07,0.0
2014-02-09,581,221,0,0.16,0.0
2014-02-09,1672,114,0,1.42,1.0
2014-02-09,926,331,1,0.38,0.0
2014-02-09,973,221,1,0.3,0.0
2014-02-09,2935,223,0,2.81,0.0
2014-02-09,74,221,0,0.94,0.0
2014-02-09,1629,333,0,4.75,4.0
2014-02-09,631,112,1,1.63,2.0
2014-02-09,972,111,1,0.73,0.0
2014-02-09,1672,332,1,2.09,2.0
2014-02-09,1054,111,3,2.44,2.0
2014-02-09,1242,223,0,0.57,0.0
2014-02-09,1542,113,0,0.15,0.0
2014-02-09,2853,221,3,3.59,4.0
2014-02-09,1599,114,0,0.16,0.0
2014-02-09,1599,221,0,0.14,0.0
2014-02-09,972,222,3,3.08,3.0
2014-02-09,1240,222,0,0.04,0.0
2014-02-09,2794,221,3,0.74,0.0
2014-02-09,3021,331,0,0.26,0.0
2014-02-09,1472,331,0,0.28,0.0
2014-02-09,2794,111,8,3.72,3.0
2014-02-09,2492,114,4,1.7,2.0
2014-02-09,1599,333,0,0.17,0.0
2014-02-09,1173,222,0,0.52,0.0
2014-02-09,1727,222,0,0.03,0.0
2014-02-09,1508,112,0,0.18,0.0
2014-02-09,1054,112,11,4.51,3.0
2014-02-09,337,112,0,1.01,2.0
2014-02-09,74,331,0,0.02,0.0
2014-02-09,337,332,6,2.86,3.0
2014-02-09,1228,222,0,0.16,0.0
2014-02-09,2853,331,7,3.56,3.0
2014-02-09,2818,332,3,0.57,0.0
2014-02-09,1753,333,0,0.68,0.0
2014-02-09,1240,111,0,0.04,0.0
2014-02-09,973,331,1,0.87,0.0
2014-02-09,581,332,2,1.1,2.0
2014-02-09,2332,223,8,1.78,2.0
2014-02-09,1275,112,0,0.06,0.0
2014-02-09,1135,114,0,0.1,0.0
2014-02-09,2853,112,0,3.41,3.0
2014-02-09,2492,222,0,0.38,0.0
2014-02-09,1135,113,1,0.32,0.0
2014-02-09,1629,111,14,18.19,15.0
2014-02-09,904,331,1,1.34,2.0
2014-02-09,1196,111,0,0.24,0.0
2014-02-09,2853,222,1,4.01,5.0
2014-02-09,611,332,0,2.34,2.0
2014-02-09,2932,112,3,1.22,0.0
2014-02-09,432,113,0,0.27,0.0
2014-02-09,797,112,3,4.42,4.0
2014-02-09,1242,113,0,0.9,0.0
2014-02-09,1365,114,0,0.27,0.0
2014-02-09,1196,112,0,0.16,0.0
2014-02-09,904,112,0,4.68,6.0
2014-02-09,1190,221,0,0.02,0.0
2014-02-09,1472,222,0,0.39,0.0
2014-02-09,868,113,0,0.31,0.0
2014-02-09,611,114,1,2.11,2.0
2014-02-09,973,332,0,0.62,0.0
2014-02-09,659,332,1,0.54,0.0
2014-02-09,743,333,3,0.51,0.0
2014-02-09,1629,113,16,14.63,13.0
2014-02-09,2492,332,3,0.88,0.0
2014-02-09,631,333,2,0.62,0.0
2014-02-09,2492,331,5,3.47,2.0
2014-02-09,2294,114,0,0.61,0.0
2014-02-09,1196,113,0,0.27,0.0
2014-02-09,2853,111,2,3.93,4.0
2014-02-09,1727,111,0,0.04,0.0
2014-02-09,904,111,0,2.64,2.0
2014-02-09,743,222,0,0.93,0.0
2014-02-09,743,112,2,2.18,2.0
2014-02-09,2932,222,5,1.61,2.0
2014-02-09,1135,333,0,0.18,0.0
2014-02-09,1242,112,3,1.02,2.0
2014-02-09,1548,223,0,0.5,0.0
2014-02-09,972,223,3,2.75,3.0
2014-02-09,1599,111,0,0.21,0.0
2014-02-09,1753,221,1,1.36,0.0
2014-02-09,1135,223,0,0.04,0.0
2014-02-09,3004,222,0,1.29,0.0
2014-02-09,743,111,2,1.13,0.0
2014-02-09,432,223,0,0.33,0.0
2014-02-09,74,333,0,0.22,0.0
2014-02-09,1424,112,1,0.8,0.0
2014-02-09,1542,114,0,0.13,0.0
2014-02-09,973,222,0,0.65,0.0
2014-02-09,581,223,1,1.27,2.0
2014-02-09,743,223,0,0.64,0.0
2014-02-09,797,223,5,1.63,2.0
2014-02-09,3008,332,1,1.92,2.0
2014-02-09,2492,223,5,2.85,2.0
2014-02-09,1328,223,1,0.56,0.0
2014-02-09,2294,333,2,3.43,3.0
2014-02-09,1508,221,0,0.12,0.0
2014-02-09,423,113,0,0.1,0.0
2014-02-09,2794,332,6,1.02,0.0
2014-02-09,2332,111,5,6.78,6.0
2014-02-09,2492,113,2,6.49,6.0
2014-02-09,1542,331,0,0.08,0.0
2014-02-09,1694,333,1,1.84,2.0
2014-02-09,2818,113,2,1.07,1.0
2014-02-09,1472,333,0,0.47,0.0
2014-02-09,1173,332,0,0.24,0.0
2014-02-09,1228,331,1,0.26,0.0
2014-02-09,2935,113,61,18.25,14.0
2014-02-09,2932,332,0,0.92,0.0
2014-02-09,2853,332,3,3.86,4.0
2014-02-09,1196,331,0,0.56,0.0
2014-02-09,973,114,0,0.87,0.0
2014-02-09,1629,222,8,13.12,12.0
2014-02-09,1196,332,0,0.18,0.0
2014-02-09,74,332,0,0.11,0.0
2014-02-09,1727,223,0,0.02,0.0
2014-02-09,74,114,1,0.4,0.0
2014-02-09,1508,114,0,0.12,0.0
2014-02-09,972,221,4,3.47,3.0
2014-02-09,2932,331,2,2.04,2.0
2014-02-09,2932,223,0,0.14,0.0
2014-02-09,631,114,3,0.9,1.0
2014-02-09,423,111,1,0.6,0.0
2014-02-09,2932,114,1,2.34,2.0
2014-02-09,1599,331,0,0.21,0.0
2014-02-09,1548,332,0,0.16,0.0
2014-02-09,611,223,3,1.97,2.0
2014-02-09,1727,332,0,0.03,0.0
2014-02-09,337,114,1,2.08,2.0
2014-02-09,973,223,0,0.1,0.0
2014-02-09,1054,221,4,3.13,3.0
2014-02-09,3008,114,0,0.9,0.0
2014-02-09,2332,113,23,18.57,15.0
2014-02-09,2294,223,3,1.84,2.0
2014-02-09,743,221,0,0.64,0.0
2014-02-09,1424,221,0,0.61,0.0
2014-02-09,2294,332,0,2.56,2.0
2014-02-09,797,113,7,5.83,5.0
2014-02-09,1228,112,0,0.42,0.0
2014-02-09,1542,111,0,0.09,0.0
2014-02-09,3021,332,0,0.05,0.0
2014-02-09,631,221,0,0.29,0.0
2014-02-09,904,223,0,0.55,0.0
2014-02-09,581,222,0,0.25,0.0
2014-02-09,2935,114,0,6.37,6.0
2014-02-09,581,111,2,1.85,2.0
2014-02-09,659,221,0,0.78,0.0
2014-02-09,904,333,0,0.98,0.0
2014-02-09,659,222,2,0.57,0.0
2014-02-09,2332,331,1,3.05,2.0
2014-02-09,1242,111,0,0.57,0.0
2014-02-09,1753,111,0,1.68,2.0
2014-02-09,1240,333,0,0.04,0.0
2014-02-09,1322,223,1,0.16,0.0
2014-02-09,1599,222,0,0.17,0.0
2014-02-09,797,222,1,2.11,2.0
2014-02-09,74,112,0,0.03,0.0
2014-02-09,1753,332,0,0.65,0.0
2014-02-09,1190,333,0,0.02,0.0
2014-02-09,1365,112,0,0.7,0.0
2014-02-09,1542,222,0,0.17,0.0
2014-02-09,1629,332,7,14.7,12.0
2014-02-09,1508,223,0,0.24,0.0
2014-02-09,3021,114,0,0.08,0.0
2014-02-09,1672,223,0,2.5,2.0
2014-02-09,2932,221,0,1.52,2.0
2014-02-09,432,112,0,0.02,0.0
2014-02-09,1054,114,1,1.57,2.0
2014-02-09,2794,331,2,1.17,1.0
2014-02-09,1173,113,5,1.54,2.0
2014-02-09,631,111,3,2.61,3.0
2014-02-09,1054,223,4,1.52,2.0
2014-02-09,1508,111,0,0.27,0.0
2014-02-09,1694,332,4,4.08,4.0
2014-02-09,432,332,0,0.2,0.0
2014-02-09,1322,331,0,0.16,0.0
2014-02-09,1054,332,6,2.34,2.0
2014-02-09,1322,114,2,0.28,0.0
2014-02-09,1365,331,1,0.34,0.0
2014-02-09,337,333,1,1.48,2.0
2014-02-09,1328,221,0,0.6,0.0
2014-02-09,74,222,1,0.55,0.0
2014-02-09,1240,221,0,0.05,0.0
2014-02-09,972,333,0,0.97,0.0
2014-02-09,581,333,2,1.07,1.0
2014-02-09,973,111,0,0.02,0.0
2014-02-09,1424,332,0,0.09,0.0
2014-02-09,743,331,2,1.42,1.0
2014-02-09,432,222,0,0.47,0.0
2014-02-09,1365,332,0,0.07,0.0
2014-02-09,1727,331,0,0.03,0.0
2014-02-09,797,111,5,2.24,2.0
2014-02-09,2332,222,2,2.36,2.0
2014-02-09,1629,112,9,13.45,10.0
2014-02-09,3008,331,4,1.84,2.0
2014-02-09,3004,332,0,1.45,0.0
2014-02-09,1196,221,0,0.27,0.0
2014-02-09,1275,113,0,0.49,0.0
2014-02-09,1694,223,0,1.03,0.0
2014-02-09,926,333,0,0.11,0.0
2014-02-09,973,112,0,0.48,0.0
2014-02-09,1548,331,0,0.27,0.0
2014-02-09,611,112,10,3.17,3.0
2014-02-09,2294,111,0,1.6,2.0
2014-02-09,926,111,0,0.04,0.0
2014-02-09,2492,111,2,4.72,5.0
2014-02-09,581,112,4,0.74,0.0
2014-02-09,1196,333,0,0.11,0.0
2014-02-09,2332,332,11,5.01,5.0
2014-02-09,1190,222,0,0.02,0.0
2014-02-09,868,114,0,0.61,0.0
2014-02-09,1196,222,0,0.23,0.0
2014-02-09,1228,333,0,0.19,0.0
2014-02-09,2768,111,1,0.56,0.0
2014-02-09,1542,223,0,0.27,0.0
2014-02-09,1190,331,0,0.02,0.0
2014-02-09,2332,112,4,4.7,4.0
2014-02-09,1135,332,0,0.01,0.0
2014-02-09,1472,221,1,0.13,0.0
2014-02-09,1228,332,0,0.01,0.0
2014-02-09,868,223,1,0.21,0.0
2014-02-09,1672,331,2,1.35,2.0
2014-02-09,1240,112,0,0.02,0.0
2014-02-09,868,222,0,0.44,0.0
2014-02-09,337,111,0,1.83,2.0
2014-02-09,2768,112,0,0.23,0.0
2014-02-09,2768,331,2,0.59,0.0
2014-02-09,2294,222,0,1.08,0.0
2014-02-09,868,221,0,0.22,0.0
2014-02-09,1727,112,0,0.06,0.0
2014-02-09,432,331,0,0.15,0.0
2014-02-09,1228,113,0,0.02,0.0
2014-02-09,1228,223,0,0.21,0.0
2014-02-09,611,113,10,4.61,4.0
2014-02-09,1599,113,0,0.02,0.0
2014-02-09,1242,222,3,0.69,0.0
2014-02-09,972,112,0,1.17,2.0
2014-02-09,1548,112,5,1.5,2.0
2014-02-09,973,113,0,1.59,2.0
2014-02-09,3021,222,0,0.27,0.0
2014-02-09,2492,333,5,2.14,2.0
2014-02-09,1135,221,0,0.19,0.0
2014-02-09,972,114,0,0.28,0.0
2014-02-09,973,333,0,0.35,0.0
2014-02-09,1190,111,0,0.02,0.0
2014-02-09,1322,111,1,0.62,0.0
2014-02-09,797,331,1,2.16,2.0
2014-02-09,2332,221,5,2.65,2.0
2014-02-09,2768,222,2,0.35,0.0
2014-02-09,2853,333,2,2.79,2.0
2014-02-09,1508,332,0,0.01,0.0
2014-02-09,2935,222,9,13.95,12.0
2014-02-09,3004,111,0,1.09,0.0
2014-02-09,337,113,1,1.28,2.0
2014-02-09,2332,333,1,2.96,2.0
2014-02-09,1694,114,0,2.02,2.0
2014-02-09,1328,222,1,0.37,0.0
2014-02-09,1365,222,0,0.22,0.0
2014-02-09,1275,222,0,0.06,0.0
2014-02-09,1328,331,1,0.99,0.0
2014-02-09,2935,111,15,14.39,17.0
2014-02-09,1753,222,3,0.66,0.0
2014-02-09,3004,223,0,1.72,0.0
2014-02-09,3021,223,0,0.03,0.0
2014-02-09,926,223,0,0.24,0.0
2014-02-09,1275,114,0,0.05,0.0
2014-02-09,1190,112,0,0.02,0.0
2014-02-09,868,111,0,1.03,0.0
2014-02-09,659,333,0,0.74,0.0
2014-02-09,1173,331,0,0.46,0.0
2014-02-09,1672,111,2,2.04,2.0
2014-02-09,1173,114,0,0.04,0.0
2014-02-09,337,222,0,1.11,2.0
2014-02-09,659,331,6,2.26,2.0
2014-02-09,2768,221,0,0.47,0.0
2014-02-09,1753,331,0,0.78,0.0
2014-02-09,1242,332,0,1.07,2.0
2014-02-09,2294,331,2,1.78,2.0
2014-02-09,1599,112,0,0.02,0.0
2014-02-09,1599,332,0,0.09,0.0
2014-02-09,1508,331,0,0.14,0.0
2014-02-09,2818,114,0,0.32,0.0
2014-02-09,2794,112,3,2.28,2.0
2014-02-09,2794,113,6,3.25,3.0
2014-02-09,2818,333,0,0.28,0.0
2014-02-09,1240,223,0,0.02,0.0
2014-02-09,2294,221,2,5.33,3.0
2014-02-09,1727,114,0,0.03,0.0
2014-02-09,2794,114,3,1.56,2.0
2014-02-09,797,221,2,2.69,3.0
2014-02-09,1322,333,0,0.23,0.0
2014-02-09,1694,222,9,1.89,2.0
2014-02-09,2932,333,0,2.43,2.0
2014-02-09,2794,222,3,1.28,2.0
2014-02-09,972,332,1,6.85,6.0
2014-02-09,1173,223,0,0.05,0.0
2014-02-09,1135,331,0,0.26,0.0
2014-02-09,1275,111,0,0.05,0.0
2014-02-09,1424,333,1,0.26,0.0
2014-02-09,2853,114,2,3.28,3.0
2014-02-09,1365,113,3,0.34,0.0
2014-02-09,1196,223,0,0.13,0.0
2014-02-09,1135,222,2,0.29,0.0
2014-02-09,423,331,1,0.64,0.0
2014-02-09,611,331,0,2.08,2.0
2014-02-09,1322,332,0,0.18,0.0
2014-02-09,1472,223,1,0.36,0.0
2014-02-09,1548,222,3,0.67,0.0
2014-02-09,3004,331,0,0.86,0.0
2014-02-09,631,223,0,0.35,0.0
2014-02-09,1242,331,0,0.07,0.0
2014-02-09,1472,113,0,0.56,0.0
2014-02-09,904,222,1,0.5,0.0
2014-02-09,423,333,0,0.33,0.0
2014-02-09,743,332,2,0.4,0.0
2014-02-09,631,113,2,1.44,2.0
2014-02-09,1054,113,6,5.4,5.0
2014-02-09,1054,331,0,1.26,2.0
2014-02-09,1275,333,0,0.04,0.0
2014-02-09,3008,111,6,2.19,2.0
2014-02-09,2853,223,4,3.92,4.0
2014-02-09,1275,221,0,0.06,0.0
2014-02-09,1275,331,0,0.08,0.0
2014-02-09,423,221,0,0.09,0.0
2014-02-09,2492,221,0,1.95,2.0
2014-02-09,926,222,0,0.31,0.0
2014-02-09,1240,114,0,0.01,0.0
2014-02-09,2935,333,32,17.48,21.0
2014-02-09,1542,332,0,0.13,0.0
2014-02-09,2818,111,1,0.86,2.0
2014-02-09,1548,114,0,0.29,0.0
2014-02-09,926,112,0,0.03,0.0
2014-02-09,3008,221,1,0.89,0.0
2014-02-09,1242,221,3,0.43,0.0
2014-02-09,1328,333,0,0.43,0.0
2014-02-09,659,113,0,0.35,0.0
2014-02-09,1753,112,7,3.02,3.0
2014-02-09,3004,112,0,0.97,0.0
2014-02-09,423,223,1,0.67,0.0
2014-02-09,1727,113,0,0.05,0.0
2014-02-09,1424,331,0,0.08,0.0
2014-02-09,3008,333,4,1.92,2.0
2014-02-09,3008,112,3,1.45,2.0
2014-02-09,423,112,0,0.72,0.0
2014-02-09,1694,113,6,3.53,4.0
2014-02-09,1508,113,1,0.26,0.0
2014-02-09,3008,113,3,2.97,3.0
2014-02-09,1542,221,0,0.3,0.0
2014-02-09,926,332,0,0.13,0.0
2014-02-09,1548,113,1,1.21,2.0
2014-02-09,74,113,2,0.83,0.0
2014-02-09,2932,111,1,2.76,2.0
2014-02-09,631,332,0,0.71,0.0
2014-02-09,1328,111,0,0.8,0.0
2014-02-09,1548,111,0,0.66,0.0
2014-02-09,611,221,2,2.11,2.0
2014-02-09,3008,223,0,1.32,2.0
2014-02-09,1629,221,7,5.77,5.0
2014-02-09,743,114,0,0.35,0.0
2014-02-09,1424,114,0,0.21,0.0
2014-02-09,1629,223,0,1.88,3.0
2014-02-09,2768,333,1,0.85,0.0
2014-02-09,3021,113,0,0.7,0.0
2014-02-09,659,223,1,0.65,0.0
2014-02-09,1275,223,0,0.03,0.0
2014-02-09,1548,333,0,0.13,0.0
2014-02-09,1727,221,0,0.1,0.0
2014-02-09,611,333,2,1.25,2.0
2014-02-09,1542,333,0,0.01,0.0
2014-02-09,1472,111,0,0.36,0.0
2014-02-09,1694,111,4,1.73,2.0
2014-02-09,1694,331,7,1.38,0.0
2014-02-09,2818,222,0,0.58,0.0
2014-02-09,1242,333,0,0.41,0.0
2014-02-09,1672,113,10,5.28,3.0
2014-02-09,2294,113,0,1.05,0.0
2014-02-09,1228,221,0,0.01,0.0
2014-02-09,1242,114,1,0.22,0.0
2014-02-09,868,112,0,0.54,0.0
2014-02-09,3021,112,0,0.02,0.0
2014-02-09,2935,112,10,6.98,6.0
2014-02-09,3004,221,0,0.25,0.0
2014-02-09,1365,333,0,0.17,0.0
2014-02-09,2492,112,0,0.07,0.0
2014-02-09,1054,222,4,2.15,2.0
2014-02-09,1672,221,6,2.63,2.0
2014-02-09,1190,332,0,0.02,0.0
2014-02-09,337,221,0,0.76,0.0
2014-02-09,659,114,0,0.43,0.0
2014-02-09,1228,111,0,0.25,0.0
2014-02-09,432,111,0,0.15,0.0
2014-02-09,1424,222,0,0.33,0.0
2014-02-09,3004,113,0,0.42,0.0
2014-02-09,1629,331,6,8.82,8.0
2014-02-09,1508,333,0,0.03,0.0
2014-02-09,1753,113,4,2.48,2.0
2014-02-09,2818,223,1,0.48,0.0
2014-02-09,2818,112,0,1.74,2.0
2014-02-09,2294,112,0,0.91,0.0
2014-02-10,1190,113,0,0.01,0.0
2014-02-10,1753,223,2,0.62,0.0
2014-02-10,868,112,1,0.34,0.0
2014-02-10,1548,332,0,0.14,0.0
2014-02-10,743,332,1,0.37,0.0
2014-02-10,2768,113,2,0.64,0.0
2014-02-10,904,332,0,0.69,0.0
2014-02-10,2818,333,1,0.26,0.0
2014-02-10,1322,111,0,0.46,0.0
2014-02-10,904,113,0,1.45,2.0
2014-02-10,797,114,2,1.43,2.0
2014-02-10,1322,112,1,0.33,0.0
2014-02-10,337,112,0,0.74,0.0
2014-02-10,1240,113,0,0.22,0.0
2014-02-10,972,112,0,0.67,0.0
2014-02-10,659,111,1,0.68,0.0
2014-02-10,611,331,4,1.39,2.0
2014-02-10,1135,331,0,0.22,0.0
2014-02-10,1753,331,4,0.59,0.0
2014-02-10,1240,112,0,0.01,0.0
2014-02-10,432,111,0,0.11,0.0
2014-02-10,2492,333,2,1.83,2.0
2014-02-10,1054,331,0,0.94,0.0
2014-02-10,3021,112,0,0.01,0.0
2014-02-10,1196,114,0,0.11,0.0
2014-02-10,926,222,0,0.29,0.0
2014-02-10,1173,331,0,0.32,0.0
2014-02-10,1275,112,0,0.04,0.0
2014-02-10,3021,113,3,0.49,0.0
2014-02-10,1472,113,0,0.39,0.0
2014-02-10,1542,223,0,0.21,0.0
2014-02-10,3004,222,0,0.72,0.0
2014-02-10,1542,221,0,0.23,0.0
2014-02-10,2932,222,2,1.65,2.0
2014-02-10,2768,112,0,0.15,0.0
2014-02-10,423,113,0,0.1,0.0
2014-02-10,3008,332,3,1.62,2.0
2014-02-10,3008,331,0,1.62,2.0
2014-02-10,1424,112,0,0.59,0.0
2014-02-10,1196,221,0,0.2,0.0
2014-02-10,1228,111,1,0.18,0.0
2014-02-10,1242,331,0,0.05,0.0
2014-02-10,1753,221,1,1.1,0.0
2014-02-10,659,223,2,0.49,0.0
2014-02-10,1054,222,1,2.11,2.0
2014-02-10,1727,114,0,0.01,0.0
2014-02-10,2294,332,0,1.3,0.0
2014-02-10,1629,333,2,2.9,3.0
2014-02-10,743,331,1,1.15,1.0
2014-02-10,2492,332,2,1.31,1.0
2014-02-10,743,112,1,1.61,2.0
2014-02-10,337,221,2,0.57,0.0
2014-02-10,1599,331,0,0.15,0.0
2014-02-10,1173,332,0,0.2,0.0
2014-02-10,423,111,1,0.42,0.0
2014-02-10,972,221,4,2.49,2.0
2014-02-10,1196,333,0,0.09,0.0
2014-02-10,973,111,0,0.0,0.0
2014-02-10,2932,332,2,0.63,0.0
2014-02-10,1548,333,0,0.1,0.0
2014-02-10,1240,222,0,0.03,0.0
2014-02-10,631,114,3,0.61,0.0
2014-02-10,74,222,0,0.5,0.0
2014-02-10,1508,114,0,0.11,0.0
2014-02-10,1629,222,10,8.51,9.0
2014-02-10,1672,113,6,5.35,4.0
2014-02-10,581,222,0,0.14,0.0
2014-02-10,74,114,0,0.34,0.0
2014-02-10,904,111,4,1.52,2.0
2014-02-10,2853,333,2,1.87,2.0
2014-02-10,2332,222,1,2.26,2.0
2014-02-10,631,221,0,0.25,0.0
2014-02-10,2294,331,0,1.31,2.0
2014-02-10,1508,222,0,0.17,0.0
2014-02-10,1599,332,0,0.07,0.0
2014-02-10,926,223,0,0.21,0.0
2014-02-10,2935,333,19,13.37,18.0
2014-02-10,2332,223,1,1.81,2.0
2014-02-10,1054,111,1,1.74,2.0
2014-02-10,1328,331,0,0.73,0.0
2014-02-10,1190,112,0,0.01,0.0
2014-02-10,3004,223,0,1.81,0.0
2014-02-10,2853,114,1,1.93,2.0
2014-02-10,2332,332,2,3.71,4.0
2014-02-10,1328,332,0,0.58,0.0
2014-02-10,581,223,1,1.01,0.0
2014-02-10,926,221,0,0.15,0.0
2014-02-10,2818,332,1,0.59,0.0
2014-02-10,2853,113,2,2.81,3.0
2014-02-10,973,332,3,0.46,0.0
2014-02-10,2853,111,4,2.26,3.0
2014-02-10,611,114,2,1.5,2.0
2014-02-10,1365,223,0,0.03,0.0
2014-02-10,1629,111,17,13.33,11.0
2014-02-10,1424,221,1,0.45,0.0
2014-02-10,1472,223,0,0.33,0.0
2014-02-10,3021,333,0,0.11,0.0
2014-02-10,1542,111,0,0.06,0.0
2014-02-10,1275,111,0,0.03,0.0
2014-02-10,2794,333,1,1.21,2.0
2014-02-10,2932,221,0,1.19,2.0
2014-02-10,2932,333,4,1.68,2.0
2014-02-10,432,331,0,0.12,0.0
2014-02-10,1135,222,0,0.29,0.0
2014-02-10,1365,112,0,0.45,0.0
2014-02-10,3004,112,0,0.6,0.0
2014-02-10,3004,332,0,1.33,0.0
2014-02-10,581,112,6,0.89,0.0
2014-02-10,581,111,1,1.39,2.0
2014-02-10,868,111,0,0.71,0.0
2014-02-10,2294,333,7,1.99,2.0
2014-02-10,1135,332,0,0.0,0.0
2014-02-10,1240,221,0,0.03,0.0
2014-02-10,2332,331,0,2.3,2.0
2014-02-10,1054,114,2,1.25,2.0
2014-02-10,1542,332,0,0.11,0.0
2014-02-10,1173,223,0,0.03,0.0
2014-02-10,1753,113,3,2.15,2.0
2014-02-10,797,112,1,2.81,3.0
2014-02-10,3004,331,0,0.38,0.0
2014-02-10,2935,113,43,23.4,16.0
2014-02-10,1753,222,0,0.81,0.0
2014-02-10,3021,223,0,0.02,0.0
2014-02-10,1753,111,0,1.2,0.0
2014-02-10,2794,331,0,0.95,1.0
2014-02-10,972,111,0,0.66,0.0
2014-02-10,1672,221,1,3.05,2.0
2014-02-10,1242,333,0,0.29,0.0
2014-02-10,1240,331,0,0.03,0.0
2014-02-10,337,333,3,1.23,2.0
2014-02-10,797,332,0,1.19,2.0
2014-02-10,74,113,1,0.77,0.0
2014-02-10,3008,112,2,1.44,0.0
2014-02-10,2294,111,1,1.02,0.0
2014-02-10,1054,333,0,1.68,2.0
2014-02-10,2768,222,0,0.36,0.0
2014-02-10,1548,113,2,0.96,0.0
2014-02-10,423,114,0,0.47,0.0
2014-02-10,2818,331,0,0.27,0.0
2014-02-10,2492,112,0,0.06,0.0
2014-02-10,2768,331,0,0.53,0.0
2014-02-10,337,111,3,1.18,2.0
2014-02-10,1275,223,0,0.02,0.0
2014-02-10,2332,114,10,4.08,4.0
2014-02-10,1629,221,2,4.62,4.0
2014-02-10,74,223,1,0.8,0.0
2014-02-10,2932,112,0,1.47,2.0
2014-02-10,1054,223,1,1.34,2.0
2014-02-10,1694,221,0,1.94,2.0
2014-02-10,1242,114,0,0.23,0.0
2014-02-10,1424,332,0,0.07,0.0
2014-02-10,926,111,0,0.02,0.0
2014-02-10,1508,331,0,0.11,0.0
2014-02-10,1548,331,0,0.2,0.0
2014-02-10,581,114,0,0.47,0.0
2014-02-10,1472,221,1,0.18,0.0
2014-02-10,1694,223,0,0.79,0.0
2014-02-10,972,114,0,0.19,0.0
2014-02-10,1328,222,1,0.3,0.0
2014-02-10,2794,222,1,1.14,2.0
2014-02-10,2768,111,0,0.45,0.0
2014-02-10,1135,223,0,0.03,0.0
2014-02-10,337,222,0,0.73,0.0
2014-02-10,1228,333,1,0.17,0.0
2014-02-10,2332,112,4,2.79,3.0
2014-02-10,1599,112,0,0.0,0.0
2014-02-10,2818,112,0,0.91,0.0
2014-02-10,2935,222,2,11.33,10.0
2014-02-10,2492,114,2,1.55,2.0
2014-02-10,1365,222,0,0.18,0.0
2014-02-10,973,113,1,1.04,0.0
2014-02-10,926,332,0,0.1,0.0
2014-02-10,2818,222,0,0.4,0.0
2014-02-10,1322,223,0,0.18,0.0
2014-02-10,1228,331,0,0.24,0.0
2014-02-10,797,331,1,1.53,2.0
2014-02-10,1240,333,0,0.03,0.0
2014-02-10,1322,114,0,0.29,0.0
2014-02-10,1365,114,0,0.2,0.0
2014-02-10,1508,332,0,0.0,0.0
2014-02-10,1228,112,0,0.26,0.0
2014-02-10,1135,114,0,0.07,0.0
2014-02-10,973,333,0,0.28,0.0
2014-02-10,432,332,1,0.18,0.0
2014-02-10,2818,114,0,0.26,0.0
2014-02-10,1242,332,1,0.83,0.0
2014-02-10,1672,223,3,1.33,0.0
2014-02-10,1173,114,0,0.02,0.0
2014-02-10,904,333,0,0.77,0.0
2014-02-10,1694,333,2,1.6,2.0
2014-02-10,2935,114,4,2.49,4.0
2014-02-10,1054,221,3,2.29,2.0
2014-02-10,1672,331,0,1.12,0.0
2014-02-10,1173,222,0,0.41,0.0
2014-02-10,1328,221,0,0.42,0.0
2014-02-10,659,113,0,0.28,0.0
2014-02-10,868,221,1,0.18,0.0
2014-02-10,1242,222,2,0.67,0.0
2014-02-10,1599,113,0,0.01,0.0
2014-02-10,1548,112,2,1.24,0.0
2014-02-10,2492,111,1,3.01,3.0
2014-02-10,3021,114,0,0.07,0.0
2014-02-10,1508,111,0,0.22,0.0
2014-02-10,1275,113,0,0.44,0.0
2014-02-10,611,222,1,1.8,2.0
2014-02-10,581,331,1,0.7,0.0
2014-02-10,1424,113,3,0.72,0.0
2014-02-10,904,112,1,0.55,0.0
2014-02-10,797,111,1,1.71,2.0
2014-02-10,1275,222,0,0.04,0.0
2014-02-10,2794,112,3,1.91,2.0
2014-02-10,2853,221,1,2.51,3.0
2014-02-10,1508,112,0,0.12,0.0
2014-02-10,1228,222,0,0.12,0.0
2014-02-10,2294,223,4,1.57,2.0
2014-02-10,972,332,1,3.53,4.0
2014-02-10,631,112,2,1.21,2.0
2014-02-10,926,331,0,0.28,0.0
2014-02-10,1472,331,0,0.25,0.0
2014-02-10,1275,333,0,0.03,0.0
2014-02-10,904,114,2,1.05,2.0
2014-02-10,74,332,0,0.09,0.0
2014-02-10,1472,222,1,0.29,0.0
2014-02-10,1424,114,0,0.19,0.0
2014-02-10,1727,332,0,0.02,0.0
2014-02-10,74,221,2,0.61,0.0
2014-02-10,659,333,0,0.48,0.0
2014-02-10,3004,221,0,0.24,0.0
2014-02-10,743,111,2,1.0,0.0
2014-02-10,743,222,1,0.61,0.0
2014-02-10,2492,222,0,0.2,0.0
2014-02-10,1424,111,0,0.31,0.0
2014-02-10,1727,221,0,0.09,0.0
2014-02-10,74,112,0,0.01,0.0
2014-02-10,1365,221,0,0.15,0.0
2014-02-10,743,114,1,0.27,0.0
2014-02-10,631,113,0,1.06,0.0
2014-02-10,1472,333,1,0.35,0.0
2014-02-10,2794,223,0,0.62,0.0
2014-02-10,1542,222,0,0.14,0.0
2014-02-10,1196,112,0,0.12,0.0
2014-02-10,2935,221,0,0.26,0.0
2014-02-10,2818,223,1,0.48,0.0
2014-02-10,631,111,2,1.79,2.0
2014-02-10,2935,112,2,3.88,5.0
2014-02-10,1173,221,0,0.23,0.0
2014-02-10,611,221,0,1.59,2.0
2014-02-10,1472,112,0,0.05,0.0
2014-02-10,973,114,1,0.48,0.0
2014-02-10,631,332,1,0.5,0.0
2014-02-10,1753,114,1,1.05,0.0
2014-02-10,1322,221,0,0.23,0.0
2014-02-10,432,222,1,0.34,0.0
2014-02-10,1599,114,0,0.13,0.0
2014-02-10,2294,222,1,0.64,0.0
2014-02-10,2853,332,1,2.24,2.0
2014-02-10,1242,111,1,0.39,0.0
2014-02-10,3021,221,0,0.1,0.0
2014-02-10,581,332,0,0.89,0.0
2014-02-10,337,331,5,2.63,4.0
2014-02-10,1694,331,1,1.64,2.0
2014-02-10,1228,113,0,0.0,0.0
2014-02-10,1054,112,0,2.62,3.0
2014-02-10,973,331,0,0.65,0.0
2014-02-10,1190,332,0,0.01,0.0
2014-02-10,1228,223,0,0.16,0.0
2014-02-10,797,221,1,1.94,2.0
2014-02-10,631,222,0,0.32,0.0
2014-02-10,904,331,0,1.05,0.0
2014-02-10,2853,223,1,3.06,3.0
2014-02-10,1135,113,0,0.29,0.0
2014-02-10,1190,221,0,0.01,0.0
2014-02-10,423,223,0,0.56,0.0
2014-02-10,337,113,0,0.95,0.0
2014-02-10,972,222,0,2.38,2.0
2014-02-10,1196,113,0,0.19,0.0
2014-02-10,1328,333,0,0.28,0.0
2014-02-10,1548,221,0,0.37,0.0
2014-02-10,2492,331,0,2.91,2.0
2014-02-10,2492,113,3,4.71,4.0
2014-02-10,611,113,6,2.88,4.0
2014-02-10,1694,114,3,1.62,2.0
2014-02-10,423,112,1,0.48,0.0
2014-02-10,1135,333,2,0.15,0.0
2014-02-10,3008,221,0,0.71,0.0
2014-02-10,1322,332,0,0.14,0.0
2014-02-10,659,112,1,1.04,0.0
2014-02-10,2932,114,2,1.6,2.0
2014-02-10,1275,332,0,0.05,0.0
2014-02-10,2768,332,0,0.78,0.0
2014-02-10,1599,222,0,0.14,0.0
2014-02-10,1694,112,6,2.95,4.0
2014-02-10,1753,332,1,0.47,0.0
2014-02-10,1542,333,0,0.0,0.0
2014-02-10,1542,112,1,0.04,0.0
2014-02-10,1190,331,0,0.01,0.0
2014-02-10,3021,222,1,0.23,0.0
2014-02-10,2935,332,39,32.82,32.0
2014-02-10,1328,112,0,0.63,0.0
2014-02-10,1424,223,0,0.24,0.0
2014-02-10,1365,111,0,0.23,0.0
2014-02-10,3008,222,2,0.63,0.0
2014-02-10,972,331,0,0.07,0.0
2014-02-10,1629,114,3,5.46,6.0
2014-02-10,797,223,1,1.35,2.0
2014-02-10,1135,221,0,0.16,0.0
2014-02-10,1190,111,0,0.01,0.0
2014-02-10,926,114,0,0.07,0.0
2014-02-10,432,113,0,0.23,0.0
2014-02-10,581,113,5,2.04,2.0
2014-02-10,973,222,0,0.46,0.0
2014-02-10,868,331,0,0.17,0.0
2014-02-10,1328,223,0,0.46,0.0
2014-02-10,1242,112,1,0.82,0.0
2014-02-10,868,113,0,0.27,0.0
2014-02-10,972,223,3,2.3,2.0
2014-02-10,611,223,1,1.47,2.0
2014-02-10,1190,222,0,0.01,0.0
2014-02-10,2932,223,0,0.14,0.0
2014-02-10,1542,114,0,0.11,0.0
2014-02-10,1672,112,0,1.68,0.0
2014-02-10,926,113,0,0.14,0.0
2014-02-10,423,221,0,0.06,0.0
2014-02-10,1548,223,0,0.36,0.0
2014-02-10,2294,114,0,0.42,0.0
2014-02-10,1196,331,0,0.36,0.0
2014-02-10,337,332,4,1.83,2.0
2014-02-10,1599,333,1,0.14,0.0
2014-02-10,973,223,0,0.08,0.0
2014-02-10,1322,113,0,0.59,0.0
2014-02-10,1173,333,0,0.18,0.0
2014-02-10,2853,222,2,2.08,3.0
2014-02-10,2818,111,2,0.51,0.0
2014-02-10,1727,113,0,0.04,0.0
2014-02-10,1472,332,0,0.35,0.0
2014-02-10,3004,333,3,2.61,0.0
2014-02-10,1694,111,1,1.86,2.0
2014-02-10,1196,332,0,0.16,0.0
2014-02-10,1054,113,6,3.91,3.0
2014-02-10,1599,223,2,0.22,0.0
2014-02-10,1472,111,0,0.26,0.0
2014-02-10,611,111,1,1.98,3.0
2014-02-10,2794,114,3,1.28,2.0
2014-02-10,423,332,0,0.24,0.0
2014-02-10,1599,221,0,0.11,0.0
2014-02-10,1135,112,0,0.06,0.0
2014-02-10,1753,333,0,0.53,0.0
2014-02-10,3008,114,0,0.61,0.0
2014-02-10,1190,114,0,0.01,0.0
2014-02-10,1322,222,0,0.3,0.0
2014-02-10,3004,111,0,0.67,0.0
2014-02-10,3004,114,0,0.94,0.0
2014-02-10,432,221,0,0.09,0.0
2014-02-10,797,333,0,1.79,2.0
2014-02-10,743,221,2,0.56,0.0
2014-02-10,2818,113,1,0.89,0.0
2014-02-10,423,333,1,0.26,0.0
2014-02-10,3021,331,1,0.24,0.0
2014-02-10,1173,112,0,0.78,0.0
2014-02-10,743,223,0,0.42,0.0
2014-02-10,1173,111,0,0.51,0.0
2014-02-10,973,221,0,0.28,0.0
2014-02-10,1242,223,0,0.37,0.0
2014-02-10,1727,222,0,0.01,0.0
2014-02-10,1629,113,9,9.72,10.0
2014-02-10,432,223,0,0.27,0.0
2014-02-10,74,111,0,0.29,0.0
2014-02-10,1542,331,0,0.07,0.0
2014-02-10,2794,332,1,1.56,2.0
2014-02-10,1365,333,0,0.14,0.0
2014-02-10,1727,331,0,0.01,0.0
2014-02-10,581,221,0,0.12,0.0
2014-02-10,1228,114,0,0.22,0.0
2014-02-10,337,223,0,0.43,0.0
2014-02-10,1599,111,0,0.16,0.0
2014-02-10,611,332,1,1.54,2.0
2014-02-10,2768,114,0,0.18,0.0
2014-02-10,1727,111,0,0.02,0.0
2014-02-10,1275,114,0,0.03,0.0
2014-02-10,2932,331,5,1.69,2.0
2014-02-10,868,332,0,0.2,0.0
2014-02-10,1672,114,2,0.95,0.0
2014-02-10,2794,111,1,3.24,3.0
2014-02-10,1672,332,0,1.38,0.0
2014-02-10,1190,223,0,0.01,0.0
2014-02-10,2853,331,2,2.05,2.0
2014-02-10,1727,223,0,0.01,0.0
2014-02-10,1672,333,3,1.86,2.0
2014-02-10,3008,113,1,2.41,2.0
2014-02-10,1242,113,2,0.6,0.0
2014-02-10,3021,332,0,0.04,0.0
2014-02-10,1196,111,0,0.15,0.0
2014-02-10,2794,221,1,0.72,0.0
2014-02-10,74,333,0,0.18,0.0
2014-02-10,1548,111,0,0.48,0.0
2014-02-10,631,333,0,0.47,0.0
2014-02-10,2935,223,0,0.91,0.0
2014-02-10,1629,332,23,8.75,9.0
2014-02-10,2853,112,3,1.72,2.0
2014-02-10,1542,113,0,0.12,0.0
2014-02-10,743,333,0,0.58,0.0
2014-02-10,74,331,0,0.01,0.0
2014-02-10,2332,111,5,4.82,4.0
2014-02-10,1240,111,0,0.02,0.0
2014-02-10,973,112,1,0.34,0.0
2014-02-10,631,223,0,0.27,0.0
2014-02-10,1508,113,0,0.24,0.0
2014-02-10,2768,221,0,0.34,0.0
2014-02-10,2794,113,3,2.82,2.0
2014-02-10,1694,332,3,3.33,3.0
2014-02-10,2294,221,2,3.33,2.0
2014-02-10,611,112,4,1.98,3.0
2014-02-10,868,223,0,0.22,0.0
2014-02-10,1228,221,0,0.0,0.0
2014-02-10,1472,114,0,0.04,0.0
2014-02-10,1629,223,0,1.47,0.0
2014-02-10,2332,333,0,2.03,2.0
2014-02-10,2768,333,2,0.64,0.0
2014-02-10,2932,113,2,3.2,3.0
2014-02-10,972,113,0,2.39,3.0
2014-02-10,2935,111,1,10.26,13.0
2014-02-10,797,222,2,1.62,2.0
2014-02-10,659,114,1,0.39,0.0
2014-02-10,2294,112,0,0.54,0.0
2014-02-10,1694,113,6,2.62,3.0
2014-02-10,1508,223,0,0.18,0.0
2014-02-10,1228,332,0,0.0,0.0
2014-02-10,2932,111,0,1.82,2.0
2014-02-10,423,331,2,0.51,0.0
2014-02-10,904,221,1,0.38,0.0
2014-02-10,659,332,1,0.5,0.0
2014-02-10,1054,332,1,1.89,2.0
2014-02-10,337,114,1,1.58,2.0
2014-02-10,1629,331,5,7.28,5.0
2014-02-10,1135,111,0,0.2,0.0
2014-02-10,797,113,9,4.35,4.0
2014-02-10,1196,222,0,0.18,0.0
2014-02-10,2332,221,1,2.14,2.0
2014-02-10,1190,333,0,0.01,0.0
2014-02-10,1727,112,0,0.05,0.0
2014-02-10,581,333,2,0.99,0.0
2014-02-10,926,112,0,0.01,0.0
2014-02-10,868,222,1,0.31,0.0
2014-02-10,926,333,0,0.08,0.0
2014-02-10,2818,221,0,0.22,0.0
2014-02-10,423,222,6,0.66,0.0
2014-02-10,1365,332,0,0.05,0.0
2014-02-10,1672,111,0,1.9,2.0
2014-02-10,868,114,0,0.45,0.0
2014-02-10,904,222,0,0.51,0.0
2014-02-10,2768,223,0,0.22,0.0
2014-02-10,1365,331,0,0.3,0.0
2014-02-10,659,222,0,0.57,0.0
2014-02-10,1173,113,0,1.28,0.0
2014-02-10,1424,331,0,0.07,0.0
2014-02-10,1322,333,0,0.19,0.0
2014-02-10,1328,114,0,0.23,0.0
2014-02-10,1275,221,0,0.04,0.0
2014-02-10,1240,223,0,0.0,0.0
2014-02-10,3008,223,1,0.9,0.0
2014-02-10,1328,111,0,0.56,0.0
2014-02-10,1548,114,0,0.24,0.0
2014-02-10,2294,113,31,0.68,0.0
2014-02-10,611,333,2,1.15,2.0
2014-02-10,868,333,0,0.26,0.0
2014-02-10,743,113,0,1.59,1.0
2014-02-10,1508,221,0,0.1,0.0
2014-02-10,1727,333,0,0.1,0.0
2014-02-10,432,114,0,0.02,0.0
2014-02-10,2935,331,20,4.01,0.0
2014-02-10,3021,111,2,0.09,0.0
2014-02-10,2492,223,0,2.7,2.0
2014-02-10,1548,222,0,0.56,0.0
2014-02-10,1694,222,4,2.04,2.0
2014-02-10,1365,113,0,0.33,0.0
2014-02-10,631,331,1,1.01,0.0
2014-02-10,3008,333,2,1.85,2.0
2014-02-10,1328,113,2,0.6,0.0
2014-02-10,1196,223,0,0.09,0.0
2014-02-10,972,333,0,0.71,0.0
2014-02-10,1508,333,0,0.01,0.0
2014-02-10,3004,113,0,0.0,0.0
2014-02-10,432,112,0,0.01,0.0
2014-02-10,904,223,0,0.38,0.0
2014-02-10,1242,221,0,0.41,0.0
2014-02-10,3008,111,0,1.69,2.0
2014-02-10,659,331,1,1.81,2.0
2014-02-10,1753,112,1,3.21,3.0
2014-02-10,659,221,2,0.54,0.0
2014-02-10,1322,331,0,0.12,0.0
2014-02-10,1240,332,0,0.06,0.0
2014-02-10,1629,112,4,6.53,7.0
2014-02-10,1240,114,0,0.0,0.0
2014-02-10,1275,331,0,0.07,0.0
2014-02-10,1424,222,0,0.29,0.0
2014-02-10,432,333,1,0.07,0.0
2014-02-10,1424,333,0,0.27,0.0
2014-02-10,1672,222,3,1.97,2.0
2014-02-10,2492,221,3,1.23,0.0
2014-02-10,2332,113,15,13.89,13.0
2014-02-11,1753,113,1,2.24,2.0
2014-02-11,2294,111,1,1.01,0.0
2014-02-11,2794,222,0,1.07,0.0
2014-02-11,432,331,0,0.11,0.0
2014-02-11,2818,112,1,0.75,0.0
2014-02-11,2794,114,3,1.23,2.0
2014-02-11,631,111,0,1.64,2.0
2014-02-11,1508,333,0,0.01,0.0
2014-02-11,3008,113,1,2.17,2.0
2014-02-11,432,333,0,0.15,0.0
2014-02-11,74,112,0,0.0,0.0
2014-02-11,904,222,0,0.47,0.0
2014-02-11,423,331,4,0.58,0.0
2014-02-11,1135,222,0,0.28,0.0
2014-02-11,1727,221,0,0.08,0.0
2014-02-11,868,223,0,0.2,0.0
2014-02-11,1694,113,1,2.62,3.0
2014-02-11,1424,331,0,0.06,0.0
2014-02-11,2935,333,0,15.51,17.0
2014-02-11,1242,221,0,0.37,0.0
2014-02-11,1275,221,0,0.03,0.0
2014-02-11,1548,114,0,0.23,0.0
2014-02-11,432,111,0,0.08,0.0
2014-02-11,1694,222,0,2.26,2.0
2014-02-11,1054,113,2,3.92,4.0
2014-02-11,1135,331,0,0.21,0.0
2014-02-11,1472,111,0,0.26,0.0
2014-02-11,3008,114,4,0.52,0.0
2014-02-11,973,223,0,0.07,0.0
2014-02-11,581,113,3,1.78,2.0
2014-02-11,1672,112,1,0.93,0.0
2014-02-11,1322,113,0,0.55,0.0
2014-02-11,1190,223,0,0.0,0.0
2014-02-11,1508,222,0,0.16,0.0
2014-02-11,581,223,1,0.97,0.0
2014-02-11,1672,333,0,1.54,2.0
2014-02-11,868,332,0,0.19,0.0
2014-02-11,1629,222,9,8.49,9.0
2014-02-11,1753,221,0,1.05,0.0
2014-02-11,1599,111,0,0.16,0.0
2014-02-11,581,333,1,0.98,0.0
2014-02-11,1629,331,4,6.44,5.0
2014-02-11,2818,222,0,0.38,0.0
2014-02-11,926,332,0,0.09,0.0
2014-02-11,1542,222,0,0.13,0.0
2014-02-11,1173,221,1,0.21,0.0
2014-02-11,2332,332,3,2.63,3.0
2014-02-11,1275,222,0,0.03,0.0
2014-02-11,2294,331,0,1.1,0.0
2014-02-11,2794,112,3,1.94,2.0
2014-02-11,1240,112,0,0.0,0.0
2014-02-11,659,333,0,0.45,0.0
2014-02-11,3021,222,0,0.31,0.0
2014-02-11,1190,331,0,0.0,0.0
2014-02-11,611,113,0,2.83,4.0
2014-02-11,1228,113,0,0.0,0.0
2014-02-11,1228,223,0,0.15,0.0
2014-02-11,2294,222,3,0.86,0.0
2014-02-11,2332,113,28,14.58,12.0
2014-02-11,2768,331,2,0.44,0.0
2014-02-11,337,111,1,1.27,2.0
2014-02-11,868,111,0,0.6,0.0
2014-02-11,1508,331,0,0.1,0.0
2014-02-11,1599,332,0,0.05,0.0
2014-02-11,1328,331,0,0.68,0.0
2014-02-11,1753,111,0,1.08,0.0
2014-02-11,2794,331,0,0.76,0.0
2014-02-11,904,333,0,0.74,0.0
2014-02-11,1672,223,0,1.67,2.0
2014-02-11,2935,114,0,4.06,4.0
2014-02-11,3004,332,0,0.95,0.0
2014-02-11,2492,111,2,2.42,3.0
2014-02-11,337,221,2,0.59,0.0
2014-02-11,1508,111,0,0.2,0.0
2014-02-11,972,112,0,0.57,0.0
2014-02-11,1542,221,0,0.2,0.0
2014-02-11,972,331,0,0.05,0.0
2014-02-11,1365,333,0,0.13,0.0
2014-02-11,973,111,0,0.0,0.0
2014-02-11,1228,221,0,0.0,0.0
2014-02-11,1196,333,0,0.08,0.0
2014-02-11,1629,223,0,1.03,0.0
2014-02-11,2768,333,2,0.69,0.0
2014-02-11,1228,111,0,0.19,0.0
2014-02-11,659,114,1,0.54,0.0
2014-02-11,2294,112,1,0.38,0.0
2014-02-11,2932,111,1,1.5,2.0
2014-02-11,2294,221,1,2.68,2.0
2014-02-11,1322,333,0,0.17,0.0
2014-02-11,3008,111,0,1.45,0.0
2014-02-11,1753,112,12,2.76,2.0
2014-02-11,2492,221,2,1.59,2.0
2014-02-11,1275,331,0,0.06,0.0
2014-02-11,1424,333,0,0.23,0.0
2014-02-11,3004,113,0,0.27,0.0
2014-02-11,1328,111,1,0.49,0.0
2014-02-11,2294,113,0,2.94,0.0
2014-02-11,868,333,0,0.21,0.0
2014-02-11,1196,223,0,0.08,0.0
2014-02-11,1240,113,0,0.25,0.0
2014-02-11,659,222,0,0.53,0.0
2014-02-11,2294,332,1,1.09,0.0
2014-02-11,1548,112,0,1.16,0.0
2014-02-11,2768,111,1,0.42,0.0
2014-02-11,2492,333,2,1.67,2.0
2014-02-11,972,114,1,0.19,0.0
2014-02-11,1542,223,0,0.18,0.0
2014-02-11,2332,112,2,2.58,3.0
2014-02-11,1599,112,0,0.0,0.0
2014-02-11,2935,222,0,7.52,8.0
2014-02-11,1365,222,0,0.15,0.0
2014-02-11,659,332,0,0.45,0.0
2014-02-11,3004,223,0,1.02,0.0
2014-02-11,1240,333,0,0.02,0.0
2014-02-11,743,221,0,0.56,0.0
2014-02-11,1694,332,5,3.13,3.0
2014-02-11,797,113,2,4.5,4.0
2014-02-11,1190,333,0,0.0,0.0
2014-02-11,926,112,0,0.0,0.0
2014-02-11,926,333,0,0.07,0.0
2014-02-11,1365,332,0,0.05,0.0
2014-02-11,1365,331,0,0.26,0.0
2014-02-11,797,331,2,1.43,2.0
2014-02-11,3021,112,0,0.01,0.0
2014-02-11,1727,333,0,0.09,0.0
2014-02-11,611,331,4,1.46,2.0
2014-02-11,2794,111,0,2.53,2.0
2014-02-11,1672,332,4,0.9,0.0
2014-02-11,2853,331,0,2.03,2.0
2014-02-11,1242,113,1,0.8,0.0
2014-02-11,1196,111,0,0.14,0.0
2014-02-11,74,333,0,0.14,0.0
2014-02-11,2332,223,3,1.42,2.0
2014-02-11,2853,112,0,1.89,2.0
2014-02-11,2332,111,6,4.36,4.0
2014-02-11,2818,113,0,0.87,0.0
2014-02-11,2935,223,0,0.53,0.0
2014-02-11,3021,331,0,0.27,0.0
2014-02-11,3004,222,0,0.62,0.0
2014-02-11,1173,111,1,0.46,0.0
2014-02-11,611,333,1,1.14,0.0
2014-02-11,74,111,0,0.25,0.0
2014-02-11,2932,223,0,0.12,0.0
2014-02-11,1228,114,1,0.18,0.0
2014-02-11,337,223,0,0.41,0.0
2014-02-11,611,332,1,1.54,2.0
2014-02-11,2932,222,3,1.47,2.0
2014-02-11,1599,333,0,0.18,0.0
2014-02-11,74,114,0,0.31,0.0
2014-02-11,1196,331,1,0.32,0.0
2014-02-11,631,331,0,0.97,0.0
2014-02-11,3021,111,0,0.34,0.0
2014-02-11,904,221,1,0.43,0.0
2014-02-11,1472,332,0,0.34,0.0
2014-02-11,611,111,2,1.88,2.0
2014-02-11,1328,332,1,0.55,0.0
2014-02-11,926,221,0,0.14,0.0
2014-02-11,1135,112,0,0.05,0.0
2014-02-11,2853,113,4,2.51,3.0
2014-02-11,3004,333,13,2.89,4.0
2014-02-11,1365,223,0,0.03,0.0
2014-02-11,3004,114,0,0.73,0.0
2014-02-11,432,221,1,0.07,0.0
2014-02-11,1173,333,0,0.16,0.0
2014-02-11,1240,114,0,0.0,0.0
2014-02-11,973,222,0,0.44,0.0
2014-02-11,1242,112,1,0.82,0.0
2014-02-11,972,223,3,2.13,2.0
2014-02-11,611,223,3,1.44,2.0
2014-02-11,1508,114,0,0.1,0.0
2014-02-11,1173,332,0,0.19,0.0
2014-02-11,1599,113,0,0.0,0.0
2014-02-11,868,221,0,0.22,0.0
2014-02-11,1242,332,1,0.83,0.0
2014-02-11,1672,331,0,0.76,0.0
2014-02-11,1472,333,2,0.37,0.0
2014-02-11,337,112,0,0.72,0.0
2014-02-11,423,113,0,0.07,0.0
2014-02-11,611,222,1,1.65,2.0
2014-02-11,1365,221,0,0.14,0.0
2014-02-11,1196,112,0,0.11,0.0
2014-02-11,2935,221,0,0.66,0.0
2014-02-11,2794,223,0,0.53,0.0
2014-02-11,3008,332,0,1.51,2.0
2014-02-11,1322,221,1,0.22,0.0
2014-02-11,973,114,0,0.54,0.0
2014-02-11,1599,114,0,0.12,0.0
2014-02-11,2853,111,1,2.3,3.0
2014-02-11,1228,222,0,0.12,0.0
2014-02-11,973,332,1,0.56,0.0
2014-02-11,904,112,0,0.98,3.0
2014-02-11,631,112,0,1.09,0.0
2014-02-11,1472,331,0,0.23,0.0
2014-02-11,74,332,0,0.08,0.0
2014-02-11,631,114,0,0.64,0.0
2014-02-11,2492,222,0,0.18,0.0
2014-02-11,423,112,0,0.47,0.0
2014-02-11,581,332,0,0.85,0.0
2014-02-11,1135,113,0,0.26,0.0
2014-02-11,1054,331,0,0.9,0.0
2014-02-11,1548,111,0,0.42,0.0
2014-02-11,868,112,0,0.36,0.0
2014-02-11,423,333,0,0.32,0.0
2014-02-11,423,221,1,0.05,0.0
2014-02-11,2768,113,2,0.7,0.0
2014-02-11,1328,113,0,0.69,0.0
2014-02-11,2935,331,8,6.98,7.0
2014-02-11,432,114,0,0.01,0.0
2014-02-11,1240,332,0,0.05,0.0
2014-02-11,904,113,4,1.25,0.0
2014-02-11,1472,114,1,0.03,0.0
2014-02-11,2794,333,1,1.16,2.0
2014-02-11,2818,221,2,0.23,0.0
2014-02-11,2932,332,4,0.8,0.0
2014-02-11,1135,223,0,0.01,0.0
2014-02-11,1694,333,4,1.58,2.0
2014-02-11,972,111,0,0.52,0.0
2014-02-11,797,112,1,2.23,2.0
2014-02-11,2932,112,1,1.11,0.0
2014-02-11,337,114,1,1.43,2.0
2014-02-11,1727,332,0,0.01,0.0
2014-02-11,659,113,0,0.24,0.0
2014-02-11,2492,113,1,4.3,4.0
2014-02-11,1135,333,0,0.21,0.0
2014-02-11,1672,113,2,4.2,4.0
2014-02-11,1242,114,0,0.19,0.0
2014-02-11,1548,331,0,0.19,0.0
2014-02-11,2332,331,2,1.65,2.0
2014-02-11,581,112,2,1.15,0.0
2014-02-11,631,221,0,0.26,0.0
2014-02-11,581,111,2,1.26,2.0
2014-02-11,926,111,0,0.01,0.0
2014-02-11,1054,114,0,1.24,2.0
2014-02-11,581,222,0,0.1,0.0
2014-02-11,1424,332,0,0.06,0.0
2014-02-11,3021,223,0,0.02,0.0
2014-02-11,1472,221,0,0.21,0.0
2014-02-11,1190,112,0,0.0,0.0
2014-02-11,1508,332,0,0.0,0.0
2014-02-11,2818,114,0,0.22,0.0
2014-02-11,1173,114,0,0.02,0.0
2014-02-11,1542,111,0,0.05,0.0
2014-02-11,1322,223,0,0.17,0.0
2014-02-11,1054,221,1,2.11,2.0
2014-02-11,1753,222,1,0.66,0.0
2014-02-11,1629,221,3,3.19,3.0
2014-02-11,1275,223,0,0.01,0.0
2014-02-11,2492,112,0,0.06,0.0
2014-02-11,1694,112,3,3.59,4.0
2014-02-11,1275,332,0,0.04,0.0
2014-02-11,2768,332,0,0.7,0.0
2014-02-11,1542,112,0,0.13,0.0
2014-02-11,743,222,0,0.61,0.0
2014-02-11,1328,112,0,0.55,0.0
2014-02-11,1727,111,0,0.02,0.0
2014-02-11,1472,113,0,0.37,0.0
2014-02-11,1629,114,8,4.16,5.0
2014-02-11,659,111,0,0.64,0.0
2014-02-11,337,331,3,2.74,4.0
2014-02-11,1694,331,0,1.54,2.0
2014-02-11,1190,332,0,0.0,0.0
2014-02-11,797,221,2,1.83,2.0
2014-02-11,2853,223,2,2.19,3.0
2014-02-11,423,223,1,0.49,0.0
2014-02-11,1328,333,0,0.27,0.0
2014-02-11,3008,112,0,1.36,0.0
2014-02-11,1424,113,0,0.66,0.0
2014-02-11,1548,113,1,0.92,0.0
2014-02-11,1242,331,0,0.04,0.0
2014-02-11,743,112,1,1.46,2.0
2014-02-11,743,223,0,0.34,0.0
2014-02-11,1753,223,3,0.75,0.0
2014-02-11,432,112,0,0.0,0.0
2014-02-11,1548,221,0,0.36,0.0
2014-02-11,1240,221,0,0.03,0.0
2014-02-11,1727,113,0,0.04,0.0
2014-02-11,1240,222,0,0.02,0.0
2014-02-11,631,222,0,0.27,0.0
2014-02-11,74,221,0,0.68,0.0
2014-02-11,1508,113,1,0.22,0.0
2014-02-11,3021,221,0,0.1,0.0
2014-02-11,2818,111,1,0.69,0.0
2014-02-11,1424,223,1,0.2,0.0
2014-02-11,1228,332,0,0.0,0.0
2014-02-11,1542,333,0,0.0,0.0
2014-02-11,1054,111,1,1.64,2.0
2014-02-11,3008,333,2,1.76,2.0
2014-02-11,1322,332,0,0.12,0.0
2014-02-11,1365,113,0,0.33,0.0
2014-02-11,659,331,0,1.73,2.0
2014-02-11,2853,332,2,1.97,2.0
2014-02-11,3008,221,4,0.64,0.0
2014-02-11,1548,222,0,0.5,0.0
2014-02-11,3004,221,0,0.23,0.0
2014-02-11,631,223,0,0.28,0.0
2014-02-11,2818,333,0,0.28,0.0
2014-02-11,1472,222,0,0.32,0.0
2014-02-11,973,113,2,1.02,0.0
2014-02-11,631,113,4,1.01,2.0
2014-02-11,972,332,5,3.06,4.0
2014-02-11,1694,111,2,1.72,2.0
2014-02-11,1548,332,1,0.12,0.0
2014-02-11,1753,331,0,0.79,0.0
2014-02-11,611,221,5,1.45,2.0
2014-02-11,797,333,2,1.47,2.0
2014-02-11,2935,113,11,19.69,16.0
2014-02-11,904,332,5,0.65,0.0
2014-02-11,1753,332,1,0.49,0.0
2014-02-11,743,332,1,0.39,0.0
2014-02-11,1322,222,0,0.28,0.0
2014-02-11,1599,331,0,0.13,0.0
2014-02-11,1190,114,0,0.0,0.0
2014-02-11,1196,221,0,0.18,0.0
2014-02-11,743,114,1,0.3,0.0
2014-02-11,2294,333,6,1.89,3.0
2014-02-11,1240,331,0,0.03,0.0
2014-02-11,2932,114,2,1.51,2.0
2014-02-11,797,332,0,1.0,0.0
2014-02-11,423,332,1,0.22,0.0
2014-02-11,1694,221,0,0.77,2.0
2014-02-11,659,112,0,1.0,0.0
2014-02-11,1599,223,0,0.27,0.0
2014-02-11,743,331,1,1.04,0.0
2014-02-11,2332,114,2,4.38,4.0
2014-02-11,3004,111,0,0.37,0.0
2014-02-11,2932,333,3,1.78,2.0
2014-02-11,432,332,0,0.19,0.0
2014-02-11,1599,222,0,0.11,0.0
2014-02-11,2768,221,0,0.31,0.0
2014-02-11,1548,333,0,0.09,0.0
2014-02-11,1275,111,0,0.03,0.0
2014-02-11,611,112,0,1.93,3.0
2014-02-11,2332,222,3,1.9,2.0
2014-02-11,1424,111,1,0.29,0.0
2014-02-11,1322,112,0,0.33,0.0
2014-02-11,2332,333,3,1.71,2.0
2014-02-11,973,112,1,0.37,0.0
2014-02-11,904,223,0,0.38,0.0
2014-02-11,1753,114,0,0.85,0.0
2014-02-11,1328,222,0,0.33,0.0
2014-02-11,74,223,0,0.78,0.0
2014-02-11,1727,331,0,0.01,0.0
2014-02-11,3021,332,0,0.04,0.0
2014-02-11,2932,221,2,0.97,0.0
2014-02-11,2935,112,0,3.65,4.0
2014-02-11,1424,221,2,0.46,0.0
2014-02-11,1472,112,0,0.04,0.0
2014-02-11,659,221,1,0.64,0.0
2014-02-11,337,222,1,0.76,0.0
2014-02-11,1228,333,5,0.2,0.0
2014-02-11,1190,222,0,0.0,0.0
2014-02-11,1275,114,0,0.03,0.0
2014-02-11,1629,332,16,10.5,11.0
2014-02-11,1508,223,0,0.18,0.0
2014-02-11,2935,111,8,9.55,11.0
2014-02-11,797,222,2,1.51,2.0
2014-02-11,3021,333,0,0.08,0.0
2014-02-11,904,114,0,0.99,0.0
2014-02-11,743,111,3,0.97,0.0
2014-02-11,1629,112,11,6.55,7.0
2014-02-11,3008,331,1,1.32,2.0
2014-02-11,926,331,0,0.26,0.0
2014-02-11,926,223,0,0.19,0.0
2014-02-11,1275,333,0,0.02,0.0
2014-02-11,1054,222,13,1.65,2.0
2014-02-11,1228,112,1,0.25,0.0
2014-02-11,3021,114,0,0.06,0.0
2014-02-11,631,332,0,0.5,0.0
2014-02-11,3008,223,0,0.99,0.0
2014-02-11,2818,223,0,0.47,0.0
2014-02-11,1508,112,0,0.11,0.0
2014-02-11,659,223,0,0.45,0.0
2014-02-11,972,333,1,0.65,0.0
2014-02-11,1322,331,0,0.11,0.0
2014-02-11,2853,221,4,1.98,2.0
2014-02-11,2294,223,0,1.63,2.0
2014-02-11,1424,114,0,0.16,0.0
2014-02-11,2853,333,1,1.75,2.0
2014-02-11,1240,223,0,0.0,0.0
2014-02-11,1275,113,0,0.17,0.0
2014-02-11,2853,114,3,1.73,2.0
2014-02-11,1424,222,0,0.32,0.0
2014-02-11,3004,112,0,0.6,0.0
2014-02-11,1694,223,0,0.67,0.0
2014-02-11,1328,221,0,0.43,0.0
2014-02-11,1054,332,2,1.82,2.0
2014-02-11,1173,222,1,0.35,0.0
2014-02-11,2794,113,2,2.47,2.0
2014-02-11,1135,332,0,0.0,0.0
2014-02-11,868,113,0,0.24,0.0
2014-02-11,611,114,3,1.42,2.0
2014-02-11,797,111,0,1.55,2.0
2014-02-11,2818,332,2,0.51,0.0
2014-02-11,432,222,0,0.34,0.0
2014-02-11,1275,112,0,0.03,0.0
2014-02-11,432,113,0,0.21,0.0
2014-02-11,2853,222,2,2.25,3.0
2014-02-11,1672,114,0,0.85,0.0
2014-02-11,1672,111,1,1.0,0.0
2014-02-11,1753,333,0,0.49,0.0
2014-02-11,1196,113,0,0.16,0.0
2014-02-11,1599,221,1,0.11,0.0
2014-02-11,1629,333,2,3.55,3.0
2014-02-11,972,222,2,1.65,2.0
2014-02-11,1196,332,0,0.13,0.0
2014-02-11,743,333,1,0.49,0.0
2014-02-11,926,222,0,0.26,0.0
2014-02-11,2492,332,1,1.37,2.0
2014-02-11,1190,221,0,0.0,0.0
2014-02-11,1508,221,1,0.09,0.0
2014-02-11,2794,221,0,0.68,0.0
2014-02-11,2492,223,1,1.68,2.0
2014-02-11,1196,114,0,0.1,0.0
2014-02-11,868,222,0,0.33,0.0
2014-02-11,1190,111,0,0.0,0.0
2014-02-11,1240,111,0,0.01,0.0
2014-02-11,581,331,0,0.71,0.0
2014-02-11,74,113,0,0.74,0.0
2014-02-11,1054,333,2,1.3,0.0
2014-02-11,423,111,0,0.44,0.0
2014-02-11,2768,114,0,0.15,0.0
2014-02-11,1629,113,4,6.18,9.0
2014-02-11,1173,112,2,0.73,0.0
2014-02-11,1694,114,3,1.7,2.0
2014-02-11,1196,222,0,0.17,0.0
2014-02-11,1054,223,0,1.26,0.0
2014-02-11,1727,222,0,0.01,0.0
2014-02-11,337,113,0,0.96,0.0
2014-02-11,581,221,0,0.11,0.0
2014-02-11,2818,331,0,0.22,0.0
2014-02-11,743,113,0,1.31,0.0
2014-02-11,74,331,0,0.0,0.0
2014-02-11,1190,113,0,0.0,0.0
2014-02-11,2794,332,4,1.22,2.0
2014-02-11,1542,331,0,0.06,0.0
2014-02-11,423,114,0,0.36,0.0
2014-02-11,2332,221,4,1.96,2.0
2014-02-11,432,223,0,0.24,0.0
2014-02-11,3021,113,0,0.72,0.0
2014-02-11,2768,222,0,0.32,0.0
2014-02-11,1242,223,0,0.34,0.0
2014-02-11,973,221,2,0.26,0.0
2014-02-11,581,114,0,0.43,0.0
2014-02-11,337,332,1,1.88,2.0
2014-02-11,1542,113,0,0.11,0.0
2014-02-11,631,333,2,0.43,0.0
2014-02-11,1365,112,0,0.46,0.0
2014-02-11,904,331,1,0.92,0.0
2014-02-11,1672,222,0,2.22,2.0
2014-02-11,2768,223,1,0.19,0.0
2014-02-11,1365,111,0,0.21,0.0
2014-02-11,423,222,1,1.15,0.0
2014-02-11,1322,114,0,0.26,0.0
2014-02-11,1542,114,0,0.09,0.0
2014-02-11,1135,111,0,0.2,0.0
2014-02-11,1173,331,0,0.28,0.0
2014-02-11,3008,222,2,0.9,0.0
2014-02-11,797,223,3,1.25,2.0
2014-02-11,1228,331,0,0.21,0.0
2014-02-11,1727,112,0,0.04,0.0
2014-02-11,1548,223,0,0.33,0.0
2014-02-11,1424,112,0,0.57,0.0
2014-02-11,926,114,0,0.05,0.0
2014-02-11,1672,221,2,1.94,2.0
2014-02-11,2935,332,95,31.26,31.0
2014-02-11,337,333,1,1.2,2.0
2014-02-11,1328,223,0,0.42,0.0
2014-02-11,868,331,0,0.14,0.0
2014-02-11,1365,114,0,0.18,0.0
2014-02-11,1135,114,0,0.06,0.0
2014-02-11,1173,113,2,1.07,0.0
2014-02-11,2492,114,0,1.4,2.0
2014-02-11,1242,333,0,0.28,0.0
2014-02-11,1629,111,13,11.77,11.0
2014-02-11,2768,112,1,0.13,0.0
2014-02-11,1472,223,0,0.28,0.0
2014-02-11,1322,111,0,0.44,0.0
2014-02-11,1173,223,0,0.03,0.0
2014-02-11,926,113,0,0.11,0.0
2014-02-11,1242,111,1,0.39,0.0
2014-02-11,797,114,1,1.31,2.0
2014-02-11,973,333,0,0.25,0.0
2014-02-11,1727,223,0,0.01,0.0
2014-02-11,1328,114,0,0.2,0.0
2014-02-11,1542,332,0,0.1,0.0
2014-02-11,973,331,0,0.59,0.0
2014-02-11,2932,331,0,1.78,2.0
2014-02-11,904,111,2,1.76,2.0
2014-02-11,2294,114,1,0.35,0.0
2014-02-11,972,113,2,1.87,0.0
2014-02-11,2932,113,4,2.89,3.0
2014-02-11,2492,331,2,1.96,2.0
2014-02-11,1135,221,0,0.13,0.0
2014-02-11,1054,112,2,1.68,3.0
2014-02-11,3004,331,0,0.46,0.0
2014-02-11,74,222,0,0.43,0.0
2014-02-11,1242,222,1,0.71,0.0
2014-02-11,1727,114,0,0.01,0.0
2014-02-11,868,114,0,0.43,0.0
2014-02-11,972,221,0,2.45,2.0
2014-02-12,1322,114,0,0.24,0.0
2014-02-12,797,331,4,1.37,2.0
2014-02-12,1365,222,0,0.16,0.0
2014-02-12,1694,332,5,3.0,3.0
2014-02-12,1240,333,0,0.02,0.0
2014-02-12,1599,112,0,0.0,0.0
2014-02-12,1322,112,0,0.32,0.0
2014-02-12,2853,114,3,1.95,2.0
2014-02-12,1135,221,1,0.13,0.0
2014-02-12,2935,222,12,2.84,7.0
2014-02-12,3004,223,0,0.78,0.0
2014-02-12,743,221,1,0.48,0.0
2014-02-12,2768,112,0,0.29,0.0
2014-02-12,1054,221,4,2.05,2.0
2014-02-12,1228,333,0,0.38,0.0
2014-02-12,3021,223,0,0.02,0.0
2014-02-12,1173,223,0,0.03,0.0
2014-02-12,1472,223,0,0.27,0.0
2014-02-12,1424,332,0,0.06,0.0
2014-02-12,1753,222,1,0.7,0.0
2014-02-12,1054,114,0,1.17,2.0
2014-02-12,3004,331,0,0.55,0.0
2014-02-12,1472,221,1,0.19,0.0
2014-02-12,581,111,0,1.3,2.0
2014-02-12,1542,332,0,0.1,0.0
2014-02-12,926,111,0,0.01,0.0
2014-02-12,1672,221,3,1.93,2.0
2014-02-12,926,222,0,0.26,0.0
2014-02-12,1275,112,0,0.03,0.0
2014-02-12,581,112,0,1.18,0.0
2014-02-12,74,113,1,0.68,0.0
2014-02-12,2332,331,5,2.01,2.0
2014-02-12,2492,114,0,1.18,0.0
2014-02-12,3021,113,0,0.62,0.0
2014-02-12,2818,331,0,0.21,0.0
2014-02-12,1242,114,0,0.19,0.0
2014-02-12,1672,113,9,4.54,3.0
2014-02-12,581,222,0,0.1,0.0
2014-02-12,1629,221,4,3.12,3.0
2014-02-12,631,221,1,0.26,0.0
2014-02-12,1190,112,0,0.0,0.0
2014-02-12,337,333,2,1.17,0.0
2014-02-12,1508,332,0,0.0,0.0
2014-02-12,2332,112,2,2.52,3.0
2014-02-12,1328,222,1,0.3,0.0
2014-02-12,1542,223,0,0.16,0.0
2014-02-12,337,222,0,0.78,0.0
2014-02-12,972,114,0,0.24,0.0
2014-02-12,2492,333,2,1.62,2.0
2014-02-12,1275,113,0,0.16,0.0
2014-02-12,2768,111,0,0.4,0.0
2014-02-12,1548,112,0,1.08,0.0
2014-02-12,1228,112,0,0.27,0.0
2014-02-12,1599,113,0,0.0,0.0
2014-02-12,3008,331,3,1.35,2.0
2014-02-12,3021,114,0,0.05,0.0
2014-02-12,868,221,0,0.21,0.0
2014-02-12,1242,332,1,0.82,0.0
2014-02-12,1672,331,0,0.5,0.0
2014-02-12,1240,221,0,0.03,0.0
2014-02-12,432,332,0,0.17,0.0
2014-02-12,1542,111,0,0.05,0.0
2014-02-12,743,331,0,1.0,0.0
2014-02-12,1173,114,0,0.02,0.0
2014-02-12,1322,223,0,0.16,0.0
2014-02-12,1196,221,0,0.18,0.0
2014-02-12,1242,333,0,0.26,0.0
2014-02-12,2818,114,2,0.21,0.0
2014-02-12,973,113,0,1.08,0.0
2014-02-12,1190,111,0,0.0,0.0
2014-02-12,1727,111,0,0.02,0.0
2014-02-12,1196,222,0,0.17,0.0
2014-02-12,1328,223,1,0.39,0.0
2014-02-12,1424,112,0,0.56,0.0
2014-02-12,611,223,1,1.45,2.0
2014-02-12,926,114,0,0.05,0.0
2014-02-12,1196,331,0,0.39,0.0
2014-02-12,1508,114,0,0.09,0.0
2014-02-12,972,223,5,2.25,2.0
2014-02-12,1173,332,0,0.2,0.0
2014-02-12,1599,333,0,0.15,0.0
2014-02-12,74,114,0,0.3,0.0
2014-02-12,2294,114,0,0.4,0.0
2014-02-12,972,221,1,1.73,2.0
2014-02-12,1365,223,0,0.03,0.0
2014-02-12,2818,113,0,0.74,0.0
2014-02-12,1542,114,0,0.09,0.0
2014-02-12,1599,223,1,0.26,0.0
2014-02-12,1173,333,1,0.14,0.0
2014-02-12,1242,112,0,0.81,0.0
2014-02-12,2932,333,1,1.74,2.0
2014-02-12,1135,112,0,0.05,0.0
2014-02-12,2853,113,2,2.51,3.0
2014-02-12,423,332,0,0.27,0.0
2014-02-12,1190,114,0,0.0,0.0
2014-02-12,3004,333,1,4.22,5.0
2014-02-12,868,331,0,0.14,0.0
2014-02-12,3004,114,0,0.75,0.0
2014-02-12,904,332,0,0.76,0.0
2014-02-12,432,221,0,0.15,0.0
2014-02-12,797,333,2,1.61,2.0
2014-02-12,1240,114,0,0.0,0.0
2014-02-12,973,222,1,0.41,0.0
2014-02-12,1753,331,0,0.69,0.0
2014-02-12,1322,222,0,0.29,0.0
2014-02-12,2794,111,1,1.93,2.0
2014-02-12,904,111,0,1.87,2.0
2014-02-12,1727,223,0,0.01,0.0
2014-02-12,973,221,1,0.31,0.0
2014-02-12,3004,222,0,0.57,0.0
2014-02-12,1173,111,0,0.48,0.0
2014-02-12,1242,223,1,0.34,0.0
2014-02-12,611,333,1,1.05,0.0
2014-02-12,74,111,0,0.24,0.0
2014-02-12,3021,331,0,0.24,0.0
2014-02-12,1542,331,0,0.06,0.0
2014-02-12,2794,332,1,1.65,2.0
2014-02-12,581,221,0,0.1,0.0
2014-02-12,2768,114,0,0.14,0.0
2014-02-12,337,223,1,0.39,0.0
2014-02-12,2932,223,0,0.09,0.0
2014-02-12,432,333,0,0.14,0.0
2014-02-12,1228,114,0,0.2,0.0
2014-02-12,1240,111,0,0.01,0.0
2014-02-12,2853,112,2,1.54,2.0
2014-02-12,2932,222,1,1.51,2.0
2014-02-12,1672,332,1,1.46,2.0
2014-02-12,2932,331,5,1.51,2.0
2014-02-12,2853,331,4,1.58,2.0
2014-02-12,1242,113,0,0.84,0.0
2014-02-12,1196,111,0,0.13,0.0
2014-02-12,2794,221,3,0.58,0.0
2014-02-12,2492,332,1,1.29,0.0
2014-02-12,74,333,0,0.14,0.0
2014-02-12,743,333,1,0.53,0.0
2014-02-12,2332,223,1,1.63,2.0
2014-02-12,1629,333,0,3.63,3.0
2014-02-12,2332,111,5,4.13,4.0
2014-02-12,1672,114,1,0.65,0.0
2014-02-12,2818,332,0,0.63,0.0
2014-02-12,2935,223,0,1.0,0.0
2014-02-12,926,221,0,0.13,0.0
2014-02-12,1328,332,0,0.54,0.0
2014-02-12,1694,111,1,1.78,2.0
2014-02-12,611,111,3,2.03,2.0
2014-02-12,2294,332,0,1.41,0.0
2014-02-12,1228,221,0,0.0,0.0
2014-02-12,926,223,0,0.19,0.0
2014-02-12,1196,333,0,0.08,0.0
2014-02-12,868,114,0,0.41,0.0
2014-02-12,1629,223,0,0.92,0.0
2014-02-12,973,111,0,0.0,0.0
2014-02-12,2332,333,2,2.04,2.0
2014-02-12,2768,333,2,0.79,0.0
2014-02-12,659,114,5,0.49,0.0
2014-02-12,797,222,2,1.45,2.0
2014-02-12,2294,112,0,0.78,0.0
2014-02-12,2932,111,0,1.64,2.0
2014-02-12,659,221,2,0.63,0.0
2014-02-12,2935,111,2,9.03,11.0
2014-02-12,1548,223,0,0.33,0.0
2014-02-12,2294,221,13,2.32,2.0
2014-02-12,1508,223,0,0.15,0.0
2014-02-12,2332,221,3,1.98,2.0
2014-02-12,1190,333,0,0.0,0.0
2014-02-12,926,112,0,0.0,0.0
2014-02-12,1365,331,0,0.26,0.0
2014-02-12,1672,111,3,1.05,2.0
2014-02-12,926,333,0,0.07,0.0
2014-02-12,1365,332,0,0.05,0.0
2014-02-12,868,222,0,0.32,0.0
2014-02-12,1173,113,1,1.22,2.0
2014-02-12,1228,111,0,0.17,0.0
2014-02-12,1173,331,0,0.32,0.0
2014-02-12,659,332,0,0.45,0.0
2014-02-12,2768,221,0,0.29,0.0
2014-02-12,659,222,1,0.47,0.0
2014-02-12,2794,113,0,2.46,2.0
2014-02-12,432,112,0,0.0,0.0
2014-02-12,797,113,0,3.64,4.0
2014-02-12,2932,221,1,1.18,2.0
2014-02-12,1196,223,0,0.08,0.0
2014-02-12,1548,222,0,0.47,0.0
2014-02-12,1240,113,0,0.3,0.0
2014-02-12,3008,333,1,1.75,2.0
2014-02-12,631,223,1,0.3,0.0
2014-02-12,1727,333,0,0.08,0.0
2014-02-12,631,331,3,0.92,0.0
2014-02-12,868,333,1,0.19,0.0
2014-02-12,611,331,3,1.43,2.0
2014-02-12,2818,111,0,0.47,0.0
2014-02-12,3021,111,0,0.23,0.0
2014-02-12,904,221,0,0.43,0.0
2014-02-12,1472,332,0,0.32,0.0
2014-02-12,1508,113,0,0.25,0.0
2014-02-12,1727,113,0,0.03,0.0
2014-02-12,3021,112,0,0.0,0.0
2014-02-12,631,333,0,0.46,0.0
2014-02-12,3008,223,1,0.89,0.0
2014-02-12,1054,222,1,3.25,3.0
2014-02-12,3008,111,0,1.31,0.0
2014-02-12,904,223,0,0.34,0.0
2014-02-12,1753,112,1,3.07,4.0
2014-02-12,2332,222,2,2.02,2.0
2014-02-12,1629,112,8,6.53,7.0
2014-02-12,2492,221,1,1.45,2.0
2014-02-12,1424,222,0,0.3,0.0
2014-02-12,1240,223,0,0.0,0.0
2014-02-12,1275,331,0,0.06,0.0
2014-02-12,1322,331,0,0.1,0.0
2014-02-12,1424,333,1,0.22,0.0
2014-02-12,1328,111,1,0.55,0.0
2014-02-12,972,333,3,0.82,0.0
2014-02-12,3004,113,0,0.28,0.0
2014-02-12,2294,113,3,1.66,0.0
2014-02-12,1322,333,0,0.17,0.0
2014-02-12,74,223,0,0.73,0.0
2014-02-12,3008,222,0,1.03,0.0
2014-02-12,1054,333,2,1.47,2.0
2014-02-12,1424,223,0,0.27,0.0
2014-02-12,1542,333,0,0.0,0.0
2014-02-12,1322,332,0,0.12,0.0
2014-02-12,1190,331,0,0.0,0.0
2014-02-12,3021,222,0,0.25,0.0
2014-02-12,611,113,9,2.12,3.0
2014-02-12,659,333,0,0.42,0.0
2014-02-12,3008,221,1,1.07,0.0
2014-02-12,1240,112,0,0.0,0.0
2014-02-12,3021,333,0,0.08,0.0
2014-02-12,2794,112,1,1.96,2.0
2014-02-12,3004,221,0,0.22,0.0
2014-02-12,2294,331,0,0.85,0.0
2014-02-12,972,332,3,3.8,4.0
2014-02-12,1275,111,0,0.03,0.0
2014-02-12,1228,113,0,0.0,0.0
2014-02-12,3021,221,0,0.09,0.0
2014-02-12,1753,223,1,1.09,0.0
2014-02-12,1228,223,0,0.15,0.0
2014-02-12,1240,331,0,0.03,0.0
2014-02-12,1753,111,2,1.04,0.0
2014-02-12,2294,333,4,1.99,3.0
2014-02-12,1328,331,0,0.69,0.0
2014-02-12,337,221,0,0.59,0.0
2014-02-12,797,332,1,0.86,0.0
2014-02-12,868,111,0,0.61,0.0
2014-02-12,1275,222,0,0.03,0.0
2014-02-12,337,111,0,1.17,2.0
2014-02-12,2332,114,1,3.51,4.0
2014-02-12,972,112,1,0.52,0.0
2014-02-12,1548,221,0,0.35,0.0
2014-02-12,2768,331,1,0.55,0.0
2014-02-12,1508,331,0,0.09,0.0
2014-02-12,631,222,0,0.27,0.0
2014-02-12,2294,222,5,1.2,0.0
2014-02-12,1694,221,0,1.35,0.0
2014-02-12,2332,332,1,2.9,3.0
2014-02-12,1173,221,0,0.24,0.0
2014-02-12,1275,333,0,0.02,0.0
2014-02-12,2794,114,1,1.39,2.0
2014-02-12,3008,113,1,2.01,2.0
2014-02-12,973,112,0,0.39,0.0
2014-02-12,1275,223,0,0.01,0.0
2014-02-12,1542,221,1,0.19,0.0
2014-02-12,659,113,0,0.25,0.0
2014-02-12,1365,333,0,0.13,0.0
2014-02-12,3021,332,0,0.04,0.0
2014-02-12,432,331,0,0.1,0.0
2014-02-12,1275,114,0,0.03,0.0
2014-02-12,1629,332,23,12.33,11.0
2014-02-12,868,112,0,0.33,0.0
2014-02-12,1190,222,0,0.0,0.0
2014-02-12,1548,111,0,0.42,0.0
2014-02-12,1365,112,1,0.43,0.0
2014-02-12,423,221,1,0.19,0.0
2014-02-12,1424,221,0,0.53,0.0
2014-02-12,1599,331,0,0.13,0.0
2014-02-12,1508,333,0,0.01,0.0
2014-02-12,611,112,0,1.69,2.0
2014-02-12,1542,222,0,0.12,0.0
2014-02-12,631,332,0,0.48,0.0
2014-02-12,74,112,0,0.0,0.0
2014-02-12,659,223,0,0.42,0.0
2014-02-12,2332,113,16,13.05,13.0
2014-02-12,2818,223,0,0.4,0.0
2014-02-12,2294,223,3,1.34,0.0
2014-02-12,1727,331,0,0.01,0.0
2014-02-12,631,111,2,1.49,2.0
2014-02-12,2294,111,1,1.04,0.0
2014-02-12,1753,113,5,2.09,2.0
2014-02-12,1694,223,0,0.66,0.0
2014-02-12,1328,221,1,0.37,0.0
2014-02-12,1054,332,4,1.76,2.0
2014-02-12,2818,112,0,0.81,0.0
2014-02-12,2794,222,2,0.9,0.0
2014-02-12,1424,114,1,0.16,0.0
2014-02-12,423,333,0,0.29,0.0
2014-02-12,2794,331,1,0.68,0.0
2014-02-12,743,332,1,0.4,0.0
2014-02-12,581,113,3,1.95,2.0
2014-02-12,611,114,2,1.43,2.0
2014-02-12,432,113,0,0.17,0.0
2014-02-12,973,223,0,0.07,0.0
2014-02-12,3008,114,0,0.91,0.0
2014-02-12,1753,333,0,0.44,0.0
2014-02-12,1472,111,0,0.25,0.0
2014-02-12,1599,221,0,0.13,0.0
2014-02-12,1135,331,0,0.2,0.0
2014-02-12,1196,332,0,0.13,0.0
2014-02-12,1054,113,2,3.45,3.0
2014-02-12,1694,222,3,1.43,0.0
2014-02-12,1508,221,0,0.16,0.0
2014-02-12,432,111,0,0.08,0.0
2014-02-12,1548,114,0,0.25,0.0
2014-02-12,337,332,3,1.78,2.0
2014-02-12,1672,112,2,1.57,2.0
2014-02-12,1322,113,0,0.5,0.0
2014-02-12,868,113,0,0.2,0.0
2014-02-12,423,111,2,0.39,0.0
2014-02-12,1629,113,5,7.09,8.0
2014-02-12,1753,221,3,0.91,0.0
2014-02-12,1599,111,0,0.14,0.0
2014-02-12,1173,112,0,0.82,0.0
2014-02-12,1727,222,0,0.01,0.0
2014-02-12,74,331,0,0.0,0.0
2014-02-12,2492,223,2,1.82,2.0
2014-02-12,1629,222,4,10.7,9.0
2014-02-12,1672,333,2,1.07,0.0
2014-02-12,1542,113,0,0.1,0.0
2014-02-12,581,223,2,0.97,0.0
2014-02-12,1508,222,0,0.16,0.0
2014-02-12,432,223,0,0.23,0.0
2014-02-12,2853,222,0,2.36,3.0
2014-02-12,1190,223,0,0.0,0.0
2014-02-12,868,332,1,0.19,0.0
2014-02-12,1672,222,0,1.31,0.0
2014-02-12,1275,221,0,0.03,0.0
2014-02-12,797,114,3,1.27,2.0
2014-02-12,1228,331,0,0.19,0.0
2014-02-12,423,222,4,1.02,0.0
2014-02-12,926,332,0,0.08,0.0
2014-02-12,1548,332,1,0.16,0.0
2014-02-12,972,222,1,2.22,2.0
2014-02-12,1508,111,0,0.2,0.0
2014-02-12,1599,332,0,0.05,0.0
2014-02-12,2818,222,1,0.38,0.0
2014-02-12,1365,114,0,0.15,0.0
2014-02-12,2492,111,1,2.92,3.0
2014-02-12,1629,111,11,12.52,11.0
2014-02-12,3004,332,0,0.47,0.0
2014-02-12,2935,114,1,3.19,0.0
2014-02-12,1173,222,1,0.45,0.0
2014-02-12,2935,113,8,12.85,16.0
2014-02-12,1672,223,3,1.13,0.0
2014-02-12,1135,114,1,0.06,0.0
2014-02-12,904,333,1,0.67,0.0
2014-02-12,797,223,1,1.29,2.0
2014-02-12,1135,111,0,0.21,0.0
2014-02-12,2935,333,0,11.58,15.0
2014-02-12,743,113,0,1.21,0.0
2014-02-12,1328,114,0,0.18,0.0
2014-02-12,1424,331,0,0.06,0.0
2014-02-12,972,113,2,2.26,2.0
2014-02-12,1694,113,11,2.71,3.0
2014-02-12,868,223,0,0.19,0.0
2014-02-12,1629,331,10,5.7,5.0
2014-02-12,581,333,1,0.98,0.0
2014-02-12,2932,113,5,2.79,3.0
2014-02-12,1135,222,0,0.27,0.0
2014-02-12,423,331,0,1.05,0.0
2014-02-12,926,113,0,0.11,0.0
2014-02-12,2768,223,0,0.25,0.0
2014-02-12,1727,221,0,0.07,0.0
2014-02-12,904,222,2,0.41,0.0
2014-02-12,1727,114,0,0.01,0.0
2014-02-12,1328,113,2,0.68,0.0
2014-02-12,1242,221,0,0.34,0.0
2014-02-12,659,331,1,1.54,2.0
2014-02-12,1472,222,0,0.29,0.0
2014-02-12,631,114,2,0.65,0.0
2014-02-12,1727,332,0,0.02,0.0
2014-02-12,1054,111,1,1.65,2.0
2014-02-12,1240,222,0,0.02,0.0
2014-02-12,743,112,2,1.45,2.0
2014-02-12,74,332,0,0.07,0.0
2014-02-12,74,221,0,0.64,0.0
2014-02-12,659,112,1,0.95,0.0
2014-02-12,1275,332,0,0.04,0.0
2014-02-12,1753,332,1,0.51,0.0
2014-02-12,2768,332,1,0.66,0.0
2014-02-12,1135,333,0,0.21,0.0
2014-02-12,1542,112,0,0.13,0.0
2014-02-12,1694,112,1,3.77,3.0
2014-02-12,2853,332,1,2.02,2.0
2014-02-12,1472,331,0,0.23,0.0
2014-02-12,904,114,0,0.98,0.0
2014-02-12,1472,112,0,0.04,0.0
2014-02-12,973,114,0,0.51,0.0
2014-02-12,2492,222,0,0.17,0.0
2014-02-12,1599,114,0,0.1,0.0
2014-02-12,1753,114,0,0.76,0.0
2014-02-12,1424,111,0,0.35,0.0
2014-02-12,1054,331,1,0.89,0.0
2014-02-12,743,111,0,0.94,0.0
2014-02-12,1228,222,0,0.09,0.0
2014-02-12,2853,221,2,2.43,3.0
2014-02-12,973,332,0,0.59,0.0
2014-02-12,1508,112,0,0.11,0.0
2014-02-12,904,112,0,0.79,0.0
2014-02-12,631,112,1,1.1,0.0
2014-02-12,2768,113,1,0.77,0.0
2014-02-12,2932,114,2,1.52,2.0
2014-02-12,2492,113,1,3.46,4.0
2014-02-12,1196,114,0,0.09,0.0
2014-02-12,743,222,1,0.52,0.0
2014-02-12,423,223,2,0.56,0.0
2014-02-12,1196,113,1,0.16,0.0
2014-02-12,1328,333,0,0.26,0.0
2014-02-12,581,331,0,0.66,0.0
2014-02-12,3008,112,2,1.25,0.0
2014-02-12,611,332,2,1.54,2.0
2014-02-12,1548,331,0,0.19,0.0
2014-02-12,581,114,0,0.44,0.0
2014-02-12,1424,113,0,0.65,0.0
2014-02-12,1548,113,0,0.93,0.0
2014-02-12,423,114,2,0.32,0.0
2014-02-12,1190,113,0,0.0,0.0
2014-02-12,1054,223,2,1.07,0.0
2014-02-12,2492,112,0,0.05,0.0
2014-02-12,1242,331,0,0.06,0.0
2014-02-12,1365,113,1,0.32,0.0
2014-02-12,2794,223,0,0.49,0.0
2014-02-12,2853,223,2,2.47,3.0
2014-02-12,797,221,2,1.78,2.0
2014-02-12,1328,112,0,0.56,0.0
2014-02-12,1054,112,2,2.08,3.0
2014-02-12,972,331,0,0.05,0.0
2014-02-12,2935,332,114,35.0,31.0
2014-02-12,1472,113,1,0.37,0.0
2014-02-12,743,223,0,0.33,0.0
2014-02-12,1365,111,0,0.21,0.0
2014-02-12,1629,114,18,5.58,6.0
2014-02-12,659,111,2,0.67,0.0
2014-02-12,337,331,2,2.78,3.0
2014-02-12,2492,331,1,2.37,2.0
2014-02-12,1694,331,3,1.36,0.0
2014-02-12,973,331,0,0.65,0.0
2014-02-12,1190,332,0,0.0,0.0
2014-02-12,904,331,2,0.99,0.0
2014-02-12,1190,221,0,0.0,0.0
2014-02-12,2853,111,3,2.1,2.0
2014-02-12,926,331,0,0.25,0.0
2014-02-12,2932,112,0,1.19,0.0
2014-02-12,423,112,0,0.45,0.0
2014-02-12,1322,111,2,0.44,0.0
2014-02-12,797,111,1,1.5,2.0
2014-02-12,1228,332,0,0.0,0.0
2014-02-12,1599,222,0,0.11,0.0
2014-02-12,581,332,0,0.78,0.0
2014-02-12,3004,111,0,0.31,0.0
2014-02-12,1694,114,0,1.76,2.0
2014-02-12,1135,113,0,0.24,0.0
2014-02-12,337,114,0,1.37,2.0
2014-02-12,2818,221,0,0.26,0.0
2014-02-12,2794,333,2,1.16,2.0
2014-02-12,432,114,0,0.01,0.0
2014-02-12,2768,222,0,0.29,0.0
2014-02-12,337,113,1,0.88,0.0
2014-02-12,1472,114,0,0.17,0.0
2014-02-12,904,113,0,1.39,2.0
2014-02-12,972,111,0,0.47,0.0
2014-02-12,2932,332,1,1.33,0.0
2014-02-12,1135,223,0,0.01,0.0
2014-02-12,797,112,2,2.23,2.0
2014-02-12,1135,332,0,0.0,0.0
2014-02-12,973,333,0,0.25,0.0
2014-02-12,1242,222,2,0.71,0.0
2014-02-12,1694,333,1,1.65,2.0
2014-02-12,1727,112,0,0.04,0.0
2014-02-12,611,221,2,1.46,2.0
2014-02-12,1322,221,0,0.25,0.0
2014-02-12,1240,332,0,0.05,0.0
2014-02-12,337,112,0,0.67,0.0
2014-02-12,1365,221,0,0.14,0.0
2014-02-12,2853,333,1,1.76,2.0
2014-02-12,2935,331,12,8.84,6.0
2014-02-12,423,113,0,0.07,0.0
2014-02-12,1242,111,1,0.4,0.0
2014-02-12,631,113,2,0.99,0.0
2014-02-12,611,222,1,1.64,2.0
2014-02-12,1196,112,1,0.1,0.0
2014-02-12,3004,112,0,0.5,0.0
2014-02-12,743,114,0,0.31,0.0
2014-02-12,74,222,0,0.4,0.0
2014-02-12,2818,333,0,0.27,0.0
2014-02-12,432,222,0,0.34,0.0
2014-02-12,1472,333,0,0.41,0.0
2014-02-12,2935,112,0,3.26,4.0
2014-02-12,2935,221,0,0.71,0.0
2014-02-12,3008,332,5,1.35,2.0
2014-02-12,1548,333,0,0.09,0.0
2014-02-13,1424,113,2,0.67,0.0
2014-02-13,1694,222,7,1.79,2.0
2014-02-13,2332,331,4,2.17,2.0
2014-02-13,2932,223,0,0.07,0.0
2014-02-13,581,222,0,0.11,0.0
2014-02-13,1508,221,0,0.16,0.0
2014-02-13,2794,114,2,1.34,2.0
2014-02-13,2294,332,0,1.08,0.0
2014-02-13,2492,114,0,0.96,0.0
2014-02-13,926,222,0,0.25,0.0
2014-02-13,868,114,1,0.41,0.0
2014-02-13,1727,222,0,0.01,0.0
2014-02-13,1753,222,1,0.75,0.0
2014-02-13,1548,333,0,0.09,0.0
2014-02-13,2853,112,3,2.07,2.0
2014-02-13,1672,112,6,1.71,2.0
2014-02-13,1328,333,0,0.25,0.0
2014-02-13,2294,221,24,5.82,4.0
2014-02-13,432,223,2,0.23,0.0
2014-02-13,611,333,2,1.05,2.0
2014-02-13,581,223,1,0.99,0.0
2014-02-13,1054,333,0,1.54,2.0
2014-02-13,659,221,0,0.7,0.0
2014-02-13,3004,111,0,0.33,0.0
2014-02-13,904,331,1,1.02,2.0
2014-02-13,868,111,0,0.55,0.0
2014-02-13,2932,331,0,1.8,2.0
2014-02-13,423,112,1,0.39,0.0
2014-02-13,1240,114,0,0.0,0.0
2014-02-13,1240,221,0,0.03,0.0
2014-02-13,3008,333,3,1.74,2.0
2014-02-13,1242,332,1,0.84,0.0
2014-02-13,1629,221,4,3.12,3.0
2014-02-13,743,332,0,0.41,0.0
2014-02-13,611,113,5,3.1,4.0
2014-02-13,423,113,0,0.07,0.0
2014-02-13,3021,112,0,0.0,0.0
2014-02-13,2768,111,0,0.41,0.0
2014-02-13,926,221,0,0.12,0.0
2014-02-13,2768,112,1,0.23,0.0
2014-02-13,3021,111,0,0.21,0.0
2014-02-13,1694,112,0,3.48,3.0
2014-02-13,1173,332,1,0.2,0.0
2014-02-13,1548,221,0,0.32,0.0
2014-02-13,1548,332,0,0.2,0.0
2014-02-13,1242,333,0,0.26,0.0
2014-02-13,631,333,1,0.46,0.0
2014-02-13,1173,333,1,0.18,0.0
2014-02-13,1424,114,0,0.19,0.0
2014-02-13,743,222,2,0.57,0.0
2014-02-13,868,223,1,0.2,0.0
2014-02-13,1135,223,0,0.01,0.0
2014-02-13,423,333,0,0.28,0.0
2014-02-13,2853,111,0,2.32,2.0
2014-02-13,1672,111,2,1.88,2.0
2014-02-13,1190,111,0,0.0,0.0
2014-02-13,1365,111,0,0.2,0.0
2014-02-13,973,333,0,0.24,0.0
2014-02-13,1599,332,0,0.05,0.0
2014-02-13,972,221,7,2.1,2.0
2014-02-13,1322,223,0,0.16,0.0
2014-02-13,1727,221,0,0.07,0.0
2014-02-13,743,113,0,1.03,0.0
2014-02-13,74,221,0,0.61,0.0
2014-02-13,1542,222,0,0.11,0.0
2014-02-13,1599,333,0,0.13,0.0
2014-02-13,1196,221,0,0.18,0.0
2014-02-13,973,112,0,0.38,0.0
2014-02-13,611,332,0,1.57,2.0
2014-02-13,797,222,1,1.48,2.0
2014-02-13,74,223,0,0.66,0.0
2014-02-13,2818,331,0,0.2,0.0
2014-02-13,74,113,1,0.72,0.0
2014-02-13,1322,221,0,0.23,0.0
2014-02-13,1542,332,0,0.1,0.0
2014-02-13,3004,331,0,0.54,0.0
2014-02-13,1173,223,0,0.03,0.0
2014-02-13,1472,333,0,0.37,0.0
2014-02-13,611,222,6,1.64,2.0
2014-02-13,1672,221,1,1.94,2.0
2014-02-13,1365,221,1,0.13,0.0
2014-02-13,1228,112,0,0.24,0.0
2014-02-13,337,333,2,1.23,2.0
2014-02-13,581,332,0,0.68,0.0
2014-02-13,432,332,0,0.17,0.0
2014-02-13,2935,221,0,0.37,0.0
2014-02-13,2794,223,0,0.51,0.0
2014-02-13,973,114,0,0.47,0.0
2014-02-13,3021,114,0,0.05,0.0
2014-02-13,1275,113,0,0.16,0.0
2014-02-13,337,222,1,0.75,0.0
2014-02-13,1328,222,1,0.33,0.0
2014-02-13,2492,222,0,0.16,0.0
2014-02-13,1599,114,0,0.1,0.0
2014-02-13,631,112,0,1.17,2.0
2014-02-13,1322,114,0,0.23,0.0
2014-02-13,1228,333,0,0.29,0.0
2014-02-13,1228,222,0,0.09,0.0
2014-02-13,1196,112,0,0.16,0.0
2014-02-13,423,114,1,0.43,0.0
2014-02-13,337,114,1,1.41,2.0
2014-02-13,1135,113,1,0.26,0.0
2014-02-13,904,114,1,0.97,0.0
2014-02-13,1365,333,0,0.12,0.0
2014-02-13,2853,332,1,1.98,2.0
2014-02-13,1472,222,0,0.27,0.0
2014-02-13,1548,111,0,0.41,0.0
2014-02-13,423,221,1,0.25,0.0
2014-02-13,659,112,2,1.01,2.0
2014-02-13,1328,113,0,0.69,0.0
2014-02-13,1753,332,1,0.52,0.0
2014-02-13,2932,114,0,1.58,2.0
2014-02-13,432,114,0,0.01,0.0
2014-02-13,1240,332,0,0.05,0.0
2014-02-13,1054,112,1,1.99,3.0
2014-02-13,2935,332,102,35.8,32.0
2014-02-13,3008,222,1,0.76,0.0
2014-02-13,2492,331,8,1.99,2.0
2014-02-13,2818,221,0,0.22,0.0
2014-02-13,1472,114,0,0.14,0.0
2014-02-13,973,331,1,0.6,0.0
2014-02-13,972,111,0,0.43,0.0
2014-02-13,1694,333,1,1.58,2.0
2014-02-13,797,112,2,2.26,2.0
2014-02-13,1054,223,1,1.27,2.0
2014-02-13,1190,221,0,0.0,0.0
2014-02-13,1365,113,4,0.33,0.0
2014-02-13,2932,112,0,1.14,0.0
2014-02-13,1196,113,0,0.22,0.0
2014-02-13,581,331,1,0.69,0.0
2014-02-13,581,114,2,0.39,0.0
2014-02-13,973,113,0,1.02,0.0
2014-02-13,926,331,0,0.25,0.0
2014-02-13,1135,221,0,0.16,0.0
2014-02-13,1472,331,0,0.23,0.0
2014-02-13,3008,223,0,0.97,0.0
2014-02-13,1548,331,0,0.19,0.0
2014-02-13,3008,112,0,1.37,0.0
2014-02-13,1548,222,0,0.47,0.0
2014-02-13,1548,113,0,0.84,0.0
2014-02-13,2492,112,0,0.05,0.0
2014-02-13,631,223,0,0.27,0.0
2014-02-13,2818,111,3,0.45,0.0
2014-02-13,1508,113,0,0.23,0.0
2014-02-13,1727,113,1,0.03,0.0
2014-02-13,1275,223,0,0.01,0.0
2014-02-13,1694,111,3,1.77,2.0
2014-02-13,423,332,1,0.25,0.0
2014-02-13,972,333,0,1.3,0.0
2014-02-13,1190,114,0,0.0,0.0
2014-02-13,1242,114,0,0.18,0.0
2014-02-13,797,333,0,1.68,2.0
2014-02-13,581,112,0,0.83,0.0
2014-02-13,868,331,0,0.14,0.0
2014-02-13,1328,223,1,0.4,0.0
2014-02-13,926,111,0,0.01,0.0
2014-02-13,1542,114,0,0.1,0.0
2014-02-13,581,111,4,1.24,2.0
2014-02-13,2294,114,0,0.39,0.0
2014-02-13,1472,221,0,0.23,0.0
2014-02-13,1599,223,0,0.28,0.0
2014-02-13,1054,114,0,1.08,0.0
2014-02-13,1424,332,0,0.06,0.0
2014-02-13,1322,222,0,0.29,0.0
2014-02-13,1322,331,0,0.1,0.0
2014-02-13,1240,223,0,0.0,0.0
2014-02-13,2853,223,4,2.95,3.0
2014-02-13,1196,222,0,0.17,0.0
2014-02-13,2332,221,3,2.1,2.0
2014-02-13,74,332,0,0.06,0.0
2014-02-13,1727,332,0,0.01,0.0
2014-02-13,1275,332,0,0.04,0.0
2014-02-13,2768,332,0,0.83,0.0
2014-02-13,1135,333,0,0.19,0.0
2014-02-13,1548,223,0,0.33,0.0
2014-02-13,868,222,0,0.31,0.0
2014-02-13,1542,112,0,0.13,0.0
2014-02-13,1173,113,1,1.19,2.0
2014-02-13,2492,113,8,2.8,3.0
2014-02-13,2768,221,1,0.27,0.0
2014-02-13,2794,113,2,2.09,2.0
2014-02-13,1328,112,0,0.52,0.0
2014-02-13,1508,223,0,0.15,0.0
2014-02-13,972,331,0,0.05,0.0
2014-02-13,2332,333,0,2.02,2.0
2014-02-13,1629,114,8,7.13,8.0
2014-02-13,2935,111,59,5.46,8.0
2014-02-13,1173,112,0,0.74,0.0
2014-02-13,337,331,3,3.09,3.0
2014-02-13,432,112,0,0.0,0.0
2014-02-13,904,223,0,0.34,0.0
2014-02-13,1694,331,7,1.6,2.0
2014-02-13,1190,332,0,0.0,0.0
2014-02-13,1629,112,5,5.93,7.0
2014-02-13,797,221,6,1.82,2.0
2014-02-13,1424,222,0,0.26,0.0
2014-02-13,904,112,2,0.48,0.0
2014-02-13,1727,223,0,0.01,0.0
2014-02-13,659,113,0,0.22,0.0
2014-02-13,2853,221,2,2.43,3.0
2014-02-13,1228,331,0,0.19,0.0
2014-02-13,423,222,0,1.37,0.0
2014-02-13,1424,331,0,0.06,0.0
2014-02-13,1365,114,0,0.15,0.0
2014-02-13,1135,114,0,0.14,0.0
2014-02-13,581,333,0,0.98,0.0
2014-02-13,423,331,0,0.74,0.0
2014-02-13,904,222,1,0.44,0.0
2014-02-13,1173,222,1,0.47,0.0
2014-02-13,1629,331,10,7.2,6.0
2014-02-13,2935,113,3,13.51,16.0
2014-02-13,1694,113,0,3.66,4.0
2014-02-13,1240,331,0,0.03,0.0
2014-02-13,797,223,2,1.28,2.0
2014-02-13,2294,333,8,2.4,3.0
2014-02-13,1694,221,0,1.34,0.0
2014-02-13,2818,222,0,0.39,0.0
2014-02-13,926,332,0,0.07,0.0
2014-02-13,2332,114,12,3.04,4.0
2014-02-13,1753,223,13,0.92,0.0
2014-02-13,972,222,2,2.03,2.0
2014-02-13,631,222,2,0.31,0.0
2014-02-13,1694,114,4,1.55,2.0
2014-02-13,1508,111,0,0.2,0.0
2014-02-13,3004,332,0,0.34,0.0
2014-02-13,3021,221,1,0.1,0.0
2014-02-13,1424,223,1,0.24,0.0
2014-02-13,2492,111,3,2.24,3.0
2014-02-13,797,332,1,1.08,2.0
2014-02-13,1135,111,0,0.22,0.0
2014-02-13,868,332,0,0.24,0.0
2014-02-13,1242,221,1,0.34,0.0
2014-02-13,1548,114,1,0.23,0.0
2014-02-13,743,223,0,0.32,0.0
2014-02-13,74,331,0,0.0,0.0
2014-02-13,1542,113,0,0.1,0.0
2014-02-13,1727,111,0,0.02,0.0
2014-02-13,1599,111,0,0.14,0.0
2014-02-13,1672,333,2,1.3,0.0
2014-02-13,1190,223,0,0.0,0.0
2014-02-13,868,113,0,0.19,0.0
2014-02-13,337,332,2,1.93,2.0
2014-02-13,1322,113,0,0.51,0.0
2014-02-13,432,113,1,0.17,0.0
2014-02-13,1753,333,1,0.39,0.0
2014-02-13,581,113,0,1.97,2.0
2014-02-13,1599,221,0,0.13,0.0
2014-02-13,973,223,0,0.07,0.0
2014-02-13,1196,332,0,0.12,0.0
2014-02-13,2492,223,0,1.88,2.0
2014-02-13,3008,114,0,0.74,0.0
2014-02-13,1472,111,0,0.26,0.0
2014-02-13,1672,222,1,0.79,0.0
2014-02-13,1054,113,4,3.28,3.0
2014-02-13,1328,114,1,0.16,0.0
2014-02-13,2853,222,0,1.96,3.0
2014-02-13,972,113,2,2.29,2.0
2014-02-13,2932,113,0,2.88,3.0
2014-02-13,926,113,0,0.08,0.0
2014-02-13,2768,223,0,0.22,0.0
2014-02-13,1275,221,0,0.03,0.0
2014-02-13,1542,333,0,0.0,0.0
2014-02-13,1508,112,0,0.09,0.0
2014-02-13,1322,332,0,0.12,0.0
2014-02-13,1672,223,0,1.61,2.0
2014-02-13,2794,112,6,1.97,2.0
2014-02-13,1135,332,0,0.0,0.0
2014-02-13,1275,222,0,0.03,0.0
2014-02-13,2768,222,0,0.29,0.0
2014-02-13,1727,112,0,0.04,0.0
2014-02-13,1599,222,0,0.11,0.0
2014-02-13,1173,221,0,0.22,0.0
2014-02-13,74,112,0,0.0,0.0
2014-02-13,797,111,5,1.61,2.0
2014-02-13,432,222,0,0.33,0.0
2014-02-13,2332,113,10,10.28,12.0
2014-02-13,631,111,2,1.69,2.0
2014-02-13,2294,111,2,1.09,0.0
2014-02-13,1242,222,0,0.75,0.0
2014-02-13,743,114,2,0.29,0.0
2014-02-13,3004,112,0,0.46,0.0
2014-02-13,1753,113,7,2.23,2.0
2014-02-13,2935,112,0,3.84,0.0
2014-02-13,1472,112,0,0.04,0.0
2014-02-13,2818,112,0,0.68,0.0
2014-02-13,1753,114,4,0.62,0.0
2014-02-13,2794,222,1,1.15,2.0
2014-02-13,1424,111,0,0.33,0.0
2014-02-13,1508,333,0,0.01,0.0
2014-02-13,743,111,2,0.94,0.0
2014-02-13,1242,111,0,0.41,0.0
2014-02-13,3008,113,4,2.05,2.0
2014-02-13,2935,331,3,5.86,7.0
2014-02-13,631,113,3,1.04,0.0
2014-02-13,611,221,8,1.45,2.0
2014-02-13,659,333,0,0.42,0.0
2014-02-13,337,113,1,0.99,2.0
2014-02-13,3004,221,0,0.21,0.0
2014-02-13,904,333,0,0.72,0.0
2014-02-13,972,332,8,3.93,4.0
2014-02-13,2794,331,2,0.82,0.0
2014-02-13,1275,333,0,0.02,0.0
2014-02-13,2818,223,1,0.39,0.0
2014-02-13,2935,114,0,3.26,4.0
2014-02-13,631,332,1,0.51,0.0
2014-02-13,2294,223,3,1.83,2.0
2014-02-13,1753,111,1,1.53,0.0
2014-02-13,1727,331,0,0.01,0.0
2014-02-13,337,111,1,1.08,0.0
2014-02-13,1694,223,0,0.64,0.0
2014-02-13,1328,221,0,0.46,0.0
2014-02-13,2768,331,1,0.59,0.0
2014-02-13,1054,332,2,1.83,2.0
2014-02-13,611,112,0,1.32,0.0
2014-02-13,1508,331,0,0.09,0.0
2014-02-13,3021,332,0,0.03,0.0
2014-02-13,2294,222,10,1.5,0.0
2014-02-13,1275,114,0,0.03,0.0
2014-02-13,1629,332,20,12.5,12.0
2014-02-13,1228,223,0,0.15,0.0
2014-02-13,1190,222,0,0.0,0.0
2014-02-13,1228,113,0,0.0,0.0
2014-02-13,1190,331,0,0.0,0.0
2014-02-13,3021,222,0,0.22,0.0
2014-02-13,659,331,0,1.67,2.0
2014-02-13,1228,332,0,0.0,0.0
2014-02-13,3008,221,0,0.96,0.0
2014-02-13,3021,223,0,0.01,0.0
2014-02-13,1629,113,10,6.39,8.0
2014-02-13,3008,111,0,1.14,0.0
2014-02-13,659,222,0,0.51,0.0
2014-02-13,74,222,1,0.35,0.0
2014-02-13,2818,333,0,0.26,0.0
2014-02-13,1672,113,6,3.97,4.0
2014-02-13,3021,333,0,0.07,0.0
2014-02-13,1365,112,2,0.48,0.0
2014-02-13,1629,223,3,0.72,0.0
2014-02-13,1424,221,1,0.47,0.0
2014-02-13,1322,111,1,0.47,0.0
2014-02-13,611,223,4,1.46,2.0
2014-02-13,972,223,3,2.69,2.0
2014-02-13,659,223,2,0.45,0.0
2014-02-13,1228,221,0,0.0,0.0
2014-02-13,1242,331,0,0.04,0.0
2014-02-13,2768,333,0,0.82,0.0
2014-02-13,659,111,0,0.65,0.0
2014-02-13,1275,111,0,0.03,0.0
2014-02-13,1472,113,1,0.4,0.0
2014-02-13,1599,331,0,0.14,0.0
2014-02-13,659,114,0,0.81,0.0
2014-02-13,2294,112,0,0.66,0.0
2014-02-13,1054,111,1,1.62,2.0
2014-02-13,631,221,1,0.24,0.0
2014-02-13,659,332,0,0.43,0.0
2014-02-13,1196,331,0,0.38,0.0
2014-02-13,1694,332,0,3.32,3.0
2014-02-13,797,113,7,3.16,4.0
2014-02-13,1190,333,0,0.0,0.0
2014-02-13,1672,332,2,1.18,0.0
2014-02-13,1472,223,1,0.28,0.0
2014-02-13,1542,223,0,0.16,0.0
2014-02-13,2853,333,2,1.8,2.0
2014-02-13,2794,111,4,2.39,2.0
2014-02-13,926,112,0,0.0,0.0
2014-02-13,2492,333,1,1.69,2.0
2014-02-13,973,222,0,0.43,0.0
2014-02-13,3021,113,2,0.49,0.0
2014-02-13,1365,331,0,0.25,0.0
2014-02-13,631,331,1,0.93,0.0
2014-02-13,1275,112,0,0.03,0.0
2014-02-13,1542,111,0,0.05,0.0
2014-02-13,3004,223,0,0.55,0.0
2014-02-13,1190,113,0,0.0,0.0
2014-02-13,1196,114,0,0.09,0.0
2014-02-13,1365,332,1,0.04,0.0
2014-02-13,1240,222,0,0.02,0.0
2014-02-13,1190,112,0,0.0,0.0
2014-02-13,2818,113,0,0.63,0.0
2014-02-13,2853,331,4,2.1,2.0
2014-02-13,1629,111,11,11.17,11.0
2014-02-13,2932,111,9,1.51,2.0
2014-02-13,611,111,5,1.95,2.0
2014-02-13,904,221,0,0.42,0.0
2014-02-13,1328,331,1,0.61,0.0
2014-02-13,1328,111,0,0.6,0.0
2014-02-13,337,221,0,0.57,0.0
2014-02-13,2294,113,3,2.73,0.0
2014-02-13,972,112,0,0.65,0.0
2014-02-13,3004,113,0,0.25,0.0
2014-02-13,904,113,0,1.28,0.0
2014-02-13,1240,112,0,0.0,0.0
2014-02-13,2294,331,0,0.67,0.0
2014-02-13,868,333,0,0.25,0.0
2014-02-13,337,112,1,0.65,0.0
2014-02-13,2332,332,5,2.37,3.0
2014-02-13,1727,333,0,0.08,0.0
2014-02-13,2932,332,0,1.0,0.0
2014-02-13,2794,333,1,1.24,2.0
2014-02-13,1542,221,0,0.26,0.0
2014-02-13,2768,113,1,0.74,0.0
2014-02-13,1242,112,3,0.75,0.0
2014-02-13,432,331,0,0.1,0.0
2014-02-13,1472,332,0,0.31,0.0
2014-02-13,1424,333,2,0.27,0.0
2014-02-13,1135,222,0,0.24,0.0
2014-02-13,2935,333,0,12.61,0.0
2014-02-13,797,114,0,1.33,2.0
2014-02-13,1322,333,0,0.17,0.0
2014-02-13,973,332,3,0.52,0.0
2014-02-13,611,114,1,1.44,2.0
2014-02-13,423,111,2,0.51,0.0
2014-02-13,1753,221,7,1.22,0.0
2014-02-13,1196,223,0,0.08,0.0
2014-02-13,432,221,1,0.13,0.0
2014-02-13,3004,114,0,0.84,0.0
2014-02-13,743,112,1,1.45,2.0
2014-02-13,1727,114,0,0.01,0.0
2014-02-13,1508,222,0,0.14,0.0
2014-02-13,631,114,0,0.71,0.0
2014-02-13,1753,112,0,2.23,3.0
2014-02-13,3004,333,0,3.85,4.0
2014-02-13,1054,331,1,0.98,2.0
2014-02-13,2492,221,4,1.41,2.0
2014-02-13,1135,112,0,0.05,0.0
2014-02-13,1275,331,0,0.06,0.0
2014-02-13,1135,331,0,0.21,0.0
2014-02-13,3008,332,1,1.5,2.0
2014-02-13,432,111,0,0.07,0.0
2014-02-13,1629,222,11,6.14,8.0
2014-02-13,743,221,0,0.52,0.0
2014-02-13,926,333,0,0.06,0.0
2014-02-13,1228,111,1,0.18,0.0
2014-02-13,1629,333,3,3.06,3.0
2014-02-13,2492,332,0,1.33,0.0
2014-02-13,904,111,0,1.5,2.0
2014-02-13,74,114,0,0.3,0.0
2014-02-13,1672,331,1,0.5,0.0
2014-02-13,1508,114,0,0.09,0.0
2014-02-13,2853,113,4,2.48,3.0
2014-02-13,868,221,0,0.2,0.0
2014-02-13,926,114,1,0.05,0.0
2014-02-13,1054,221,2,2.08,2.0
2014-02-13,1173,111,0,0.46,0.0
2014-02-13,1424,112,0,0.57,0.0
2014-02-13,3021,331,0,0.22,0.0
2014-02-13,1599,113,0,0.0,0.0
2014-02-13,1548,112,2,1.04,0.0
2014-02-13,1753,331,1,0.63,0.0
2014-02-13,904,332,1,0.7,0.0
2014-02-13,2935,223,0,1.53,0.0
2014-02-13,1328,332,1,0.55,0.0
2014-02-13,2332,111,6,4.37,4.0
2014-02-13,743,331,1,0.98,0.0
2014-02-13,2932,333,2,1.74,2.0
2014-02-13,2818,332,2,0.52,0.0
2014-02-13,74,111,0,0.21,0.0
2014-02-13,2794,221,3,0.88,0.0
2014-02-13,423,223,0,0.69,0.0
2014-02-13,743,333,1,0.56,0.0
2014-02-13,1672,114,1,0.68,0.0
2014-02-13,1240,111,0,0.01,0.0
2014-02-13,337,223,0,0.42,0.0
2014-02-13,3004,222,0,0.54,0.0
2014-02-13,1508,332,0,0.0,0.0
2014-02-13,973,221,0,0.29,0.0
2014-02-13,432,333,0,0.14,0.0
2014-02-13,1242,223,1,0.37,0.0
2014-02-13,2818,114,1,0.28,0.0
2014-02-13,1542,331,0,0.05,0.0
2014-02-13,2932,222,2,1.38,2.0
2014-02-13,581,221,0,0.1,0.0
2014-02-13,2794,332,1,1.4,2.0
2014-02-13,2332,223,0,1.53,2.0
2014-02-13,1173,114,0,0.02,0.0
2014-02-13,2768,114,0,0.13,0.0
2014-02-13,1365,223,0,0.03,0.0
2014-02-13,1228,114,0,0.2,0.0
2014-02-13,1054,222,1,1.77,2.0
2014-02-13,868,112,0,0.36,0.0
2014-02-13,1240,113,0,0.15,0.0
2014-02-13,2853,114,5,2.02,2.0
2014-02-13,797,331,1,1.4,2.0
2014-02-13,1365,222,0,0.17,0.0
2014-02-13,1599,112,0,0.0,0.0
2014-02-13,2332,112,2,2.49,3.0
2014-02-13,74,333,0,0.12,0.0
2014-02-13,926,223,1,0.18,0.0
2014-02-13,1240,333,0,0.02,0.0
2014-02-13,973,111,0,0.0,0.0
2014-02-13,1196,111,0,0.13,0.0
2014-02-13,1322,112,0,0.33,0.0
2014-02-13,2932,221,0,1.06,0.0
2014-02-13,3008,331,1,1.42,2.0
2014-02-13,1242,113,1,0.68,0.0
2014-02-13,611,331,2,1.54,2.0
2014-02-13,1173,331,0,0.32,0.0
2014-02-13,972,114,0,0.22,0.0
2014-02-13,2935,222,16,9.03,8.0
2014-02-13,1196,333,0,0.08,0.0
2014-02-13,2332,222,3,1.98,2.0
2014-02-14,1472,332,0,0.36,0.0
2014-02-14,1228,114,0,0.22,0.0
2014-02-14,1599,111,0,0.16,0.0
2014-02-14,1672,333,4,1.46,2.0
2014-02-14,1190,223,0,0.01,0.0
2014-02-14,1672,112,3,2.59,2.0
2014-02-14,337,111,0,1.46,2.0
2014-02-14,1727,221,0,0.09,0.0
2014-02-14,1135,112,0,0.07,0.0
2014-02-14,1242,113,1,1.02,0.0
2014-02-14,1629,331,12,8.49,7.0
2014-02-14,611,333,1,1.26,2.0
2014-02-14,1196,331,0,0.39,0.0
2014-02-14,868,111,0,0.61,0.0
2014-02-14,868,223,0,0.24,0.0
2014-02-14,1228,113,0,0.01,0.0
2014-02-14,1629,113,11,8.89,9.0
2014-02-14,1424,331,0,0.07,0.0
2014-02-14,611,111,1,2.39,3.0
2014-02-14,1672,332,2,1.46,2.0
2014-02-14,337,223,1,0.48,0.0
2014-02-14,904,221,0,0.47,0.0
2014-02-14,1228,223,0,0.17,0.0
2014-02-14,743,223,0,0.34,0.0
2014-02-14,2294,222,9,2.38,0.0
2014-02-14,423,331,0,0.71,0.0
2014-02-14,1508,331,0,0.11,0.0
2014-02-14,3021,111,0,0.22,0.0
2014-02-14,904,222,0,0.55,0.0
2014-02-14,2768,331,0,0.68,0.0
2014-02-14,1727,111,0,0.03,0.0
2014-02-14,868,332,0,0.26,0.0
2014-02-14,2853,331,2,2.62,3.0
2014-02-14,2935,114,0,2.71,0.0
2014-02-14,1753,111,3,1.62,2.0
2014-02-14,972,223,1,2.7,3.0
2014-02-14,3021,331,0,0.25,0.0
2014-02-14,2492,111,3,3.28,3.0
2014-02-14,74,333,0,0.14,0.0
2014-02-14,1472,111,0,0.25,0.0
2014-02-14,1240,114,0,0.01,0.0
2014-02-14,2853,112,1,2.52,2.0
2014-02-14,3004,332,0,0.35,0.0
2014-02-14,2332,111,5,5.16,4.0
2014-02-14,926,332,0,0.08,0.0
2014-02-14,2935,223,2,0.34,0.0
2014-02-14,2853,222,0,1.86,3.0
2014-02-14,1054,113,2,4.17,4.0
2014-02-14,1173,333,0,0.22,0.0
2014-02-14,1508,111,0,0.22,0.0
2014-02-14,1599,333,0,0.16,0.0
2014-02-14,611,223,4,1.77,2.0
2014-02-14,3008,114,0,0.73,0.0
2014-02-14,973,222,0,0.51,0.0
2014-02-14,581,333,1,1.07,0.0
2014-02-14,2818,222,0,0.45,0.0
2014-02-14,1275,221,0,0.05,0.0
2014-02-14,74,111,0,0.23,0.0
2014-02-14,972,222,3,2.55,3.0
2014-02-14,659,333,0,0.51,0.0
2014-02-14,1242,221,0,0.42,0.0
2014-02-14,3004,333,0,3.07,5.0
2014-02-14,1322,113,0,0.57,0.0
2014-02-14,3004,114,0,0.8,0.0
2014-02-14,1196,111,0,0.16,0.0
2014-02-14,1694,113,0,2.52,4.0
2014-02-14,2818,113,0,0.75,0.0
2014-02-14,2794,331,1,1.12,1.0
2014-02-14,611,332,4,1.64,2.0
2014-02-14,2794,111,1,3.02,2.0
2014-02-14,904,333,1,0.84,0.0
2014-02-14,973,223,0,0.09,0.0
2014-02-14,1672,223,0,1.21,0.0
2014-02-14,1173,111,0,0.58,0.0
2014-02-14,581,113,2,2.12,2.0
2014-02-14,432,221,0,0.2,0.0
2014-02-14,3021,223,0,0.02,0.0
2014-02-14,631,331,2,1.05,2.0
2014-02-14,1629,114,12,5.88,8.0
2014-02-14,972,114,0,0.22,0.0
2014-02-14,972,331,0,0.06,0.0
2014-02-14,2332,112,3,2.99,3.0
2014-02-14,1328,112,0,0.6,0.0
2014-02-14,2492,113,8,4.84,4.0
2014-02-14,1599,112,0,0.01,0.0
2014-02-14,1542,112,0,0.14,0.0
2014-02-14,1135,333,0,0.21,0.0
2014-02-14,2768,332,0,0.79,0.0
2014-02-14,2935,222,2,8.57,11.0
2014-02-14,1275,332,0,0.06,0.0
2014-02-14,1727,332,0,0.03,0.0
2014-02-14,1365,222,0,0.18,0.0
2014-02-14,2768,111,0,0.48,0.0
2014-02-14,74,332,0,0.06,0.0
2014-02-14,797,331,1,1.65,2.0
2014-02-14,904,112,0,1.45,3.0
2014-02-14,1240,333,0,0.03,0.0
2014-02-14,1228,222,0,0.11,0.0
2014-02-14,797,113,7,4.47,5.0
2014-02-14,631,112,0,1.25,2.0
2014-02-14,1694,332,0,3.07,3.0
2014-02-14,1599,114,0,0.12,0.0
2014-02-14,2492,222,0,0.16,0.0
2014-02-14,1190,333,0,0.01,0.0
2014-02-14,973,114,0,0.57,0.0
2014-02-14,743,221,1,0.54,0.0
2014-02-14,2935,221,0,0.33,0.0
2014-02-14,1365,331,1,0.28,0.0
2014-02-14,926,112,0,0.02,0.0
2014-02-14,1548,112,1,1.33,2.0
2014-02-14,337,331,3,3.91,4.0
2014-02-14,1472,331,0,0.24,0.0
2014-02-14,1424,332,0,0.08,0.0
2014-02-14,423,223,3,0.65,0.0
2014-02-14,1472,221,0,0.23,0.0
2014-02-14,581,111,0,1.54,2.0
2014-02-14,1054,114,2,1.15,0.0
2014-02-14,2818,114,0,0.34,0.0
2014-02-14,581,112,0,0.95,0.0
2014-02-14,1508,332,0,0.0,0.0
2014-02-14,1753,222,1,0.85,0.0
2014-02-14,1242,114,2,0.21,0.0
2014-02-14,2332,331,2,2.63,2.0
2014-02-14,743,222,0,0.74,0.0
2014-02-14,1322,223,0,0.18,0.0
2014-02-14,1275,223,0,0.03,0.0
2014-02-14,1173,114,0,0.03,0.0
2014-02-14,2492,112,0,0.07,0.0
2014-02-14,1054,221,2,2.47,2.0
2014-02-14,1694,331,2,1.74,2.0
2014-02-14,1190,332,0,0.01,0.0
2014-02-14,1599,113,0,0.01,0.0
2014-02-14,1629,221,3,3.61,3.0
2014-02-14,797,221,1,2.17,2.0
2014-02-14,2853,223,9,3.82,3.0
2014-02-14,1196,112,0,0.18,0.0
2014-02-14,1242,332,4,0.94,2.0
2014-02-14,1548,331,0,0.2,0.0
2014-02-14,1672,331,1,0.71,0.0
2014-02-14,3008,112,0,1.32,0.0
2014-02-14,1328,333,1,0.27,0.0
2014-02-14,1548,113,2,0.97,0.0
2014-02-14,1424,113,0,0.77,0.0
2014-02-14,868,221,0,0.23,0.0
2014-02-14,1190,331,0,0.01,0.0
2014-02-14,1694,112,1,3.35,4.0
2014-02-14,926,333,0,0.07,0.0
2014-02-14,3008,111,0,1.2,0.0
2014-02-14,926,111,0,0.03,0.0
2014-02-14,2935,331,20,7.51,8.0
2014-02-14,1753,112,2,1.6,3.0
2014-02-14,3008,113,2,2.59,2.0
2014-02-14,2492,221,5,1.86,2.0
2014-02-14,2794,114,0,1.59,2.0
2014-02-14,1508,333,0,0.02,0.0
2014-02-14,2794,222,1,1.23,2.0
2014-02-14,2818,112,1,0.74,0.0
2014-02-14,1275,331,0,0.07,0.0
2014-02-14,1328,113,0,0.81,0.0
2014-02-14,1753,113,4,2.68,3.0
2014-02-14,1424,333,0,0.4,0.0
2014-02-14,659,113,1,0.24,0.0
2014-02-14,1328,111,0,0.6,0.0
2014-02-14,2294,113,11,1.82,4.0
2014-02-14,2332,113,8,10.97,13.0
2014-02-14,74,112,0,0.02,0.0
2014-02-14,3004,113,0,0.31,0.0
2014-02-14,1542,222,0,0.13,0.0
2014-02-14,1275,222,0,0.05,0.0
2014-02-14,868,333,1,0.27,0.0
2014-02-14,1548,332,0,0.21,0.0
2014-02-14,2794,112,2,2.83,2.0
2014-02-14,1173,221,0,0.25,0.0
2014-02-14,1727,333,0,0.09,0.0
2014-02-14,611,113,1,3.94,4.0
2014-02-14,1242,112,0,1.02,2.0
2014-02-14,3021,222,0,0.23,0.0
2014-02-14,2294,111,1,1.45,0.0
2014-02-14,1196,223,0,0.09,0.0
2014-02-14,1365,333,0,0.13,0.0
2014-02-14,2794,223,0,0.56,0.0
2014-02-14,611,222,2,2.04,2.0
2014-02-14,1365,332,1,0.15,0.0
2014-02-14,1472,333,1,0.43,0.0
2014-02-14,659,332,0,0.51,0.0
2014-02-14,1322,221,0,0.28,0.0
2014-02-14,423,112,0,0.54,0.0
2014-02-14,337,114,3,1.66,2.0
2014-02-14,581,332,0,0.68,0.0
2014-02-14,631,111,4,2.0,2.0
2014-02-14,659,222,0,0.57,0.0
2014-02-14,2294,221,23,4.82,7.0
2014-02-14,1629,223,1,1.91,2.0
2014-02-14,1135,113,1,0.33,0.0
2014-02-14,2932,112,4,1.09,0.0
2014-02-14,423,333,0,0.29,0.0
2014-02-14,1135,223,0,0.03,0.0
2014-02-14,797,112,2,2.84,3.0
2014-02-14,1548,111,0,0.44,0.0
2014-02-14,1322,333,0,0.18,0.0
2014-02-14,423,221,0,0.3,0.0
2014-02-14,432,114,0,0.03,0.0
2014-02-14,2932,111,1,2.09,2.0
2014-02-14,2294,112,0,0.7,0.0
2014-02-14,1365,221,0,0.2,0.0
2014-02-14,1240,332,0,0.07,0.0
2014-02-14,659,114,1,0.72,0.0
2014-02-14,1472,114,0,0.15,0.0
2014-02-14,972,111,2,0.47,0.0
2014-02-14,2768,333,0,0.8,0.0
2014-02-14,1694,333,7,1.7,2.0
2014-02-14,1228,221,0,0.01,0.0
2014-02-14,2818,221,0,0.24,0.0
2014-02-14,1753,223,16,2.37,0.0
2014-02-14,2332,114,1,4.34,5.0
2014-02-14,904,223,0,0.36,0.0
2014-02-14,432,111,0,0.08,0.0
2014-02-14,1599,332,0,0.07,0.0
2014-02-14,973,112,0,0.45,0.0
2014-02-14,1135,222,0,0.29,0.0
2014-02-14,2935,333,0,14.07,0.0
2014-02-14,2492,114,0,0.83,0.0
2014-02-14,1328,331,1,0.77,0.0
2014-02-14,1190,111,0,0.02,0.0
2014-02-14,1196,222,0,0.2,0.0
2014-02-14,337,221,1,0.7,0.0
2014-02-14,1135,221,0,0.16,0.0
2014-02-14,973,113,0,1.09,0.0
2014-02-14,1228,333,0,0.35,0.0
2014-02-14,1322,114,0,0.28,0.0
2014-02-14,972,112,0,0.66,0.0
2014-02-14,1672,111,1,1.98,2.0
2014-02-14,2332,221,3,2.42,2.0
2014-02-14,1548,223,0,0.33,0.0
2014-02-14,1135,331,0,0.24,0.0
2014-02-14,1240,223,0,0.01,0.0
2014-02-14,1424,222,1,0.28,0.0
2014-02-14,1629,112,7,6.91,7.0
2014-02-14,1508,222,0,0.17,0.0
2014-02-14,1173,112,0,0.85,0.0
2014-02-14,432,112,0,0.02,0.0
2014-02-14,797,222,1,1.66,2.0
2014-02-14,1173,113,0,1.37,2.0
2014-02-14,581,223,0,1.17,2.0
2014-02-14,2935,111,8,8.07,14.0
2014-02-14,2332,333,0,2.06,2.0
2014-02-14,2794,113,0,2.8,2.0
2014-02-14,2768,221,0,0.37,0.0
2014-02-14,1508,223,0,0.17,0.0
2014-02-14,1629,222,19,9.6,10.0
2014-02-14,868,222,1,0.32,0.0
2014-02-14,868,114,1,0.52,0.0
2014-02-14,1322,331,1,0.1,0.0
2014-02-14,1240,112,0,0.01,0.0
2014-02-14,337,222,0,0.92,0.0
2014-02-14,423,114,0,0.55,0.0
2014-02-14,2794,333,2,1.35,2.0
2014-02-14,581,114,2,0.55,0.0
2014-02-14,1196,113,0,0.23,0.0
2014-02-14,581,331,1,0.83,0.0
2014-02-14,337,112,3,0.85,0.0
2014-02-14,1365,113,1,0.56,0.0
2014-02-14,423,113,0,0.07,0.0
2014-02-14,1190,221,0,0.01,0.0
2014-02-14,1054,223,1,1.47,2.0
2014-02-14,904,113,1,1.39,0.0
2014-02-14,973,331,1,0.79,0.0
2014-02-14,2853,111,8,2.33,3.0
2014-02-14,3008,332,0,1.71,2.0
2014-02-14,1054,331,0,1.09,2.0
2014-02-14,74,223,0,0.7,0.0
2014-02-14,2818,331,0,0.21,0.0
2014-02-14,2768,113,1,0.85,0.0
2014-02-14,868,112,0,0.43,0.0
2014-02-14,1275,113,0,0.16,0.0
2014-02-14,3021,114,0,0.05,0.0
2014-02-14,659,221,0,0.76,0.0
2014-02-14,1240,221,0,0.04,0.0
2014-02-14,2332,332,2,2.97,4.0
2014-02-14,2294,331,3,0.46,0.0
2014-02-14,432,332,0,0.2,0.0
2014-02-14,1328,222,1,0.42,0.0
2014-02-14,1242,333,0,0.26,0.0
2014-02-14,337,333,1,1.44,2.0
2014-02-14,1228,112,0,0.3,0.0
2014-02-14,1672,221,2,1.84,2.0
2014-02-14,1173,223,0,0.04,0.0
2014-02-14,3004,331,0,0.66,0.0
2014-02-14,1542,332,0,0.11,0.0
2014-02-14,74,113,1,0.88,0.0
2014-02-14,1542,221,1,0.26,0.0
2014-02-14,1365,111,1,0.22,0.0
2014-02-14,1753,221,0,1.31,2.0
2014-02-14,3008,223,0,0.96,0.0
2014-02-14,904,332,4,0.83,0.0
2014-02-14,1196,114,0,0.11,0.0
2014-02-14,1240,222,0,0.04,0.0
2014-02-14,1424,112,0,0.65,0.0
2014-02-14,972,221,2,3.21,3.0
2014-02-14,1054,111,2,1.89,2.0
2014-02-14,74,222,1,0.53,0.0
2014-02-14,2818,333,0,0.28,0.0
2014-02-14,2492,332,0,1.19,0.0
2014-02-14,904,111,0,1.64,2.0
2014-02-14,2818,332,0,0.75,0.0
2014-02-14,432,333,0,0.15,0.0
2014-02-14,2768,114,0,0.14,0.0
2014-02-14,2794,332,1,1.51,2.0
2014-02-14,1548,333,1,0.1,0.0
2014-02-14,1753,331,0,0.82,0.0
2014-02-14,926,114,0,0.2,0.0
2014-02-14,1190,113,0,0.01,0.0
2014-02-14,2932,333,2,1.96,2.0
2014-02-14,743,331,1,1.1,1.0
2014-02-14,3008,331,5,1.55,2.0
2014-02-14,1322,112,0,0.38,0.0
2014-02-14,1472,223,0,0.37,0.0
2014-02-14,2768,112,0,0.4,0.0
2014-02-14,2853,114,0,2.88,3.0
2014-02-14,2853,333,2,2.18,2.0
2014-02-14,1365,112,0,0.51,0.0
2014-02-14,3021,113,0,0.78,0.0
2014-02-14,1275,112,0,0.05,0.0
2014-02-14,1173,331,2,0.36,0.0
2014-02-14,926,223,0,0.25,0.0
2014-02-14,926,222,0,0.27,0.0
2014-02-14,2932,221,1,1.11,0.0
2014-02-14,2332,222,2,2.33,2.0
2014-02-14,1054,222,0,1.61,2.0
2014-02-14,1629,333,6,4.42,3.0
2014-02-14,972,333,0,1.07,0.0
2014-02-14,1542,331,0,0.06,0.0
2014-02-14,973,221,1,0.36,0.0
2014-02-14,1190,114,0,0.01,0.0
2014-02-14,423,332,0,0.33,0.0
2014-02-14,1629,111,20,12.21,12.0
2014-02-14,1727,114,0,0.02,0.0
2014-02-14,1694,111,3,2.01,2.0
2014-02-14,1727,113,0,0.62,0.0
2014-02-14,1508,113,0,0.26,0.0
2014-02-14,797,114,1,1.43,2.0
2014-02-14,2818,111,0,0.72,0.0
2014-02-14,631,223,0,0.31,0.0
2014-02-14,3008,333,0,1.99,2.0
2014-02-14,1548,222,0,0.58,0.0
2014-02-14,631,333,1,0.56,0.0
2014-02-14,611,114,2,1.7,2.0
2014-02-14,423,111,0,0.71,0.0
2014-02-14,1322,222,0,0.33,0.0
2014-02-14,743,332,0,0.46,0.0
2014-02-14,797,333,1,1.72,2.0
2014-02-14,868,331,0,0.17,0.0
2014-02-14,1240,111,0,0.03,0.0
2014-02-14,1424,221,2,0.58,0.0
2014-02-14,1322,111,0,0.59,0.0
2014-02-14,1672,114,1,0.79,0.0
2014-02-14,743,333,1,0.66,0.0
2014-02-14,659,223,0,0.56,0.0
2014-02-14,2932,331,1,1.7,2.0
2014-02-14,1242,223,1,0.44,0.0
2014-02-14,2794,221,0,1.17,1.0
2014-02-14,1275,111,0,0.04,0.0
2014-02-14,1599,223,0,0.32,0.0
2014-02-14,2294,114,2,0.41,0.0
2014-02-14,581,221,0,0.16,0.0
2014-02-14,1599,331,0,0.17,0.0
2014-02-14,1542,114,1,0.11,0.0
2014-02-14,1328,223,1,0.5,0.0
2014-02-14,1727,223,0,0.02,0.0
2014-02-14,2492,331,5,2.96,3.0
2014-02-14,2932,332,0,0.96,0.0
2014-02-14,631,114,0,0.78,0.0
2014-02-14,1196,333,0,0.09,0.0
2014-02-14,1322,332,0,0.15,0.0
2014-02-14,1542,333,0,0.0,0.0
2014-02-14,1424,223,0,0.32,0.0
2014-02-14,3021,221,0,0.28,0.0
2014-02-14,1240,113,0,0.16,0.0
2014-02-14,1694,114,1,1.98,2.0
2014-02-14,631,222,0,0.39,0.0
2014-02-14,611,331,1,1.82,2.0
2014-02-14,1548,221,0,0.39,0.0
2014-02-14,3021,112,0,0.02,0.0
2014-02-14,1694,221,0,1.18,0.0
2014-02-14,797,332,3,1.24,2.0
2014-02-14,2294,333,28,3.79,4.0
2014-02-14,1240,331,0,0.04,0.0
2014-02-14,3008,221,1,0.93,0.0
2014-02-14,2935,113,7,13.38,15.0
2014-02-14,3004,221,0,0.2,0.0
2014-02-14,973,111,0,0.01,0.0
2014-02-14,1542,223,0,0.19,0.0
2014-02-14,1054,332,1,2.22,2.0
2014-02-14,3021,332,0,0.04,0.0
2014-02-14,2492,333,0,1.9,2.0
2014-02-14,611,112,4,1.65,0.0
2014-02-14,1328,221,0,0.51,0.0
2014-02-14,1424,114,1,0.2,0.0
2014-02-14,1694,223,0,0.68,0.0
2014-02-14,1727,331,0,0.02,0.0
2014-02-14,3008,222,0,1.1,0.0
2014-02-14,1228,111,0,0.24,0.0
2014-02-14,631,332,1,0.59,0.0
2014-02-14,2818,223,1,0.49,0.0
2014-02-14,972,332,6,5.36,5.0
2014-02-14,2294,223,6,2.07,2.0
2014-02-14,2294,332,0,0.95,0.0
2014-02-14,926,221,0,0.13,0.0
2014-02-14,1173,222,3,0.58,0.0
2014-02-14,1328,332,2,0.61,0.0
2014-02-14,1508,221,0,0.18,0.0
2014-02-14,797,223,1,1.48,2.0
2014-02-14,1753,333,4,0.64,0.0
2014-02-14,2332,223,2,1.46,2.0
2014-02-14,432,113,0,0.27,0.0
2014-02-14,337,332,2,2.42,2.0
2014-02-14,868,113,0,0.2,0.0
2014-02-14,2932,222,0,1.58,2.0
2014-02-14,432,223,0,0.29,0.0
2014-02-14,1694,222,9,2.43,3.0
2014-02-14,1542,113,1,0.11,0.0
2014-02-14,3004,222,0,0.68,0.0
2014-02-14,1727,222,0,0.02,0.0
2014-02-14,74,331,0,0.02,0.0
2014-02-14,1548,114,0,0.28,0.0
2014-02-14,1599,221,0,0.14,0.0
2014-02-14,1196,332,0,0.14,0.0
2014-02-14,2492,223,0,1.57,2.0
2014-02-14,74,114,0,0.35,0.0
2014-02-14,423,222,0,1.07,0.0
2014-02-14,2853,113,1,3.21,3.0
2014-02-14,2932,113,0,2.78,3.0
2014-02-14,1135,114,0,0.17,0.0
2014-02-14,1365,114,1,0.18,0.0
2014-02-14,1365,223,0,0.04,0.0
2014-02-14,1228,331,0,0.23,0.0
2014-02-14,1542,111,0,0.07,0.0
2014-02-14,1135,111,0,0.25,0.0
2014-02-14,926,113,0,0.09,0.0
2014-02-14,1173,332,0,0.24,0.0
2014-02-14,2768,223,0,0.23,0.0
2014-02-14,972,113,5,2.57,3.0
2014-02-14,1508,114,0,0.1,0.0
2014-02-14,1328,114,0,0.25,0.0
2014-02-14,1672,222,3,1.17,0.0
2014-02-14,743,113,2,1.06,0.0
2014-02-14,3021,333,0,0.08,0.0
2014-02-14,1196,221,0,0.19,0.0
2014-02-14,1472,112,0,0.05,0.0
2014-02-14,581,222,1,0.14,0.0
2014-02-14,1753,332,0,0.61,0.0
2014-02-14,797,111,1,1.88,2.0
2014-02-14,659,112,1,1.16,2.0
2014-02-14,432,331,0,0.11,0.0
2014-02-14,432,222,0,0.4,0.0
2014-02-14,1242,331,0,0.06,0.0
2014-02-14,1472,222,0,0.3,0.0
2014-02-14,743,114,0,0.43,0.0
2014-02-14,1275,333,0,0.04,0.0
2014-02-14,659,111,2,0.77,0.0
2014-02-14,631,113,4,1.21,2.0
2014-02-14,2853,332,5,2.63,3.0
2014-02-14,2932,223,0,0.08,0.0
2014-02-14,904,114,3,1.19,2.0
2014-02-14,2935,112,1,4.13,0.0
2014-02-14,3004,223,0,0.48,0.0
2014-02-14,1753,114,1,1.04,0.0
2014-02-14,1472,113,0,0.46,0.0
2014-02-14,1424,111,0,0.38,0.0
2014-02-14,926,331,0,0.29,0.0
2014-02-14,1508,112,0,0.12,0.0
2014-02-14,2853,221,5,3.05,3.0
2014-02-14,973,332,0,0.75,0.0
2014-02-14,3004,111,0,0.34,0.0
2014-02-14,1242,111,0,0.49,0.0
2014-02-14,743,111,1,1.05,0.0
2014-02-14,1599,222,0,0.13,0.0
2014-02-14,1727,112,0,0.05,0.0
2014-02-14,3004,112,0,0.5,0.0
2014-02-14,2768,222,0,0.3,0.0
2014-02-14,1228,332,0,0.01,0.0
2014-02-14,1054,112,3,2.59,3.0
2014-02-14,1190,112,0,0.02,0.0
2014-02-14,973,333,0,0.27,0.0
2014-02-14,1054,333,5,1.53,2.0
2014-02-14,1672,113,13,4.42,4.0
2014-02-14,904,331,1,1.21,2.0
2014-02-14,2932,114,1,1.54,2.0
2014-02-14,611,221,1,1.94,3.0
2014-02-14,337,113,1,1.12,2.0
2014-02-14,631,221,0,0.3,0.0
2014-02-14,1242,222,2,0.8,0.0
2014-02-14,743,112,2,1.71,2.0
2014-02-14,1629,332,12,14.18,13.0
2014-02-14,1190,222,0,0.01,0.0
2014-02-14,1275,114,0,0.04,0.0
2014-02-14,74,221,0,0.67,0.0
2014-02-14,1135,332,0,0.01,0.0
2014-02-14,2935,332,93,41.2,34.0
2014-02-14,659,331,0,1.83,2.0
2014-02-15,1240,222,0,0.05,0.0
2014-02-15,74,111,0,0.27,0.0
2014-02-15,611,111,4,3.38,3.0
2014-02-15,3004,222,0,0.8,0.0
2014-02-15,1365,332,0,0.23,0.0
2014-02-15,432,331,0,0.13,0.0
2014-02-15,3004,114,0,0.93,0.0
2014-02-15,74,114,0,0.39,0.0
2014-02-15,904,113,1,1.99,2.0
2014-02-15,1196,221,0,0.21,0.0
2014-02-15,743,221,0,0.67,0.0
2014-02-15,3021,113,0,0.72,0.0
2014-02-15,2932,222,0,1.6,2.0
2014-02-15,611,333,0,1.55,2.0
2014-02-15,423,113,0,0.08,0.0
2014-02-15,659,222,1,0.65,0.0
2014-02-15,2853,333,5,2.97,2.0
2014-02-15,611,332,7,2.34,2.0
2014-02-15,581,223,3,1.3,2.0
2014-02-15,631,331,2,1.34,2.0
2014-02-15,1242,331,0,0.07,0.0
2014-02-15,337,221,1,0.86,0.0
2014-02-15,1173,333,0,0.24,0.0
2014-02-15,631,221,0,0.31,0.0
2014-02-15,1242,113,1,1.14,2.0
2014-02-15,2853,331,8,3.58,3.0
2014-02-15,2932,111,1,2.03,2.0
2014-02-15,1196,331,0,0.39,0.0
2014-02-15,1753,221,0,1.51,0.0
2014-02-15,1196,223,0,0.1,0.0
2014-02-15,1753,112,0,3.45,3.0
2014-02-15,1508,222,0,0.18,0.0
2014-02-15,1135,331,0,0.27,0.0
2014-02-15,2492,221,4,2.83,2.0
2014-02-15,1599,333,0,0.18,0.0
2014-02-15,3004,113,0,0.27,0.0
2014-02-15,2332,332,7,3.85,4.0
2014-02-15,3021,112,0,0.02,0.0
2014-02-15,973,222,2,0.54,0.0
2014-02-15,1727,333,0,0.1,0.0
2014-02-15,1365,112,2,0.64,0.0
2014-02-15,1173,332,0,0.25,0.0
2014-02-15,1629,223,15,1.9,2.0
2014-02-15,3021,331,1,0.26,0.0
2014-02-15,973,332,1,0.91,0.0
2014-02-15,1472,113,0,0.54,0.0
2014-02-15,1542,221,0,0.35,0.0
2014-02-15,1365,223,0,0.05,0.0
2014-02-15,2853,113,5,4.25,4.0
2014-02-15,2294,331,4,1.62,2.0
2014-02-15,659,223,0,0.63,0.0
2014-02-15,1196,333,1,0.1,0.0
2014-02-15,1629,111,25,17.04,15.0
2014-02-15,1173,111,1,0.66,0.0
2014-02-15,2492,333,0,1.88,2.0
2014-02-15,1629,113,7,11.93,11.0
2014-02-15,1240,333,0,0.04,0.0
2014-02-15,1054,332,2,2.52,2.0
2014-02-15,2294,222,2,4.59,4.0
2014-02-15,1629,332,33,17.21,15.0
2014-02-15,337,113,0,1.36,0.0
2014-02-15,3021,222,1,0.26,0.0
2014-02-15,1173,221,0,0.28,0.0
2014-02-15,611,113,7,4.18,5.0
2014-02-15,1242,222,1,1.07,2.0
2014-02-15,1135,332,0,0.02,0.0
2014-02-15,1548,332,0,0.22,0.0
2014-02-15,74,112,0,0.03,0.0
2014-02-15,3004,112,0,0.51,0.0
2014-02-15,743,114,1,0.47,0.0
2014-02-15,1753,113,1,3.27,3.0
2014-02-15,1753,114,0,1.15,0.0
2014-02-15,2794,222,2,1.42,2.0
2014-02-15,1424,111,3,0.41,0.0
2014-02-15,2932,112,2,1.74,2.0
2014-02-15,1365,113,0,0.73,0.0
2014-02-15,1054,223,2,1.77,2.0
2014-02-15,973,331,1,0.84,0.0
2014-02-15,2492,331,6,3.7,3.0
2014-02-15,1472,114,0,0.14,0.0
2014-02-15,1508,331,0,0.11,0.0
2014-02-15,1365,111,0,0.31,0.0
2014-02-15,2932,114,5,2.04,2.0
2014-02-15,423,221,0,0.29,0.0
2014-02-15,1472,222,0,0.32,0.0
2014-02-15,1365,333,0,0.14,0.0
2014-02-15,2853,221,5,4.71,4.0
2014-02-15,3004,111,0,0.71,0.0
2014-02-15,1240,332,0,0.08,0.0
2014-02-15,423,333,0,0.31,0.0
2014-02-15,611,112,2,3.0,3.0
2014-02-15,631,332,1,0.72,0.0
2014-02-15,743,223,1,0.42,0.0
2014-02-15,1727,222,0,0.03,0.0
2014-02-15,1542,113,1,0.21,0.0
2014-02-15,868,113,1,0.23,0.0
2014-02-15,432,223,0,0.31,0.0
2014-02-15,1322,113,0,0.66,0.0
2014-02-15,973,223,0,0.1,0.0
2014-02-15,2492,223,2,1.48,2.0
2014-02-15,1196,332,0,0.14,0.0
2014-02-15,972,113,2,3.71,3.0
2014-02-15,2853,222,4,1.52,0.0
2014-02-15,581,333,0,1.38,2.0
2014-02-15,1242,221,1,0.5,0.0
2014-02-15,926,113,0,0.11,0.0
2014-02-15,743,113,0,1.67,1.0
2014-02-15,1365,114,0,0.27,0.0
2014-02-15,423,331,0,0.76,0.0
2014-02-15,2794,331,1,1.27,1.0
2014-02-15,904,333,1,1.0,0.0
2014-02-15,2294,223,3,3.12,3.0
2014-02-15,3004,221,0,0.21,0.0
2014-02-15,2492,111,6,4.33,4.0
2014-02-15,3021,221,0,0.25,0.0
2014-02-15,1727,331,0,0.03,0.0
2014-02-15,631,222,0,0.44,0.0
2014-02-15,1694,113,0,2.49,4.0
2014-02-15,1173,222,1,0.72,0.0
2014-02-15,1629,331,6,11.85,9.0
2014-02-15,1240,331,0,0.05,0.0
2014-02-15,423,222,0,1.15,0.0
2014-02-15,2932,113,0,2.64,3.0
2014-02-15,1694,221,0,1.16,0.0
2014-02-15,581,331,1,0.98,1.0
2014-02-15,423,114,0,0.53,0.0
2014-02-15,581,332,0,0.61,0.0
2014-02-15,2332,331,3,3.24,3.0
2014-02-15,423,332,0,0.31,0.0
2014-02-15,1322,222,0,0.34,0.0
2014-02-15,1542,114,0,0.24,0.0
2014-02-15,1472,221,0,0.24,0.0
2014-02-15,868,112,0,0.52,0.0
2014-02-15,1727,223,0,0.03,0.0
2014-02-15,2794,221,0,1.17,1.0
2014-02-15,3021,223,0,0.03,0.0
2014-02-15,423,223,0,0.99,0.0
2014-02-15,2492,112,0,0.07,0.0
2014-02-15,1242,223,0,0.55,0.0
2014-02-15,1508,332,0,0.01,0.0
2014-02-15,1173,114,0,0.04,0.0
2014-02-15,2794,332,2,1.72,2.0
2014-02-15,868,221,0,0.25,0.0
2014-02-15,2492,332,0,1.14,0.0
2014-02-15,1322,112,0,0.48,0.0
2014-02-15,2853,114,4,2.66,3.0
2014-02-15,926,112,0,0.03,0.0
2014-02-15,1365,222,0,0.18,0.0
2014-02-15,1629,333,5,5.86,4.0
2014-02-15,1173,331,1,0.46,0.0
2014-02-15,1242,114,0,0.31,0.0
2014-02-15,2932,221,1,1.32,2.0
2014-02-15,926,114,0,0.22,0.0
2014-02-15,904,332,1,1.22,2.0
2014-02-15,1424,112,0,0.77,0.0
2014-02-15,1629,221,2,4.19,4.0
2014-02-15,1242,332,2,1.23,2.0
2014-02-15,1242,111,1,0.56,0.0
2014-02-15,972,114,0,0.26,0.0
2014-02-15,1424,113,1,0.92,0.0
2014-02-15,631,333,0,0.66,0.0
2014-02-15,1548,222,0,0.65,0.0
2014-02-15,1196,222,0,0.19,0.0
2014-02-15,973,113,0,1.26,0.0
2014-02-15,1173,113,5,1.53,2.0
2014-02-15,2492,222,0,0.14,0.0
2014-02-15,973,114,0,0.67,0.0
2014-02-15,3021,114,0,0.06,0.0
2014-02-15,904,112,0,1.77,0.0
2014-02-15,432,332,0,0.22,0.0
2014-02-15,1694,112,3,5.07,4.0
2014-02-15,1173,223,0,0.05,0.0
2014-02-15,74,113,0,1.05,0.0
2014-02-15,1322,221,0,0.32,0.0
2014-02-15,337,114,1,2.0,2.0
2014-02-15,926,221,0,0.14,0.0
2014-02-15,1365,221,0,0.21,0.0
2014-02-15,743,331,1,1.36,1.0
2014-02-15,1240,221,0,0.05,0.0
2014-02-15,1727,332,0,0.03,0.0
2014-02-15,1548,331,0,0.21,0.0
2014-02-15,2853,223,9,6.71,5.0
2014-02-15,797,221,4,3.03,3.0
2014-02-15,1240,223,0,0.02,0.0
2014-02-15,1629,112,7,8.69,9.0
2014-02-15,797,222,0,2.0,2.0
2014-02-15,2492,114,0,0.94,0.0
2014-02-15,1629,114,7,9.18,10.0
2014-02-15,1508,223,0,0.18,0.0
2014-02-15,868,222,0,0.47,0.0
2014-02-15,1542,112,0,0.17,0.0
2014-02-15,1135,333,0,0.21,0.0
2014-02-15,1672,111,4,1.62,2.0
2014-02-15,973,112,0,0.54,0.0
2014-02-15,2332,333,4,1.95,2.0
2014-02-15,2932,223,0,0.08,0.0
2014-02-15,1599,332,1,0.08,0.0
2014-02-15,631,114,1,0.96,1.0
2014-02-15,972,222,3,3.23,3.0
2014-02-15,659,112,1,1.43,2.0
2014-02-15,1694,331,0,2.24,2.0
2014-02-15,1753,223,3,5.95,5.0
2014-02-15,1753,332,0,0.66,0.0
2014-02-15,926,333,0,0.08,0.0
2014-02-15,972,112,2,0.7,0.0
2014-02-15,2794,114,0,1.61,2.0
2014-02-15,1135,223,0,0.04,0.0
2014-02-15,926,332,1,0.08,0.0
2014-02-15,1424,222,0,0.36,0.0
2014-02-15,1548,111,0,0.49,0.0
2014-02-15,1054,112,2,4.27,3.0
2014-02-15,1542,331,0,0.07,0.0
2014-02-15,3008,222,0,0.91,0.0
2014-02-15,2818,222,0,0.53,0.0
2014-02-15,743,332,0,0.52,0.0
2014-02-15,1542,222,0,0.14,0.0
2014-02-15,1424,223,0,0.32,0.0
2014-02-15,1508,111,0,0.22,0.0
2014-02-15,1542,333,0,0.01,0.0
2014-02-15,973,221,0,0.45,0.0
2014-02-15,1240,111,0,0.04,0.0
2014-02-15,1135,221,0,0.18,0.0
2014-02-15,2935,331,23,9.11,12.0
2014-02-15,1672,223,1,1.23,0.0
2014-02-15,743,112,2,2.21,2.0
2014-02-15,797,113,4,6.57,6.0
2014-02-15,904,331,1,1.44,2.0
2014-02-15,1365,331,1,0.33,0.0
2014-02-15,973,333,1,0.29,0.0
2014-02-15,659,113,5,0.55,0.0
2014-02-15,1275,333,0,0.05,0.0
2014-02-15,3004,332,0,0.66,0.0
2014-02-15,2818,111,1,0.77,0.0
2014-02-15,1694,332,0,2.4,4.0
2014-02-15,1190,333,0,0.02,0.0
2014-02-15,659,332,2,0.56,0.0
2014-02-15,1190,332,0,0.02,0.0
2014-02-15,337,331,9,5.64,5.0
2014-02-15,423,111,0,0.72,0.0
2014-02-15,926,222,0,0.29,0.0
2014-02-15,2794,223,0,0.61,0.0
2014-02-15,868,332,0,0.27,0.0
2014-02-15,432,333,0,0.17,0.0
2014-02-15,2492,113,12,6.32,6.0
2014-02-15,926,111,0,0.05,0.0
2014-02-15,972,331,0,0.06,0.0
2014-02-15,1275,221,0,0.06,0.0
2014-02-15,3021,332,0,0.05,0.0
2014-02-15,1727,113,0,0.54,0.0
2014-02-15,797,332,4,1.56,2.0
2014-02-15,2818,221,1,0.25,0.0
2014-02-15,1328,333,1,0.35,0.0
2014-02-15,3008,111,0,1.36,0.0
2014-02-15,1508,114,0,0.11,0.0
2014-02-15,1054,113,3,4.61,4.0
2014-02-15,797,114,0,1.83,2.0
2014-02-15,1322,333,0,0.17,0.0
2014-02-15,2853,332,4,3.9,3.0
2014-02-15,797,111,1,2.58,2.0
2014-02-15,1424,331,0,0.09,0.0
2014-02-15,1472,223,2,0.36,0.0
2014-02-15,1508,113,0,0.29,0.0
2014-02-15,3008,331,2,2.09,2.0
2014-02-15,904,222,1,0.65,0.0
2014-02-15,1228,221,0,0.01,0.0
2014-02-15,2768,333,1,0.91,0.0
2014-02-15,432,114,0,0.04,0.0
2014-02-15,1694,114,0,2.31,2.0
2014-02-15,432,222,0,0.48,0.0
2014-02-15,74,221,1,0.68,0.0
2014-02-15,423,112,1,0.62,0.0
2014-02-15,611,114,1,2.22,2.0
2014-02-15,659,114,1,0.84,0.0
2014-02-15,2294,112,0,0.74,0.0
2014-02-15,2332,223,0,2.19,2.0
2014-02-15,2332,221,3,3.14,3.0
2014-02-15,1328,112,2,0.76,0.0
2014-02-15,2935,332,39,49.4,36.0
2014-02-15,2818,333,0,0.27,0.0
2014-02-15,1328,331,2,0.94,1.0
2014-02-15,797,331,2,2.31,2.0
2014-02-15,581,112,3,1.18,0.0
2014-02-15,2853,111,6,4.62,4.0
2014-02-15,1328,113,1,0.89,0.0
2014-02-15,337,222,1,1.06,1.0
2014-02-15,1328,222,0,0.54,0.0
2014-02-15,2818,223,0,0.6,0.0
2014-02-15,2818,112,0,0.95,0.0
2014-02-15,581,222,3,1.24,2.0
2014-02-15,1694,222,2,4.38,4.0
2014-02-15,2294,332,0,1.01,0.0
2014-02-15,1054,221,1,3.19,3.0
2014-02-15,1672,331,2,0.83,0.0
2014-02-15,743,111,2,1.38,1.0
2014-02-15,1275,223,0,0.04,0.0
2014-02-15,1190,331,0,0.02,0.0
2014-02-15,631,113,3,1.78,2.0
2014-02-15,1228,113,0,0.02,0.0
2014-02-15,1599,223,1,0.32,0.0
2014-02-15,1629,222,11,16.49,13.0
2014-02-15,3008,223,0,0.86,0.0
2014-02-15,2794,112,3,3.35,3.0
2014-02-15,2294,111,2,1.94,2.0
2014-02-15,1424,332,0,0.08,0.0
2014-02-15,432,111,0,0.1,0.0
2014-02-15,2332,113,18,13.13,15.0
2014-02-15,2935,112,6,6.05,5.0
2014-02-15,1135,222,0,0.33,0.0
2014-02-15,1472,112,0,0.07,0.0
2014-02-15,1054,111,0,2.41,2.0
2014-02-15,581,111,4,1.76,2.0
2014-02-15,926,223,0,0.25,0.0
2014-02-15,2768,113,0,1.02,2.0
2014-02-15,2794,333,3,1.65,2.0
2014-02-15,1054,114,2,1.51,2.0
2014-02-15,2932,332,0,0.96,0.0
2014-02-15,337,112,1,1.05,2.0
2014-02-15,1508,221,0,0.19,0.0
2014-02-15,1275,222,0,0.06,0.0
2014-02-15,2818,114,0,0.33,0.0
2014-02-15,3008,114,0,0.75,0.0
2014-02-15,1228,223,0,0.19,0.0
2014-02-15,74,222,0,0.67,0.0
2014-02-15,2332,112,4,4.18,4.0
2014-02-15,1599,112,0,0.02,0.0
2014-02-15,2935,222,6,10.15,10.0
2014-02-15,3008,112,2,1.25,2.0
2014-02-15,1275,113,0,0.17,0.0
2014-02-15,2935,114,4,1.35,0.0
2014-02-15,659,333,0,0.56,0.0
2014-02-15,868,111,1,0.75,0.0
2014-02-15,1328,221,0,0.56,0.0
2014-02-15,2935,333,0,10.21,0.0
2014-02-15,926,331,0,0.34,0.0
2014-02-15,1672,114,1,0.92,0.0
2014-02-15,1322,331,0,0.19,0.0
2014-02-15,3008,221,1,1.13,0.0
2014-02-15,3008,113,3,2.92,3.0
2014-02-15,904,114,2,1.46,2.0
2014-02-15,1322,332,1,0.15,0.0
2014-02-15,972,333,0,1.0,0.0
2014-02-15,1548,221,0,0.46,0.0
2014-02-15,1753,111,1,1.95,2.0
2014-02-15,1548,223,1,0.35,0.0
2014-02-15,1424,114,0,0.28,0.0
2014-02-15,1599,113,0,0.03,0.0
2014-02-15,1472,331,0,0.23,0.0
2014-02-15,3008,332,2,1.84,2.0
2014-02-15,1548,333,1,0.18,0.0
2014-02-15,1548,112,0,1.66,2.0
2014-02-15,743,333,3,0.82,0.0
2014-02-15,972,332,9,7.05,6.0
2014-02-15,1508,333,0,0.03,0.0
2014-02-15,1548,113,0,1.24,2.0
2014-02-15,1508,112,0,0.15,0.0
2014-02-15,2768,331,2,0.71,0.0
2014-02-15,337,111,0,1.57,2.0
2014-02-15,1672,112,5,3.4,3.0
2014-02-15,1694,223,0,0.66,0.0
2014-02-15,868,223,0,0.26,0.0
2014-02-15,1727,221,0,0.09,0.0
2014-02-15,2294,114,0,0.67,0.0
2014-02-15,1328,223,2,0.6,0.0
2014-02-15,2332,114,3,5.67,5.0
2014-02-15,868,331,0,0.2,0.0
2014-02-15,631,111,2,2.73,3.0
2014-02-15,2794,111,4,3.8,3.0
2014-02-15,611,223,0,2.5,2.0
2014-02-15,973,111,0,0.03,0.0
2014-02-15,1228,111,0,0.27,0.0
2014-02-15,1228,222,1,0.13,0.0
2014-02-15,1472,111,2,0.27,0.0
2014-02-15,1190,114,0,0.02,0.0
2014-02-15,1240,114,0,0.02,0.0
2014-02-15,337,332,5,3.03,3.0
2014-02-15,581,221,0,0.14,0.0
2014-02-15,631,112,3,1.38,2.0
2014-02-15,1672,221,3,2.42,2.0
2014-02-15,432,113,1,0.26,0.0
2014-02-15,2818,113,0,0.81,0.0
2014-02-15,1672,332,0,1.88,2.0
2014-02-15,2932,331,2,2.22,2.0
2014-02-15,2818,331,0,0.23,0.0
2014-02-15,1322,114,2,0.31,0.0
2014-02-15,1135,114,0,0.18,0.0
2014-02-15,337,333,1,1.77,2.0
2014-02-15,1190,113,0,0.02,0.0
2014-02-15,1135,112,0,0.08,0.0
2014-02-15,3004,333,0,2.38,0.0
2014-02-15,611,331,0,2.24,2.0
2014-02-15,432,112,0,0.03,0.0
2014-02-15,432,221,0,0.21,0.0
2014-02-15,972,221,4,3.82,3.0
2014-02-15,1240,113,0,0.18,0.0
2014-02-15,1173,112,0,0.94,0.0
2014-02-15,74,332,0,0.07,0.0
2014-02-15,1135,113,0,0.44,0.0
2014-02-15,2332,222,4,2.84,2.0
2014-02-15,74,331,0,0.03,0.0
2014-02-15,972,223,3,3.22,3.0
2014-02-15,1727,112,0,0.06,0.0
2014-02-15,74,223,0,0.73,0.0
2014-02-15,2768,222,0,0.35,0.0
2014-02-15,3021,111,0,0.24,0.0
2014-02-15,1190,222,0,0.02,0.0
2014-02-15,3008,333,1,1.7,2.0
2014-02-15,1228,331,0,0.23,0.0
2014-02-15,1424,221,0,0.82,0.0
2014-02-15,1328,114,0,0.24,0.0
2014-02-15,868,114,1,0.61,0.0
2014-02-15,2768,223,0,0.21,0.0
2014-02-15,1190,112,0,0.03,0.0
2014-02-15,659,331,0,1.81,2.0
2014-02-15,3004,331,0,0.59,0.0
2014-02-15,1322,111,1,0.69,0.0
2014-02-15,2935,111,20,11.02,14.0
2014-02-15,611,221,3,2.51,2.0
2014-02-15,2935,221,0,1.18,0.0
2014-02-15,1196,112,0,0.22,0.0
2014-02-15,1228,332,0,0.01,0.0
2014-02-15,1228,114,0,0.23,0.0
2014-02-15,337,223,1,0.6,0.0
2014-02-15,1672,113,3,7.33,7.0
2014-02-15,1054,333,4,2.1,2.0
2014-02-15,1672,222,4,1.54,2.0
2014-02-15,1753,333,0,0.9,0.0
2014-02-15,1228,112,0,0.35,0.0
2014-02-15,2853,112,3,3.56,3.0
2014-02-15,1135,111,0,0.27,0.0
2014-02-15,1599,114,0,0.13,0.0
2014-02-15,1542,111,0,0.09,0.0
2014-02-15,1542,223,0,0.2,0.0
2014-02-15,1196,111,0,0.19,0.0
2014-02-15,74,333,0,0.15,0.0
2014-02-15,797,333,0,2.19,2.0
2014-02-15,797,223,4,1.81,2.0
2014-02-15,1542,332,0,0.12,0.0
2014-02-15,1275,111,0,0.06,0.0
2014-02-15,1753,331,1,0.9,0.0
2014-02-15,1599,221,0,0.15,0.0
2014-02-15,1275,112,0,0.07,0.0
2014-02-15,2332,111,9,7.33,6.0
2014-02-15,2935,223,34,4.61,0.0
2014-02-15,3004,223,0,0.88,0.0
2014-02-15,1472,333,0,0.54,0.0
2014-02-15,611,222,5,2.63,2.0
2014-02-15,1228,333,0,0.41,0.0
2014-02-15,904,111,4,1.5,0.0
2014-02-15,631,223,1,0.35,0.0
2014-02-15,1275,114,0,0.05,0.0
2014-02-15,797,112,7,4.03,3.0
2014-02-15,1054,331,3,1.19,2.0
2014-02-15,2935,113,27,16.53,17.0
2014-02-15,2768,221,1,0.45,0.0
2014-02-15,1196,113,0,0.23,0.0
2014-02-15,1190,111,0,0.03,0.0
2014-02-15,1727,111,0,0.04,0.0
2014-02-15,1054,222,10,1.87,3.0
2014-02-15,2768,332,1,0.74,0.0
2014-02-15,1599,111,1,0.17,0.0
2014-02-15,659,221,3,0.83,0.0
2014-02-15,1322,223,0,0.18,0.0
2014-02-15,1275,332,0,0.07,0.0
2014-02-15,1328,111,1,0.75,0.0
2014-02-15,1190,221,0,0.02,0.0
2014-02-15,1694,111,3,2.4,2.0
2014-02-15,1242,112,1,1.18,2.0
2014-02-15,1242,333,0,0.22,0.0
2014-02-15,1548,114,0,0.27,0.0
2014-02-15,1694,333,1,2.42,3.0
2014-02-15,1240,112,0,0.03,0.0
2014-02-15,2294,113,2,2.04,5.0
2014-02-15,743,222,1,0.83,0.0
2014-02-15,2932,333,6,2.36,2.0
2014-02-15,1672,333,6,2.33,2.0
2014-02-15,1753,222,0,0.93,0.0
2014-02-15,1190,223,0,0.02,0.0
2014-02-15,868,333,0,0.36,0.0
2014-02-15,2794,113,1,2.77,3.0
2014-02-15,659,111,2,0.95,1.0
2014-02-15,3021,333,0,0.09,0.0
2014-02-15,1328,332,1,0.88,0.0
2014-02-15,1472,332,0,0.35,0.0
2014-02-15,2818,332,2,0.75,0.0
2014-02-15,1727,114,0,0.03,0.0
2014-02-15,972,111,0,0.84,0.0
2014-02-15,1599,331,0,0.19,0.0
2014-02-15,2294,333,4,8.25,9.0
2014-02-15,904,223,0,0.38,0.0
2014-02-15,2768,112,2,0.38,0.0
2014-02-15,2768,111,0,0.58,0.0
2014-02-15,1196,114,0,0.11,0.0
2014-02-15,1275,331,0,0.09,0.0
2014-02-15,2768,114,0,0.15,0.0
2014-02-15,1599,222,1,0.14,0.0
2014-02-15,581,113,3,2.97,3.0
2014-02-15,581,114,1,0.71,0.0
2014-02-15,2294,221,15,10.22,10.0
2014-02-15,1424,333,0,0.4,0.0
2014-02-15,904,221,0,0.49,0.0
2014-02-16,337,113,0,1.47,0.0
2014-02-16,2818,112,0,0.8,0.0
2014-02-16,1228,332,0,0.01,0.0
2014-02-16,2794,222,1,1.51,2.0
2014-02-16,1694,221,0,0.84,0.0
2014-02-16,926,222,0,0.23,0.0
2014-02-16,423,332,0,0.28,0.0
2014-02-16,1753,113,2,3.01,3.0
2014-02-16,1196,221,0,0.18,0.0
2014-02-16,1472,333,0,0.51,0.0
2014-02-16,1054,332,7,2.46,2.0
2014-02-16,1727,113,1,0.49,0.0
2014-02-16,611,221,1,2.37,2.0
2014-02-16,611,222,4,2.54,3.0
2014-02-16,1365,221,0,0.19,0.0
2014-02-16,1472,114,0,0.13,0.0
2014-02-16,2794,333,2,1.84,2.0
2014-02-16,1328,113,2,0.93,1.0
2014-02-16,2818,221,0,0.28,0.0
2014-02-16,972,111,2,0.71,0.0
2014-02-16,2853,333,2,2.81,2.0
2014-02-16,659,331,0,1.4,0.0
2014-02-16,1196,114,0,0.1,0.0
2014-02-16,1365,333,0,0.13,0.0
2014-02-16,1694,333,1,2.04,2.0
2014-02-16,1322,221,0,0.3,0.0
2014-02-16,1548,111,5,0.38,0.0
2014-02-16,1694,111,3,2.39,2.0
2014-02-16,3008,113,1,2.7,2.0
2014-02-16,1190,222,0,0.02,0.0
2014-02-16,743,332,1,0.52,0.0
2014-02-16,1542,221,0,0.29,0.0
2014-02-16,2768,112,1,0.59,0.0
2014-02-16,1328,221,1,0.48,0.0
2014-02-16,1190,114,0,0.02,0.0
2014-02-16,2818,111,2,0.72,0.0
2014-02-16,2935,331,16,10.24,11.0
2014-02-16,1629,332,9,20.18,17.0
2014-02-16,1508,333,0,0.03,0.0
2014-02-16,2853,114,1,3.62,3.0
2014-02-16,1135,113,0,0.4,0.0
2014-02-16,659,113,0,0.89,0.0
2014-02-16,581,223,2,1.43,2.0
2014-02-16,797,112,4,4.14,4.0
2014-02-16,2332,221,4,3.2,3.0
2014-02-16,2932,112,0,1.53,2.0
2014-02-16,1548,333,0,0.23,0.0
2014-02-16,1240,332,0,0.07,0.0
2014-02-16,631,333,0,0.64,0.0
2014-02-16,2294,331,0,1.69,2.0
2014-02-16,611,112,3,3.16,3.0
2014-02-16,3008,333,6,1.9,2.0
2014-02-16,1599,332,0,0.17,0.0
2014-02-16,1727,331,0,0.02,0.0
2014-02-16,1196,222,0,0.18,0.0
2014-02-16,2932,332,0,0.89,0.0
2014-02-16,1694,223,0,0.62,0.0
2014-02-16,2932,331,3,2.04,2.0
2014-02-16,1275,114,0,0.05,0.0
2014-02-16,1135,221,0,0.17,0.0
2014-02-16,3021,332,0,0.05,0.0
2014-02-16,581,332,0,0.59,0.0
2014-02-16,423,221,0,0.26,0.0
2014-02-16,631,111,0,2.6,2.0
2014-02-16,1508,113,0,0.29,0.0
2014-02-16,432,114,0,0.03,0.0
2014-02-16,2932,223,0,0.06,0.0
2014-02-16,2294,111,0,1.74,2.0
2014-02-16,2768,221,0,0.45,0.0
2014-02-16,797,222,4,1.72,2.0
2014-02-16,1173,222,0,0.7,0.0
2014-02-16,1599,111,0,0.23,0.0
2014-02-16,1727,111,0,0.03,0.0
2014-02-16,1240,331,0,0.04,0.0
2014-02-16,1328,332,0,0.9,0.0
2014-02-16,2853,113,4,3.92,4.0
2014-02-16,743,223,0,0.5,0.0
2014-02-16,2794,113,1,2.89,2.0
2014-02-16,904,223,0,0.3,0.0
2014-02-16,423,222,0,1.05,0.0
2014-02-16,1629,113,11,9.34,10.0
2014-02-16,611,331,5,1.9,2.0
2014-02-16,1548,114,0,0.26,0.0
2014-02-16,1672,333,3,2.7,2.0
2014-02-16,1190,223,0,0.02,0.0
2014-02-16,1054,331,1,1.2,2.0
2014-02-16,1508,223,0,0.17,0.0
2014-02-16,581,333,0,1.24,2.0
2014-02-16,797,332,1,1.5,2.0
2014-02-16,74,114,0,0.37,0.0
2014-02-16,2853,222,1,3.41,3.0
2014-02-16,1629,112,11,7.48,7.0
2014-02-16,1054,113,6,4.5,4.0
2014-02-16,1508,114,0,0.1,0.0
2014-02-16,2932,113,4,2.26,0.0
2014-02-16,3008,114,1,0.64,0.0
2014-02-16,743,331,2,1.26,1.0
2014-02-16,973,223,0,0.09,0.0
2014-02-16,2294,333,6,6.95,7.0
2014-02-16,581,113,3,2.8,3.0
2014-02-16,659,111,1,0.97,1.0
2014-02-16,2935,113,15,12.17,15.0
2014-02-16,1322,113,0,0.63,0.0
2014-02-16,1472,113,0,0.52,0.0
2014-02-16,1196,333,0,0.21,0.0
2014-02-16,1240,113,0,0.16,0.0
2014-02-16,1173,112,2,0.77,0.0
2014-02-16,797,223,2,1.85,2.0
2014-02-16,1599,221,0,0.14,0.0
2014-02-16,1275,112,0,0.06,0.0
2014-02-16,3004,223,0,0.69,0.0
2014-02-16,926,113,0,0.1,0.0
2014-02-16,2492,223,3,1.79,2.0
2014-02-16,2332,333,4,2.48,2.0
2014-02-16,1135,111,0,0.24,0.0
2014-02-16,1672,222,4,2.24,2.0
2014-02-16,1190,112,0,0.02,0.0
2014-02-16,2935,111,7,9.42,14.0
2014-02-16,631,221,0,0.28,0.0
2014-02-16,972,113,2,2.64,3.0
2014-02-16,1328,114,0,0.22,0.0
2014-02-16,1672,113,0,6.32,6.0
2014-02-16,2768,223,0,0.21,0.0
2014-02-16,1196,332,0,0.13,0.0
2014-02-16,1242,221,1,0.52,0.0
2014-02-16,1542,223,0,0.19,0.0
2014-02-16,2492,333,0,1.39,0.0
2014-02-16,432,112,0,0.02,0.0
2014-02-16,1135,114,0,0.15,0.0
2014-02-16,74,331,0,0.02,0.0
2014-02-16,1242,331,0,0.05,0.0
2014-02-16,1542,113,0,0.26,0.0
2014-02-16,1190,113,0,0.02,0.0
2014-02-16,973,111,0,0.02,0.0
2014-02-16,1542,111,0,0.08,0.0
2014-02-16,1228,111,0,0.24,0.0
2014-02-16,868,113,0,0.3,0.0
2014-02-16,337,332,1,2.9,3.0
2014-02-16,1365,114,0,0.22,0.0
2014-02-16,432,113,1,0.31,0.0
2014-02-16,3021,113,2,0.61,0.0
2014-02-16,1228,331,2,0.21,0.0
2014-02-16,1753,333,0,0.75,0.0
2014-02-16,1472,111,0,0.41,0.0
2014-02-16,1548,222,0,0.63,0.0
2014-02-16,1275,221,0,0.05,0.0
2014-02-16,868,332,0,0.26,0.0
2014-02-16,972,332,5,5.51,6.0
2014-02-16,1228,223,0,0.18,0.0
2014-02-16,3008,332,0,1.98,2.0
2014-02-16,2294,222,3,3.16,3.0
2014-02-16,972,333,1,0.96,0.0
2014-02-16,1508,331,0,0.1,0.0
2014-02-16,1322,112,2,0.44,0.0
2014-02-16,3004,221,0,0.19,0.0
2014-02-16,2768,331,1,0.83,0.0
2014-02-16,337,111,3,1.25,2.0
2014-02-16,1753,111,2,1.77,2.0
2014-02-16,2935,114,6,4.52,4.0
2014-02-16,659,333,0,0.49,0.0
2014-02-16,3008,221,2,1.1,0.0
2014-02-16,972,221,7,3.45,3.0
2014-02-16,3021,112,0,0.01,0.0
2014-02-16,1228,113,0,0.02,0.0
2014-02-16,1054,111,2,2.0,2.0
2014-02-16,2294,332,0,0.82,0.0
2014-02-16,631,332,2,0.69,0.0
2014-02-16,423,113,0,0.08,0.0
2014-02-16,2332,113,17,13.81,15.0
2014-02-16,2768,113,0,0.9,0.0
2014-02-16,74,112,0,0.02,0.0
2014-02-16,1275,222,0,0.05,0.0
2014-02-16,1173,221,0,0.27,0.0
2014-02-16,2794,331,2,1.25,1.0
2014-02-16,337,112,1,1.02,2.0
2014-02-16,904,113,0,1.94,2.0
2014-02-16,2853,111,2,4.12,4.0
2014-02-16,3021,222,0,0.33,0.0
2014-02-16,2818,223,0,0.51,0.0
2014-02-16,1322,111,1,0.68,0.0
2014-02-16,581,222,3,1.94,2.0
2014-02-16,1190,331,0,0.02,0.0
2014-02-16,3008,223,2,0.79,0.0
2014-02-16,1322,331,1,0.17,0.0
2014-02-16,1365,223,0,0.04,0.0
2014-02-16,1322,332,0,0.19,0.0
2014-02-16,2818,222,0,0.48,0.0
2014-02-16,2294,223,8,2.51,3.0
2014-02-16,1472,223,1,0.48,0.0
2014-02-16,1629,331,15,8.4,8.0
2014-02-16,973,332,0,0.89,0.0
2014-02-16,2932,222,2,1.41,2.0
2014-02-16,904,222,0,0.66,0.0
2014-02-16,1694,113,0,1.97,0.0
2014-02-16,3008,331,2,1.94,2.0
2014-02-16,1694,114,1,1.85,2.0
2014-02-16,631,222,0,0.4,0.0
2014-02-16,2332,223,0,1.56,2.0
2014-02-16,1424,222,1,0.32,0.0
2014-02-16,631,114,3,0.95,1.0
2014-02-16,1424,331,0,0.08,0.0
2014-02-16,2332,114,6,5.2,5.0
2014-02-16,423,331,0,0.66,0.0
2014-02-16,631,223,0,0.35,0.0
2014-02-16,3004,222,0,0.72,0.0
2014-02-16,926,332,0,0.24,0.0
2014-02-16,904,333,0,0.9,0.0
2014-02-16,1542,333,0,0.01,0.0
2014-02-16,1672,223,0,1.52,2.0
2014-02-16,1240,223,0,0.02,0.0
2014-02-16,743,112,4,2.09,2.0
2014-02-16,2492,111,4,4.32,4.0
2014-02-16,3004,332,0,0.45,0.0
2014-02-16,3021,221,0,0.24,0.0
2014-02-16,868,222,0,0.39,0.0
2014-02-16,1508,111,0,0.19,0.0
2014-02-16,972,222,1,3.1,3.0
2014-02-16,2794,112,3,3.11,2.0
2014-02-16,1753,223,0,5.0,4.0
2014-02-16,1424,223,0,0.29,0.0
2014-02-16,432,331,0,0.11,0.0
2014-02-16,1240,222,0,0.04,0.0
2014-02-16,1173,332,0,0.24,0.0
2014-02-16,337,114,2,1.94,2.0
2014-02-16,1240,221,0,0.05,0.0
2014-02-16,1548,223,1,0.4,0.0
2014-02-16,973,221,0,0.43,0.0
2014-02-16,611,113,4,4.81,5.0
2014-02-16,1599,112,0,0.02,0.0
2014-02-16,797,331,3,2.08,2.0
2014-02-16,904,114,0,1.33,2.0
2014-02-16,926,112,0,0.02,0.0
2014-02-16,1240,333,0,0.04,0.0
2014-02-16,973,222,1,0.59,0.0
2014-02-16,1365,222,0,0.16,0.0
2014-02-16,926,331,0,0.32,0.0
2014-02-16,868,111,1,0.88,0.0
2014-02-16,74,223,0,0.56,0.0
2014-02-16,1672,114,0,0.85,0.0
2014-02-16,2935,222,36,9.97,7.0
2014-02-16,1275,113,0,0.13,0.0
2014-02-16,972,223,2,3.12,3.0
2014-02-16,2818,333,0,0.27,0.0
2014-02-16,1472,222,0,0.33,0.0
2014-02-16,1753,332,0,0.63,0.0
2014-02-16,659,112,1,1.42,2.0
2014-02-16,2794,114,1,1.49,2.0
2014-02-16,2818,332,0,0.87,1.0
2014-02-16,1542,222,0,0.13,0.0
2014-02-16,743,221,2,0.64,0.0
2014-02-16,1240,111,0,0.04,0.0
2014-02-16,1190,333,0,0.01,0.0
2014-02-16,432,221,0,0.19,0.0
2014-02-16,423,114,0,0.49,0.0
2014-02-16,337,333,1,1.66,2.0
2014-02-16,1548,332,0,0.19,0.0
2014-02-16,1365,331,0,0.4,0.0
2014-02-16,797,113,5,5.76,5.0
2014-02-16,1694,332,0,1.81,0.0
2014-02-16,2332,112,6,4.06,4.0
2014-02-16,3004,113,0,0.24,0.0
2014-02-16,1508,222,0,0.16,0.0
2014-02-16,1629,222,13,11.88,12.0
2014-02-16,2794,221,2,1.0,0.0
2014-02-16,743,111,1,1.29,1.0
2014-02-16,1672,331,2,1.02,1.0
2014-02-16,1054,221,6,2.97,3.0
2014-02-16,74,222,2,0.57,0.0
2014-02-16,1727,222,0,0.02,0.0
2014-02-16,2492,332,0,0.94,0.0
2014-02-16,743,222,2,0.84,0.0
2014-02-16,432,223,0,0.29,0.0
2014-02-16,581,221,0,0.14,0.0
2014-02-16,1727,223,0,0.02,0.0
2014-02-16,1196,331,0,0.38,0.0
2014-02-16,1240,114,0,0.01,0.0
2014-02-16,1424,111,1,0.53,0.0
2014-02-16,926,114,0,0.2,0.0
2014-02-16,868,221,0,0.22,0.0
2014-02-16,1599,113,0,0.02,0.0
2014-02-16,1727,221,0,0.08,0.0
2014-02-16,868,223,0,0.24,0.0
2014-02-16,1672,112,6,3.56,3.0
2014-02-16,1508,112,0,0.12,0.0
2014-02-16,2853,332,4,3.47,3.0
2014-02-16,1548,112,0,1.44,2.0
2014-02-16,972,114,0,0.21,0.0
2014-02-16,904,111,6,2.39,2.0
2014-02-16,3021,111,2,0.22,0.0
2014-02-16,2818,331,0,0.2,0.0
2014-02-16,743,333,2,0.93,0.0
2014-02-16,2853,221,5,3.6,4.0
2014-02-16,2794,111,3,3.44,3.0
2014-02-16,611,223,0,2.02,2.0
2014-02-16,1472,331,0,0.22,0.0
2014-02-16,1753,221,4,1.14,0.0
2014-02-16,1542,331,0,0.07,0.0
2014-02-16,2932,114,2,2.16,2.0
2014-02-16,3004,333,0,1.7,0.0
2014-02-16,1365,112,0,0.68,0.0
2014-02-16,581,331,1,0.98,1.0
2014-02-16,1328,333,0,0.39,0.0
2014-02-16,1753,112,1,1.81,3.0
2014-02-16,1242,332,0,1.19,2.0
2014-02-16,2794,332,5,1.71,2.0
2014-02-16,1727,333,0,0.09,0.0
2014-02-16,973,331,0,0.85,0.0
2014-02-16,631,331,2,1.26,2.0
2014-02-16,1173,113,4,1.65,2.0
2014-02-16,1753,222,1,0.79,0.0
2014-02-16,432,332,0,0.21,0.0
2014-02-16,1196,223,0,0.09,0.0
2014-02-16,3008,111,0,1.16,0.0
2014-02-16,1196,113,0,0.2,0.0
2014-02-16,797,114,1,1.6,2.0
2014-02-16,1424,113,1,0.93,0.0
2014-02-16,1322,223,0,0.17,0.0
2014-02-16,2332,331,2,2.92,3.0
2014-02-16,868,333,0,0.29,0.0
2014-02-16,1328,111,0,0.69,0.0
2014-02-16,1190,221,0,0.02,0.0
2014-02-16,1054,222,1,2.67,4.0
2014-02-16,1629,111,25,15.37,15.0
2014-02-16,1424,333,0,0.36,0.0
2014-02-16,2932,333,1,2.4,2.0
2014-02-16,1242,112,0,1.17,2.0
2014-02-16,1054,223,0,1.7,2.0
2014-02-16,1275,331,0,0.08,0.0
2014-02-16,2294,113,0,2.97,5.0
2014-02-16,2492,221,3,2.76,2.0
2014-02-16,1727,114,0,0.02,0.0
2014-02-16,2332,222,3,2.94,2.0
2014-02-16,2935,332,63,32.62,28.0
2014-02-16,1508,332,0,0.01,0.0
2014-02-16,2794,223,1,0.55,0.0
2014-02-16,2932,111,0,1.91,2.0
2014-02-16,2768,111,2,0.52,0.0
2014-02-16,3008,222,0,0.7,0.0
2014-02-16,423,111,0,0.63,0.0
2014-02-16,2294,221,19,8.57,10.0
2014-02-16,659,222,1,0.68,0.0
2014-02-16,659,332,0,0.64,0.0
2014-02-16,1629,223,1,5.41,4.0
2014-02-16,1242,223,1,0.52,0.0
2014-02-16,581,114,0,0.72,0.0
2014-02-16,1365,332,0,0.18,0.0
2014-02-16,1054,112,8,3.6,3.0
2014-02-16,423,333,0,0.3,0.0
2014-02-16,1135,112,0,0.07,0.0
2014-02-16,1135,223,0,0.03,0.0
2014-02-16,926,333,0,0.07,0.0
2014-02-16,3021,114,0,0.05,0.0
2014-02-16,1228,221,0,0.01,0.0
2014-02-16,904,221,0,0.46,0.0
2014-02-16,1472,332,0,0.3,0.0
2014-02-16,432,333,0,0.15,0.0
2014-02-16,1694,112,4,4.31,4.0
2014-02-16,2768,114,0,0.12,0.0
2014-02-16,611,114,2,2.19,2.0
2014-02-16,2294,112,0,0.58,0.0
2014-02-16,423,112,1,0.63,0.0
2014-02-16,659,114,3,0.84,0.0
2014-02-16,3004,114,0,0.7,0.0
2014-02-16,1599,331,0,0.16,0.0
2014-02-16,611,111,2,3.09,3.0
2014-02-16,2932,221,2,1.22,2.0
2014-02-16,1629,221,3,3.92,4.0
2014-02-16,2492,331,2,3.73,4.0
2014-02-16,2768,333,1,0.93,0.0
2014-02-16,1322,333,0,0.16,0.0
2014-02-16,1753,114,1,0.97,0.0
2014-02-16,1173,114,0,0.03,0.0
2014-02-16,1629,114,8,6.24,9.0
2014-02-16,1135,333,0,0.2,0.0
2014-02-16,868,331,0,0.17,0.0
2014-02-16,2853,112,4,3.29,2.0
2014-02-16,2768,332,0,0.89,0.0
2014-02-16,926,221,0,0.13,0.0
2014-02-16,1228,112,0,0.29,0.0
2014-02-16,1328,223,0,0.67,0.0
2014-02-16,1240,112,0,0.02,0.0
2014-02-16,1242,333,0,0.19,0.0
2014-02-16,904,332,1,1.14,0.0
2014-02-16,1054,333,3,2.17,2.0
2014-02-16,973,113,3,1.06,0.0
2014-02-16,1275,332,0,0.07,0.0
2014-02-16,1173,111,1,0.7,0.0
2014-02-16,659,221,0,0.97,0.0
2014-02-16,1599,222,0,0.18,0.0
2014-02-16,3021,331,0,0.3,0.0
2014-02-16,1753,331,0,0.92,0.0
2014-02-16,1190,332,0,0.02,0.0
2014-02-16,337,331,5,4.67,5.0
2014-02-16,1542,114,0,0.21,0.0
2014-02-16,432,222,0,0.43,0.0
2014-02-16,2818,114,1,0.29,0.0
2014-02-16,74,221,3,0.75,0.0
2014-02-16,1542,112,0,0.15,0.0
2014-02-16,2332,111,3,6.01,6.0
2014-02-16,1328,112,2,0.8,0.0
2014-02-16,797,111,5,2.31,2.0
2014-02-16,972,331,0,0.05,0.0
2014-02-16,2935,223,6,12.92,9.0
2014-02-16,3004,112,0,0.46,0.0
2014-02-16,1365,111,0,0.26,0.0
2014-02-16,2492,113,7,6.15,6.0
2014-02-16,1599,333,0,0.17,0.0
2014-02-16,1424,112,0,0.72,0.0
2014-02-16,1727,332,0,0.03,0.0
2014-02-16,1672,221,4,2.68,2.0
2014-02-16,1599,114,0,0.12,0.0
2014-02-16,1135,332,0,0.01,0.0
2014-02-16,1173,223,0,0.05,0.0
2014-02-16,2492,222,0,0.12,0.0
2014-02-16,1228,114,0,0.19,0.0
2014-02-16,797,333,2,1.83,2.0
2014-02-16,337,223,2,0.62,0.0
2014-02-16,973,114,0,0.67,0.0
2014-02-16,1322,222,2,0.3,0.0
2014-02-16,868,114,2,0.59,0.0
2014-02-16,1242,222,0,1.02,2.0
2014-02-16,2935,221,0,1.61,0.0
2014-02-16,1196,112,1,0.19,0.0
2014-02-16,1242,111,1,0.61,0.0
2014-02-16,1629,333,7,4.67,4.0
2014-02-16,1228,333,0,0.38,0.0
2014-02-16,1672,111,0,1.99,2.0
2014-02-16,3021,333,0,0.08,0.0
2014-02-16,1190,111,0,0.02,0.0
2014-02-16,3004,331,0,0.47,0.0
2014-02-16,74,332,0,0.06,0.0
2014-02-16,2492,114,0,0.67,0.0
2014-02-16,973,112,0,0.49,0.0
2014-02-16,631,112,4,1.57,2.0
2014-02-16,611,332,2,2.14,2.0
2014-02-16,904,112,0,1.58,0.0
2014-02-16,2768,222,0,0.31,0.0
2014-02-16,1228,222,0,0.16,0.0
2014-02-16,74,111,1,0.24,0.0
2014-02-16,611,333,6,1.31,2.0
2014-02-16,2332,332,7,4.08,5.0
2014-02-16,1727,112,0,0.05,0.0
2014-02-16,743,114,0,0.53,0.0
2014-02-16,1365,113,0,0.62,0.0
2014-02-16,3004,111,0,0.5,0.0
2014-02-16,1242,114,1,0.27,0.0
2014-02-16,1328,222,2,0.49,0.0
2014-02-16,1424,114,0,0.24,0.0
2014-02-16,1548,221,0,0.43,0.0
2014-02-16,631,113,2,1.82,2.0
2014-02-16,74,113,0,0.95,0.0
2014-02-16,581,112,2,1.47,2.0
2014-02-16,2853,331,3,3.48,4.0
2014-02-16,1599,223,0,0.38,0.0
2014-02-16,1135,222,0,0.3,0.0
2014-02-16,1472,221,0,0.21,0.0
2014-02-16,581,111,1,1.92,2.0
2014-02-16,1424,332,1,0.09,0.0
2014-02-16,432,111,0,0.09,0.0
2014-02-16,1322,114,0,0.42,0.0
2014-02-16,1672,332,0,1.33,0.0
2014-02-16,926,111,0,0.04,0.0
2014-02-16,926,223,0,0.24,0.0
2014-02-16,337,222,1,1.04,2.0
2014-02-16,1054,114,2,1.51,2.0
2014-02-16,1508,221,0,0.16,0.0
2014-02-16,1694,222,0,3.03,3.0
2014-02-16,1135,331,1,0.26,0.0
2014-02-16,1424,221,0,0.69,0.0
2014-02-16,1173,333,1,0.21,0.0
2014-02-16,1472,112,0,0.06,0.0
2014-02-16,743,113,1,1.4,1.0
2014-02-16,2492,112,0,0.06,0.0
2014-02-16,2935,112,2,7.8,4.0
2014-02-16,2818,113,1,0.76,0.0
2014-02-16,3021,223,0,0.02,0.0
2014-02-16,423,223,0,0.86,0.0
2014-02-16,2294,114,0,0.56,0.0
2014-02-16,1275,223,0,0.03,0.0
2014-02-16,1275,333,0,0.04,0.0
2014-02-16,1275,111,0,0.05,0.0
2014-02-16,797,221,2,2.69,3.0
2014-02-16,1542,332,0,0.11,0.0
2014-02-16,972,112,1,0.9,0.0
2014-02-16,74,333,0,0.13,0.0
2014-02-16,1694,331,0,1.54,2.0
2014-02-16,1196,111,0,0.16,0.0
2014-02-16,337,221,1,0.8,0.0
2014-02-16,1548,113,2,1.16,2.0
2014-02-16,2853,223,11,5.07,5.0
2014-02-16,973,333,0,0.35,0.0
2014-02-16,904,331,1,1.4,2.0
2014-02-16,1242,113,3,1.11,2.0
2014-02-16,1328,331,2,1.02,0.0
2014-02-16,659,223,0,0.64,0.0
2014-02-16,868,112,1,0.45,0.0
2014-02-16,3008,112,0,1.49,2.0
2014-02-16,1173,331,0,0.48,0.0
2014-02-16,2935,333,0,9.31,0.0
2014-02-16,1548,331,0,0.19,0.0
2014-02-17,423,222,0,0.72,0.0
2014-02-17,1365,114,0,0.16,0.0
2014-02-17,1629,111,6,12.91,13.0
2014-02-17,423,114,0,0.35,0.0
2014-02-17,1173,222,2,0.52,0.0
2014-02-17,659,223,2,0.47,0.0
2014-02-17,1173,223,0,0.03,0.0
2014-02-17,337,333,0,1.28,2.0
2014-02-17,1599,331,0,0.13,0.0
2014-02-17,1228,331,0,0.24,0.0
2014-02-17,1190,113,0,0.01,0.0
2014-02-17,2332,333,2,1.91,2.0
2014-02-17,1424,221,0,0.5,0.0
2014-02-17,1472,111,2,0.27,0.0
2014-02-17,1275,111,0,0.03,0.0
2014-02-17,926,113,0,0.07,0.0
2014-02-17,1542,332,0,0.09,0.0
2014-02-17,2932,113,5,2.43,2.0
2014-02-17,1135,111,0,0.21,0.0
2014-02-17,1242,331,0,0.04,0.0
2014-02-17,1240,331,0,0.03,0.0
2014-02-17,1196,113,0,0.17,0.0
2014-02-17,74,113,0,0.7,0.0
2014-02-17,1228,112,1,0.21,0.0
2014-02-17,1322,114,0,0.29,0.0
2014-02-17,631,221,0,0.24,0.0
2014-02-17,74,223,0,0.35,0.0
2014-02-17,3004,331,0,0.38,0.0
2014-02-17,581,114,0,0.47,0.0
2014-02-17,581,221,0,0.1,0.0
2014-02-17,1672,113,0,3.18,4.0
2014-02-17,581,331,0,0.71,0.0
2014-02-17,1672,221,5,1.86,2.0
2014-02-17,1135,114,0,0.12,0.0
2014-02-17,2818,331,0,0.18,0.0
2014-02-17,1472,222,0,0.28,0.0
2014-02-17,1365,112,0,0.43,0.0
2014-02-17,972,112,2,0.72,0.0
2014-02-17,2932,332,0,0.6,0.0
2014-02-17,432,222,0,0.35,0.0
2014-02-17,1542,221,0,0.23,0.0
2014-02-17,1328,222,0,0.39,0.0
2014-02-17,2332,221,2,2.3,2.0
2014-02-17,1328,331,0,0.8,0.0
2014-02-17,1328,221,1,0.42,0.0
2014-02-17,1694,223,0,0.48,0.0
2014-02-17,1275,333,0,0.03,0.0
2014-02-17,1727,331,0,0.01,0.0
2014-02-17,743,114,0,0.33,0.0
2014-02-17,1196,114,0,0.08,0.0
2014-02-17,1135,222,0,0.25,0.0
2014-02-17,631,332,0,0.58,0.0
2014-02-17,432,111,0,0.06,0.0
2014-02-17,2935,112,7,7.21,3.0
2014-02-17,2818,223,2,0.38,0.0
2014-02-17,2768,113,1,0.67,0.0
2014-02-17,1472,112,0,0.04,0.0
2014-02-17,1135,331,1,0.23,0.0
2014-02-17,337,112,0,0.76,0.0
2014-02-17,904,113,3,1.22,0.0
2014-02-17,1753,114,2,0.89,0.0
2014-02-17,631,113,0,1.41,2.0
2014-02-17,337,222,0,0.79,0.0
2014-02-17,3021,332,0,0.03,0.0
2014-02-17,611,112,1,2.15,2.0
2014-02-17,1242,222,0,0.69,0.0
2014-02-17,1629,222,10,8.95,9.0
2014-02-17,1228,333,0,0.25,0.0
2014-02-17,1135,332,0,0.0,0.0
2014-02-17,337,113,0,1.67,0.0
2014-02-17,2294,331,0,1.28,0.0
2014-02-17,2768,222,1,0.23,0.0
2014-02-17,2332,332,5,3.4,4.0
2014-02-17,659,331,0,0.85,0.0
2014-02-17,1135,221,0,0.14,0.0
2014-02-17,1629,332,6,8.32,13.0
2014-02-17,2932,223,0,0.06,0.0
2014-02-17,1727,112,0,0.04,0.0
2014-02-17,1196,222,1,0.15,0.0
2014-02-17,1599,222,0,0.14,0.0
2014-02-17,1240,112,0,0.01,0.0
2014-02-17,1275,114,0,0.03,0.0
2014-02-17,2935,333,29,3.25,0.0
2014-02-17,1694,221,0,0.66,0.0
2014-02-17,973,113,3,1.08,2.0
2014-02-17,3004,112,0,0.31,0.0
2014-02-17,611,221,0,1.59,2.0
2014-02-17,797,111,4,1.69,2.0
2014-02-17,337,221,1,0.62,0.0
2014-02-17,1190,222,0,0.01,0.0
2014-02-17,74,222,0,0.61,0.0
2014-02-17,1424,111,0,0.37,0.0
2014-02-17,972,332,2,3.9,4.0
2014-02-17,3021,114,0,0.04,0.0
2014-02-17,2932,114,3,1.56,2.0
2014-02-17,2332,114,5,4.08,4.0
2014-02-17,631,222,0,0.29,0.0
2014-02-17,2768,221,1,0.3,0.0
2014-02-17,611,114,0,1.65,2.0
2014-02-17,631,114,3,0.72,0.0
2014-02-17,2935,332,36,33.73,26.0
2014-02-17,1322,332,0,0.13,0.0
2014-02-17,1694,114,0,1.61,2.0
2014-02-17,1054,332,3,1.95,2.0
2014-02-17,2492,331,2,2.98,2.0
2014-02-17,797,332,3,1.17,2.0
2014-02-17,1508,223,0,0.13,0.0
2014-02-17,1173,113,0,1.31,2.0
2014-02-17,1472,113,0,0.4,0.0
2014-02-17,797,114,1,1.34,2.0
2014-02-17,1727,114,0,0.01,0.0
2014-02-17,1054,223,0,1.21,2.0
2014-02-17,432,332,1,0.16,0.0
2014-02-17,2294,333,1,5.73,5.0
2014-02-17,659,111,0,0.71,0.0
2014-02-17,1190,221,0,0.01,0.0
2014-02-17,2935,113,24,7.55,11.0
2014-02-17,973,331,1,0.67,0.0
2014-02-17,973,332,0,0.61,0.0
2014-02-17,3008,222,1,0.49,0.0
2014-02-17,2294,223,0,2.84,3.0
2014-02-17,2794,333,1,1.34,2.0
2014-02-17,743,111,2,0.99,0.0
2014-02-17,2853,221,1,2.44,3.0
2014-02-17,3008,332,3,1.34,0.0
2014-02-17,2853,332,4,2.08,2.0
2014-02-17,1054,111,0,1.71,2.0
2014-02-17,3004,221,0,0.13,0.0
2014-02-17,1508,112,0,0.08,0.0
2014-02-17,1508,222,0,0.13,0.0
2014-02-17,3008,221,1,0.94,0.0
2014-02-17,926,331,0,0.25,0.0
2014-02-17,904,114,3,0.99,0.0
2014-02-17,1753,332,0,0.48,0.0
2014-02-17,1228,332,0,0.0,0.0
2014-02-17,1542,333,0,0.0,0.0
2014-02-17,2818,333,0,0.26,0.0
2014-02-17,1275,113,0,0.11,0.0
2014-02-17,659,112,1,1.04,2.0
2014-02-17,743,112,2,1.61,2.0
2014-02-17,1753,221,0,1.32,0.0
2014-02-17,1424,223,1,0.23,0.0
2014-02-17,1054,112,8,2.52,3.0
2014-02-17,3021,221,0,0.16,0.0
2014-02-17,868,222,0,0.3,0.0
2014-02-17,423,111,0,0.41,0.0
2014-02-17,1365,113,0,0.38,0.0
2014-02-17,2768,223,1,0.18,0.0
2014-02-17,1190,331,0,0.01,0.0
2014-02-17,1240,221,0,0.03,0.0
2014-02-17,2794,221,2,0.82,0.0
2014-02-17,1672,331,0,0.87,0.0
2014-02-17,1054,221,3,2.13,2.0
2014-02-17,432,223,0,0.24,0.0
2014-02-17,1173,114,0,0.02,0.0
2014-02-17,1508,332,0,0.0,0.0
2014-02-17,926,223,1,0.2,0.0
2014-02-17,1054,114,1,1.14,2.0
2014-02-17,1508,221,0,0.13,0.0
2014-02-17,1694,222,0,1.7,2.0
2014-02-17,423,223,0,0.6,0.0
2014-02-17,2492,112,0,0.06,0.0
2014-02-17,743,113,1,1.12,0.0
2014-02-17,926,111,0,0.02,0.0
2014-02-17,1727,223,0,0.01,0.0
2014-02-17,3021,223,0,0.01,0.0
2014-02-17,1424,332,0,0.15,0.0
2014-02-17,1599,223,0,0.27,0.0
2014-02-17,581,111,1,1.46,2.0
2014-02-17,1727,222,0,0.01,0.0
2014-02-17,868,221,0,0.19,0.0
2014-02-17,743,333,0,0.73,0.0
2014-02-17,1599,113,0,0.01,0.0
2014-02-17,797,113,12,4.42,4.0
2014-02-17,1365,331,0,0.26,0.0
2014-02-17,1240,333,0,0.03,0.0
2014-02-17,611,113,5,3.04,4.0
2014-02-17,1599,112,0,0.0,0.0
2014-02-17,797,331,1,1.6,2.0
2014-02-17,973,221,0,0.29,0.0
2014-02-17,926,112,0,0.0,0.0
2014-02-17,1365,222,0,0.14,0.0
2014-02-17,1472,221,1,0.18,0.0
2014-02-17,868,111,5,0.6,0.0
2014-02-17,2935,222,6,5.58,10.0
2014-02-17,2332,112,3,2.72,3.0
2014-02-17,1727,221,0,0.07,0.0
2014-02-17,1672,112,10,3.55,3.0
2014-02-17,1672,114,1,0.63,0.0
2014-02-17,1548,112,1,0.99,0.0
2014-02-17,972,114,0,0.17,0.0
2014-02-17,1472,331,0,0.19,0.0
2014-02-17,868,223,0,0.21,0.0
2014-02-17,432,331,0,0.09,0.0
2014-02-17,2818,114,1,0.28,0.0
2014-02-17,581,112,1,1.06,0.0
2014-02-17,2294,114,0,0.36,0.0
2014-02-17,1365,111,0,0.22,0.0
2014-02-17,1542,112,0,0.1,0.0
2014-02-17,1135,333,0,0.17,0.0
2014-02-17,2768,332,3,0.6,0.0
2014-02-17,926,221,0,0.11,0.0
2014-02-17,659,221,0,0.67,0.0
2014-02-17,1242,333,0,0.16,0.0
2014-02-17,1054,333,1,1.7,2.0
2014-02-17,1275,332,0,0.05,0.0
2014-02-17,1328,223,0,0.47,0.0
2014-02-17,868,331,0,0.14,0.0
2014-02-17,1629,333,3,4.32,3.0
2014-02-17,74,332,0,0.04,0.0
2014-02-17,1190,111,0,0.01,0.0
2014-02-17,2492,114,0,0.36,0.0
2014-02-17,904,112,4,0.92,0.0
2014-02-17,1228,222,0,0.12,0.0
2014-02-17,797,333,1,1.67,2.0
2014-02-17,1672,111,0,1.21,0.0
2014-02-17,631,112,1,1.05,0.0
2014-02-17,1727,332,0,0.02,0.0
2014-02-17,1548,332,0,0.16,0.0
2014-02-17,972,331,0,0.04,0.0
2014-02-17,74,221,2,0.65,0.0
2014-02-17,1275,223,0,0.02,0.0
2014-02-17,1548,221,1,0.29,0.0
2014-02-17,1424,114,0,0.18,0.0
2014-02-17,1242,114,0,0.27,0.0
2014-02-17,1548,113,0,0.99,0.0
2014-02-17,3008,112,0,1.11,0.0
2014-02-17,1548,331,0,0.17,0.0
2014-02-17,1173,331,0,0.33,0.0
2014-02-17,2853,223,3,3.19,4.0
2014-02-17,1328,112,1,0.65,0.0
2014-02-17,904,331,0,1.05,2.0
2014-02-17,868,112,1,0.36,0.0
2014-02-17,1694,331,1,1.29,0.0
2014-02-17,797,221,4,1.9,2.0
2014-02-17,1542,114,0,0.18,0.0
2014-02-17,3004,111,0,0.31,0.0
2014-02-17,1190,332,0,0.01,0.0
2014-02-17,337,331,1,3.15,4.0
2014-02-17,1629,114,7,5.8,7.0
2014-02-17,2492,113,9,4.76,5.0
2014-02-17,973,333,0,0.28,0.0
2014-02-17,1599,114,0,0.08,0.0
2014-02-17,1240,111,0,0.02,0.0
2014-02-17,1542,222,0,0.11,0.0
2014-02-17,2492,332,0,0.66,0.0
2014-02-17,1240,114,0,0.0,0.0
2014-02-17,1196,331,0,0.28,0.0
2014-02-17,611,223,0,1.36,2.0
2014-02-17,2794,111,0,2.31,2.0
2014-02-17,3021,111,0,0.29,0.0
2014-02-17,926,114,0,0.15,0.0
2014-02-17,3004,113,0,0.13,0.0
2014-02-17,972,223,6,2.46,2.0
2014-02-17,973,222,0,0.46,0.0
2014-02-17,2818,332,1,0.56,0.0
2014-02-17,432,221,0,0.14,0.0
2014-02-17,3004,333,0,1.35,0.0
2014-02-17,1135,112,0,0.05,0.0
2014-02-17,2294,221,6,13.23,9.0
2014-02-17,2768,111,0,0.41,0.0
2014-02-17,611,111,1,2.09,2.0
2014-02-17,3004,114,0,0.53,0.0
2014-02-17,904,221,0,0.4,0.0
2014-02-17,1173,333,0,0.19,0.0
2014-02-17,2818,113,3,0.67,0.0
2014-02-17,1672,332,1,0.83,0.0
2014-02-17,1629,221,2,2.97,3.0
2014-02-17,337,223,0,0.44,0.0
2014-02-17,1228,114,0,0.16,0.0
2014-02-17,611,333,2,1.25,2.0
2014-02-17,74,111,1,0.27,0.0
2014-02-17,1424,112,0,0.51,0.0
2014-02-17,611,332,1,1.65,2.0
2014-02-17,1173,111,2,0.49,0.0
2014-02-17,904,332,0,0.86,0.0
2014-02-17,3021,331,1,0.24,0.0
2014-02-17,1472,332,0,0.25,0.0
2014-02-17,2853,112,1,1.88,2.0
2014-02-17,2332,111,2,4.45,4.0
2014-02-17,1599,333,0,0.15,0.0
2014-02-17,3021,333,0,0.05,0.0
2014-02-17,1753,331,0,0.67,0.0
2014-02-17,74,333,0,0.1,0.0
2014-02-17,1196,111,0,0.11,0.0
2014-02-17,1242,113,0,0.94,0.0
2014-02-17,904,111,3,1.72,2.0
2014-02-17,2853,331,4,2.05,2.0
2014-02-17,2935,223,12,13.53,6.0
2014-02-17,2768,114,0,0.1,0.0
2014-02-17,1242,332,0,0.9,0.0
2014-02-17,631,331,2,1.0,0.0
2014-02-17,432,333,0,0.12,0.0
2014-02-17,2294,112,0,0.34,0.0
2014-02-17,423,112,0,0.44,0.0
2014-02-17,659,114,0,0.78,0.0
2014-02-17,1694,112,16,3.16,3.0
2014-02-17,2932,221,1,1.03,0.0
2014-02-17,2768,333,2,0.7,0.0
2014-02-17,1228,221,0,0.0,0.0
2014-02-17,1629,223,3,1.98,3.0
2014-02-17,2932,111,1,1.44,2.0
2014-02-17,1242,223,0,0.39,0.0
2014-02-17,659,332,0,0.43,0.0
2014-02-17,926,333,0,0.06,0.0
2014-02-17,423,333,0,0.26,0.0
2014-02-17,1135,223,0,0.02,0.0
2014-02-17,1365,332,1,0.14,0.0
2014-02-17,1542,331,0,0.05,0.0
2014-02-17,1190,333,0,0.0,0.0
2014-02-17,743,221,2,0.55,0.0
2014-02-17,2794,114,0,1.21,2.0
2014-02-17,659,222,0,0.49,0.0
2014-02-17,1694,332,5,1.34,0.0
2014-02-17,3008,111,0,0.7,0.0
2014-02-17,1196,223,0,0.07,0.0
2014-02-17,2932,333,2,1.8,2.0
2014-02-17,1727,333,0,0.07,0.0
2014-02-17,1322,223,0,0.14,0.0
2014-02-17,868,333,0,0.23,0.0
2014-02-17,1242,112,0,0.82,0.0
2014-02-17,743,222,2,0.68,0.0
2014-02-17,2332,331,2,2.21,2.0
2014-02-17,1328,111,3,0.51,0.0
2014-02-17,1424,333,0,0.27,0.0
2014-02-17,1753,222,4,0.67,0.0
2014-02-17,1054,222,4,1.62,2.0
2014-02-17,2294,113,0,2.92,0.0
2014-02-17,2794,332,1,1.6,2.0
2014-02-17,2492,221,6,2.12,2.0
2014-02-17,2794,223,3,0.52,0.0
2014-02-17,1424,113,0,0.71,0.0
2014-02-17,2332,222,3,2.14,2.0
2014-02-17,1322,333,0,0.14,0.0
2014-02-17,1328,333,0,0.26,0.0
2014-02-17,1753,112,2,1.77,2.0
2014-02-17,1275,331,0,0.06,0.0
2014-02-17,2492,222,0,0.09,0.0
2014-02-17,1322,111,0,0.49,0.0
2014-02-17,2492,111,2,2.79,3.0
2014-02-17,972,221,2,3.13,3.0
2014-02-17,973,111,0,0.0,0.0
2014-02-17,3004,332,0,0.28,0.0
2014-02-17,1173,332,1,0.2,0.0
2014-02-17,1542,113,0,0.18,0.0
2014-02-17,1240,223,0,0.0,0.0
2014-02-17,432,112,0,0.01,0.0
2014-02-17,1672,223,2,1.09,0.0
2014-02-17,972,222,1,2.13,2.0
2014-02-17,1173,112,1,0.76,0.0
2014-02-17,2794,112,5,2.27,2.0
2014-02-17,74,331,0,0.01,0.0
2014-02-17,926,332,2,0.21,0.0
2014-02-17,1472,223,1,0.39,0.0
2014-02-17,1694,113,2,1.85,0.0
2014-02-17,3004,222,0,0.57,0.0
2014-02-17,1753,223,2,1.75,0.0
2014-02-17,1322,331,0,0.17,0.0
2014-02-17,904,333,0,0.69,0.0
2014-02-17,1365,223,0,0.03,0.0
2014-02-17,797,222,2,1.58,2.0
2014-02-17,581,222,4,2.13,2.0
2014-02-17,2294,332,0,0.48,0.0
2014-02-17,1228,113,0,0.0,0.0
2014-02-17,3021,112,0,0.01,0.0
2014-02-17,1228,223,0,0.15,0.0
2014-02-17,972,333,0,0.85,0.0
2014-02-17,2294,222,0,2.63,3.0
2014-02-17,1753,111,1,1.55,2.0
2014-02-17,1322,112,2,0.34,0.0
2014-02-17,1508,331,0,0.08,0.0
2014-02-17,1228,111,0,0.19,0.0
2014-02-17,2768,331,0,0.63,0.0
2014-02-17,337,111,0,1.35,2.0
2014-02-17,2935,114,1,5.43,3.0
2014-02-17,659,333,0,0.34,0.0
2014-02-17,2794,331,0,1.01,1.0
2014-02-17,1240,113,0,0.12,0.0
2014-02-17,1196,333,0,0.17,0.0
2014-02-17,2818,222,2,0.34,0.0
2014-02-17,1508,111,1,0.16,0.0
2014-02-17,74,114,0,0.3,0.0
2014-02-17,1054,113,7,3.73,3.0
2014-02-17,1508,114,0,0.08,0.0
2014-02-17,3008,114,0,0.64,0.0
2014-02-17,973,223,0,0.07,0.0
2014-02-17,1242,111,0,0.42,0.0
2014-02-17,926,222,0,0.21,0.0
2014-02-17,581,113,5,1.93,2.0
2014-02-17,743,331,0,0.97,0.0
2014-02-17,1629,112,12,7.71,6.0
2014-02-17,2853,113,0,2.58,3.0
2014-02-17,1328,332,1,0.57,0.0
2014-02-17,1322,113,0,0.45,0.0
2014-02-17,1727,111,0,0.02,0.0
2014-02-17,1190,223,0,0.01,0.0
2014-02-17,1054,331,0,0.98,2.0
2014-02-17,1672,333,1,1.83,2.0
2014-02-17,2853,222,2,1.91,2.0
2014-02-17,1240,222,0,0.03,0.0
2014-02-17,581,333,0,0.84,0.0
2014-02-17,743,223,0,0.31,0.0
2014-02-17,1629,331,2,8.33,7.0
2014-02-17,2932,222,2,1.36,2.0
2014-02-17,1548,114,1,0.24,0.0
2014-02-17,904,222,1,0.44,0.0
2014-02-17,432,113,0,0.26,0.0
2014-02-17,423,331,0,0.41,0.0
2014-02-17,611,331,0,1.62,2.0
2014-02-17,3008,331,0,1.42,2.0
2014-02-17,1548,223,0,0.34,0.0
2014-02-17,2332,223,3,1.02,0.0
2014-02-17,1424,222,2,0.33,0.0
2014-02-17,1424,331,0,0.06,0.0
2014-02-17,1629,113,6,9.32,8.0
2014-02-17,868,332,0,0.22,0.0
2014-02-17,904,223,0,0.25,0.0
2014-02-17,1275,221,0,0.04,0.0
2014-02-17,1242,221,0,0.38,0.0
2014-02-17,631,223,1,0.27,0.0
2014-02-17,3008,223,0,0.93,0.0
2014-02-17,3021,222,0,0.23,0.0
2014-02-17,868,113,0,0.24,0.0
2014-02-17,1190,114,0,0.01,0.0
2014-02-17,2794,113,2,1.94,2.0
2014-02-17,1135,113,0,0.27,0.0
2014-02-17,2492,223,0,1.71,2.0
2014-02-17,2768,112,0,0.44,0.0
2014-02-17,3004,223,0,0.46,0.0
2014-02-17,797,112,4,2.72,3.0
2014-02-17,973,112,0,0.37,0.0
2014-02-17,2932,112,2,1.11,0.0
2014-02-17,1694,333,3,1.62,2.0
2014-02-17,1672,222,3,2.13,2.0
2014-02-17,972,111,0,0.61,0.0
2014-02-17,1196,221,0,0.15,0.0
2014-02-17,1599,221,0,0.12,0.0
2014-02-17,1542,223,0,0.14,0.0
2014-02-17,1727,113,0,0.39,0.0
2014-02-17,1173,221,0,0.25,0.0
2014-02-17,868,114,0,0.44,0.0
2014-02-17,1196,332,0,0.11,0.0
2014-02-17,1190,112,0,0.01,0.0
2014-02-17,1322,221,0,0.25,0.0
2014-02-17,1322,222,0,0.29,0.0
2014-02-17,973,114,0,0.49,0.0
2014-02-17,2935,221,4,0.21,0.0
2014-02-17,1196,112,0,0.18,0.0
2014-02-17,2935,111,7,6.98,9.0
2014-02-17,1328,114,0,0.16,0.0
2014-02-17,337,114,0,1.51,2.0
2014-02-17,972,113,4,2.23,2.0
2014-02-17,2818,221,0,0.2,0.0
2014-02-17,1365,221,0,0.16,0.0
2014-02-17,611,222,4,1.97,2.0
2014-02-17,1472,333,0,0.39,0.0
2014-02-17,1694,111,0,1.83,2.0
2014-02-17,631,333,0,0.48,0.0
2014-02-17,581,332,0,0.37,0.0
2014-02-17,3008,333,2,1.7,2.0
2014-02-17,2932,331,0,1.62,2.0
2014-02-17,631,111,1,1.64,2.0
2014-02-17,423,332,0,0.24,0.0
2014-02-17,2492,333,4,0.64,0.0
2014-02-17,1472,114,0,0.11,0.0
2014-02-17,1240,332,0,0.06,0.0
2014-02-17,2794,222,0,1.07,2.0
2014-02-17,797,223,1,1.41,2.0
2014-02-17,1548,333,0,0.16,0.0
2014-02-17,2818,112,0,0.58,0.0
2014-02-17,1328,113,0,0.7,0.0
2014-02-17,1753,113,1,2.26,2.0
2014-02-17,2294,111,1,1.04,0.0
2014-02-17,2853,111,1,2.23,3.0
2014-02-17,423,113,0,0.05,0.0
2014-02-17,2332,113,20,12.77,12.0
2014-02-17,1548,222,1,0.43,0.0
2014-02-17,3021,113,0,0.67,0.0
2014-02-17,74,112,0,0.01,0.0
2014-02-17,337,332,1,1.93,2.0
2014-02-17,1275,222,0,0.04,0.0
2014-02-17,1542,111,0,0.05,0.0
2014-02-17,2853,333,0,1.88,2.0
2014-02-17,1599,332,0,0.13,0.0
2014-02-17,1753,333,0,0.57,0.0
2014-02-17,1508,113,0,0.23,0.0
2014-02-17,432,114,0,0.02,0.0
2014-02-17,423,221,0,0.19,0.0
2014-02-17,2853,114,1,1.78,2.0
2014-02-17,1548,111,0,0.43,0.0
2014-02-17,743,332,0,0.4,0.0
2014-02-17,1508,333,0,0.01,0.0
2014-02-17,659,113,1,0.71,0.0
2014-02-17,1599,111,0,0.16,0.0
2014-02-17,1365,333,1,0.11,0.0
2014-02-17,2935,331,2,9.68,10.0
2014-02-17,2818,111,1,0.66,0.0
2014-02-17,581,223,1,1.06,0.0
2014-02-17,3008,113,1,2.07,2.0
2014-02-17,1275,112,0,0.04,0.0
2014-02-18,2794,113,4,1.74,2.0
2014-02-18,2818,332,2,0.57,0.0
2014-02-18,2492,332,0,0.58,0.0
2014-02-18,904,111,1,1.59,2.0
2014-02-18,1424,112,0,0.47,0.0
2014-02-18,1173,113,0,1.14,0.0
2014-02-18,1753,331,0,0.61,0.0
2014-02-18,904,223,0,0.23,0.0
2014-02-18,2332,333,0,1.82,2.0
2014-02-18,432,112,0,0.0,0.0
2014-02-18,337,333,2,1.06,2.0
2014-02-18,1228,333,0,0.27,0.0
2014-02-18,2768,114,0,0.09,0.0
2014-02-18,2794,221,2,0.83,0.0
2014-02-18,1599,223,0,0.24,0.0
2014-02-18,2332,221,1,2.07,2.0
2014-02-18,1727,223,0,0.01,0.0
2014-02-18,2818,111,0,0.65,0.0
2014-02-18,2294,114,2,0.34,0.0
2014-02-18,1508,113,0,0.2,0.0
2014-02-18,1135,221,0,0.14,0.0
2014-02-18,868,112,0,0.33,0.0
2014-02-18,1548,222,0,0.5,0.0
2014-02-18,1542,114,0,0.14,0.0
2014-02-18,1190,114,0,0.0,0.0
2014-02-18,1328,223,0,0.45,0.0
2014-02-18,1328,222,0,0.37,0.0
2014-02-18,973,113,0,0.94,0.0
2014-02-18,1196,222,0,0.19,0.0
2014-02-18,423,332,0,0.22,0.0
2014-02-18,868,331,0,0.13,0.0
2014-02-18,1694,111,1,1.49,2.0
2014-02-18,797,333,3,1.5,2.0
2014-02-18,1727,113,0,0.3,0.0
2014-02-18,3008,223,1,0.73,0.0
2014-02-18,743,333,1,0.69,0.0
2014-02-18,337,222,1,0.7,0.0
2014-02-18,1629,112,5,5.93,7.0
2014-02-18,2794,332,1,1.35,2.0
2014-02-18,631,223,0,0.27,0.0
2014-02-18,1508,223,0,0.12,0.0
2014-02-18,432,332,0,0.18,0.0
2014-02-18,1424,222,1,0.35,0.0
2014-02-18,926,223,0,0.2,0.0
2014-02-18,2768,221,0,0.33,0.0
2014-02-18,3021,114,0,0.03,0.0
2014-02-18,868,222,0,0.28,0.0
2014-02-18,432,333,0,0.11,0.0
2014-02-18,1242,223,0,0.36,0.0
2014-02-18,1240,223,0,0.0,0.0
2014-02-18,1275,113,0,0.09,0.0
2014-02-18,1542,331,0,0.04,0.0
2014-02-18,1240,111,0,0.01,0.0
2014-02-18,1322,222,1,0.27,0.0
2014-02-18,1322,331,1,0.15,0.0
2014-02-18,973,221,0,0.28,0.0
2014-02-18,1672,114,0,0.66,0.0
2014-02-18,972,333,0,0.71,0.0
2014-02-18,797,222,3,1.39,2.0
2014-02-18,2935,111,29,3.62,10.0
2014-02-18,581,333,0,0.69,0.0
2014-02-18,1672,221,1,1.85,2.0
2014-02-18,74,332,0,0.03,0.0
2014-02-18,3021,333,1,0.04,0.0
2014-02-18,1275,332,0,0.04,0.0
2014-02-18,2768,332,1,0.86,0.0
2014-02-18,1135,333,0,0.17,0.0
2014-02-18,1727,332,0,0.01,0.0
2014-02-18,1542,112,0,0.09,0.0
2014-02-18,972,331,1,0.03,0.0
2014-02-18,1328,112,1,0.63,0.0
2014-02-18,337,331,1,2.8,3.0
2014-02-18,1190,332,0,0.0,0.0
2014-02-18,797,221,1,1.93,2.0
2014-02-18,2492,113,5,4.83,5.0
2014-02-18,1694,331,1,1.47,2.0
2014-02-18,2853,223,4,2.95,4.0
2014-02-18,3008,112,3,0.94,0.0
2014-02-18,1548,331,0,0.16,0.0
2014-02-18,926,111,0,0.01,0.0
2014-02-18,1173,114,0,0.02,0.0
2014-02-18,423,223,0,0.53,0.0
2014-02-18,1054,114,1,1.09,2.0
2014-02-18,2492,112,0,0.06,0.0
2014-02-18,3021,223,0,0.01,0.0
2014-02-18,904,112,0,1.99,2.0
2014-02-18,1424,332,0,0.14,0.0
2014-02-18,1472,221,0,0.21,0.0
2014-02-18,2818,114,0,0.29,0.0
2014-02-18,581,112,0,1.03,0.0
2014-02-18,1275,223,0,0.01,0.0
2014-02-18,1242,114,0,0.22,0.0
2014-02-18,1548,113,1,0.91,0.0
2014-02-18,581,111,1,1.3,2.0
2014-02-18,973,114,0,0.48,0.0
2014-02-18,1228,222,0,0.12,0.0
2014-02-18,631,112,2,1.03,0.0
2014-02-18,2818,221,0,0.19,0.0
2014-02-18,1240,332,0,0.05,0.0
2014-02-18,432,114,0,0.01,0.0
2014-02-18,1508,333,0,0.01,0.0
2014-02-18,423,221,0,0.18,0.0
2014-02-18,1548,111,0,0.39,0.0
2014-02-18,1472,114,0,0.1,0.0
2014-02-18,659,113,0,0.64,0.0
2014-02-18,904,333,1,0.62,0.0
2014-02-18,2935,331,4,4.15,8.0
2014-02-18,3008,113,8,1.92,2.0
2014-02-18,2794,222,0,0.92,0.0
2014-02-18,1328,113,0,0.66,0.0
2014-02-18,1753,113,1,2.0,2.0
2014-02-18,1365,333,0,0.15,0.0
2014-02-18,1054,221,2,2.0,2.0
2014-02-18,972,111,0,0.52,0.0
2014-02-18,2932,112,0,1.24,0.0
2014-02-18,1599,114,0,0.08,0.0
2014-02-18,2492,222,0,0.07,0.0
2014-02-18,337,114,2,1.33,2.0
2014-02-18,2935,221,4,3.76,2.0
2014-02-18,1196,112,0,0.16,0.0
2014-02-18,1365,221,0,0.15,0.0
2014-02-18,1694,333,3,1.66,2.0
2014-02-18,611,222,4,1.88,2.0
2014-02-18,581,332,1,0.3,0.0
2014-02-18,631,111,1,1.58,2.0
2014-02-18,1322,221,0,0.26,0.0
2014-02-18,2818,112,0,0.53,0.0
2014-02-18,1135,113,0,0.27,0.0
2014-02-18,797,112,6,2.38,3.0
2014-02-18,1472,333,1,0.36,0.0
2014-02-18,1672,331,0,0.72,0.0
2014-02-18,1508,332,0,0.0,0.0
2014-02-18,868,221,0,0.18,0.0
2014-02-18,972,223,0,2.56,2.0
2014-02-18,973,222,0,0.42,0.0
2014-02-18,432,221,0,0.13,0.0
2014-02-18,3004,333,0,1.3,0.0
2014-02-18,1135,112,0,0.04,0.0
2014-02-18,611,111,3,1.95,2.0
2014-02-18,3004,113,0,0.18,0.0
2014-02-18,904,221,0,0.35,0.0
2014-02-18,631,331,0,0.94,0.0
2014-02-18,1727,333,0,0.06,0.0
2014-02-18,3004,114,0,0.43,0.0
2014-02-18,868,333,0,0.2,0.0
2014-02-18,1242,112,1,0.68,0.0
2014-02-18,1328,111,0,0.59,0.0
2014-02-18,1472,332,0,0.23,0.0
2014-02-18,1424,333,0,0.24,0.0
2014-02-18,2794,111,2,1.76,2.0
2014-02-18,1196,331,1,0.26,0.0
2014-02-18,337,223,0,0.42,0.0
2014-02-18,1228,114,0,0.14,0.0
2014-02-18,74,111,1,0.3,0.0
2014-02-18,1173,111,0,0.48,0.0
2014-02-18,611,332,0,1.54,2.0
2014-02-18,3021,331,0,0.24,0.0
2014-02-18,611,223,4,0.93,0.0
2014-02-18,2935,223,9,8.95,6.0
2014-02-18,74,333,0,0.08,0.0
2014-02-18,1196,111,0,0.11,0.0
2014-02-18,1242,113,0,0.86,0.0
2014-02-18,2853,331,1,1.96,2.0
2014-02-18,1672,332,0,1.15,0.0
2014-02-18,2818,113,1,0.91,0.0
2014-02-18,2332,111,0,3.97,4.0
2014-02-18,2294,111,0,1.12,0.0
2014-02-18,1275,331,0,0.05,0.0
2014-02-18,2492,221,4,2.41,2.0
2014-02-18,1694,332,8,2.65,2.0
2014-02-18,797,113,2,3.29,5.0
2014-02-18,1365,331,0,0.23,0.0
2014-02-18,1240,333,0,0.02,0.0
2014-02-18,1599,112,0,0.0,0.0
2014-02-18,797,331,0,1.36,2.0
2014-02-18,743,221,0,0.62,0.0
2014-02-18,926,112,0,0.0,0.0
2014-02-18,2935,222,19,4.71,8.0
2014-02-18,2332,112,3,2.34,3.0
2014-02-18,1548,112,4,1.04,0.0
2014-02-18,972,114,0,0.17,0.0
2014-02-18,1472,331,0,0.16,0.0
2014-02-18,1599,113,0,0.0,0.0
2014-02-18,1365,222,0,0.12,0.0
2014-02-18,2294,113,1,1.47,0.0
2014-02-18,1190,333,0,0.0,0.0
2014-02-18,1365,332,0,0.18,0.0
2014-02-18,2794,223,0,0.56,0.0
2014-02-18,1322,333,0,0.13,0.0
2014-02-18,1753,112,1,1.71,2.0
2014-02-18,1196,223,0,0.06,0.0
2014-02-18,3008,111,0,0.61,0.0
2014-02-18,2932,111,1,1.34,2.0
2014-02-18,1629,114,3,5.64,7.0
2014-02-18,2294,112,0,0.29,0.0
2014-02-18,2768,333,0,0.75,0.0
2014-02-18,1629,223,0,2.01,3.0
2014-02-18,1228,221,0,0.0,0.0
2014-02-18,659,222,0,0.46,0.0
2014-02-18,659,332,0,0.43,0.0
2014-02-18,926,333,0,0.05,0.0
2014-02-18,659,114,1,0.66,0.0
2014-02-18,2332,113,24,10.82,12.0
2014-02-18,74,112,0,0.0,0.0
2014-02-18,1275,222,0,0.03,0.0
2014-02-18,1190,222,0,0.0,0.0
2014-02-18,1629,332,11,6.43,11.0
2014-02-18,659,331,1,0.67,0.0
2014-02-18,337,113,0,1.36,0.0
2014-02-18,1228,332,0,0.0,0.0
2014-02-18,337,111,0,1.04,0.0
2014-02-18,1275,114,0,0.03,0.0
2014-02-18,1242,222,3,0.65,0.0
2014-02-18,2768,222,0,0.29,0.0
2014-02-18,1727,112,0,0.04,0.0
2014-02-18,1599,222,0,0.13,0.0
2014-02-18,1694,221,0,0.53,0.0
2014-02-18,3004,112,0,0.26,0.0
2014-02-18,797,111,1,1.64,2.0
2014-02-18,1135,332,0,0.0,0.0
2014-02-18,432,222,0,0.31,0.0
2014-02-18,611,221,2,1.39,2.0
2014-02-18,3021,332,0,0.03,0.0
2014-02-18,631,222,0,0.3,0.0
2014-02-18,2332,114,0,3.77,4.0
2014-02-18,2294,223,0,1.61,0.0
2014-02-18,3021,221,1,0.14,0.0
2014-02-18,1424,223,0,0.27,0.0
2014-02-18,1542,333,0,0.0,0.0
2014-02-18,611,112,2,1.86,2.0
2014-02-18,3008,221,0,0.92,0.0
2014-02-18,972,332,5,3.6,4.0
2014-02-18,631,332,0,0.5,0.0
2014-02-18,2818,223,3,0.51,0.0
2014-02-18,1727,331,0,0.01,0.0
2014-02-18,1694,223,0,0.43,0.0
2014-02-18,1328,221,0,0.38,0.0
2014-02-18,3004,221,0,0.12,0.0
2014-02-18,1322,332,0,0.11,0.0
2014-02-18,1275,333,0,0.02,0.0
2014-02-18,2935,112,0,5.36,3.0
2014-02-18,1054,223,0,1.06,0.0
2014-02-18,1190,221,0,0.0,0.0
2014-02-18,1365,113,1,0.36,0.0
2014-02-18,581,331,0,0.65,0.0
2014-02-18,1196,113,0,0.16,0.0
2014-02-18,581,114,0,0.42,0.0
2014-02-18,973,331,0,0.6,0.0
2014-02-18,423,114,0,0.36,0.0
2014-02-18,1228,112,1,0.25,0.0
2014-02-18,2818,331,0,0.16,0.0
2014-02-18,1322,114,0,0.25,0.0
2014-02-18,74,113,0,0.63,0.0
2014-02-18,1542,332,0,0.08,0.0
2014-02-18,3004,331,0,0.34,0.0
2014-02-18,74,223,0,0.32,0.0
2014-02-18,631,113,0,1.27,0.0
2014-02-18,2935,332,11,27.7,27.0
2014-02-18,2492,331,5,2.6,2.0
2014-02-18,1472,112,0,0.04,0.0
2014-02-18,1753,114,0,0.98,0.0
2014-02-18,2853,332,0,2.16,2.0
2014-02-18,1424,111,0,0.37,0.0
2014-02-18,743,111,0,0.93,0.0
2014-02-18,2853,221,4,2.09,3.0
2014-02-18,2932,114,2,1.45,2.0
2014-02-18,926,331,0,0.22,0.0
2014-02-18,1508,112,0,0.07,0.0
2014-02-18,1753,332,0,0.46,0.0
2014-02-18,1472,222,0,0.26,0.0
2014-02-18,659,112,2,0.99,2.0
2014-02-18,1054,112,2,2.43,3.0
2014-02-18,3008,222,0,0.7,0.0
2014-02-18,904,114,0,0.97,0.0
2014-02-18,1173,223,0,0.03,0.0
2014-02-18,797,332,2,1.16,2.0
2014-02-18,2935,113,13,13.66,11.0
2014-02-18,1694,113,8,2.84,2.0
2014-02-18,2818,222,1,0.34,0.0
2014-02-18,1508,111,0,0.19,0.0
2014-02-18,1629,331,8,5.82,6.0
2014-02-18,904,222,1,0.46,0.0
2014-02-18,423,331,0,0.39,0.0
2014-02-18,2794,112,2,2.56,2.0
2014-02-18,1548,223,0,0.3,0.0
2014-02-18,868,332,0,0.19,0.0
2014-02-18,1275,221,0,0.03,0.0
2014-02-18,1242,221,1,0.35,0.0
2014-02-18,2853,222,0,1.99,2.0
2014-02-18,1054,113,5,3.77,4.0
2014-02-18,3008,114,0,0.54,0.0
2014-02-18,1424,331,0,0.05,0.0
2014-02-18,581,113,2,1.84,2.0
2014-02-18,926,332,0,0.27,0.0
2014-02-18,2492,111,6,2.46,3.0
2014-02-18,1173,221,0,0.21,0.0
2014-02-18,1228,113,0,0.0,0.0
2014-02-18,2294,222,0,1.29,0.0
2014-02-18,3021,222,0,0.2,0.0
2014-02-18,1190,331,0,0.0,0.0
2014-02-18,1228,223,0,0.13,0.0
2014-02-18,972,222,1,2.06,2.0
2014-02-18,1753,111,0,1.41,0.0
2014-02-18,2768,331,0,0.57,0.0
2014-02-18,2935,114,0,3.58,3.0
2014-02-18,659,333,0,0.29,0.0
2014-02-18,2794,331,1,0.79,0.0
2014-02-18,1672,223,0,1.29,0.0
2014-02-18,3004,332,0,0.28,0.0
2014-02-18,1508,331,0,0.07,0.0
2014-02-18,1694,114,1,1.35,2.0
2014-02-18,973,223,0,0.06,0.0
2014-02-18,1190,223,0,0.0,0.0
2014-02-18,972,113,6,2.2,2.0
2014-02-18,1328,114,0,0.14,0.0
2014-02-18,2768,223,0,0.23,0.0
2014-02-18,1135,111,0,0.18,0.0
2014-02-18,926,113,0,0.06,0.0
2014-02-18,1365,114,0,0.15,0.0
2014-02-18,1196,332,0,0.1,0.0
2014-02-18,1228,331,0,0.21,0.0
2014-02-18,1135,114,0,0.11,0.0
2014-02-18,2932,113,2,2.48,2.0
2014-02-18,423,222,0,0.6,0.0
2014-02-18,1240,331,0,0.03,0.0
2014-02-18,2294,333,3,3.16,5.0
2014-02-18,1173,222,2,0.52,0.0
2014-02-18,1472,111,0,0.33,0.0
2014-02-18,1322,113,0,0.41,0.0
2014-02-18,2492,223,1,1.32,0.0
2014-02-18,1599,221,0,0.1,0.0
2014-02-18,1672,333,6,1.52,2.0
2014-02-18,1599,111,0,0.15,0.0
2014-02-18,1727,111,0,0.02,0.0
2014-02-18,743,223,0,0.27,0.0
2014-02-18,1629,113,7,8.81,7.0
2014-02-18,432,113,0,0.24,0.0
2014-02-18,1672,222,4,2.05,2.0
2014-02-18,1548,114,0,0.25,0.0
2014-02-18,1173,112,0,0.73,0.0
2014-02-18,1542,113,0,0.17,0.0
2014-02-18,868,113,0,0.23,0.0
2014-02-18,337,332,2,1.88,2.0
2014-02-18,1753,333,0,0.54,0.0
2014-02-18,797,223,0,1.27,2.0
2014-02-18,74,331,0,0.0,0.0
2014-02-18,1242,111,1,0.39,0.0
2014-02-18,743,114,0,0.31,0.0
2014-02-18,1328,332,1,0.6,0.0
2014-02-18,2332,223,2,1.42,2.0
2014-02-18,659,221,1,0.61,0.0
2014-02-18,2853,111,4,1.89,2.0
2014-02-18,1275,112,0,0.03,0.0
2014-02-18,926,221,0,0.09,0.0
2014-02-18,1240,221,0,0.03,0.0
2014-02-18,432,331,0,0.08,0.0
2014-02-18,1322,111,0,0.46,0.0
2014-02-18,2932,331,1,1.36,2.0
2014-02-18,1629,221,1,2.53,3.0
2014-02-18,3008,333,3,1.63,2.0
2014-02-18,631,333,1,0.48,0.0
2014-02-18,1542,221,0,0.2,0.0
2014-02-18,1629,333,7,3.31,3.0
2014-02-18,2932,222,3,1.27,2.0
2014-02-18,2932,332,0,0.45,0.0
2014-02-18,1365,112,0,0.41,0.0
2014-02-18,1173,333,0,0.18,0.0
2014-02-18,2794,114,0,1.04,0.0
2014-02-18,2492,333,0,1.47,2.0
2014-02-18,1240,114,0,0.0,0.0
2014-02-18,1328,331,1,0.69,0.0
2014-02-18,1548,332,0,0.15,0.0
2014-02-18,868,223,0,0.2,0.0
2014-02-18,1135,222,0,0.23,0.0
2014-02-18,432,111,0,0.05,0.0
2014-02-18,1173,331,1,0.33,0.0
2014-02-18,1328,333,0,0.24,0.0
2014-02-18,3008,332,1,1.4,2.0
2014-02-18,2794,333,0,1.16,2.0
2014-02-18,74,114,0,0.27,0.0
2014-02-18,423,333,0,0.24,0.0
2014-02-18,1424,113,2,0.71,0.0
2014-02-18,2853,112,2,1.75,2.0
2014-02-18,1599,332,0,0.12,0.0
2014-02-18,1548,333,0,0.14,0.0
2014-02-18,1599,333,0,0.12,0.0
2014-02-18,973,111,0,0.0,0.0
2014-02-18,1542,223,0,0.13,0.0
2014-02-18,581,221,5,0.08,0.0
2014-02-18,1228,111,0,0.17,0.0
2014-02-18,904,113,0,1.37,2.0
2014-02-18,2768,113,1,0.69,0.0
2014-02-18,611,331,1,1.36,2.0
2014-02-18,743,113,2,1.03,0.0
2014-02-18,973,333,0,0.25,0.0
2014-02-18,904,331,1,0.98,0.0
2014-02-18,868,114,2,0.4,0.0
2014-02-18,1135,331,0,0.22,0.0
2014-02-18,659,223,0,0.44,0.0
2014-02-18,1275,111,0,0.03,0.0
2014-02-18,2768,112,0,0.37,0.0
2014-02-18,1508,114,0,0.07,0.0
2014-02-18,1190,111,0,0.0,0.0
2014-02-18,2818,333,0,0.23,0.0
2014-02-18,3004,223,0,0.5,0.0
2014-02-18,3021,112,0,0.0,0.0
2014-02-18,631,221,0,0.23,0.0
2014-02-18,1054,332,3,1.92,2.0
2014-02-18,1672,111,2,1.04,0.0
2014-02-18,1054,333,0,1.49,2.0
2014-02-18,2332,332,2,3.31,3.0
2014-02-18,1190,113,0,0.0,0.0
2014-02-18,1472,223,1,0.38,0.0
2014-02-18,3008,331,4,1.2,0.0
2014-02-18,1190,112,0,0.0,0.0
2014-02-18,972,221,1,2.48,3.0
2014-02-18,2294,331,0,1.09,0.0
2014-02-18,581,223,0,1.01,0.0
2014-02-18,1242,333,0,0.15,0.0
2014-02-18,3021,113,1,0.52,0.0
2014-02-18,1548,221,0,0.31,0.0
2014-02-18,1424,114,0,0.16,0.0
2014-02-18,743,331,0,0.84,0.0
2014-02-18,611,113,5,3.08,3.0
2014-02-18,1629,222,5,8.33,9.0
2014-02-18,2768,111,0,0.37,0.0
2014-02-18,2294,221,3,8.93,8.0
2014-02-18,1322,112,0,0.33,0.0
2014-02-18,1173,332,2,0.2,0.0
2014-02-18,1240,222,0,0.02,0.0
2014-02-18,2294,332,0,0.59,0.0
2014-02-18,972,112,1,0.82,0.0
2014-02-18,74,222,0,0.49,0.0
2014-02-18,3004,222,0,0.55,0.0
2014-02-18,1672,112,1,3.41,4.0
2014-02-18,1727,221,0,0.06,0.0
2014-02-18,2492,114,0,0.33,0.0
2014-02-18,337,221,0,0.56,0.0
2014-02-18,1242,331,0,0.03,0.0
2014-02-18,1424,221,2,0.48,0.0
2014-02-18,2853,333,2,1.44,2.0
2014-02-18,1322,223,0,0.13,0.0
2014-02-18,2332,331,3,2.08,2.0
2014-02-18,743,222,2,0.77,0.0
2014-02-18,3021,111,0,0.22,0.0
2014-02-18,1542,222,0,0.09,0.0
2014-02-18,1753,223,1,2.32,0.0
2014-02-18,868,111,1,0.77,0.0
2014-02-18,1242,332,1,0.8,0.0
2014-02-18,1196,114,1,0.07,0.0
2014-02-18,1240,112,0,0.0,0.0
2014-02-18,2935,333,7,11.17,9.0
2014-02-18,1672,113,0,2.45,0.0
2014-02-18,1054,111,1,1.38,2.0
2014-02-18,581,222,6,2.23,2.0
2014-02-18,2853,114,0,1.64,2.0
2014-02-18,1054,331,3,0.87,0.0
2014-02-18,423,113,0,0.05,0.0
2014-02-18,1365,223,0,0.02,0.0
2014-02-18,1240,113,0,0.09,0.0
2014-02-18,1365,111,0,0.22,0.0
2014-02-18,904,332,2,0.79,0.0
2014-02-18,1196,333,0,0.16,0.0
2014-02-18,2932,223,0,0.05,0.0
2014-02-18,1629,111,13,10.27,11.0
2014-02-18,1727,222,0,0.01,0.0
2014-02-18,337,112,1,0.71,0.0
2014-02-18,74,221,0,0.69,0.0
2014-02-18,926,222,0,0.18,0.0
2014-02-18,659,111,0,0.66,0.0
2014-02-18,797,114,2,1.22,2.0
2014-02-18,1196,221,0,0.14,0.0
2014-02-18,1508,222,0,0.11,0.0
2014-02-18,743,332,1,0.36,0.0
2014-02-18,1599,331,0,0.12,0.0
2014-02-18,611,333,2,1.15,2.0
2014-02-18,1542,111,0,0.04,0.0
2014-02-18,3004,111,0,0.27,0.0
2014-02-18,2932,333,0,1.72,2.0
2014-02-18,743,112,3,1.46,2.0
2014-02-18,1135,223,0,0.01,0.0
2014-02-18,1054,222,2,1.97,3.0
2014-02-18,1753,221,0,1.05,0.0
2014-02-18,2332,222,0,2.0,2.0
2014-02-18,926,114,0,0.14,0.0
2014-02-18,423,112,0,0.43,0.0
2014-02-18,1694,112,6,3.32,5.0
2014-02-18,1472,113,1,0.36,0.0
2014-02-18,1727,114,0,0.01,0.0
2014-02-18,2932,221,0,0.93,0.0
2014-02-18,611,114,1,1.37,2.0
2014-02-18,631,114,0,0.76,0.0
2014-02-18,973,332,0,0.56,0.0
2014-02-18,1694,222,1,1.17,0.0
2014-02-18,423,111,0,0.39,0.0
2014-02-18,1508,221,0,0.15,0.0
2014-02-18,1753,222,0,1.02,0.0
2014-02-18,2853,113,2,2.01,2.0
2014-02-18,973,112,3,0.31,0.0
2014-02-18,432,223,0,0.25,0.0
2014-02-19,1242,114,0,0.21,0.0
2014-02-19,1054,112,1,2.33,3.0
2014-02-19,743,222,1,0.76,0.0
2014-02-19,1727,333,0,0.06,0.0
2014-02-19,1753,332,0,0.44,0.0
2014-02-19,1672,333,2,1.79,2.0
2014-02-19,2853,113,2,2.25,2.0
2014-02-19,1242,222,4,0.75,0.0
2014-02-19,1542,222,0,0.09,0.0
2014-02-19,611,114,0,1.44,2.0
2014-02-19,337,114,4,1.37,2.0
2014-02-19,1672,223,1,1.06,0.0
2014-02-19,1135,221,0,0.13,0.0
2014-02-19,1328,332,0,0.61,0.0
2014-02-19,1548,331,0,0.13,0.0
2014-02-19,797,113,6,3.5,4.0
2014-02-19,659,114,0,0.68,0.0
2014-02-19,1599,222,0,0.13,0.0
2014-02-19,1196,114,0,0.13,0.0
2014-02-19,432,112,0,0.0,0.0
2014-02-19,2332,221,0,2.02,2.0
2014-02-19,1753,333,0,0.51,0.0
2014-02-19,3004,111,0,0.24,0.0
2014-02-19,1228,221,0,0.0,0.0
2014-02-19,973,114,0,0.42,0.0
2014-02-19,1322,223,0,0.11,0.0
2014-02-19,3004,112,0,0.21,0.0
2014-02-19,926,332,0,0.25,0.0
2014-02-19,74,222,0,0.48,0.0
2014-02-19,743,114,0,0.33,0.0
2014-02-19,904,112,7,1.44,0.0
2014-02-19,1190,332,0,0.0,0.0
2014-02-19,1190,223,0,0.0,0.0
2014-02-19,659,333,0,0.28,0.0
2014-02-19,1328,222,1,0.36,0.0
2014-02-19,631,331,1,0.96,0.0
2014-02-19,1328,114,0,0.13,0.0
2014-02-19,1694,113,1,2.15,3.0
2014-02-19,2294,221,1,5.49,8.0
2014-02-19,868,333,0,0.19,0.0
2014-02-19,1694,332,5,2.28,3.0
2014-02-19,423,112,0,0.39,0.0
2014-02-19,337,221,0,0.58,0.0
2014-02-19,1629,113,9,7.23,7.0
2014-02-19,973,113,1,0.95,0.0
2014-02-19,2794,112,4,2.17,2.0
2014-02-19,2935,332,1,17.71,23.0
2014-02-19,797,111,1,1.58,2.0
2014-02-19,1328,112,2,0.64,0.0
2014-02-19,1424,221,0,0.53,0.0
2014-02-19,1599,221,0,0.09,0.0
2014-02-19,1228,333,0,0.26,0.0
2014-02-19,3008,112,0,1.25,0.0
2014-02-19,1727,111,0,0.02,0.0
2014-02-19,1753,223,0,1.6,0.0
2014-02-19,3004,114,0,0.39,0.0
2014-02-19,2935,333,21,12.41,8.0
2014-02-19,972,222,0,1.9,2.0
2014-02-19,2794,331,1,0.86,0.0
2014-02-19,1599,111,0,0.15,0.0
2014-02-19,2332,332,0,2.75,3.0
2014-02-19,2768,333,0,0.66,0.0
2014-02-19,1694,112,11,2.87,4.0
2014-02-19,1242,333,0,0.15,0.0
2014-02-19,1753,221,0,0.92,0.0
2014-02-19,904,221,0,0.34,0.0
2014-02-19,972,113,5,2.7,3.0
2014-02-19,3004,332,0,0.27,0.0
2014-02-19,2768,222,1,0.27,0.0
2014-02-19,2794,113,1,1.93,2.0
2014-02-19,631,112,1,1.03,0.0
2014-02-19,1508,223,0,0.11,0.0
2014-02-19,2332,333,1,1.57,2.0
2014-02-19,1190,113,0,0.0,0.0
2014-02-19,1135,111,0,0.17,0.0
2014-02-19,337,331,3,2.64,3.0
2014-02-19,2768,111,0,0.36,0.0
2014-02-19,611,113,0,3.97,4.0
2014-02-19,1599,114,0,0.07,0.0
2014-02-19,2935,111,8,3.56,11.0
2014-02-19,1135,332,0,0.0,0.0
2014-02-19,3008,222,0,0.54,0.0
2014-02-19,1196,332,0,0.1,0.0
2014-02-19,611,111,1,1.96,2.0
2014-02-19,1629,223,1,1.38,0.0
2014-02-19,743,223,1,0.25,0.0
2014-02-19,972,221,1,2.36,2.0
2014-02-19,2492,331,0,2.92,2.0
2014-02-19,1727,112,0,0.04,0.0
2014-02-19,1672,222,0,2.07,2.0
2014-02-19,1472,222,0,0.25,0.0
2014-02-19,1135,112,0,0.04,0.0
2014-02-19,423,111,2,0.39,0.0
2014-02-19,1472,332,0,0.21,0.0
2014-02-19,1242,332,1,0.86,0.0
2014-02-19,1599,112,0,0.0,0.0
2014-02-19,2932,114,3,1.44,2.0
2014-02-19,1365,331,0,0.25,0.0
2014-02-19,1672,111,1,1.27,0.0
2014-02-19,1054,111,1,1.47,2.0
2014-02-19,2492,222,0,0.06,0.0
2014-02-19,1240,333,0,0.02,0.0
2014-02-19,1228,222,0,0.12,0.0
2014-02-19,1190,221,0,0.0,0.0
2014-02-19,1548,113,0,0.97,0.0
2014-02-19,797,114,2,1.22,2.0
2014-02-19,74,221,0,0.65,0.0
2014-02-19,1173,332,0,0.24,0.0
2014-02-19,1190,112,0,0.0,0.0
2014-02-19,3004,223,0,0.41,0.0
2014-02-19,2492,223,5,1.46,2.0
2014-02-19,659,112,2,1.03,0.0
2014-02-19,2768,221,0,0.29,0.0
2014-02-19,1054,332,3,1.89,2.0
2014-02-19,2492,111,2,2.78,3.0
2014-02-19,868,222,2,0.29,0.0
2014-02-19,337,222,2,0.76,0.0
2014-02-19,1542,112,0,0.08,0.0
2014-02-19,2818,222,0,0.36,0.0
2014-02-19,1548,114,1,0.21,0.0
2014-02-19,1173,114,0,0.02,0.0
2014-02-19,581,221,3,2.17,2.0
2014-02-19,1242,221,1,0.37,0.0
2014-02-19,2818,331,0,0.15,0.0
2014-02-19,2853,332,1,1.76,2.0
2014-02-19,1542,113,0,0.15,0.0
2014-02-19,2492,221,3,2.45,2.0
2014-02-19,1629,111,10,10.47,11.0
2014-02-19,1727,332,0,0.01,0.0
2014-02-19,581,331,0,0.66,0.0
2014-02-19,1275,221,0,0.03,0.0
2014-02-19,1629,114,1,4.87,6.0
2014-02-19,2294,113,0,1.29,2.0
2014-02-19,581,333,0,0.64,0.0
2014-02-19,1196,333,0,0.13,0.0
2014-02-19,659,332,0,0.42,0.0
2014-02-19,74,113,0,0.64,0.0
2014-02-19,1753,114,1,0.83,0.0
2014-02-19,904,331,0,1.01,2.0
2014-02-19,1548,223,0,0.28,0.0
2014-02-19,611,331,3,1.46,2.0
2014-02-19,1135,331,0,0.21,0.0
2014-02-19,868,332,0,0.19,0.0
2014-02-19,2853,223,5,2.79,3.0
2014-02-19,1275,331,0,0.05,0.0
2014-02-19,1472,112,0,0.04,0.0
2014-02-19,1322,113,0,0.36,0.0
2014-02-19,1135,333,0,0.17,0.0
2014-02-19,1542,332,0,0.08,0.0
2014-02-19,659,223,1,0.41,0.0
2014-02-19,1240,113,0,0.09,0.0
2014-02-19,973,111,0,0.0,0.0
2014-02-19,1173,112,0,0.7,0.0
2014-02-19,1753,112,0,2.18,2.0
2014-02-19,2492,113,3,4.31,5.0
2014-02-19,1054,331,0,0.95,0.0
2014-02-19,581,114,0,0.43,0.0
2014-02-19,926,333,0,0.05,0.0
2014-02-19,3021,333,0,0.18,0.0
2014-02-19,1328,333,0,0.26,0.0
2014-02-19,74,331,0,0.0,0.0
2014-02-19,1508,114,0,0.07,0.0
2014-02-19,743,111,0,0.97,0.0
2014-02-19,423,114,0,0.32,0.0
2014-02-19,1322,333,0,0.12,0.0
2014-02-19,1054,113,2,3.68,4.0
2014-02-19,423,333,0,0.19,0.0
2014-02-19,2768,332,0,0.84,0.0
2014-02-19,2794,333,5,1.1,2.0
2014-02-19,2853,221,1,2.16,3.0
2014-02-19,74,114,0,0.26,0.0
2014-02-19,1365,111,0,0.22,0.0
2014-02-19,2853,222,0,1.5,0.0
2014-02-19,1424,113,0,0.7,0.0
2014-02-19,1365,332,0,0.17,0.0
2014-02-19,973,333,2,0.25,0.0
2014-02-19,74,223,0,0.27,0.0
2014-02-19,1694,331,2,1.49,2.0
2014-02-19,2794,223,1,0.49,0.0
2014-02-19,1424,111,0,0.37,0.0
2014-02-19,1196,113,0,0.18,0.0
2014-02-19,3008,111,2,0.55,0.0
2014-02-19,1322,114,0,0.23,0.0
2014-02-19,1753,222,3,0.79,0.0
2014-02-19,1196,223,0,0.06,0.0
2014-02-19,926,331,0,0.21,0.0
2014-02-19,1275,111,0,0.03,0.0
2014-02-19,972,331,0,0.25,0.0
2014-02-19,1365,112,1,0.44,0.0
2014-02-19,432,332,0,0.16,0.0
2014-02-19,2932,111,0,1.37,2.0
2014-02-19,631,113,1,1.16,0.0
2014-02-19,1135,222,0,0.23,0.0
2014-02-19,1629,331,6,7.53,6.0
2014-02-19,2932,222,0,1.31,2.0
2014-02-19,1275,333,0,0.02,0.0
2014-02-19,2492,333,0,1.2,0.0
2014-02-19,1135,223,0,0.01,0.0
2014-02-19,1054,223,1,0.98,0.0
2014-02-19,659,222,0,0.45,0.0
2014-02-19,74,332,0,0.03,0.0
2014-02-19,2818,333,0,0.19,0.0
2014-02-19,1328,111,0,0.54,0.0
2014-02-19,973,331,0,0.63,0.0
2014-02-19,1508,111,0,0.16,0.0
2014-02-19,1542,223,0,0.12,0.0
2014-02-19,3021,114,0,0.03,0.0
2014-02-19,3008,114,2,0.48,0.0
2014-02-19,2294,112,0,0.25,0.0
2014-02-19,1275,113,0,0.09,0.0
2014-02-19,1242,112,0,0.76,0.0
2014-02-19,1472,221,0,0.2,0.0
2014-02-19,1190,111,0,0.0,0.0
2014-02-19,1275,332,0,0.04,0.0
2014-02-19,432,222,0,0.28,0.0
2014-02-19,1328,331,0,0.74,0.0
2014-02-19,1727,114,0,0.01,0.0
2014-02-19,1548,332,0,0.15,0.0
2014-02-19,2794,114,0,0.93,0.0
2014-02-19,743,221,0,0.53,0.0
2014-02-19,337,333,0,1.14,2.0
2014-02-19,432,111,0,0.04,0.0
2014-02-19,1424,331,0,0.05,0.0
2014-02-19,926,222,0,0.18,0.0
2014-02-19,659,221,1,0.66,0.0
2014-02-19,581,113,1,1.87,2.0
2014-02-19,2935,112,0,5.7,0.0
2014-02-19,3004,331,0,0.33,0.0
2014-02-19,926,221,0,0.09,0.0
2014-02-19,1508,222,0,0.11,0.0
2014-02-19,1599,331,0,0.12,0.0
2014-02-19,1365,113,0,0.37,0.0
2014-02-19,1672,221,1,1.7,2.0
2014-02-19,1240,221,0,0.03,0.0
2014-02-19,868,113,0,0.24,0.0
2014-02-19,1228,111,0,0.16,0.0
2014-02-19,1190,333,0,0.0,0.0
2014-02-19,1322,111,0,0.48,0.0
2014-02-19,904,222,1,0.45,0.0
2014-02-19,337,332,2,1.86,2.0
2014-02-19,1508,112,0,0.07,0.0
2014-02-19,797,223,1,1.24,2.0
2014-02-19,797,221,2,1.78,2.0
2014-02-19,1694,221,0,0.5,0.0
2014-02-19,972,112,0,0.82,0.0
2014-02-19,973,223,0,0.06,0.0
2014-02-19,1173,113,1,1.06,0.0
2014-02-19,1424,333,0,0.26,0.0
2014-02-19,2332,223,4,1.36,2.0
2014-02-19,904,114,1,0.96,0.0
2014-02-19,423,331,0,0.37,0.0
2014-02-19,1173,223,0,0.03,0.0
2014-02-19,432,113,0,0.24,0.0
2014-02-19,2332,331,3,2.08,2.0
2014-02-19,1228,112,0,0.26,0.0
2014-02-19,797,331,1,1.26,2.0
2014-02-19,74,333,0,0.07,0.0
2014-02-19,631,332,1,0.49,0.0
2014-02-19,2294,114,0,0.47,0.0
2014-02-19,1322,221,0,0.23,0.0
2014-02-19,926,223,0,0.2,0.0
2014-02-19,1599,113,0,0.0,0.0
2014-02-19,743,113,3,1.07,0.0
2014-02-19,1196,111,0,0.1,0.0
2014-02-19,2818,223,0,0.66,0.0
2014-02-19,2818,112,0,0.53,0.0
2014-02-19,1753,113,8,1.99,2.0
2014-02-19,1240,331,0,0.03,0.0
2014-02-19,1173,331,0,0.34,0.0
2014-02-19,868,112,0,0.31,0.0
2014-02-19,1727,331,0,0.01,0.0
2014-02-19,868,114,1,0.48,0.0
2014-02-19,2768,113,0,0.7,0.0
2014-02-19,1727,223,0,0.01,0.0
2014-02-19,1054,222,3,2.19,2.0
2014-02-19,2853,112,1,1.8,2.0
2014-02-19,2794,221,0,0.9,0.0
2014-02-19,631,114,0,0.73,0.0
2014-02-19,2794,222,1,0.81,0.0
2014-02-19,868,221,0,0.17,0.0
2014-02-19,2935,223,6,7.19,7.0
2014-02-19,1599,332,0,0.1,0.0
2014-02-19,2294,111,0,0.94,0.0
2014-02-19,1548,333,0,0.13,0.0
2014-02-19,2332,111,2,3.03,3.0
2014-02-19,1599,333,0,0.12,0.0
2014-02-19,1135,113,0,0.25,0.0
2014-02-19,1328,113,0,0.6,0.0
2014-02-19,2492,112,0,0.05,0.0
2014-02-19,1599,223,0,0.23,0.0
2014-02-19,904,113,1,1.21,2.0
2014-02-19,2294,333,1,3.79,4.0
2014-02-19,972,332,3,4.03,4.0
2014-02-19,868,223,0,0.21,0.0
2014-02-19,432,331,0,0.08,0.0
2014-02-19,2932,332,0,0.46,0.0
2014-02-19,1322,222,1,0.29,0.0
2014-02-19,1173,333,1,0.18,0.0
2014-02-19,74,112,0,0.0,0.0
2014-02-19,1424,332,0,0.14,0.0
2014-02-19,797,333,0,1.51,2.0
2014-02-19,1629,333,3,5.05,4.0
2014-02-19,972,114,0,0.16,0.0
2014-02-19,2818,113,1,0.89,0.0
2014-02-19,2932,113,2,2.44,2.0
2014-02-19,611,112,8,1.87,2.0
2014-02-19,1472,333,0,0.36,0.0
2014-02-19,1694,111,0,1.67,2.0
2014-02-19,631,333,0,0.46,0.0
2014-02-19,631,111,0,1.52,2.0
2014-02-19,1275,222,0,0.03,0.0
2014-02-19,3021,332,0,0.03,0.0
2014-02-19,1328,221,0,0.37,0.0
2014-02-19,868,331,0,0.12,0.0
2014-02-19,1242,113,0,0.8,0.0
2014-02-19,3021,223,0,0.0,0.0
2014-02-19,2853,111,1,2.2,2.0
2014-02-19,423,113,0,0.04,0.0
2014-02-19,1275,112,0,0.03,0.0
2014-02-19,2332,113,20,11.78,13.0
2014-02-19,1472,331,0,0.16,0.0
2014-02-19,1629,221,2,2.5,2.0
2014-02-19,1542,114,0,0.14,0.0
2014-02-19,2853,331,2,1.89,2.0
2014-02-19,2932,331,3,1.36,2.0
2014-02-19,1542,221,0,0.19,0.0
2014-02-19,1328,223,2,0.46,0.0
2014-02-19,1240,114,0,0.0,0.0
2014-02-19,581,332,0,0.58,0.0
2014-02-19,1672,332,0,0.94,0.0
2014-02-19,423,222,0,0.6,0.0
2014-02-19,743,333,0,0.72,0.0
2014-02-19,3021,331,0,0.23,0.0
2014-02-19,973,221,0,0.31,0.0
2014-02-19,1322,332,0,0.12,0.0
2014-02-19,2492,332,0,0.56,0.0
2014-02-19,2932,333,0,1.43,2.0
2014-02-19,926,114,0,0.14,0.0
2014-02-19,1228,114,0,0.15,0.0
2014-02-19,3021,221,0,0.24,0.0
2014-02-19,972,111,0,0.49,0.0
2014-02-19,797,332,0,1.21,2.0
2014-02-19,2818,332,0,0.69,0.0
2014-02-19,1424,223,0,0.24,0.0
2014-02-19,423,221,0,0.16,0.0
2014-02-19,743,112,0,1.48,2.0
2014-02-19,1196,221,0,0.13,0.0
2014-02-19,74,111,0,0.32,0.0
2014-02-19,2768,114,0,0.08,0.0
2014-02-19,2932,112,0,1.04,0.0
2014-02-19,1508,333,0,0.01,0.0
2014-02-19,611,333,2,1.17,2.0
2014-02-19,423,223,1,0.51,0.0
2014-02-19,1242,111,1,0.41,0.0
2014-02-19,432,223,0,0.25,0.0
2014-02-19,2818,221,0,0.2,0.0
2014-02-19,631,222,1,0.3,0.0
2014-02-19,1240,332,0,0.05,0.0
2014-02-19,2332,114,5,2.51,3.0
2014-02-19,1424,112,1,0.41,0.0
2014-02-19,1472,114,0,0.09,0.0
2014-02-19,926,111,0,0.01,0.0
2014-02-19,337,223,0,0.42,0.0
2014-02-19,1753,331,0,0.59,0.0
2014-02-19,973,332,1,0.53,0.0
2014-02-19,2932,223,0,0.03,0.0
2014-02-19,432,114,0,0.01,0.0
2014-02-19,1054,221,1,1.98,2.0
2014-02-19,904,111,0,1.56,2.0
2014-02-19,904,332,1,0.83,0.0
2014-02-19,1727,222,0,0.01,0.0
2014-02-19,1672,331,2,0.58,0.0
2014-02-19,2794,332,0,1.27,2.0
2014-02-19,1508,221,0,0.12,0.0
2014-02-19,1242,223,1,0.36,0.0
2014-02-19,2332,112,3,2.44,3.0
2014-02-19,904,333,1,0.66,0.0
2014-02-19,973,112,0,0.4,0.0
2014-02-19,2935,331,9,5.55,7.0
2014-02-19,3008,332,2,1.36,2.0
2014-02-19,1240,111,0,0.01,0.0
2014-02-19,3004,221,0,0.11,0.0
2014-02-19,1672,114,1,0.59,0.0
2014-02-19,1173,222,0,0.54,0.0
2014-02-19,3008,113,0,2.43,2.0
2014-02-19,1694,222,1,1.71,2.0
2014-02-19,2935,113,19,12.82,10.0
2014-02-19,2768,112,0,0.35,0.0
2014-02-19,797,112,1,2.77,3.0
2014-02-19,611,332,0,1.33,2.0
2014-02-19,1672,112,0,2.58,3.0
2014-02-19,3008,221,0,0.81,0.0
2014-02-19,1694,333,1,1.64,2.0
2014-02-19,1472,113,1,0.39,0.0
2014-02-19,1548,111,0,0.41,0.0
2014-02-19,2332,222,2,1.52,2.0
2014-02-19,1694,114,3,1.5,2.0
2014-02-19,432,333,0,0.1,0.0
2014-02-19,659,111,1,0.65,0.0
2014-02-19,743,332,1,0.38,0.0
2014-02-19,581,222,1,3.27,2.0
2014-02-19,2932,221,0,0.83,0.0
2014-02-19,659,113,2,0.56,0.0
2014-02-19,1542,331,0,0.04,0.0
2014-02-19,337,112,1,0.73,0.0
2014-02-19,1365,333,0,0.15,0.0
2014-02-19,1508,332,0,0.0,0.0
2014-02-19,1054,114,1,1.08,2.0
2014-02-19,1173,111,0,0.49,0.0
2014-02-19,1542,333,0,0.0,0.0
2014-02-19,1548,112,0,1.06,0.0
2014-02-19,1694,223,0,0.35,0.0
2014-02-19,423,332,0,0.22,0.0
2014-02-19,631,221,1,0.25,0.0
2014-02-19,3021,112,0,0.0,0.0
2014-02-19,1322,331,0,0.18,0.0
2014-02-19,926,112,0,0.0,0.0
2014-02-19,2294,332,0,0.24,0.0
2014-02-19,1322,112,0,0.33,0.0
2014-02-19,926,113,0,0.04,0.0
2014-02-19,1240,222,0,0.02,0.0
2014-02-19,3008,223,2,0.8,0.0
2014-02-19,1190,222,0,0.0,0.0
2014-02-19,1548,222,1,0.49,0.0
2014-02-19,1190,331,0,0.0,0.0
2014-02-19,972,223,4,1.83,2.0
2014-02-19,3004,222,0,0.5,0.0
2014-02-19,3021,222,0,0.18,0.0
2014-02-19,1672,113,1,2.99,0.0
2014-02-19,581,112,0,0.88,0.0
2014-02-19,1365,222,0,0.12,0.0
2014-02-19,972,333,1,0.67,0.0
2014-02-19,1365,114,0,0.18,0.0
2014-02-19,1508,331,0,0.07,0.0
2014-02-19,2794,111,2,2.18,2.0
2014-02-19,868,111,1,0.75,0.0
2014-02-19,2818,111,1,0.53,0.0
2014-02-19,1365,221,0,0.13,0.0
2014-02-19,1275,114,0,0.03,0.0
2014-02-19,3021,111,0,0.2,0.0
2014-02-19,2853,114,1,1.38,2.0
2014-02-19,3008,333,1,1.76,2.0
2014-02-19,1472,223,0,0.4,0.0
2014-02-19,1240,223,0,0.0,0.0
2014-02-19,1629,332,8,9.53,11.0
2014-02-19,1228,223,0,0.13,0.0
2014-02-19,797,222,1,1.4,2.0
2014-02-19,904,223,0,0.22,0.0
2014-02-19,3004,333,0,0.54,0.0
2014-02-19,337,111,1,0.85,0.0
2014-02-19,1542,111,0,0.04,0.0
2014-02-19,1424,114,0,0.17,0.0
2014-02-19,1629,112,4,6.94,6.0
2014-02-19,743,331,1,0.73,0.0
2014-02-19,1365,223,0,0.01,0.0
2014-02-19,2935,114,2,2.63,0.0
2014-02-19,1228,332,0,0.0,0.0
2014-02-19,631,223,0,0.26,0.0
2014-02-19,1548,221,1,0.32,0.0
2014-02-19,1629,222,1,8.12,9.0
2014-02-19,1508,113,1,0.2,0.0
2014-02-19,432,221,0,0.13,0.0
2014-02-19,581,223,6,0.95,0.0
2014-02-19,1275,223,0,0.01,0.0
2014-02-19,1424,222,0,0.37,0.0
2014-02-19,2935,221,16,4.17,3.0
2014-02-19,2768,331,1,0.49,0.0
2014-02-19,337,113,4,1.26,0.0
2014-02-19,3008,331,0,1.36,2.0
2014-02-19,2294,331,0,0.72,0.0
2014-02-19,973,222,0,0.42,0.0
2014-02-19,2492,114,0,0.28,0.0
2014-02-19,659,331,1,1.2,2.0
2014-02-19,1753,111,0,1.27,0.0
2014-02-19,2768,223,0,0.2,0.0
2014-02-19,1054,333,3,1.36,2.0
2014-02-19,1240,112,0,0.0,0.0
2014-02-19,1196,222,0,0.17,0.0
2014-02-19,3021,113,0,0.56,0.0
2014-02-19,1727,221,0,0.06,0.0
2014-02-19,611,222,3,1.95,2.0
2014-02-19,1196,112,0,0.15,0.0
2014-02-19,2935,222,0,5.85,10.0
2014-02-19,611,221,1,1.5,2.0
2014-02-19,1190,114,0,0.0,0.0
2014-02-19,581,111,2,1.31,2.0
2014-02-19,2818,114,0,0.27,0.0
2014-02-19,1228,113,0,0.0,0.0
2014-02-19,1472,111,0,0.3,0.0
2014-02-19,2853,333,0,1.61,2.0
2014-02-19,3004,113,0,0.11,0.0
2014-02-19,1242,331,0,0.02,0.0
2014-02-19,1727,113,0,0.23,0.0
2014-02-19,1228,331,0,0.19,0.0
2014-02-19,2294,222,0,0.81,0.0
2014-02-19,2294,223,0,1.17,0.0
2014-02-19,1196,331,1,0.28,0.0
2014-02-19,611,223,2,1.43,2.0
2014-02-19,1135,114,0,0.11,0.0
2014-02-19,1173,221,0,0.21,0.0
2014-02-20,1196,333,0,0.13,0.0
2014-02-20,1135,222,0,0.23,0.0
2014-02-20,1727,114,0,0.01,0.0
2014-02-20,1508,332,0,0.0,0.0
2014-02-20,1472,113,0,0.39,0.0
2014-02-20,1629,332,3,7.9,10.0
2014-02-20,1508,112,0,0.07,0.0
2014-02-20,1275,333,0,0.02,0.0
2014-02-20,1672,331,0,0.89,0.0
2014-02-20,611,113,6,2.28,3.0
2014-02-20,1275,223,0,0.01,0.0
2014-02-20,2932,113,0,2.28,2.0
2014-02-20,2492,333,1,0.94,0.0
2014-02-20,972,114,0,0.15,0.0
2014-02-20,1240,112,0,0.0,0.0
2014-02-20,1190,332,0,0.0,0.0
2014-02-20,797,221,3,1.88,2.0
2014-02-20,432,113,0,0.23,0.0
2014-02-20,926,111,0,0.01,0.0
2014-02-20,337,112,1,0.74,0.0
2014-02-20,1054,114,1,1.14,2.0
2014-02-20,659,331,0,1.25,2.0
2014-02-20,2935,333,1,17.75,10.0
2014-02-20,1135,111,0,0.16,0.0
2014-02-20,1542,333,0,0.0,0.0
2014-02-20,2768,223,0,0.17,0.0
2014-02-20,337,332,1,1.93,2.0
2014-02-20,904,114,2,1.02,2.0
2014-02-20,631,113,1,1.21,2.0
2014-02-20,2768,222,0,0.29,0.0
2014-02-20,659,111,0,0.66,0.0
2014-02-20,1508,222,0,0.11,0.0
2014-02-20,659,222,2,0.43,0.0
2014-02-20,743,114,0,0.3,0.0
2014-02-20,659,332,2,0.39,0.0
2014-02-20,2294,331,0,0.61,0.0
2014-02-20,1424,332,0,0.11,0.0
2014-02-20,1727,222,0,0.01,0.0
2014-02-20,1196,222,0,0.17,0.0
2014-02-20,1424,223,0,0.24,0.0
2014-02-20,1727,111,0,0.02,0.0
2014-02-20,659,112,0,1.03,0.0
2014-02-20,1054,221,2,2.0,2.0
2014-02-20,743,223,0,0.32,0.0
2014-02-20,423,223,1,0.6,0.0
2014-02-20,1753,221,0,0.82,0.0
2014-02-20,581,111,0,1.32,2.0
2014-02-20,973,332,1,0.57,0.0
2014-02-20,1328,331,0,0.75,0.0
2014-02-20,1424,114,0,0.17,0.0
2014-02-20,797,331,1,1.36,2.0
2014-02-20,1629,223,2,1.66,2.0
2014-02-20,1472,111,0,0.29,0.0
2014-02-20,2332,114,4,3.39,4.0
2014-02-20,1672,112,0,1.99,0.0
2014-02-20,337,111,1,1.08,2.0
2014-02-20,2853,113,1,2.21,2.0
2014-02-20,631,222,0,0.28,0.0
2014-02-20,432,222,0,0.27,0.0
2014-02-20,926,331,0,0.2,0.0
2014-02-20,1328,114,0,0.13,0.0
2014-02-20,3004,111,0,0.22,0.0
2014-02-20,1135,223,0,0.01,0.0
2014-02-20,1242,222,2,0.86,0.0
2014-02-20,1242,114,2,0.2,0.0
2014-02-20,1135,332,0,0.0,0.0
2014-02-20,972,113,11,2.84,3.0
2014-02-20,631,331,1,1.0,2.0
2014-02-20,1629,113,9,7.2,7.0
2014-02-20,1753,332,0,0.44,0.0
2014-02-20,1629,222,7,6.26,8.0
2014-02-20,743,112,0,1.4,2.0
2014-02-20,611,221,3,1.49,2.0
2014-02-20,1548,332,0,0.16,0.0
2014-02-20,1548,221,0,0.31,0.0
2014-02-20,972,112,0,0.7,0.0
2014-02-20,1135,114,0,0.11,0.0
2014-02-20,1322,332,1,0.12,0.0
2014-02-20,2932,332,2,0.41,0.0
2014-02-20,1054,333,1,1.49,2.0
2014-02-20,1190,112,0,0.0,0.0
2014-02-20,1228,221,0,0.0,0.0
2014-02-20,1228,332,0,0.0,0.0
2014-02-20,1599,112,0,0.0,0.0
2014-02-20,432,223,0,0.24,0.0
2014-02-20,611,112,3,1.77,2.0
2014-02-20,1472,222,1,0.25,0.0
2014-02-20,3021,221,0,0.19,0.0
2014-02-20,797,332,4,1.08,2.0
2014-02-20,1548,114,0,0.24,0.0
2014-02-20,3008,221,0,0.73,0.0
2014-02-20,868,111,0,0.78,0.0
2014-02-20,1542,222,0,0.09,0.0
2014-02-20,1629,114,9,3.61,5.0
2014-02-20,2768,113,0,0.65,0.0
2014-02-20,1672,113,2,3.39,3.0
2014-02-20,2492,113,1,3.85,5.0
2014-02-20,1472,331,0,0.15,0.0
2014-02-20,1542,113,0,0.15,0.0
2014-02-20,797,113,5,3.89,4.0
2014-02-20,2935,222,9,2.28,0.0
2014-02-20,1672,222,0,1.67,0.0
2014-02-20,1694,223,0,0.29,0.0
2014-02-20,3008,112,0,1.05,0.0
2014-02-20,1599,222,0,0.13,0.0
2014-02-20,337,113,0,1.06,0.0
2014-02-20,743,113,0,1.08,0.0
2014-02-20,2492,112,0,0.05,0.0
2014-02-20,1190,333,0,0.0,0.0
2014-02-20,1365,114,0,0.17,0.0
2014-02-20,2294,333,5,2.74,4.0
2014-02-20,2853,332,2,1.98,2.0
2014-02-20,1753,114,1,0.93,0.0
2014-02-20,631,332,0,0.5,0.0
2014-02-20,423,222,0,0.52,0.0
2014-02-20,1228,331,0,0.19,0.0
2014-02-20,1727,331,0,0.01,0.0
2014-02-20,3004,112,0,0.19,0.0
2014-02-20,3021,223,0,0.0,0.0
2014-02-20,432,111,0,0.04,0.0
2014-02-20,868,223,0,0.22,0.0
2014-02-20,868,113,0,0.24,0.0
2014-02-20,1240,331,0,0.03,0.0
2014-02-20,1599,221,0,0.09,0.0
2014-02-20,2853,223,4,2.87,4.0
2014-02-20,1275,114,0,0.03,0.0
2014-02-20,2818,223,1,0.57,0.0
2014-02-20,1242,331,0,0.02,0.0
2014-02-20,1472,112,0,0.04,0.0
2014-02-20,797,111,0,1.62,2.0
2014-02-20,631,114,0,0.71,0.0
2014-02-20,904,331,0,0.87,0.0
2014-02-20,1135,331,0,0.21,0.0
2014-02-20,1548,331,0,0.13,0.0
2014-02-20,2935,112,2,4.65,0.0
2014-02-20,1599,113,0,0.0,0.0
2014-02-20,1173,112,1,0.65,0.0
2014-02-20,1365,222,0,0.11,0.0
2014-02-20,1542,221,0,0.19,0.0
2014-02-20,973,111,0,0.0,0.0
2014-02-20,797,223,2,1.3,2.0
2014-02-20,1727,221,0,0.06,0.0
2014-02-20,926,112,0,0.0,0.0
2014-02-20,631,221,0,0.25,0.0
2014-02-20,1173,222,0,0.55,0.0
2014-02-20,3004,221,0,0.11,0.0
2014-02-20,3004,223,0,0.46,0.0
2014-02-20,926,333,0,0.05,0.0
2014-02-20,3008,332,2,1.35,2.0
2014-02-20,74,331,0,0.0,0.0
2014-02-20,2332,112,2,2.27,3.0
2014-02-20,743,221,0,0.49,0.0
2014-02-20,1240,333,0,0.02,0.0
2014-02-20,1328,221,1,0.39,0.0
2014-02-20,2492,223,0,1.71,2.0
2014-02-20,2853,221,5,2.23,2.0
2014-02-20,1196,332,0,0.09,0.0
2014-02-20,1727,112,0,0.04,0.0
2014-02-20,2794,333,0,1.42,2.0
2014-02-20,3021,332,0,0.02,0.0
2014-02-20,1508,221,0,0.12,0.0
2014-02-20,743,111,1,0.88,0.0
2014-02-20,2332,332,4,2.28,3.0
2014-02-20,1365,331,0,0.24,0.0
2014-02-20,1694,332,0,2.43,3.0
2014-02-20,432,331,0,0.08,0.0
2014-02-20,337,221,0,0.62,0.0
2014-02-20,1424,111,1,0.36,0.0
2014-02-20,1694,331,2,1.49,2.0
2014-02-20,1228,111,0,0.16,0.0
2014-02-20,2818,114,1,0.26,0.0
2014-02-20,868,221,0,0.15,0.0
2014-02-20,1365,332,0,0.15,0.0
2014-02-20,581,112,0,0.84,0.0
2014-02-20,1548,113,2,0.85,0.0
2014-02-20,972,332,1,3.63,4.0
2014-02-20,1542,223,0,0.12,0.0
2014-02-20,2794,114,4,0.81,0.0
2014-02-20,904,113,2,1.31,2.0
2014-02-20,1548,112,2,1.07,0.0
2014-02-20,1694,114,3,1.52,2.0
2014-02-20,1694,222,0,1.8,2.0
2014-02-20,1694,221,0,0.49,0.0
2014-02-20,423,333,0,0.17,0.0
2014-02-20,2935,113,7,12.92,12.0
2014-02-20,973,333,0,0.36,0.0
2014-02-20,926,113,0,0.04,0.0
2014-02-20,1190,222,0,0.0,0.0
2014-02-20,1173,114,0,0.02,0.0
2014-02-20,1054,112,2,2.09,3.0
2014-02-20,1054,222,4,2.03,2.0
2014-02-20,74,333,0,0.07,0.0
2014-02-20,631,112,0,1.05,0.0
2014-02-20,1190,113,0,0.0,0.0
2014-02-20,2332,333,1,1.66,2.0
2014-02-20,1328,113,0,0.55,0.0
2014-02-20,3004,332,0,0.36,0.0
2014-02-20,1190,111,0,0.0,0.0
2014-02-20,1054,111,1,1.43,2.0
2014-02-20,1508,223,0,0.12,0.0
2014-02-20,1599,223,0,0.25,0.0
2014-02-20,1135,113,0,0.22,0.0
2014-02-20,2492,111,1,2.52,3.0
2014-02-20,904,221,1,0.32,0.0
2014-02-20,1054,332,4,1.91,2.0
2014-02-20,2768,221,0,0.3,0.0
2014-02-20,1548,333,0,0.13,0.0
2014-02-20,611,111,1,1.84,2.0
2014-02-20,1173,332,0,0.24,0.0
2014-02-20,2935,111,0,5.42,11.0
2014-02-20,1727,223,0,0.01,0.0
2014-02-20,904,223,1,0.22,0.0
2014-02-20,797,222,1,1.42,2.0
2014-02-20,743,331,1,0.8,0.0
2014-02-20,659,333,1,0.26,0.0
2014-02-20,2294,221,6,4.24,7.0
2014-02-20,631,223,0,0.26,0.0
2014-02-20,1599,333,0,0.12,0.0
2014-02-20,1328,332,0,0.59,0.0
2014-02-20,3021,113,0,0.51,0.0
2014-02-20,432,112,0,0.0,0.0
2014-02-20,2294,114,0,0.4,0.0
2014-02-20,868,114,0,0.52,0.0
2014-02-20,1135,112,0,0.04,0.0
2014-02-20,2492,222,0,0.05,0.0
2014-02-20,1242,333,0,0.1,0.0
2014-02-20,2794,113,1,1.94,2.0
2014-02-20,2768,111,0,0.37,0.0
2014-02-20,1672,223,2,1.3,0.0
2014-02-20,3004,333,0,0.52,0.0
2014-02-20,1242,332,0,0.87,0.0
2014-02-20,1228,222,1,0.11,0.0
2014-02-20,3021,331,0,0.22,0.0
2014-02-20,1753,223,1,0.6,0.0
2014-02-20,1424,221,2,0.49,0.0
2014-02-20,973,221,0,0.31,0.0
2014-02-20,2794,112,3,2.6,2.0
2014-02-20,973,113,0,1.0,0.0
2014-02-20,1629,333,1,4.6,4.0
2014-02-20,1672,114,0,0.64,0.0
2014-02-20,2853,112,2,1.95,2.0
2014-02-20,1694,113,0,2.51,3.0
2014-02-20,868,333,0,0.2,0.0
2014-02-20,1328,222,1,0.38,0.0
2014-02-20,926,221,0,0.08,0.0
2014-02-20,904,112,2,1.6,2.0
2014-02-20,74,222,0,0.45,0.0
2014-02-20,337,222,1,0.73,0.0
2014-02-20,2818,222,0,0.33,0.0
2014-02-20,1228,333,0,0.23,0.0
2014-02-20,868,222,0,0.32,0.0
2014-02-20,3004,114,0,0.38,0.0
2014-02-20,926,332,0,0.23,0.0
2014-02-20,1472,332,1,0.18,0.0
2014-02-20,972,222,1,1.46,2.0
2014-02-20,972,221,2,2.33,2.0
2014-02-20,2935,223,2,7.72,7.0
2014-02-20,2332,221,2,1.69,2.0
2014-02-20,1196,114,0,0.13,0.0
2014-02-20,1672,111,1,1.28,0.0
2014-02-20,2794,222,1,0.9,0.0
2014-02-20,2794,221,0,0.86,0.0
2014-02-20,611,332,3,1.27,0.0
2014-02-20,2794,331,4,0.91,0.0
2014-02-20,743,333,0,0.63,0.0
2014-02-20,1135,221,0,0.12,0.0
2014-02-20,973,114,1,0.39,0.0
2014-02-20,1599,332,0,0.1,0.0
2014-02-20,1727,333,0,0.05,0.0
2014-02-20,797,112,4,2.25,3.0
2014-02-20,1322,223,1,0.11,0.0
2014-02-20,1542,111,0,0.04,0.0
2014-02-20,1599,114,0,0.07,0.0
2014-02-20,1629,112,7,5.62,5.0
2014-02-20,1753,111,0,1.07,0.0
2014-02-20,611,222,0,1.97,2.0
2014-02-20,868,331,0,0.11,0.0
2014-02-20,1727,113,0,0.23,0.0
2014-02-20,3004,113,0,0.14,0.0
2014-02-20,1672,332,0,0.78,0.0
2014-02-20,1328,223,0,0.51,0.0
2014-02-20,2853,331,0,2.1,2.0
2014-02-20,2294,222,2,0.92,0.0
2014-02-20,3021,111,0,0.19,0.0
2014-02-20,2932,331,0,1.43,2.0
2014-02-20,1508,113,0,0.22,0.0
2014-02-20,1542,114,0,0.14,0.0
2014-02-20,2853,114,5,1.8,2.0
2014-02-20,3008,333,1,1.63,2.0
2014-02-20,2818,111,0,0.58,0.0
2014-02-20,2332,113,16,10.94,13.0
2014-02-20,581,332,0,0.54,0.0
2014-02-20,2794,111,2,2.27,2.0
2014-02-20,611,223,2,1.42,2.0
2014-02-20,1190,114,0,0.0,0.0
2014-02-20,797,333,1,1.37,2.0
2014-02-20,74,112,0,0.0,0.0
2014-02-20,2818,113,0,0.93,0.0
2014-02-20,2332,111,3,3.14,3.0
2014-02-20,1322,222,0,0.3,0.0
2014-02-20,1472,333,0,0.35,0.0
2014-02-20,1173,333,0,0.19,0.0
2014-02-20,1275,222,0,0.03,0.0
2014-02-20,2294,223,2,1.23,0.0
2014-02-20,1694,111,0,1.46,2.0
2014-02-20,631,333,0,0.51,0.0
2014-02-20,631,111,1,1.44,2.0
2014-02-20,423,332,2,0.23,0.0
2014-02-20,1196,331,0,0.31,0.0
2014-02-20,1173,221,0,0.2,0.0
2014-02-20,1196,112,1,0.15,0.0
2014-02-20,2853,333,2,1.59,2.0
2014-02-20,1228,113,0,0.0,0.0
2014-02-20,1508,331,0,0.07,0.0
2014-02-20,972,333,2,0.8,0.0
2014-02-20,1190,331,1,0.0,0.0
2014-02-20,1548,222,1,0.48,0.0
2014-02-20,2492,114,1,0.21,0.0
2014-02-20,1196,111,0,0.09,0.0
2014-02-20,2768,331,0,0.53,0.0
2014-02-20,973,222,0,0.43,0.0
2014-02-20,2935,221,0,8.72,4.0
2014-02-20,3008,331,0,1.27,0.0
2014-02-20,1424,222,0,0.35,0.0
2014-02-20,581,223,0,1.2,2.0
2014-02-20,2294,111,2,0.76,0.0
2014-02-20,432,221,0,0.13,0.0
2014-02-20,1629,221,2,2.54,2.0
2014-02-20,926,223,0,0.2,0.0
2014-02-20,1322,221,0,0.23,0.0
2014-02-20,743,222,0,0.78,0.0
2014-02-20,2935,114,2,3.06,3.0
2014-02-20,1365,223,0,0.01,0.0
2014-02-20,1753,113,4,2.06,2.0
2014-02-20,1322,331,0,0.17,0.0
2014-02-20,2818,112,2,0.52,0.0
2014-02-20,1228,223,0,0.12,0.0
2014-02-20,1365,221,1,0.13,0.0
2014-02-20,423,113,0,0.04,0.0
2014-02-20,1242,113,1,0.75,0.0
2014-02-20,1240,114,0,0.0,0.0
2014-02-20,3021,222,0,0.19,0.0
2014-02-20,3004,222,0,0.49,0.0
2014-02-20,972,223,4,2.45,2.0
2014-02-20,2853,111,1,2.0,2.0
2014-02-20,2768,112,0,0.33,0.0
2014-02-20,3008,223,0,0.91,0.0
2014-02-20,1240,222,0,0.02,0.0
2014-02-20,1322,112,0,0.33,0.0
2014-02-20,1275,112,0,0.03,0.0
2014-02-20,1173,331,0,0.32,0.0
2014-02-20,2294,332,0,0.23,0.0
2014-02-20,1472,223,0,0.38,0.0
2014-02-20,1240,223,0,0.0,0.0
2014-02-20,3021,112,0,0.0,0.0
2014-02-20,868,112,0,0.34,0.0
2014-02-20,1275,332,0,0.04,0.0
2014-02-20,3008,113,4,1.59,0.0
2014-02-20,3021,114,0,0.03,0.0
2014-02-20,1542,112,0,0.08,0.0
2014-02-20,1753,112,1,1.83,0.0
2014-02-20,3008,114,2,0.63,0.0
2014-02-20,2818,332,1,0.59,0.0
2014-02-20,1753,222,0,1.06,0.0
2014-02-20,1365,111,0,0.22,0.0
2014-02-20,1196,113,0,0.18,0.0
2014-02-20,581,333,0,0.58,0.0
2014-02-20,3008,111,0,1.64,0.0
2014-02-20,1629,111,8,12.34,11.0
2014-02-20,581,331,0,0.64,0.0
2014-02-20,972,111,0,0.47,0.0
2014-02-20,1228,114,0,0.15,0.0
2014-02-20,1322,113,1,0.32,0.0
2014-02-20,1240,113,0,0.08,0.0
2014-02-20,2932,333,1,1.31,0.0
2014-02-20,973,331,0,0.6,0.0
2014-02-20,1054,331,4,0.89,0.0
2014-02-20,581,113,8,1.86,2.0
2014-02-20,1328,333,0,0.25,0.0
2014-02-20,1508,114,0,0.06,0.0
2014-02-20,2768,332,0,0.7,0.0
2014-02-20,2794,223,1,0.54,0.0
2014-02-20,2794,332,0,1.13,0.0
2014-02-20,1322,114,0,0.26,0.0
2014-02-20,74,111,1,0.29,0.0
2014-02-20,1472,114,0,0.08,0.0
2014-02-20,74,114,0,0.26,0.0
2014-02-20,2768,114,0,0.06,0.0
2014-02-20,74,223,0,0.25,0.0
2014-02-20,1196,221,0,0.12,0.0
2014-02-20,2853,222,1,1.13,0.0
2014-02-20,1275,113,0,0.08,0.0
2014-02-20,423,221,0,0.15,0.0
2014-02-20,1054,113,5,3.23,3.0
2014-02-20,581,114,0,0.41,0.0
2014-02-20,1322,333,0,0.12,0.0
2014-02-20,423,114,0,0.3,0.0
2014-02-20,926,114,0,0.14,0.0
2014-02-20,1599,331,0,0.11,0.0
2014-02-20,1365,113,0,0.36,0.0
2014-02-20,926,222,0,0.15,0.0
2014-02-20,2932,114,3,1.57,2.0
2014-02-20,74,221,0,0.6,0.0
2014-02-20,659,221,0,0.66,0.0
2014-02-20,2768,333,0,0.66,0.0
2014-02-20,1424,112,0,0.54,0.0
2014-02-20,1508,333,0,0.01,0.0
2014-02-20,1599,111,0,0.15,0.0
2014-02-20,2492,331,1,2.0,2.0
2014-02-20,797,114,1,1.19,2.0
2014-02-20,337,223,0,0.42,0.0
2014-02-20,337,331,0,2.87,3.0
2014-02-20,3008,222,0,0.47,0.0
2014-02-20,1694,112,2,3.89,5.0
2014-02-20,1240,332,0,0.05,0.0
2014-02-20,1753,333,0,0.52,0.0
2014-02-20,423,111,0,0.47,0.0
2014-02-20,2818,221,0,0.21,0.0
2014-02-20,904,332,0,0.86,0.0
2014-02-20,1753,331,1,0.56,0.0
2014-02-20,1672,333,5,1.73,2.0
2014-02-20,659,114,0,0.65,0.0
2014-02-20,973,223,0,0.06,0.0
2014-02-20,2294,112,10,0.19,0.0
2014-02-20,2492,332,0,0.51,0.0
2014-02-20,611,333,2,1.22,2.0
2014-02-20,972,331,0,0.22,0.0
2014-02-20,2932,111,2,1.26,2.0
2014-02-20,2932,112,1,0.94,0.0
2014-02-20,904,111,1,1.47,2.0
2014-02-20,1242,221,1,0.38,0.0
2014-02-20,1472,221,1,0.18,0.0
2014-02-20,2932,223,0,0.02,0.0
2014-02-20,1190,221,0,0.0,0.0
2014-02-20,1190,223,0,0.0,0.0
2014-02-20,423,112,0,0.37,0.0
2014-02-20,432,114,0,0.01,0.0
2014-02-20,1328,112,0,0.69,0.0
2014-02-20,2935,332,0,4.46,18.0
2014-02-20,611,114,3,1.31,2.0
2014-02-20,1054,223,0,1.19,2.0
2014-02-20,1228,112,0,0.24,0.0
2014-02-20,3021,333,0,0.15,0.0
2014-02-20,1173,111,0,0.49,0.0
2014-02-20,973,112,0,0.39,0.0
2014-02-20,2935,331,2,7.21,7.0
2014-02-20,1542,332,0,0.08,0.0
2014-02-20,1240,221,0,0.03,0.0
2014-02-20,659,113,0,0.63,0.0
2014-02-20,2932,222,1,1.17,0.0
2014-02-20,432,332,0,0.16,0.0
2014-02-20,1196,223,0,0.06,0.0
2014-02-20,2332,223,4,1.49,2.0
2014-02-20,1275,111,0,0.03,0.0
2014-02-20,1424,331,0,0.05,0.0
2014-02-20,743,332,0,0.38,0.0
2014-02-20,1242,112,0,0.69,0.0
2014-02-20,1242,223,1,0.38,0.0
2014-02-20,3004,331,0,0.34,0.0
2014-02-20,1672,221,0,1.58,2.0
2014-02-20,1240,111,0,0.01,0.0
2014-02-20,423,331,0,0.36,0.0
2014-02-20,1322,111,1,0.47,0.0
2014-02-20,1242,111,2,0.42,0.0
2014-02-20,1173,223,0,0.03,0.0
2014-02-20,904,333,0,0.63,0.0
2014-02-20,1424,333,1,0.27,0.0
2014-02-20,581,221,3,1.91,2.0
2014-02-20,1542,331,0,0.04,0.0
2014-02-20,1629,331,2,7.04,6.0
2014-02-20,1694,333,0,1.56,2.0
2014-02-20,1135,333,0,0.16,0.0
2014-02-20,432,333,0,0.1,0.0
2014-02-20,1508,111,0,0.16,0.0
2014-02-20,2492,221,1,2.37,2.0
2014-02-20,2818,331,0,0.14,0.0
2014-02-20,1548,111,0,0.38,0.0
2014-02-20,337,114,0,1.31,2.0
2014-02-20,1727,332,0,0.01,0.0
2014-02-20,1424,113,0,0.67,0.0
2014-02-20,2332,222,2,1.9,2.0
2014-02-20,868,332,0,0.19,0.0
2014-02-20,2332,331,1,2.13,2.0
2014-02-20,1275,221,0,0.03,0.0
2014-02-20,2294,113,1,1.37,0.0
2014-02-20,337,333,0,1.08,2.0
2014-02-20,904,222,1,0.45,0.0
2014-02-20,1365,333,0,0.15,0.0
2014-02-20,2818,333,0,0.19,0.0
2014-02-20,659,223,1,0.44,0.0
2014-02-20,1365,112,0,0.42,0.0
2014-02-20,74,113,0,0.59,0.0
2014-02-20,1328,111,1,0.47,0.0
2014-02-20,1548,223,0,0.28,0.0
2014-02-20,611,331,0,1.56,2.0
2014-02-20,74,332,0,0.03,0.0
2014-02-20,2932,221,0,0.77,0.0
2014-02-20,1173,113,0,1.16,2.0
2014-02-20,1275,331,0,0.05,0.0
2014-02-20,581,222,1,2.42,2.0
2014-02-21,432,114,0,0.03,0.0
2014-02-21,2935,113,31,11.27,12.0
2014-02-21,904,333,1,0.8,0.0
2014-02-21,973,112,0,0.47,0.0
2014-02-21,868,114,0,0.53,0.0
2014-02-21,743,113,2,1.19,1.0
2014-02-21,2332,112,3,2.99,3.0
2014-02-21,1196,332,0,0.1,0.0
2014-02-21,581,332,1,0.57,0.0
2014-02-21,631,222,1,0.32,0.0
2014-02-21,1228,331,0,0.22,0.0
2014-02-21,1424,332,0,0.14,0.0
2014-02-21,1508,333,0,0.02,0.0
2014-02-21,1275,222,0,0.05,0.0
2014-02-21,2935,331,10,5.9,7.0
2014-02-21,1173,222,1,0.66,0.0
2014-02-21,2768,112,0,0.37,0.0
2014-02-21,1240,332,0,0.06,0.0
2014-02-21,1599,332,0,0.12,0.0
2014-02-21,3008,113,0,2.39,2.0
2014-02-21,1173,114,0,0.03,0.0
2014-02-21,1322,332,1,0.19,0.0
2014-02-21,1694,333,2,1.52,2.0
2014-02-21,1548,333,0,0.15,0.0
2014-02-21,2294,333,7,4.09,4.0
2014-02-21,1472,113,0,0.44,0.0
2014-02-21,659,113,1,0.74,0.0
2014-02-21,2492,112,0,0.06,0.0
2014-02-21,2294,111,4,1.31,0.0
2014-02-21,3021,223,0,0.01,0.0
2014-02-21,1322,221,0,0.25,0.0
2014-02-21,423,221,0,0.17,0.0
2014-02-21,423,222,0,0.59,0.0
2014-02-21,581,222,2,2.18,2.0
2014-02-21,1472,114,0,0.1,0.0
2014-02-21,1328,113,2,0.62,0.0
2014-02-21,1548,111,0,0.49,0.0
2014-02-21,1694,222,0,1.69,2.0
2014-02-21,1196,221,0,0.14,0.0
2014-02-21,797,332,0,1.48,2.0
2014-02-21,1054,114,1,1.25,2.0
2014-02-21,2932,112,0,1.36,2.0
2014-02-21,1365,333,1,0.17,0.0
2014-02-21,423,113,1,0.06,0.0
2014-02-21,797,112,3,2.8,3.0
2014-02-21,2794,222,0,1.04,2.0
2014-02-21,1694,114,0,1.66,2.0
2014-02-21,972,111,1,0.5,0.0
2014-02-21,659,111,3,0.85,0.0
2014-02-21,2853,111,3,2.46,3.0
2014-02-21,1508,221,0,0.13,0.0
2014-02-21,743,332,2,0.44,0.0
2014-02-21,2818,112,0,0.68,0.0
2014-02-21,1135,113,0,0.24,0.0
2014-02-21,1240,331,0,0.04,0.0
2014-02-21,1753,113,0,2.56,3.0
2014-02-21,2932,331,2,1.44,2.0
2014-02-21,432,223,0,0.27,0.0
2014-02-21,2332,113,15,13.75,13.0
2014-02-21,74,112,0,0.02,0.0
2014-02-21,423,331,0,0.42,0.0
2014-02-21,1424,331,0,0.07,0.0
2014-02-21,1054,331,5,1.11,2.0
2014-02-21,868,113,1,0.24,0.0
2014-02-21,1135,333,0,0.17,0.0
2014-02-21,611,331,0,1.68,2.0
2014-02-21,1228,111,0,0.19,0.0
2014-02-21,337,114,1,1.47,2.0
2014-02-21,2492,113,2,3.44,4.0
2014-02-21,1365,111,1,0.22,0.0
2014-02-21,1542,113,0,0.17,0.0
2014-02-21,1727,332,0,0.02,0.0
2014-02-21,1242,221,0,0.48,0.0
2014-02-21,973,111,0,0.01,0.0
2014-02-21,1275,221,0,0.05,0.0
2014-02-21,797,223,2,1.52,2.0
2014-02-21,2332,223,1,1.79,2.0
2014-02-21,904,222,0,0.57,0.0
2014-02-21,904,112,4,2.09,2.0
2014-02-21,2818,222,0,0.4,0.0
2014-02-21,1275,332,0,0.06,0.0
2014-02-21,1508,111,0,0.2,0.0
2014-02-21,74,332,0,0.04,0.0
2014-02-21,2932,222,0,1.45,2.0
2014-02-21,2492,333,1,1.45,0.0
2014-02-21,631,331,2,1.11,2.0
2014-02-21,1173,112,0,0.81,0.0
2014-02-21,3008,112,12,1.06,0.0
2014-02-21,1629,331,4,6.96,6.0
2014-02-21,1240,221,0,0.04,0.0
2014-02-21,868,332,0,0.21,0.0
2014-02-21,337,332,2,2.25,2.0
2014-02-21,2853,223,3,4.4,4.0
2014-02-21,74,114,0,0.27,0.0
2014-02-21,1135,111,0,0.17,0.0
2014-02-21,1694,331,1,1.76,2.0
2014-02-21,2853,222,4,1.9,2.0
2014-02-21,1190,223,0,0.02,0.0
2014-02-21,1328,112,1,0.75,0.0
2014-02-21,1629,113,3,8.65,8.0
2014-02-21,1672,333,0,2.22,2.0
2014-02-21,74,221,2,0.68,0.0
2014-02-21,3004,111,0,0.25,0.0
2014-02-21,1472,221,0,0.25,0.0
2014-02-21,1599,111,0,0.17,0.0
2014-02-21,659,221,0,0.72,0.0
2014-02-21,743,223,2,0.34,0.0
2014-02-21,337,331,4,2.56,3.0
2014-02-21,1753,333,0,0.56,0.0
2014-02-21,2853,113,1,2.66,2.0
2014-02-21,1328,332,1,0.61,0.0
2014-02-21,581,333,0,0.69,0.0
2014-02-21,1727,111,0,0.03,0.0
2014-02-21,926,222,0,0.16,0.0
2014-02-21,973,223,0,0.08,0.0
2014-02-21,1508,114,0,0.08,0.0
2014-02-21,1054,113,5,4.31,4.0
2014-02-21,973,333,1,0.34,0.0
2014-02-21,74,331,0,0.02,0.0
2014-02-21,3008,114,0,0.87,0.0
2014-02-21,1548,114,1,0.27,0.0
2014-02-21,1240,113,0,0.09,0.0
2014-02-21,2768,332,1,0.7,0.0
2014-02-21,1322,113,0,0.53,0.0
2014-02-21,1196,333,0,0.16,0.0
2014-02-21,581,113,2,2.16,3.0
2014-02-21,797,221,2,2.23,2.0
2014-02-21,972,331,0,0.22,0.0
2014-02-21,432,113,0,0.26,0.0
2014-02-21,1190,332,0,0.01,0.0
2014-02-21,1542,112,0,0.1,0.0
2014-02-21,1694,113,1,2.25,3.0
2014-02-21,1542,223,0,0.13,0.0
2014-02-21,631,111,2,1.82,2.0
2014-02-21,1190,331,0,0.16,0.0
2014-02-21,1365,114,1,0.2,0.0
2014-02-21,1365,221,0,0.21,0.0
2014-02-21,3021,222,0,0.22,0.0
2014-02-21,581,112,3,0.95,0.0
2014-02-21,1542,111,0,0.06,0.0
2014-02-21,1508,331,0,0.09,0.0
2014-02-21,926,113,0,0.05,0.0
2014-02-21,2294,332,0,0.26,0.0
2014-02-21,1228,223,0,0.14,0.0
2014-02-21,3008,333,0,1.79,2.0
2014-02-21,1275,223,0,0.03,0.0
2014-02-21,3021,112,0,0.01,0.0
2014-02-21,2768,223,0,0.2,0.0
2014-02-21,631,221,0,0.27,0.0
2014-02-21,1672,113,3,3.64,3.0
2014-02-21,3004,222,0,0.54,0.0
2014-02-21,2818,114,0,0.35,0.0
2014-02-21,1472,333,1,0.42,0.0
2014-02-21,1054,333,2,1.74,2.0
2014-02-21,581,111,1,1.47,2.0
2014-02-21,2294,223,3,2.1,2.0
2014-02-21,1472,111,0,0.32,0.0
2014-02-21,631,333,1,0.54,0.0
2014-02-21,1196,112,3,0.22,0.0
2014-02-21,1135,114,1,0.12,0.0
2014-02-21,1173,221,0,0.19,0.0
2014-02-21,1228,113,0,0.01,0.0
2014-02-21,1753,111,0,1.08,0.0
2014-02-21,611,222,3,1.99,2.0
2014-02-21,2492,114,0,0.8,0.0
2014-02-21,2294,222,0,2.33,0.0
2014-02-21,1242,331,0,0.04,0.0
2014-02-21,2768,331,1,0.56,0.0
2014-02-21,581,223,0,1.26,0.0
2014-02-21,2935,221,3,6.02,0.0
2014-02-21,1548,221,0,0.38,0.0
2014-02-21,1173,332,0,0.26,0.0
2014-02-21,972,222,4,1.93,2.0
2014-02-21,972,221,4,2.8,3.0
2014-02-21,1672,111,2,1.42,2.0
2014-02-21,1672,222,0,1.36,0.0
2014-02-21,1548,113,0,1.07,0.0
2014-02-21,1548,223,0,0.31,0.0
2014-02-21,904,331,3,0.9,0.0
2014-02-21,2794,331,0,1.34,1.0
2014-02-21,926,332,0,0.26,0.0
2014-02-21,1548,331,0,0.14,0.0
2014-02-21,1599,221,1,0.1,0.0
2014-02-21,1753,223,0,1.34,0.0
2014-02-21,973,114,0,0.59,0.0
2014-02-21,2794,112,4,2.78,2.0
2014-02-21,1228,222,1,0.17,0.0
2014-02-21,2932,113,4,2.14,2.0
2014-02-21,2492,223,2,1.48,2.0
2014-02-21,1424,114,0,0.21,0.0
2014-02-21,1365,223,0,0.03,0.0
2014-02-21,1599,114,0,0.09,0.0
2014-02-21,2935,114,4,4.57,3.0
2014-02-21,1328,114,0,0.15,0.0
2014-02-21,659,333,0,0.46,0.0
2014-02-21,2492,222,2,0.06,0.0
2014-02-21,1190,112,0,0.02,0.0
2014-02-21,1242,333,1,0.11,0.0
2014-02-21,1672,223,2,1.46,2.0
2014-02-21,972,113,3,4.73,5.0
2014-02-21,1242,114,0,0.33,0.0
2014-02-21,631,112,0,1.25,2.0
2014-02-21,1190,111,0,0.02,0.0
2014-02-21,3004,332,0,0.57,0.0
2014-02-21,3004,223,0,0.54,0.0
2014-02-21,2492,111,7,2.89,3.0
2014-02-21,631,114,1,0.83,0.0
2014-02-21,1275,114,0,0.04,0.0
2014-02-21,973,332,1,0.65,0.0
2014-02-21,74,113,1,0.64,0.0
2014-02-21,659,223,0,0.55,0.0
2014-02-21,2794,223,0,0.69,0.0
2014-02-21,1424,113,1,0.8,0.0
2014-02-21,2818,331,0,0.15,0.0
2014-02-21,2492,221,5,2.44,2.0
2014-02-21,581,221,0,1.77,2.0
2014-02-21,743,331,1,0.92,0.0
2014-02-21,74,223,0,0.25,0.0
2014-02-21,1322,333,0,0.12,0.0
2014-02-21,581,114,1,0.43,0.0
2014-02-21,1328,333,2,0.27,0.0
2014-02-21,423,114,0,0.33,0.0
2014-02-21,973,331,0,0.71,0.0
2014-02-21,1753,112,10,2.42,2.0
2014-02-21,1196,113,0,0.18,0.0
2014-02-21,1753,222,0,0.94,0.0
2014-02-21,1629,111,12,12.79,12.0
2014-02-21,3008,111,3,1.34,0.0
2014-02-21,581,331,0,0.74,0.0
2014-02-21,2294,113,1,1.89,0.0
2014-02-21,1365,113,0,0.46,0.0
2014-02-21,2294,112,0,1.49,0.0
2014-02-21,1599,331,0,0.12,0.0
2014-02-21,1322,223,0,0.19,0.0
2014-02-21,2932,111,0,1.62,2.0
2014-02-21,1173,113,1,1.24,2.0
2014-02-21,1542,332,0,0.09,0.0
2014-02-21,1424,221,0,0.7,0.0
2014-02-21,3021,333,0,0.15,0.0
2014-02-21,973,113,2,1.1,0.0
2014-02-21,868,333,0,0.24,0.0
2014-02-21,1328,222,0,0.46,0.0
2014-02-21,926,221,0,0.08,0.0
2014-02-21,74,222,0,0.5,0.0
2014-02-21,337,222,0,0.85,0.0
2014-02-21,611,332,3,1.79,2.0
2014-02-21,3021,114,0,0.03,0.0
2014-02-21,2332,331,3,2.29,2.0
2014-02-21,1275,331,0,0.07,0.0
2014-02-21,1365,112,0,0.56,0.0
2014-02-21,1328,111,0,0.59,0.0
2014-02-21,1242,112,1,0.68,0.0
2014-02-21,432,332,0,0.19,0.0
2014-02-21,337,333,3,1.08,2.0
2014-02-21,2818,333,0,0.18,0.0
2014-02-21,1424,333,0,0.33,0.0
2014-02-21,1173,223,0,0.04,0.0
2014-02-21,1322,111,0,0.55,0.0
2014-02-21,1275,111,0,0.04,0.0
2014-02-21,3004,331,0,0.35,0.0
2014-02-21,1196,223,0,0.07,0.0
2014-02-21,1275,113,0,0.09,0.0
2014-02-21,1190,221,0,0.01,0.0
2014-02-21,423,112,0,0.41,0.0
2014-02-21,1672,221,0,1.46,0.0
2014-02-21,1365,332,0,0.17,0.0
2014-02-21,1424,111,0,0.45,0.0
2014-02-21,1190,333,0,0.01,0.0
2014-02-21,2853,332,1,2.47,2.0
2014-02-21,1629,114,1,6.41,6.0
2014-02-21,1753,114,0,0.97,0.0
2014-02-21,1135,331,0,0.24,0.0
2014-02-21,1472,112,0,0.05,0.0
2014-02-21,432,111,0,0.05,0.0
2014-02-21,2935,112,0,6.43,3.0
2014-02-21,2794,114,1,1.31,2.0
2014-02-21,423,333,0,0.18,0.0
2014-02-21,1694,221,0,0.41,0.0
2014-02-21,631,113,4,1.31,2.0
2014-02-21,1135,222,0,0.25,0.0
2014-02-21,1275,333,0,0.04,0.0
2014-02-21,1548,332,0,0.17,0.0
2014-02-21,432,222,1,0.29,0.0
2014-02-21,743,114,0,0.34,0.0
2014-02-21,1694,332,0,1.93,3.0
2014-02-21,972,112,0,0.71,0.0
2014-02-21,337,221,0,0.74,0.0
2014-02-21,797,111,1,1.84,2.0
2014-02-21,3004,112,0,0.21,0.0
2014-02-21,743,221,0,0.57,0.0
2014-02-21,743,111,1,1.06,1.0
2014-02-21,926,333,0,0.06,0.0
2014-02-21,2853,221,3,2.93,3.0
2014-02-21,2935,332,0,4.76,0.0
2014-02-21,611,114,1,1.76,2.0
2014-02-21,659,114,1,0.75,0.0
2014-02-21,2932,114,0,1.98,2.0
2014-02-21,2768,333,0,0.63,0.0
2014-02-21,2492,331,2,2.41,2.0
2014-02-21,797,114,1,1.39,2.0
2014-02-21,3008,222,1,0.5,0.0
2014-02-21,1694,112,1,3.28,4.0
2014-02-21,423,111,0,0.47,0.0
2014-02-21,1054,112,2,2.64,3.0
2014-02-21,1054,223,2,1.15,2.0
2014-02-21,1135,223,0,0.03,0.0
2014-02-21,1753,221,0,0.76,0.0
2014-02-21,659,112,0,1.18,2.0
2014-02-21,1629,223,0,1.7,3.0
2014-02-21,1228,221,0,0.01,0.0
2014-02-21,1753,332,1,0.47,0.0
2014-02-21,659,222,1,0.58,0.0
2014-02-21,1508,112,0,0.08,0.0
2014-02-21,1508,222,0,0.13,0.0
2014-02-21,1727,114,0,0.02,0.0
2014-02-21,904,114,2,1.2,2.0
2014-02-21,659,332,2,0.54,0.0
2014-02-21,2794,333,0,1.39,2.0
2014-02-21,3004,114,0,0.43,0.0
2014-02-21,1542,222,0,0.1,0.0
2014-02-21,1228,333,0,0.25,0.0
2014-02-21,1135,221,0,0.15,0.0
2014-02-21,743,333,0,0.71,0.0
2014-02-21,611,333,2,1.47,2.0
2014-02-21,2794,221,0,0.86,0.0
2014-02-21,973,221,2,0.35,0.0
2014-02-21,2294,114,0,0.43,0.0
2014-02-21,1599,223,0,0.26,0.0
2014-02-21,74,333,3,0.09,0.0
2014-02-21,1727,223,0,0.02,0.0
2014-02-21,1054,222,2,2.52,3.0
2014-02-21,1599,333,0,0.13,0.0
2014-02-21,1629,221,0,2.63,3.0
2014-02-21,1322,112,0,0.4,0.0
2014-02-21,1322,222,1,0.35,0.0
2014-02-21,926,223,0,0.23,0.0
2014-02-21,868,112,0,0.4,0.0
2014-02-21,1240,114,0,0.01,0.0
2014-02-21,1242,113,0,0.97,2.0
2014-02-21,2853,331,2,1.99,2.0
2014-02-21,1542,114,0,0.16,0.0
2014-02-21,1173,331,0,0.36,0.0
2014-02-21,1328,223,0,0.53,0.0
2014-02-21,1672,332,0,0.82,0.0
2014-02-21,868,331,0,0.13,0.0
2014-02-21,1173,333,0,0.22,0.0
2014-02-21,1196,111,0,0.1,0.0
2014-02-21,797,333,2,1.69,2.0
2014-02-21,3021,331,0,0.25,0.0
2014-02-21,2935,223,0,6.36,6.0
2014-02-21,904,332,4,0.89,0.0
2014-02-21,337,223,0,0.53,0.0
2014-02-21,1424,112,0,0.62,0.0
2014-02-21,1753,331,1,0.76,0.0
2014-02-21,2932,223,0,0.04,0.0
2014-02-21,2492,332,0,0.53,0.0
2014-02-21,2932,333,0,1.75,2.0
2014-02-21,1228,114,0,0.17,0.0
2014-02-21,2818,332,0,0.71,0.0
2014-02-21,926,114,0,0.15,0.0
2014-02-21,2794,332,0,1.18,2.0
2014-02-21,1672,114,1,0.7,0.0
2014-02-21,2768,114,0,0.07,0.0
2014-02-21,74,111,0,0.38,0.0
2014-02-21,2332,222,3,2.22,2.0
2014-02-21,432,333,1,0.12,0.0
2014-02-21,2932,221,1,0.81,0.0
2014-02-21,1542,331,0,0.05,0.0
2014-02-21,1173,111,0,0.59,0.0
2014-02-21,1240,111,0,0.03,0.0
2014-02-21,1242,111,0,0.56,0.0
2014-02-21,1242,223,0,0.45,0.0
2014-02-21,2853,112,1,2.52,2.0
2014-02-21,1322,114,0,0.28,0.0
2014-02-21,904,111,1,1.85,2.0
2014-02-21,1629,333,11,5.01,4.0
2014-02-21,2332,111,5,3.79,4.0
2014-02-21,1694,111,0,1.39,0.0
2014-02-21,904,223,1,0.35,0.0
2014-02-21,1629,112,9,6.68,6.0
2014-02-21,3004,333,0,0.48,0.0
2014-02-21,2294,221,0,5.72,7.0
2014-02-21,631,223,2,0.33,0.0
2014-02-21,3021,113,0,0.54,0.0
2014-02-21,1135,112,0,0.06,0.0
2014-02-21,2794,113,1,2.23,2.0
2014-02-21,2768,111,1,0.42,0.0
2014-02-21,1190,113,0,0.01,0.0
2014-02-21,2935,111,6,2.9,9.0
2014-02-21,743,222,0,0.81,0.0
2014-02-21,611,111,2,2.32,2.0
2014-02-21,2332,333,1,1.89,2.0
2014-02-21,1054,111,1,1.73,2.0
2014-02-21,1508,223,0,0.13,0.0
2014-02-21,904,221,0,0.45,0.0
2014-02-21,1242,332,1,0.95,0.0
2014-02-21,868,222,0,0.38,0.0
2014-02-21,1054,332,1,2.34,2.0
2014-02-21,2768,221,0,0.32,0.0
2014-02-21,1472,332,0,0.32,0.0
2014-02-21,2332,221,0,2.35,2.0
2014-02-21,1196,114,0,0.15,0.0
2014-02-21,432,112,0,0.02,0.0
2014-02-21,3008,331,0,1.29,0.0
2014-02-21,1424,222,0,0.41,0.0
2014-02-21,797,222,1,1.68,2.0
2014-02-21,611,223,1,1.66,2.0
2014-02-21,423,332,3,0.34,0.0
2014-02-21,1196,331,0,0.33,0.0
2014-02-21,2853,333,2,2.07,2.0
2014-02-21,1190,114,0,0.01,0.0
2014-02-21,3004,113,0,0.18,0.0
2014-02-21,1727,113,0,0.24,0.0
2014-02-21,3021,111,0,0.23,0.0
2014-02-21,1508,113,1,0.24,0.0
2014-02-21,2853,114,2,2.34,2.0
2014-02-21,2818,111,0,0.61,0.0
2014-02-21,2794,111,1,2.52,2.0
2014-02-21,972,333,3,1.09,0.0
2014-02-21,2818,113,0,0.91,0.0
2014-02-21,1472,222,0,0.3,0.0
2014-02-21,3008,223,0,0.9,0.0
2014-02-21,1240,222,0,0.04,0.0
2014-02-21,1275,112,0,0.05,0.0
2014-02-21,972,223,2,2.92,3.0
2014-02-21,1472,223,1,0.42,0.0
2014-02-21,1240,223,0,0.01,0.0
2014-02-21,1322,331,0,0.19,0.0
2014-02-21,1548,222,0,0.59,0.0
2014-02-21,432,221,1,0.15,0.0
2014-02-21,973,222,0,0.49,0.0
2014-02-21,1727,333,0,0.07,0.0
2014-02-21,797,113,8,4.83,5.0
2014-02-21,1228,112,0,0.28,0.0
2014-02-21,1599,113,0,0.01,0.0
2014-02-21,868,223,0,0.23,0.0
2014-02-21,337,113,0,1.32,0.0
2014-02-21,2818,223,2,0.7,0.0
2014-02-21,797,331,3,1.57,2.0
2014-02-21,1727,222,0,0.02,0.0
2014-02-21,2818,221,0,0.23,0.0
2014-02-21,2768,222,0,0.3,0.0
2014-02-21,1424,223,0,0.27,0.0
2014-02-21,2935,333,14,9.59,9.0
2014-02-21,1196,222,0,0.19,0.0
2014-02-21,926,112,0,0.01,0.0
2014-02-21,1542,221,0,0.23,0.0
2014-02-21,2332,332,2,3.09,3.0
2014-02-21,3021,221,0,0.19,0.0
2014-02-21,1228,332,0,0.01,0.0
2014-02-21,926,331,0,0.22,0.0
2014-02-21,868,221,0,0.17,0.0
2014-02-21,2932,332,0,0.83,0.0
2014-02-21,1672,331,0,0.82,0.0
2014-02-21,423,223,1,0.67,0.0
2014-02-21,3008,221,2,0.73,0.0
2014-02-21,1599,112,0,0.01,0.0
2014-02-21,1365,222,0,0.13,0.0
2014-02-21,1328,221,0,0.47,0.0
2014-02-21,1727,331,0,0.02,0.0
2014-02-21,337,112,0,0.89,0.0
2014-02-21,1135,332,0,0.01,0.0
2014-02-21,926,111,0,0.03,0.0
2014-02-21,1242,222,0,1.0,2.0
2014-02-21,1190,222,0,0.01,0.0
2014-02-21,1328,331,1,0.73,0.0
2014-02-21,1472,331,0,0.15,0.0
2014-02-21,1542,333,0,0.0,0.0
2014-02-21,611,113,2,3.81,4.0
2014-02-21,3004,221,0,0.13,0.0
2014-02-21,1629,222,16,8.65,9.0
2014-02-21,3008,332,2,1.55,2.0
2014-02-21,631,332,0,0.62,0.0
2014-02-21,972,114,0,0.14,0.0
2014-02-21,1727,112,0,0.05,0.0
2014-02-21,1240,333,0,0.03,0.0
2014-02-21,743,112,2,1.48,2.0
2014-02-21,337,111,2,1.3,2.0
2014-02-21,611,221,5,1.88,2.0
2014-02-21,1365,331,2,0.27,0.0
2014-02-21,659,331,1,1.32,2.0
2014-02-21,1672,112,0,1.41,0.0
2014-02-21,972,332,3,4.04,4.0
2014-02-21,1548,112,0,1.2,2.0
2014-02-21,1694,223,0,0.3,0.0
2014-02-21,2294,331,1,0.35,0.0
2014-02-21,1599,222,0,0.14,0.0
2014-02-21,868,111,0,0.85,0.0
2014-02-21,2332,114,3,4.21,4.0
2014-02-21,1629,332,17,7.38,10.0
2014-02-21,1727,221,0,0.07,0.0
2014-02-21,3021,332,0,0.04,0.0
2014-02-21,1240,112,0,0.01,0.0
2014-02-21,1054,221,2,2.42,2.0
2014-02-21,1508,332,0,0.0,0.0
2014-02-21,904,113,0,1.53,2.0
2014-02-21,2935,222,3,6.53,8.0
2014-02-21,2768,113,1,0.66,0.0
2014-02-21,611,112,4,2.32,3.0
2014-02-21,432,331,0,0.09,0.0
2014-02-22,2818,223,0,0.97,0.0
2014-02-22,1727,331,0,0.03,0.0
2014-02-22,904,223,0,0.48,0.0
2014-02-22,1365,221,0,0.2,0.0
2014-02-22,1228,223,0,0.14,0.0
2014-02-22,1542,221,0,0.24,0.0
2014-02-22,1240,223,0,0.02,0.0
2014-02-22,1240,331,0,0.05,0.0
2014-02-22,631,332,1,0.71,0.0
2014-02-22,2794,111,4,3.34,2.0
2014-02-22,3004,333,0,1.08,0.0
2014-02-22,3021,222,1,0.22,0.0
2014-02-22,1472,223,0,0.54,0.0
2014-02-22,1242,333,0,0.32,0.0
2014-02-22,1629,112,14,12.04,9.0
2014-02-22,2294,332,0,0.27,0.0
2014-02-22,972,223,0,3.78,3.0
2014-02-22,2294,221,1,5.05,7.0
2014-02-22,1694,114,3,1.71,2.0
2014-02-22,972,333,0,1.6,2.0
2014-02-22,2818,111,1,0.64,0.0
2014-02-22,3008,223,0,0.87,0.0
2014-02-22,743,222,0,0.94,0.0
2014-02-22,2768,113,1,0.8,0.0
2014-02-22,1322,331,0,0.19,0.0
2014-02-22,631,114,0,1.05,1.0
2014-02-22,1542,111,0,0.08,0.0
2014-02-22,973,222,0,0.53,0.0
2014-02-22,423,222,0,0.62,0.0
2014-02-22,797,222,0,2.15,2.0
2014-02-22,1365,223,1,0.04,0.0
2014-02-22,1548,222,0,0.67,0.0
2014-02-22,1240,222,0,0.05,0.0
2014-02-22,432,221,0,0.22,0.0
2014-02-22,868,223,0,0.24,0.0
2014-02-22,581,223,0,1.48,2.0
2014-02-22,3021,223,0,0.02,0.0
2014-02-22,1472,222,0,0.3,0.0
2014-02-22,2935,221,10,8.54,3.0
2014-02-22,3008,333,1,1.86,2.0
2014-02-22,3008,331,0,1.28,0.0
2014-02-22,1599,114,0,0.09,0.0
2014-02-22,1694,222,1,1.34,0.0
2014-02-22,2818,113,2,0.87,0.0
2014-02-22,3021,112,0,0.02,0.0
2014-02-22,1424,222,2,0.42,0.0
2014-02-22,2935,114,4,6.0,4.0
2014-02-22,1548,113,1,1.19,2.0
2014-02-22,3021,113,0,0.58,0.0
2014-02-22,1472,111,1,0.39,0.0
2014-02-22,3004,114,0,0.45,0.0
2014-02-22,1753,223,0,1.48,0.0
2014-02-22,581,111,4,1.98,2.0
2014-02-22,2932,332,0,0.82,0.0
2014-02-22,1228,333,0,0.24,0.0
2014-02-22,973,114,2,0.66,0.0
2014-02-22,1424,221,0,0.67,0.0
2014-02-22,1196,114,0,0.16,0.0
2014-02-22,2794,331,0,1.32,1.0
2014-02-22,1135,221,0,0.15,0.0
2014-02-22,1672,111,4,1.7,2.0
2014-02-22,972,221,5,3.71,3.0
2014-02-22,926,331,1,0.23,0.0
2014-02-22,1727,333,0,0.08,0.0
2014-02-22,2794,112,1,3.4,3.0
2014-02-22,973,113,1,1.46,2.0
2014-02-22,631,111,3,2.32,2.0
2014-02-22,3021,114,0,0.03,0.0
2014-02-22,1135,114,0,0.19,0.0
2014-02-22,1365,112,3,0.68,0.0
2014-02-22,611,332,1,2.48,2.0
2014-02-22,2818,222,1,0.5,0.0
2014-02-22,337,222,0,1.03,2.0
2014-02-22,432,223,0,0.28,0.0
2014-02-22,1275,332,0,0.07,0.0
2014-02-22,926,221,0,0.09,0.0
2014-02-22,1548,112,0,1.54,2.0
2014-02-22,74,222,0,0.49,0.0
2014-02-22,1328,222,0,0.52,0.0
2014-02-22,611,112,8,3.1,3.0
2014-02-22,868,333,0,0.25,0.0
2014-02-22,1694,113,6,3.95,3.0
2014-02-22,2332,221,3,2.43,2.0
2014-02-22,1472,332,1,0.3,0.0
2014-02-22,2932,113,3,3.45,3.0
2014-02-22,2768,221,0,0.34,0.0
2014-02-22,1424,332,1,0.15,0.0
2014-02-22,2932,222,1,1.52,2.0
2014-02-22,2768,111,2,0.64,0.0
2014-02-22,631,112,2,1.53,2.0
2014-02-22,2935,111,8,6.88,10.0
2014-02-22,1694,223,0,0.28,0.0
2014-02-22,1190,113,0,0.03,0.0
2014-02-22,1196,332,0,0.13,0.0
2014-02-22,1672,223,3,1.7,2.0
2014-02-22,2794,113,2,2.5,2.0
2014-02-22,1135,112,0,0.08,0.0
2014-02-22,743,113,1,1.56,1.0
2014-02-22,631,223,1,0.45,0.0
2014-02-22,2332,113,14,16.76,16.0
2014-02-22,2492,222,1,0.83,0.0
2014-02-22,432,112,0,0.03,0.0
2014-02-22,659,333,1,0.52,0.0
2014-02-22,1228,331,0,0.23,0.0
2014-02-22,2332,333,1,2.28,2.0
2014-02-22,972,222,1,2.87,3.0
2014-02-22,1054,332,0,2.76,3.0
2014-02-22,972,114,0,0.12,0.0
2014-02-22,868,222,0,0.4,0.0
2014-02-22,1173,332,0,0.26,0.0
2014-02-22,904,221,1,0.44,0.0
2014-02-22,1508,223,0,0.14,0.0
2014-02-22,1054,333,4,2.18,2.0
2014-02-22,2492,111,4,4.13,4.0
2014-02-22,1228,222,0,0.23,0.0
2014-02-22,1472,331,0,0.15,0.0
2014-02-22,1054,111,3,2.11,2.0
2014-02-22,1242,332,1,1.15,2.0
2014-02-22,611,111,8,3.16,3.0
2014-02-22,3004,332,0,0.33,0.0
2014-02-22,1190,111,0,0.03,0.0
2014-02-22,1328,221,0,0.58,0.0
2014-02-22,2492,114,1,0.8,0.0
2014-02-22,1275,112,0,0.07,0.0
2014-02-22,1727,222,0,0.03,0.0
2014-02-22,797,332,0,1.57,2.0
2014-02-22,1242,111,0,0.63,0.0
2014-02-22,1054,114,4,1.47,2.0
2014-02-22,904,333,0,0.91,0.0
2014-02-22,1240,111,0,0.04,0.0
2014-02-22,973,112,0,0.57,0.0
2014-02-22,2853,112,2,3.16,2.0
2014-02-22,1472,114,1,0.1,0.0
2014-02-22,1173,111,1,0.74,0.0
2014-02-22,1365,333,0,0.23,0.0
2014-02-22,1542,331,0,0.06,0.0
2014-02-22,3021,221,0,0.2,0.0
2014-02-22,1694,333,1,2.14,2.0
2014-02-22,743,332,1,0.59,0.0
2014-02-22,1322,114,1,0.29,0.0
2014-02-22,1629,221,2,2.66,3.0
2014-02-22,2935,331,12,9.25,9.0
2014-02-22,2935,223,9,5.11,0.0
2014-02-22,1542,333,0,0.01,0.0
2014-02-22,1240,114,0,0.02,0.0
2014-02-22,1135,113,0,0.24,0.0
2014-02-22,611,333,5,1.9,2.0
2014-02-22,743,333,0,0.76,0.0
2014-02-22,2794,221,0,0.99,0.0
2014-02-22,797,112,4,4.35,4.0
2014-02-22,1672,331,0,0.74,0.0
2014-02-22,1322,112,0,0.52,0.0
2014-02-22,3021,331,0,0.25,0.0
2014-02-22,3008,113,3,2.05,2.0
2014-02-22,1672,114,2,0.88,0.0
2014-02-22,1472,113,1,0.52,0.0
2014-02-22,1424,223,0,0.28,0.0
2014-02-22,1599,332,0,0.14,0.0
2014-02-22,2294,114,1,0.5,0.0
2014-02-22,973,221,0,0.46,0.0
2014-02-22,2932,221,1,1.03,2.0
2014-02-22,659,113,0,0.85,0.0
2014-02-22,2932,223,0,0.04,0.0
2014-02-22,2932,112,3,1.31,2.0
2014-02-22,1753,331,0,0.86,0.0
2014-02-22,1173,114,0,0.04,0.0
2014-02-22,432,114,0,0.04,0.0
2014-02-22,2332,114,0,5.08,5.0
2014-02-22,1424,112,1,0.73,0.0
2014-02-22,1196,221,0,0.15,0.0
2014-02-22,868,114,0,0.64,0.0
2014-02-22,631,222,1,0.44,0.0
2014-02-22,337,223,2,0.61,0.0
2014-02-22,1240,332,0,0.07,0.0
2014-02-22,904,332,0,1.27,2.0
2014-02-22,1508,333,0,0.03,0.0
2014-02-22,2794,222,1,1.11,2.0
2014-02-22,2932,333,2,1.81,2.0
2014-02-22,1228,114,0,0.16,0.0
2014-02-22,2492,332,0,0.56,0.0
2014-02-22,743,112,2,2.23,2.0
2014-02-22,2768,112,0,0.39,0.0
2014-02-22,1508,221,0,0.13,0.0
2014-02-22,432,333,0,0.2,0.0
2014-02-22,2332,222,2,2.83,2.0
2014-02-22,581,222,1,2.95,2.0
2014-02-22,74,111,0,0.44,0.0
2014-02-22,1322,332,0,0.24,0.0
2014-02-22,1548,111,0,0.58,0.0
2014-02-22,2768,114,2,0.07,0.0
2014-02-22,2794,332,0,1.29,0.0
2014-02-22,432,331,0,0.11,0.0
2014-02-22,926,114,0,0.15,0.0
2014-02-22,659,111,2,1.05,1.0
2014-02-22,423,221,0,0.17,0.0
2014-02-22,2818,332,1,0.8,0.0
2014-02-22,972,111,4,0.83,0.0
2014-02-22,1508,331,0,0.09,0.0
2014-02-22,1548,333,0,0.17,0.0
2014-02-22,1599,223,0,0.26,0.0
2014-02-22,1242,223,0,0.52,0.0
2014-02-22,2492,112,0,0.06,0.0
2014-02-22,1196,112,0,0.39,0.0
2014-02-22,423,332,0,0.58,0.0
2014-02-22,631,333,0,0.65,0.0
2014-02-22,611,223,0,2.25,2.0
2014-02-22,904,113,2,1.64,2.0
2014-02-22,1694,111,1,1.43,0.0
2014-02-22,2332,111,4,5.43,5.0
2014-02-22,2935,113,10,15.84,16.0
2014-02-22,1629,333,8,8.36,6.0
2014-02-22,1472,333,0,0.51,0.0
2014-02-22,74,112,0,0.04,0.0
2014-02-22,868,221,2,0.18,0.0
2014-02-22,797,333,1,1.96,2.0
2014-02-22,1196,331,0,0.35,0.0
2014-02-22,581,332,3,0.79,0.0
2014-02-22,1173,221,0,0.19,0.0
2014-02-22,972,332,6,5.3,5.0
2014-02-22,1599,113,0,0.03,0.0
2014-02-22,2294,333,3,5.22,5.0
2014-02-22,1508,113,0,0.34,0.0
2014-02-22,3021,111,0,0.24,0.0
2014-02-22,2294,222,0,1.57,0.0
2014-02-22,2853,114,1,3.31,3.0
2014-02-22,611,222,1,2.97,3.0
2014-02-22,1190,331,0,0.15,0.0
2014-02-22,1727,113,0,0.24,0.0
2014-02-22,3021,332,0,0.04,0.0
2014-02-22,3004,113,0,0.23,0.0
2014-02-22,1753,111,0,1.12,0.0
2014-02-22,3004,222,0,0.68,0.0
2014-02-22,1190,114,0,0.02,0.0
2014-02-22,1228,113,0,0.02,0.0
2014-02-22,2853,333,2,2.62,2.0
2014-02-22,74,333,1,0.56,0.0
2014-02-22,423,113,1,0.41,0.0
2014-02-22,2768,331,1,0.78,0.0
2014-02-22,1508,332,0,0.01,0.0
2014-02-22,1196,111,0,0.11,0.0
2014-02-22,2853,111,5,3.88,3.0
2014-02-22,3008,221,5,1.16,2.0
2014-02-22,1322,222,0,0.48,0.0
2014-02-22,2294,111,2,1.97,2.0
2014-02-22,904,111,4,2.51,2.0
2014-02-22,1599,333,0,0.14,0.0
2014-02-22,1322,221,1,0.23,0.0
2014-02-22,3008,332,4,1.97,2.0
2014-02-22,1054,222,3,3.47,3.0
2014-02-22,1727,223,0,0.03,0.0
2014-02-22,1328,113,1,0.9,0.0
2014-02-22,337,112,2,1.15,2.0
2014-02-22,926,111,0,0.05,0.0
2014-02-22,1753,113,0,2.14,3.0
2014-02-22,1173,333,0,0.24,0.0
2014-02-22,926,223,0,0.25,0.0
2014-02-22,2932,331,4,1.92,2.0
2014-02-22,868,331,0,0.14,0.0
2014-02-22,2332,112,4,3.77,4.0
2014-02-22,1672,332,0,0.76,0.0
2014-02-22,926,332,0,0.28,0.0
2014-02-22,1275,222,0,0.06,0.0
2014-02-22,423,223,0,0.8,0.0
2014-02-22,1328,223,1,0.59,0.0
2014-02-22,1173,331,0,0.4,0.0
2014-02-22,3004,221,0,0.13,0.0
2014-02-22,1542,114,0,0.17,0.0
2014-02-22,2853,331,1,3.45,3.0
2014-02-22,1242,113,0,1.07,2.0
2014-02-22,1173,222,1,0.78,0.0
2014-02-22,868,112,0,0.47,0.0
2014-02-22,2294,223,1,2.83,3.0
2014-02-22,2818,112,3,0.79,0.0
2014-02-22,611,221,5,2.58,2.0
2014-02-22,1672,112,1,2.01,0.0
2014-02-22,659,114,1,0.87,0.0
2014-02-22,743,223,0,0.54,0.0
2014-02-22,1753,221,0,0.89,0.0
2014-02-22,1328,114,1,0.15,0.0
2014-02-22,1135,223,0,0.04,0.0
2014-02-22,1054,112,1,4.05,4.0
2014-02-22,1054,223,4,1.61,2.0
2014-02-22,1328,331,0,0.98,1.0
2014-02-22,797,331,4,2.05,2.0
2014-02-22,423,111,0,0.65,0.0
2014-02-22,1328,332,2,0.75,0.0
2014-02-22,1548,223,0,0.3,0.0
2014-02-22,1694,112,3,4.33,5.0
2014-02-22,1753,333,0,0.58,0.0
2014-02-22,3008,222,0,0.77,0.0
2014-02-22,1228,332,0,0.01,0.0
2014-02-22,797,114,1,1.71,2.0
2014-02-22,659,221,0,0.76,0.0
2014-02-22,581,333,1,0.75,0.0
2014-02-22,423,333,0,0.17,0.0
2014-02-22,432,113,0,0.28,0.0
2014-02-22,1190,332,0,0.02,0.0
2014-02-22,1228,221,0,0.02,0.0
2014-02-22,1190,112,0,0.03,0.0
2014-02-22,1727,111,0,0.04,0.0
2014-02-22,659,112,0,1.42,2.0
2014-02-22,1508,112,0,0.1,0.0
2014-02-22,2853,113,3,3.41,3.0
2014-02-22,1753,332,0,0.65,0.0
2014-02-22,1629,113,11,9.91,8.0
2014-02-22,1542,222,0,0.11,0.0
2014-02-22,1629,223,0,1.41,3.0
2014-02-22,3004,111,0,0.29,0.0
2014-02-22,659,222,0,0.7,0.0
2014-02-22,337,331,4,4.87,4.0
2014-02-22,1196,333,0,0.16,0.0
2014-02-22,1365,331,0,0.4,0.0
2014-02-22,926,222,0,0.19,0.0
2014-02-22,3021,333,0,0.16,0.0
2014-02-22,1599,331,1,0.13,0.0
2014-02-22,973,223,0,0.09,0.0
2014-02-22,2294,331,1,1.59,0.0
2014-02-22,2294,112,0,1.81,0.0
2014-02-22,1472,221,0,0.25,0.0
2014-02-22,1365,113,0,0.56,0.0
2014-02-22,581,113,3,2.91,3.0
2014-02-22,2935,332,2,15.46,0.0
2014-02-22,2294,113,0,2.1,3.0
2014-02-22,659,331,3,1.69,2.0
2014-02-22,1753,222,0,0.97,0.0
2014-02-22,3008,111,3,1.99,2.0
2014-02-22,972,331,0,0.19,0.0
2014-02-22,2932,111,5,1.67,2.0
2014-02-22,423,112,0,0.52,0.0
2014-02-22,1190,223,1,0.02,0.0
2014-02-22,2492,331,4,2.8,3.0
2014-02-22,1599,111,0,0.2,0.0
2014-02-22,2768,333,0,0.67,0.0
2014-02-22,1508,111,0,0.23,0.0
2014-02-22,1240,112,0,0.03,0.0
2014-02-22,1672,333,1,2.04,2.0
2014-02-22,2932,114,0,1.92,2.0
2014-02-22,2768,223,0,0.21,0.0
2014-02-22,1672,221,0,1.41,0.0
2014-02-22,74,221,0,0.94,0.0
2014-02-22,868,111,0,0.99,0.0
2014-02-22,1328,112,2,0.97,1.0
2014-02-22,1190,221,1,0.02,0.0
2014-02-22,1629,332,12,14.52,13.0
2014-02-22,611,114,2,1.97,2.0
2014-02-22,1508,222,0,0.13,0.0
2014-02-22,581,331,1,0.82,0.0
2014-02-22,1242,222,0,1.19,2.0
2014-02-22,1599,112,0,0.02,0.0
2014-02-22,1548,332,0,0.18,0.0
2014-02-22,1727,112,0,0.06,0.0
2014-02-22,2492,333,0,1.63,2.0
2014-02-22,1275,333,0,0.05,0.0
2014-02-22,631,331,5,1.42,2.0
2014-02-22,1173,112,1,0.93,1.0
2014-02-22,432,222,0,0.43,0.0
2014-02-22,1135,222,0,0.25,0.0
2014-02-22,337,332,2,2.87,2.0
2014-02-22,2492,223,0,2.15,2.0
2014-02-22,631,113,3,1.74,2.0
2014-02-22,2853,223,0,5.56,5.0
2014-02-22,743,221,1,0.62,0.0
2014-02-22,1228,111,0,0.19,0.0
2014-02-22,3008,112,1,1.71,2.0
2014-02-22,2853,332,4,3.19,3.0
2014-02-22,1240,333,0,0.04,0.0
2014-02-22,1135,111,0,0.18,0.0
2014-02-22,797,113,4,6.64,6.0
2014-02-22,904,331,1,1.33,2.0
2014-02-22,1672,222,3,1.53,0.0
2014-02-22,1599,222,0,0.15,0.0
2014-02-22,797,111,3,2.67,2.0
2014-02-22,3004,112,0,0.22,0.0
2014-02-22,743,114,1,0.32,0.0
2014-02-22,1548,331,1,0.15,0.0
2014-02-22,1694,332,7,1.61,0.0
2014-02-22,337,221,0,0.84,0.0
2014-02-22,611,113,4,4.79,5.0
2014-02-22,1542,223,0,0.14,0.0
2014-02-22,972,112,3,0.75,0.0
2014-02-22,337,111,1,1.7,2.0
2014-02-22,1599,221,0,0.17,0.0
2014-02-22,1424,114,0,0.23,0.0
2014-02-22,797,223,2,1.94,2.0
2014-02-22,1694,221,1,0.61,0.0
2014-02-22,1365,332,1,0.17,0.0
2014-02-22,1548,114,1,0.34,0.0
2014-02-22,973,111,0,0.03,0.0
2014-02-22,1242,114,0,0.36,0.0
2014-02-22,743,111,1,1.3,1.0
2014-02-22,972,113,4,5.45,5.0
2014-02-22,1424,111,0,0.55,0.0
2014-02-22,926,333,0,0.07,0.0
2014-02-22,973,333,2,0.41,0.0
2014-02-22,2853,221,3,4.02,4.0
2014-02-22,797,221,2,2.88,3.0
2014-02-22,1135,332,0,0.02,0.0
2014-02-22,2794,333,0,1.48,2.0
2014-02-22,659,332,0,0.7,0.0
2014-02-22,74,331,0,0.15,0.0
2014-02-22,2935,333,4,20.58,13.0
2014-02-22,904,114,2,1.45,2.0
2014-02-22,1190,333,0,0.02,0.0
2014-02-22,2332,332,1,4.04,4.0
2014-02-22,2935,112,5,6.4,4.0
2014-02-22,3004,223,0,0.51,0.0
2014-02-22,432,111,0,0.07,0.0
2014-02-22,868,113,1,0.33,0.0
2014-02-22,2794,114,0,1.51,2.0
2014-02-22,1753,114,2,0.98,0.0
2014-02-22,2492,113,5,4.89,5.0
2014-02-22,1472,112,0,0.07,0.0
2014-02-22,1694,331,1,1.95,2.0
2014-02-22,1542,113,1,0.2,0.0
2014-02-22,1629,114,4,4.56,6.0
2014-02-22,1054,221,4,3.09,3.0
2014-02-22,1135,331,0,0.25,0.0
2014-02-22,2768,222,0,0.34,0.0
2014-02-22,1727,114,0,0.03,0.0
2014-02-22,1322,113,0,0.59,0.0
2014-02-22,2818,221,0,0.24,0.0
2014-02-22,74,113,1,0.93,0.0
2014-02-22,2935,222,8,6.87,9.0
2014-02-22,1173,223,0,0.05,0.0
2014-02-22,1424,333,0,0.3,0.0
2014-02-22,74,114,0,0.26,0.0
2014-02-22,1548,221,0,0.4,0.0
2014-02-22,973,332,2,0.8,0.0
2014-02-22,1228,112,0,0.35,0.0
2014-02-22,1242,221,0,0.54,0.0
2014-02-22,904,222,1,0.69,0.0
2014-02-22,2794,223,1,0.7,0.0
2014-02-22,2818,331,3,0.15,0.0
2014-02-22,1727,332,0,0.03,0.0
2014-02-22,2492,221,5,3.3,3.0
2014-02-22,581,221,1,1.53,2.0
2014-02-22,1275,114,0,0.05,0.0
2014-02-22,2332,223,1,2.26,2.0
2014-02-22,1542,112,0,0.11,0.0
2014-02-22,1365,222,0,0.13,0.0
2014-02-22,2853,222,4,3.12,3.0
2014-02-22,74,223,1,0.27,0.0
2014-02-22,337,333,2,1.7,2.0
2014-02-22,1322,333,2,0.12,0.0
2014-02-22,2818,333,1,0.17,0.0
2014-02-22,1190,222,0,0.02,0.0
2014-02-22,1242,331,0,0.04,0.0
2014-02-22,1365,114,0,0.24,0.0
2014-02-22,1424,331,0,0.08,0.0
2014-02-22,1275,331,0,0.08,0.0
2014-02-22,2818,114,0,0.39,0.0
2014-02-22,1365,111,0,0.31,0.0
2014-02-22,1542,332,0,0.1,0.0
2014-02-22,611,331,3,1.58,2.0
2014-02-22,3004,331,0,0.42,0.0
2014-02-22,1328,333,0,0.41,0.0
2014-02-22,1054,331,2,2.09,2.0
2014-02-22,337,113,1,1.21,2.0
2014-02-22,1322,111,1,0.66,0.0
2014-02-22,1196,222,0,0.21,0.0
2014-02-22,1135,333,2,0.18,0.0
2014-02-22,1275,111,0,0.06,0.0
2014-02-22,1629,222,16,13.54,11.0
2014-02-22,1275,221,0,0.06,0.0
2014-02-22,659,223,0,0.62,0.0
2014-02-22,2332,331,5,2.99,3.0
2014-02-22,337,114,2,1.96,2.0
2014-02-22,1508,114,0,0.09,0.0
2014-02-22,423,331,0,0.45,0.0
2014-02-22,1424,113,1,0.94,1.0
2014-02-22,2768,332,3,0.98,0.0
2014-02-22,581,114,0,0.66,0.0
2014-02-22,1054,113,4,5.5,5.0
2014-02-22,743,331,2,1.11,1.0
2014-02-22,74,332,0,0.05,0.0
2014-02-22,973,331,5,0.79,0.0
2014-02-22,1629,331,11,8.81,7.0
2014-02-22,926,113,0,0.06,0.0
2014-02-22,1753,112,5,2.86,3.0
2014-02-22,1672,113,8,4.68,3.0
2014-02-22,3008,114,2,0.83,0.0
2014-02-22,1242,112,2,1.0,2.0
2014-02-22,1196,113,0,0.19,0.0
2014-02-22,1727,221,0,0.08,0.0
2014-02-22,1240,113,0,0.1,0.0
2014-02-22,926,112,0,0.03,0.0
2014-02-22,1629,111,13,13.46,14.0
2014-02-22,1275,223,0,0.04,0.0
2014-02-22,1328,111,1,0.76,0.0
2014-02-22,1275,113,0,0.1,0.0
2014-02-22,631,221,1,0.29,0.0
2014-02-22,1322,223,0,0.21,0.0
2014-02-22,1173,113,1,1.63,2.0
2014-02-22,1196,223,0,0.07,0.0
2014-02-22,904,112,0,3.63,3.0
2014-02-22,1240,221,0,0.05,0.0
2014-02-22,432,332,0,0.21,0.0
2014-02-22,423,114,0,0.32,0.0
2014-02-22,581,112,0,1.52,2.0
2014-02-22,868,332,0,0.2,0.0
2014-02-23,2935,222,26,6.55,10.0
2014-02-23,1328,111,0,0.69,0.0
2014-02-23,432,223,0,0.26,0.0
2014-02-23,1629,114,10,5.09,6.0
2014-02-23,3004,114,0,0.39,0.0
2014-02-23,868,333,1,0.23,0.0
2014-02-23,631,331,4,1.55,2.0
2014-02-23,1694,331,1,1.9,2.0
2014-02-23,2935,223,24,9.86,6.0
2014-02-23,1054,221,3,2.99,3.0
2014-02-23,1196,221,1,0.14,0.0
2014-02-23,1727,222,0,0.02,0.0
2014-02-23,2332,331,3,2.89,3.0
2014-02-23,1322,114,0,0.31,0.0
2014-02-23,2768,111,0,0.62,0.0
2014-02-23,1275,331,0,0.07,0.0
2014-02-23,611,332,4,2.18,2.0
2014-02-23,3021,331,0,0.24,0.0
2014-02-23,337,223,2,0.62,0.0
2014-02-23,2932,223,0,0.02,0.0
2014-02-23,1548,113,1,1.19,2.0
2014-02-23,631,111,5,2.25,2.0
2014-02-23,1672,331,1,0.72,0.0
2014-02-23,1135,113,0,0.22,0.0
2014-02-23,2794,222,0,1.22,2.0
2014-02-23,1672,112,3,2.69,3.0
2014-02-23,797,112,5,3.9,4.0
2014-02-23,1365,332,0,0.23,0.0
2014-02-23,2794,114,1,1.33,2.0
2014-02-23,1190,333,0,0.01,0.0
2014-02-23,972,111,1,1.23,0.0
2014-02-23,904,331,1,1.24,2.0
2014-02-23,1472,332,0,0.38,0.0
2014-02-23,1548,332,0,0.16,0.0
2014-02-23,1365,111,0,0.26,0.0
2014-02-23,904,112,1,2.36,3.0
2014-02-23,1727,221,0,0.07,0.0
2014-02-23,1694,332,3,3.24,4.0
2014-02-23,2794,223,1,0.81,0.0
2014-02-23,797,113,11,5.46,6.0
2014-02-23,1694,333,1,2.0,2.0
2014-02-23,1240,333,0,0.04,0.0
2014-02-23,1508,333,0,0.03,0.0
2014-02-23,432,331,0,0.1,0.0
2014-02-23,1629,221,1,3.42,3.0
2014-02-23,74,111,1,0.39,0.0
2014-02-23,1228,114,0,0.15,0.0
2014-02-23,74,332,0,0.04,0.0
2014-02-23,1240,221,0,0.05,0.0
2014-02-23,1548,331,0,0.2,0.0
2014-02-23,2853,223,2,3.67,4.0
2014-02-23,1196,223,0,0.06,0.0
2014-02-23,1424,114,0,0.19,0.0
2014-02-23,743,221,1,0.65,0.0
2014-02-23,1275,332,0,0.07,0.0
2014-02-23,581,111,2,1.87,2.0
2014-02-23,1424,333,2,0.29,0.0
2014-02-23,2768,112,2,0.34,0.0
2014-02-23,926,221,0,0.08,0.0
2014-02-23,432,114,0,0.03,0.0
2014-02-23,1672,111,1,1.98,2.0
2014-02-23,1054,114,2,1.44,2.0
2014-02-23,1508,221,0,0.13,0.0
2014-02-23,1727,333,0,0.07,0.0
2014-02-23,2492,113,4,4.8,5.0
2014-02-23,973,112,0,0.54,0.0
2014-02-23,1242,112,1,1.05,2.0
2014-02-23,3008,112,2,1.11,2.0
2014-02-23,611,113,6,4.59,4.0
2014-02-23,1472,114,0,0.2,0.0
2014-02-23,1173,114,0,0.03,0.0
2014-02-23,2932,112,2,1.54,2.0
2014-02-23,1173,111,0,0.73,0.0
2014-02-23,973,114,2,0.64,0.0
2014-02-23,2853,112,3,2.86,2.0
2014-02-23,3021,223,0,0.01,0.0
2014-02-23,1242,114,2,0.31,0.0
2014-02-23,1599,113,0,0.02,0.0
2014-02-23,74,221,0,0.85,0.0
2014-02-23,1328,112,0,1.08,2.0
2014-02-23,611,222,2,2.78,3.0
2014-02-23,868,111,0,0.92,0.0
2014-02-23,1365,331,0,0.37,0.0
2014-02-23,3004,333,0,0.59,0.0
2014-02-23,3004,113,0,0.19,0.0
2014-02-23,3021,111,0,0.22,0.0
2014-02-23,1196,331,0,0.35,0.0
2014-02-23,1242,333,0,0.23,0.0
2014-02-23,1322,333,0,0.25,0.0
2014-02-23,2768,333,3,0.53,0.0
2014-02-23,631,333,2,0.63,0.0
2014-02-23,611,111,6,2.96,3.0
2014-02-23,337,331,3,4.01,4.0
2014-02-23,2294,221,0,4.57,6.0
2014-02-23,1365,222,0,0.12,0.0
2014-02-23,1196,112,1,0.36,0.0
2014-02-23,1542,112,0,0.1,0.0
2014-02-23,2492,112,0,0.06,0.0
2014-02-23,797,331,2,2.04,2.0
2014-02-23,2492,222,3,0.81,0.0
2014-02-23,581,112,2,1.27,2.0
2014-02-23,611,223,0,1.75,2.0
2014-02-23,1599,114,1,0.09,0.0
2014-02-23,2935,221,25,10.98,5.0
2014-02-23,3008,333,1,1.92,2.0
2014-02-23,432,221,2,0.18,0.0
2014-02-23,972,223,0,2.58,3.0
2014-02-23,3008,111,4,1.89,2.0
2014-02-23,868,223,0,0.22,0.0
2014-02-23,2768,332,2,1.15,2.0
2014-02-23,972,331,0,0.17,0.0
2014-02-23,1753,222,0,0.97,0.0
2014-02-23,743,222,1,0.9,0.0
2014-02-23,2332,112,5,3.8,4.0
2014-02-23,2294,113,1,1.56,0.0
2014-02-23,2294,112,0,0.97,0.0
2014-02-23,1365,221,2,0.19,0.0
2014-02-23,1472,222,0,0.27,0.0
2014-02-23,926,112,0,0.02,0.0
2014-02-23,2818,113,1,1.2,1.0
2014-02-23,1753,112,4,3.25,3.0
2014-02-23,423,112,0,0.49,0.0
2014-02-23,973,222,1,0.49,0.0
2014-02-23,1275,223,0,0.03,0.0
2014-02-23,1472,221,0,0.23,0.0
2014-02-23,1322,223,0,0.19,0.0
2014-02-23,2932,111,3,1.86,2.0
2014-02-23,611,333,1,2.07,2.0
2014-02-23,1240,114,0,0.01,0.0
2014-02-23,2332,111,3,4.74,4.0
2014-02-23,1727,332,0,0.02,0.0
2014-02-23,1196,111,0,0.1,0.0
2014-02-23,1190,332,0,0.02,0.0
2014-02-23,1228,221,0,0.01,0.0
2014-02-23,926,333,0,0.07,0.0
2014-02-23,1242,332,2,1.18,2.0
2014-02-23,423,333,0,0.17,0.0
2014-02-23,2932,331,2,2.03,2.0
2014-02-23,1135,333,0,0.28,0.0
2014-02-23,1599,333,0,0.13,0.0
2014-02-23,1228,222,0,0.2,0.0
2014-02-23,1599,112,0,0.02,0.0
2014-02-23,1322,221,0,0.27,0.0
2014-02-23,659,332,1,0.62,0.0
2014-02-23,1328,333,0,0.36,0.0
2014-02-23,1472,331,0,0.14,0.0
2014-02-23,926,111,0,0.04,0.0
2014-02-23,797,221,4,2.66,3.0
2014-02-23,973,333,0,0.44,0.0
2014-02-23,2818,114,0,0.35,0.0
2014-02-23,74,333,0,0.49,0.0
2014-02-23,904,221,0,0.49,0.0
2014-02-23,972,114,1,0.11,0.0
2014-02-23,1694,222,1,1.87,2.0
2014-02-23,1424,113,1,0.9,0.0
2014-02-23,2492,221,6,3.39,3.0
2014-02-23,2818,112,1,0.87,1.0
2014-02-23,1508,332,0,0.01,0.0
2014-02-23,1135,112,0,0.07,0.0
2014-02-23,659,114,2,0.96,0.0
2014-02-23,1694,112,0,3.28,5.0
2014-02-23,1135,223,0,0.03,0.0
2014-02-23,581,332,1,0.96,0.0
2014-02-23,743,113,0,1.5,1.0
2014-02-23,868,221,0,0.26,0.0
2014-02-23,1173,333,0,0.23,0.0
2014-02-23,423,223,0,0.76,0.0
2014-02-23,1548,221,2,0.35,0.0
2014-02-23,1672,332,0,0.53,0.0
2014-02-23,659,221,0,0.72,0.0
2014-02-23,1190,111,0,0.02,0.0
2014-02-23,1472,333,3,0.49,0.0
2014-02-23,1542,222,0,0.11,0.0
2014-02-23,3004,111,0,0.24,0.0
2014-02-23,631,112,2,1.59,2.0
2014-02-23,1629,223,0,1.82,0.0
2014-02-23,1424,332,0,0.19,0.0
2014-02-23,2853,331,1,2.88,3.0
2014-02-23,1242,113,0,0.9,0.0
2014-02-23,659,222,1,0.63,0.0
2014-02-23,337,114,4,1.88,2.0
2014-02-23,2794,111,2,3.2,3.0
2014-02-23,1548,112,0,1.32,2.0
2014-02-23,1054,113,12,5.44,5.0
2014-02-23,1240,222,0,0.04,0.0
2014-02-23,2294,331,0,1.53,0.0
2014-02-23,973,223,0,0.08,0.0
2014-02-23,1629,332,7,13.73,12.0
2014-02-23,581,113,6,2.89,3.0
2014-02-23,1322,113,5,0.52,0.0
2014-02-23,1328,331,2,0.81,0.0
2014-02-23,1228,332,0,0.01,0.0
2014-02-23,1240,113,0,0.09,0.0
2014-02-23,3008,114,0,1.01,0.0
2014-02-23,2853,222,1,3.31,3.0
2014-02-23,1328,223,0,0.6,0.0
2014-02-23,1228,333,0,0.21,0.0
2014-02-23,1173,331,1,0.37,0.0
2014-02-23,1542,114,0,0.15,0.0
2014-02-23,2768,222,0,0.31,0.0
2014-02-23,1242,222,3,1.07,0.0
2014-02-23,1242,221,3,0.52,0.0
2014-02-23,74,114,1,0.24,0.0
2014-02-23,1135,332,0,0.01,0.0
2014-02-23,2935,333,31,15.63,11.0
2014-02-23,2332,332,4,3.34,4.0
2014-02-23,432,112,0,0.02,0.0
2014-02-23,1727,112,0,0.05,0.0
2014-02-23,1240,112,0,0.02,0.0
2014-02-23,868,331,1,0.13,0.0
2014-02-23,1629,113,10,10.87,9.0
2014-02-23,1694,111,8,1.83,2.0
2014-02-23,581,333,1,0.97,1.0
2014-02-23,1275,114,0,0.05,0.0
2014-02-23,743,223,1,0.47,0.0
2014-02-23,1753,333,0,0.52,0.0
2014-02-23,1135,221,0,0.13,0.0
2014-02-23,1328,332,0,0.9,0.0
2014-02-23,1599,111,0,0.17,0.0
2014-02-23,1196,222,0,0.18,0.0
2014-02-23,337,113,6,1.23,2.0
2014-02-23,1629,222,18,13.61,12.0
2014-02-23,1629,333,4,7.55,6.0
2014-02-23,1672,333,2,2.31,2.0
2014-02-23,1196,333,0,0.15,0.0
2014-02-23,1196,114,0,0.14,0.0
2014-02-23,797,333,2,1.9,2.0
2014-02-23,1190,222,0,0.02,0.0
2014-02-23,1424,221,0,0.65,0.0
2014-02-23,1054,332,2,2.55,3.0
2014-02-23,1190,223,1,0.38,0.0
2014-02-23,926,222,0,0.16,0.0
2014-02-23,2853,113,1,3.38,3.0
2014-02-23,3021,333,0,0.13,0.0
2014-02-23,973,113,0,1.36,2.0
2014-02-23,1727,223,0,0.02,0.0
2014-02-23,1135,222,2,0.22,0.0
2014-02-23,1322,222,0,0.45,0.0
2014-02-23,1275,333,0,0.04,0.0
2014-02-23,631,113,2,1.81,2.0
2014-02-23,2794,112,3,3.1,3.0
2014-02-23,2853,332,4,2.88,3.0
2014-02-23,1694,113,6,3.9,3.0
2014-02-23,1753,223,0,1.4,0.0
2014-02-23,1694,221,2,1.53,0.0
2014-02-23,2794,331,1,1.23,1.0
2014-02-23,904,111,1,2.5,2.0
2014-02-23,2935,112,4,7.01,4.0
2014-02-23,972,221,2,3.55,3.0
2014-02-23,972,222,1,2.68,3.0
2014-02-23,432,111,0,0.05,0.0
2014-02-23,1753,114,2,1.12,0.0
2014-02-23,1173,332,0,0.26,0.0
2014-02-23,2492,111,4,3.94,4.0
2014-02-23,1472,112,0,0.06,0.0
2014-02-23,3004,332,0,0.28,0.0
2014-02-23,432,222,0,0.39,0.0
2014-02-23,1275,221,0,0.05,0.0
2014-02-23,743,114,1,0.41,0.0
2014-02-23,2818,222,2,0.51,0.0
2014-02-23,337,111,0,1.53,2.0
2014-02-23,611,331,0,2.06,2.0
2014-02-23,1424,331,0,0.07,0.0
2014-02-23,1328,222,0,0.52,0.0
2014-02-23,3008,331,2,1.04,0.0
2014-02-23,1599,222,0,0.15,0.0
2014-02-23,423,331,2,0.41,0.0
2014-02-23,904,222,1,0.67,0.0
2014-02-23,2332,223,0,2.14,2.0
2014-02-23,972,112,1,1.18,2.0
2014-02-23,926,114,0,0.14,0.0
2014-02-23,868,332,0,0.19,0.0
2014-02-23,337,222,2,0.96,1.0
2014-02-23,797,111,2,2.53,2.0
2014-02-23,3004,112,0,0.22,0.0
2014-02-23,1629,331,3,9.28,8.0
2014-02-23,1508,111,1,0.25,0.0
2014-02-23,868,112,2,0.42,0.0
2014-02-23,337,221,2,0.76,0.0
2014-02-23,1054,331,1,1.71,2.0
2014-02-23,926,223,0,0.24,0.0
2014-02-23,1508,114,0,0.08,0.0
2014-02-23,1727,111,0,0.03,0.0
2014-02-23,2818,221,1,0.23,0.0
2014-02-23,2332,221,3,2.92,2.0
2014-02-23,1472,223,0,0.52,0.0
2014-02-23,743,112,2,2.03,2.0
2014-02-23,2332,114,4,2.97,4.0
2014-02-23,1365,114,0,0.2,0.0
2014-02-23,3021,113,0,0.56,0.0
2014-02-23,1322,331,2,0.17,0.0
2014-02-23,3008,223,0,0.75,0.0
2014-02-23,1424,223,2,0.24,0.0
2014-02-23,631,223,0,0.46,0.0
2014-02-23,926,113,1,0.05,0.0
2014-02-23,631,221,0,0.3,0.0
2014-02-23,3021,221,0,0.19,0.0
2014-02-23,2768,223,1,0.21,0.0
2014-02-23,1472,113,1,0.56,0.0
2014-02-23,1548,223,0,0.28,0.0
2014-02-23,2794,113,4,2.54,2.0
2014-02-23,1328,114,0,0.23,0.0
2014-02-23,1190,112,0,0.02,0.0
2014-02-23,972,113,3,4.62,5.0
2014-02-23,1542,333,0,0.01,0.0
2014-02-23,904,113,4,1.84,2.0
2014-02-23,1240,223,0,0.02,0.0
2014-02-23,3008,332,0,1.94,2.0
2014-02-23,1242,331,0,0.04,0.0
2014-02-23,631,222,0,0.45,0.0
2014-02-23,2294,333,2,4.21,5.0
2014-02-23,1424,222,1,0.53,0.0
2014-02-23,2935,113,12,16.26,14.0
2014-02-23,1054,333,4,2.21,2.0
2014-02-23,797,222,4,1.74,2.0
2014-02-23,631,114,0,1.0,1.0
2014-02-23,1240,331,0,0.05,0.0
2014-02-23,1173,222,3,0.79,0.0
2014-02-23,1196,332,0,0.11,0.0
2014-02-23,423,222,0,0.6,0.0
2014-02-23,904,223,0,0.43,0.0
2014-02-23,1228,331,0,0.2,0.0
2014-02-23,337,112,0,1.03,2.0
2014-02-23,797,332,3,1.41,2.0
2014-02-23,1548,222,0,0.67,0.0
2014-02-23,2932,113,2,3.45,3.0
2014-02-23,1629,112,4,10.3,9.0
2014-02-23,1472,111,0,0.47,0.0
2014-02-23,1135,114,0,0.18,0.0
2014-02-23,1322,332,0,0.21,0.0
2014-02-23,659,111,0,1.06,1.0
2014-02-23,1672,113,6,5.31,4.0
2014-02-23,3008,221,0,1.34,2.0
2014-02-23,3004,223,0,0.49,0.0
2014-02-23,2818,111,1,0.66,0.0
2014-02-23,1328,221,0,0.53,0.0
2014-02-23,1228,111,0,0.16,0.0
2014-02-23,868,113,1,0.34,0.0
2014-02-23,797,223,1,1.87,2.0
2014-02-23,926,331,0,0.3,0.0
2014-02-23,2818,223,0,0.81,0.0
2014-02-23,1190,114,0,0.02,0.0
2014-02-23,1242,223,0,0.51,0.0
2014-02-23,2932,332,0,0.73,0.0
2014-02-23,611,112,1,3.61,4.0
2014-02-23,1542,113,0,0.24,0.0
2014-02-23,2853,333,1,2.52,2.0
2014-02-23,1548,114,0,0.4,0.0
2014-02-23,973,111,0,0.02,0.0
2014-02-23,74,331,0,0.14,0.0
2014-02-23,868,222,0,0.37,0.0
2014-02-23,423,332,1,0.48,0.0
2014-02-23,611,221,1,2.44,3.0
2014-02-23,2768,221,0,0.32,0.0
2014-02-23,432,113,1,0.27,0.0
2014-02-23,659,331,0,1.78,2.0
2014-02-23,1542,221,0,0.22,0.0
2014-02-23,1508,223,0,0.13,0.0
2014-02-23,1054,111,4,2.09,2.0
2014-02-23,2768,113,1,0.85,0.0
2014-02-23,2492,223,1,1.57,2.0
2014-02-23,1190,113,0,0.02,0.0
2014-02-23,972,333,1,1.27,0.0
2014-02-23,1672,222,8,2.39,2.0
2014-02-23,2935,111,13,11.19,10.0
2014-02-23,3004,221,0,0.12,0.0
2014-02-23,1275,112,0,0.06,0.0
2014-02-23,1508,113,0,0.28,0.0
2014-02-23,3021,332,0,0.04,0.0
2014-02-23,1173,112,0,0.95,1.0
2014-02-23,1054,222,2,3.28,3.0
2014-02-23,972,332,6,4.8,5.0
2014-02-23,1599,221,0,0.15,0.0
2014-02-23,1542,223,0,0.13,0.0
2014-02-23,1135,111,0,0.15,0.0
2014-02-23,2853,114,3,2.74,2.0
2014-02-23,2492,333,0,1.24,0.0
2014-02-23,1694,223,0,0.29,0.0
2014-02-23,1727,113,0,0.23,0.0
2014-02-23,631,332,0,0.73,0.0
2014-02-23,337,332,4,2.73,2.0
2014-02-23,1727,331,0,0.02,0.0
2014-02-23,2332,333,2,2.14,2.0
2014-02-23,904,114,2,1.43,2.0
2014-02-23,74,222,0,0.46,0.0
2014-02-23,1135,331,1,0.26,0.0
2014-02-23,2932,114,0,1.59,2.0
2014-02-23,2294,223,0,2.47,2.0
2014-02-23,2932,222,2,1.62,2.0
2014-02-23,1240,111,0,0.04,0.0
2014-02-23,1275,111,0,0.05,0.0
2014-02-23,1672,221,0,1.14,0.0
2014-02-23,3004,331,0,0.28,0.0
2014-02-23,1753,113,0,1.8,0.0
2014-02-23,2853,111,2,3.58,3.0
2014-02-23,1190,221,1,0.25,0.0
2014-02-23,611,114,4,1.86,2.0
2014-02-23,2294,111,1,1.7,2.0
2014-02-23,1542,331,0,0.05,0.0
2014-02-23,926,332,0,0.24,0.0
2014-02-23,1322,111,1,0.62,0.0
2014-02-23,2794,333,0,1.32,0.0
2014-02-23,1599,331,0,0.18,0.0
2014-02-23,1173,223,0,0.05,0.0
2014-02-23,1275,222,0,0.05,0.0
2014-02-23,1753,111,0,0.82,0.0
2014-02-23,1242,111,0,0.59,0.0
2014-02-23,2818,333,0,0.27,0.0
2014-02-23,1190,331,0,0.15,0.0
2014-02-23,1753,221,0,0.6,0.0
2014-02-23,1228,113,0,0.01,0.0
2014-02-23,1672,114,1,0.89,0.0
2014-02-23,1173,221,0,0.18,0.0
2014-02-23,3004,222,0,0.37,0.0
2014-02-23,659,112,1,1.29,2.0
2014-02-23,1328,113,3,0.88,0.0
2014-02-23,1054,112,10,3.58,3.0
2014-02-23,2294,114,0,0.62,0.0
2014-02-23,1054,223,2,1.72,2.0
2014-02-23,74,112,0,0.02,0.0
2014-02-23,797,114,2,1.6,2.0
2014-02-23,3008,222,1,0.69,0.0
2014-02-23,423,113,0,0.47,0.0
2014-02-23,2768,331,1,0.76,0.0
2014-02-23,2492,331,2,2.9,3.0
2014-02-23,423,111,0,0.58,0.0
2014-02-23,2294,222,0,1.14,0.0
2014-02-23,1542,332,0,0.09,0.0
2014-02-23,2932,221,0,1.02,2.0
2014-02-23,581,222,3,2.6,2.0
2014-02-23,973,331,1,0.83,0.0
2014-02-23,423,221,0,0.16,0.0
2014-02-23,1173,113,3,1.68,2.0
2014-02-23,423,114,0,0.32,0.0
2014-02-23,2492,114,2,0.84,0.0
2014-02-23,1753,331,0,0.83,0.0
2014-02-23,743,331,0,1.2,1.0
2014-02-23,581,114,1,0.61,0.0
2014-02-23,1424,112,1,0.74,0.0
2014-02-23,2818,331,1,0.35,0.0
2014-02-23,868,114,0,0.65,0.0
2014-02-23,1240,332,0,0.07,0.0
2014-02-23,904,332,0,1.15,0.0
2014-02-23,74,223,0,0.65,0.0
2014-02-23,581,221,6,1.44,2.0
2014-02-23,1228,112,3,0.29,0.0
2014-02-23,1548,111,0,0.55,0.0
2014-02-23,2932,333,2,1.92,2.0
2014-02-23,659,113,2,0.83,0.0
2014-02-23,743,332,3,0.63,0.0
2014-02-23,1365,113,0,0.53,0.0
2014-02-23,2935,332,38,22.7,18.0
2014-02-23,432,333,0,0.18,0.0
2014-02-23,2935,331,5,9.72,9.0
2014-02-23,2768,114,1,0.26,0.0
2014-02-23,3008,113,8,2.85,2.0
2014-02-23,1599,332,1,0.12,0.0
2014-02-23,74,113,1,0.87,0.0
2014-02-23,1548,333,0,0.16,0.0
2014-02-23,1542,111,0,0.07,0.0
2014-02-23,2794,332,0,1.21,0.0
2014-02-23,2818,332,0,0.83,0.0
2014-02-23,581,331,1,0.89,0.0
2014-02-23,1629,111,19,14.41,13.0
2014-02-23,1365,333,0,0.21,0.0
2014-02-23,2492,332,0,0.45,0.0
2014-02-23,1196,113,1,0.18,0.0
2014-02-23,659,223,0,0.62,0.0
2014-02-23,904,333,0,0.86,0.0
2014-02-23,1322,112,0,0.5,0.0
2014-02-23,1694,114,1,1.85,2.0
2014-02-23,2853,221,6,3.64,4.0
2014-02-23,1599,223,3,0.22,0.0
2014-02-23,659,333,0,0.51,0.0
2014-02-23,973,332,2,0.91,0.0
2014-02-23,1228,223,0,0.13,0.0
2014-02-23,1365,112,1,0.71,0.0
2014-02-23,1508,222,0,0.12,0.0
2014-02-23,3021,114,0,0.03,0.0
2014-02-23,581,223,1,1.32,0.0
2014-02-23,973,221,1,0.42,0.0
2014-02-23,1508,112,0,0.08,0.0
2014-02-23,1424,111,1,0.52,0.0
2014-02-23,1365,223,0,0.14,0.0
2014-02-23,2794,221,0,0.91,0.0
2014-02-23,3021,112,0,0.01,0.0
2014-02-23,743,333,0,0.65,0.0
2014-02-23,2332,113,15,17.11,15.0
2014-02-23,337,333,1,1.58,2.0
2014-02-23,1275,113,0,0.08,0.0
2014-02-23,1672,223,0,1.72,2.0
2014-02-23,743,111,0,1.25,1.0
2014-02-23,1727,114,0,0.02,0.0
2014-02-23,1508,331,0,0.08,0.0
2014-02-23,1753,332,0,0.6,0.0
2014-02-23,2935,114,12,5.99,4.0
2014-02-23,432,332,0,0.21,0.0
2014-02-23,2294,332,0,0.16,0.0
2014-02-23,2332,222,2,2.66,2.0
2014-02-23,3021,222,0,0.28,0.0
2014-02-24,1135,222,0,0.22,0.0
2014-02-24,1328,333,0,0.25,0.0
2014-02-24,1542,333,0,0.0,0.0
2014-02-24,3021,333,0,0.11,0.0
2014-02-24,2853,112,1,1.91,2.0
2014-02-24,2332,333,5,1.73,2.0
2014-02-24,1275,333,0,0.03,0.0
2014-02-24,1672,331,0,0.75,0.0
2014-02-24,1135,112,0,0.05,0.0
2014-02-24,1275,113,0,0.06,0.0
2014-02-24,1629,111,11,10.83,11.0
2014-02-24,926,114,0,0.11,0.0
2014-02-24,631,223,0,0.32,0.0
2014-02-24,2794,113,2,1.99,2.0
2014-02-24,1472,113,1,0.4,0.0
2014-02-24,2294,112,0,0.68,0.0
2014-02-24,868,223,0,0.2,0.0
2014-02-24,631,113,1,1.36,2.0
2014-02-24,972,332,0,3.9,4.0
2014-02-24,904,113,0,1.38,2.0
2014-02-24,3004,221,0,0.07,0.0
2014-02-24,74,113,0,0.66,0.0
2014-02-24,432,222,0,0.3,0.0
2014-02-24,1508,332,0,0.0,0.0
2014-02-24,2935,111,4,8.24,9.0
2014-02-24,423,223,0,0.52,0.0
2014-02-24,868,221,0,0.21,0.0
2014-02-24,1753,222,0,0.57,0.0
2014-02-24,3008,221,0,0.92,0.0
2014-02-24,1173,113,2,1.23,2.0
2014-02-24,2294,113,2,0.07,0.0
2014-02-24,1424,113,1,0.66,0.0
2014-02-24,2853,332,0,2.05,2.0
2014-02-24,2935,332,22,28.57,15.0
2014-02-24,3008,111,0,1.64,2.0
2014-02-24,581,331,0,0.65,0.0
2014-02-24,2853,221,1,2.36,3.0
2014-02-24,3008,332,2,1.32,2.0
2014-02-24,1190,113,0,0.01,0.0
2014-02-24,1599,113,0,0.01,0.0
2014-02-24,1548,332,0,0.14,0.0
2014-02-24,3021,332,0,0.03,0.0
2014-02-24,1196,113,0,0.19,0.0
2014-02-24,1135,332,0,0.0,0.0
2014-02-24,1322,223,0,0.17,0.0
2014-02-24,1054,114,5,1.14,2.0
2014-02-24,797,332,1,1.26,2.0
2014-02-24,581,114,2,0.45,0.0
2014-02-24,3008,331,1,1.31,2.0
2014-02-24,2818,331,0,0.26,0.0
2014-02-24,337,112,0,0.75,0.0
2014-02-24,1322,333,0,0.2,0.0
2014-02-24,423,222,0,0.43,0.0
2014-02-24,1753,114,1,0.98,0.0
2014-02-24,1365,112,1,0.5,0.0
2014-02-24,3004,333,0,0.45,0.0
2014-02-24,1173,222,2,0.61,0.0
2014-02-24,1472,112,0,0.04,0.0
2014-02-24,1054,333,0,1.71,2.0
2014-02-24,2794,333,1,0.82,0.0
2014-02-24,611,111,5,1.93,3.0
2014-02-24,1629,114,1,4.9,5.0
2014-02-24,74,223,0,0.43,0.0
2014-02-24,1275,331,0,0.06,0.0
2014-02-24,1190,333,0,0.0,0.0
2014-02-24,904,223,0,0.31,0.0
2014-02-24,2492,112,0,0.06,0.0
2014-02-24,2935,113,1,10.84,11.0
2014-02-24,904,114,4,1.11,2.0
2014-02-24,2294,333,0,2.6,3.0
2014-02-24,1135,331,0,0.23,0.0
2014-02-24,2794,114,5,1.06,2.0
2014-02-24,743,331,1,0.78,0.0
2014-02-24,1322,332,0,0.16,0.0
2014-02-24,1727,222,0,0.01,0.0
2014-02-24,3021,221,0,0.16,0.0
2014-02-24,743,221,2,0.52,0.0
2014-02-24,1424,223,0,0.29,0.0
2014-02-24,743,114,1,0.33,0.0
2014-02-24,1322,331,0,0.23,0.0
2014-02-24,2332,114,6,3.0,3.0
2014-02-24,2794,111,3,2.06,2.0
2014-02-24,581,221,1,1.6,2.0
2014-02-24,432,111,0,0.03,0.0
2014-02-24,3021,114,0,0.02,0.0
2014-02-24,2935,112,1,6.2,3.0
2014-02-24,659,223,1,0.44,0.0
2014-02-24,743,112,3,1.48,2.0
2014-02-24,1424,111,0,0.4,0.0
2014-02-24,3021,113,0,0.41,0.0
2014-02-24,973,331,0,0.66,0.0
2014-02-24,631,222,0,0.32,0.0
2014-02-24,1173,114,0,0.02,0.0
2014-02-24,2294,221,0,2.83,3.0
2014-02-24,659,111,1,0.72,0.0
2014-02-24,423,114,0,0.25,0.0
2014-02-24,1508,221,0,0.11,0.0
2014-02-24,1365,332,0,0.16,0.0
2014-02-24,581,111,0,1.38,2.0
2014-02-24,1629,112,6,5.54,6.0
2014-02-24,1753,112,1,2.29,3.0
2014-02-24,1727,331,0,0.01,0.0
2014-02-24,1694,223,0,0.22,0.0
2014-02-24,973,113,1,0.96,0.0
2014-02-24,1196,223,0,0.05,0.0
2014-02-24,1240,112,0,0.0,0.0
2014-02-24,926,112,0,0.0,0.0
2014-02-24,1694,112,2,3.23,4.0
2014-02-24,1054,223,3,1.29,2.0
2014-02-24,2935,222,2,7.48,9.0
2014-02-24,1599,112,0,0.0,0.0
2014-02-24,1196,114,0,0.11,0.0
2014-02-24,1365,222,1,0.09,0.0
2014-02-24,659,114,0,0.74,0.0
2014-02-24,1190,222,0,0.01,0.0
2014-02-24,1173,223,0,0.03,0.0
2014-02-24,797,114,1,1.26,2.0
2014-02-24,1328,222,0,0.38,0.0
2014-02-24,1727,333,0,0.06,0.0
2014-02-24,337,111,0,0.97,0.0
2014-02-24,3008,222,2,0.62,0.0
2014-02-24,337,113,0,0.96,0.0
2014-02-24,2332,332,2,2.57,3.0
2014-02-24,74,222,0,0.32,0.0
2014-02-24,1508,222,1,0.1,0.0
2014-02-24,1196,222,0,0.16,0.0
2014-02-24,797,113,1,4.46,5.0
2014-02-24,2492,331,2,2.19,2.0
2014-02-24,1054,112,3,2.48,3.0
2014-02-24,1228,221,0,0.0,0.0
2014-02-24,2294,331,0,1.03,0.0
2014-02-24,1240,333,0,0.03,0.0
2014-02-24,2935,333,14,12.17,12.0
2014-02-24,868,333,0,0.23,0.0
2014-02-24,1242,222,6,0.91,0.0
2014-02-24,659,222,0,0.51,0.0
2014-02-24,2768,222,0,0.23,0.0
2014-02-24,1424,333,0,0.35,0.0
2014-02-24,1542,222,0,0.08,0.0
2014-02-24,2818,333,0,0.21,0.0
2014-02-24,1753,332,0,0.44,0.0
2014-02-24,1753,221,0,0.31,0.0
2014-02-24,868,111,5,0.58,0.0
2014-02-24,1228,333,0,0.18,0.0
2014-02-24,1228,332,0,0.0,0.0
2014-02-24,1727,112,0,0.04,0.0
2014-02-24,611,332,1,1.66,2.0
2014-02-24,1629,223,0,1.13,0.0
2014-02-24,659,112,1,1.08,2.0
2014-02-24,797,331,3,1.46,2.0
2014-02-24,1328,331,0,0.71,0.0
2014-02-24,1054,332,1,1.97,2.0
2014-02-24,1365,331,0,0.23,0.0
2014-02-24,432,112,0,0.01,0.0
2014-02-24,1629,332,10,7.91,9.0
2014-02-24,1508,112,0,0.06,0.0
2014-02-24,1242,112,0,0.74,0.0
2014-02-24,423,111,0,0.37,0.0
2014-02-24,1629,222,8,10.04,10.0
2014-02-24,432,332,0,0.15,0.0
2014-02-24,1472,332,1,0.29,0.0
2014-02-24,611,114,5,1.49,2.0
2014-02-24,337,222,0,0.77,0.0
2014-02-24,1694,332,7,2.56,3.0
2014-02-24,2932,111,3,1.54,2.0
2014-02-24,926,331,1,0.23,0.0
2014-02-24,904,221,0,0.39,0.0
2014-02-24,1727,114,0,0.01,0.0
2014-02-24,337,221,0,0.6,0.0
2014-02-24,972,114,0,0.19,0.0
2014-02-24,1508,223,1,0.1,0.0
2014-02-24,1328,221,0,0.4,0.0
2014-02-24,1322,111,1,0.45,0.0
2014-02-24,1599,331,0,0.14,0.0
2014-02-24,1542,221,0,0.18,0.0
2014-02-24,337,333,4,1.17,2.0
2014-02-24,743,111,1,0.84,0.0
2014-02-24,2768,113,3,0.66,0.0
2014-02-24,423,112,0,0.29,0.0
2014-02-24,659,332,1,0.46,0.0
2014-02-24,1328,111,0,0.52,0.0
2014-02-24,1054,111,0,1.55,2.0
2014-02-24,631,332,1,0.52,0.0
2014-02-24,3004,114,0,0.29,0.0
2014-02-24,1542,332,0,0.07,0.0
2014-02-24,1365,113,0,0.36,0.0
2014-02-24,2818,223,0,0.52,0.0
2014-02-24,1672,112,0,2.66,2.0
2014-02-24,3004,112,0,0.15,0.0
2014-02-24,3004,331,0,0.25,0.0
2014-02-24,2768,333,1,0.71,0.0
2014-02-24,1727,221,0,0.06,0.0
2014-02-24,1275,111,0,0.03,0.0
2014-02-24,926,333,0,0.04,0.0
2014-02-24,2768,111,0,0.39,0.0
2014-02-24,1275,114,0,0.03,0.0
2014-02-24,2332,331,3,2.29,2.0
2014-02-24,1135,221,1,0.11,0.0
2014-02-24,1548,112,0,0.88,0.0
2014-02-24,2332,221,0,2.03,2.0
2014-02-24,926,111,0,0.02,0.0
2014-02-24,423,333,0,0.14,0.0
2014-02-24,1242,332,1,0.89,0.0
2014-02-24,1599,222,0,0.11,0.0
2014-02-24,2932,114,1,0.83,0.0
2014-02-24,2768,221,1,0.22,0.0
2014-02-24,1672,221,0,0.56,0.0
2014-02-24,1135,223,0,0.02,0.0
2014-02-24,611,221,0,1.73,2.0
2014-02-24,1694,221,0,1.45,0.0
2014-02-24,611,113,9,3.17,3.0
2014-02-24,868,222,1,0.3,0.0
2014-02-24,2932,332,0,0.54,0.0
2014-02-24,1190,221,0,0.27,0.0
2014-02-24,926,221,0,0.06,0.0
2014-02-24,611,112,0,1.93,3.0
2014-02-24,659,331,0,1.16,2.0
2014-02-24,1472,331,0,0.13,0.0
2014-02-24,2818,221,1,0.21,0.0
2014-02-24,2492,221,1,2.78,3.0
2014-02-24,2794,223,0,0.53,0.0
2014-02-24,1275,221,0,0.04,0.0
2014-02-24,1135,333,0,0.21,0.0
2014-02-24,1753,113,0,1.36,0.0
2014-02-24,1672,332,0,0.39,0.0
2014-02-24,2853,111,1,2.22,2.0
2014-02-24,611,331,3,1.31,0.0
2014-02-24,1472,221,0,0.18,0.0
2014-02-24,1054,113,1,3.6,5.0
2014-02-24,74,114,0,0.29,0.0
2014-02-24,2932,331,1,1.56,2.0
2014-02-24,1242,221,0,0.47,0.0
2014-02-24,1727,332,0,0.01,0.0
2014-02-24,1542,331,0,0.04,0.0
2014-02-24,2853,331,1,1.74,2.0
2014-02-24,1424,331,0,0.06,0.0
2014-02-24,1365,111,1,0.2,0.0
2014-02-24,1694,114,0,1.48,2.0
2014-02-24,1240,221,0,0.03,0.0
2014-02-24,1508,111,0,0.19,0.0
2014-02-24,868,112,2,0.33,0.0
2014-02-24,1629,331,7,5.65,5.0
2014-02-24,74,332,0,0.03,0.0
2014-02-24,926,223,0,0.21,0.0
2014-02-24,868,332,1,0.15,0.0
2014-02-24,2332,223,0,1.35,2.0
2014-02-24,904,112,1,1.84,2.0
2014-02-24,2818,112,1,0.65,0.0
2014-02-24,423,331,0,0.46,0.0
2014-02-24,2294,223,2,1.66,0.0
2014-02-24,904,222,0,0.47,0.0
2014-02-24,1328,223,1,0.47,0.0
2014-02-24,1242,113,0,0.62,0.0
2014-02-24,2294,111,2,1.3,0.0
2014-02-24,337,114,1,1.44,2.0
2014-02-24,1542,114,1,0.12,0.0
2014-02-24,904,332,2,0.83,0.0
2014-02-24,1190,223,3,0.36,0.0
2014-02-24,2935,331,0,6.79,5.0
2014-02-24,74,221,0,0.56,0.0
2014-02-24,926,222,0,0.13,0.0
2014-02-24,432,333,0,0.15,0.0
2014-02-24,1135,113,1,0.18,0.0
2014-02-24,1328,112,0,0.68,0.0
2014-02-24,631,333,0,0.46,0.0
2014-02-24,797,333,1,1.52,2.0
2014-02-24,1328,332,1,0.54,0.0
2014-02-24,1196,333,0,0.11,0.0
2014-02-24,1672,333,0,1.59,2.0
2014-02-24,1629,333,1,5.15,4.0
2014-02-24,1599,111,0,0.13,0.0
2014-02-24,74,111,0,0.32,0.0
2014-02-24,868,331,1,0.15,0.0
2014-02-24,1196,111,0,0.07,0.0
2014-02-24,1173,333,0,0.2,0.0
2014-02-24,2932,221,0,0.81,0.0
2014-02-24,1542,112,0,0.08,0.0
2014-02-24,2853,222,1,1.91,2.0
2014-02-24,1173,331,1,0.31,0.0
2014-02-24,926,332,0,0.21,0.0
2014-02-24,1240,113,0,0.07,0.0
2014-02-24,1322,221,2,0.21,0.0
2014-02-24,1322,113,1,0.51,0.0
2014-02-24,3008,114,3,0.69,0.0
2014-02-24,1173,111,0,0.52,0.0
2014-02-24,2768,332,0,0.94,0.0
2014-02-24,904,111,7,1.73,2.0
2014-02-24,1328,113,1,0.68,0.0
2014-02-24,972,331,1,0.14,0.0
2014-02-24,581,113,5,2.24,3.0
2014-02-24,973,223,0,0.06,0.0
2014-02-24,1548,333,0,0.11,0.0
2014-02-24,797,112,4,2.6,3.0
2014-02-24,2818,222,0,0.4,0.0
2014-02-24,1275,332,0,0.05,0.0
2014-02-24,581,223,5,1.2,2.0
2014-02-24,1365,223,0,0.11,0.0
2014-02-24,2935,221,21,7.41,7.0
2014-02-24,1240,114,0,0.0,0.0
2014-02-24,743,333,0,0.36,0.0
2014-02-24,1599,114,0,0.13,0.0
2014-02-24,1228,113,0,0.0,0.0
2014-02-24,1242,111,0,0.41,0.0
2014-02-24,1242,333,0,0.19,0.0
2014-02-24,2294,332,0,0.12,0.0
2014-02-24,973,221,2,0.33,0.0
2014-02-24,2492,222,3,1.86,0.0
2014-02-24,659,333,0,0.36,0.0
2014-02-24,2935,223,2,5.75,8.0
2014-02-24,2935,114,5,3.16,4.0
2014-02-24,1629,221,3,2.16,2.0
2014-02-24,3004,111,0,0.19,0.0
2014-02-24,2794,221,0,0.46,0.0
2014-02-24,1672,114,0,0.74,0.0
2014-02-24,1190,331,0,0.08,0.0
2014-02-24,1173,221,0,0.16,0.0
2014-02-24,2294,222,1,0.64,0.0
2014-02-24,3004,222,0,0.35,0.0
2014-02-24,611,222,11,1.94,2.0
2014-02-24,1322,112,1,0.31,0.0
2014-02-24,1508,331,0,0.06,0.0
2014-02-24,3021,222,0,0.2,0.0
2014-02-24,2332,222,0,2.11,2.0
2014-02-24,1365,221,0,0.25,0.0
2014-02-24,1228,223,0,0.1,0.0
2014-02-24,1196,112,0,0.26,0.0
2014-02-24,3008,333,1,1.49,2.0
2014-02-24,3021,112,0,0.01,0.0
2014-02-24,2294,114,1,0.39,0.0
2014-02-24,2332,113,11,13.59,12.0
2014-02-24,74,112,0,0.01,0.0
2014-02-24,1672,223,2,1.15,0.0
2014-02-24,2794,331,3,0.95,0.0
2014-02-24,1599,333,0,0.1,0.0
2014-02-24,1694,113,5,2.69,3.0
2014-02-24,1472,333,0,0.4,0.0
2014-02-24,973,114,1,0.47,0.0
2014-02-24,1322,114,0,0.23,0.0
2014-02-24,2794,112,2,2.32,2.0
2014-02-24,631,111,4,1.57,2.0
2014-02-24,1322,222,2,0.3,0.0
2014-02-24,1672,111,0,1.46,2.0
2014-02-24,1753,223,0,0.87,0.0
2014-02-24,1727,223,0,0.01,0.0
2014-02-24,1228,114,0,0.13,0.0
2014-02-24,1508,114,0,0.07,0.0
2014-02-24,1240,111,0,0.02,0.0
2014-02-24,972,221,1,2.53,2.0
2014-02-24,1054,331,0,1.24,2.0
2014-02-24,972,222,1,1.83,2.0
2014-02-24,2492,111,2,2.79,3.0
2014-02-24,74,333,0,0.37,0.0
2014-02-24,973,332,1,0.67,0.0
2014-02-24,1599,223,0,0.31,0.0
2014-02-24,1190,111,0,0.01,0.0
2014-02-24,631,112,4,1.18,2.0
2014-02-24,581,332,0,0.77,0.0
2014-02-24,2932,222,0,1.34,2.0
2014-02-24,1424,221,0,0.48,0.0
2014-02-24,3004,332,0,0.21,0.0
2014-02-24,423,113,0,0.32,0.0
2014-02-24,1173,332,2,0.22,0.0
2014-02-24,1054,222,3,2.27,2.0
2014-02-24,2768,331,0,0.54,0.0
2014-02-24,1753,111,0,0.64,0.0
2014-02-24,1228,222,0,0.14,0.0
2014-02-24,1275,222,0,0.04,0.0
2014-02-24,337,331,3,2.89,3.0
2014-02-24,3021,331,0,0.22,0.0
2014-02-24,1753,333,0,0.34,0.0
2014-02-24,1548,223,0,0.21,0.0
2014-02-24,2818,113,2,0.93,0.0
2014-02-24,1548,111,0,0.4,0.0
2014-02-24,2768,223,0,0.23,0.0
2014-02-24,743,222,0,0.69,0.0
2014-02-24,1275,223,0,0.02,0.0
2014-02-24,1328,114,0,0.15,0.0
2014-02-24,1753,331,5,0.59,0.0
2014-02-24,581,112,0,1.05,0.0
2014-02-24,926,113,0,0.19,0.0
2014-02-24,1196,221,0,0.18,0.0
2014-02-24,631,221,0,0.24,0.0
2014-02-24,1240,222,0,0.03,0.0
2014-02-24,1228,112,1,0.29,0.0
2014-02-24,3008,223,0,0.48,0.0
2014-02-24,1365,114,0,0.15,0.0
2014-02-24,423,221,0,0.11,0.0
2014-02-24,972,113,4,3.06,4.0
2014-02-24,904,331,0,0.95,0.0
2014-02-24,2768,112,0,0.4,0.0
2014-02-24,972,333,1,1.16,0.0
2014-02-24,1672,222,2,1.98,2.0
2014-02-24,1542,223,0,0.11,0.0
2014-02-24,1424,114,0,0.17,0.0
2014-02-24,1190,112,0,0.01,0.0
2014-02-24,2492,223,2,1.46,2.0
2014-02-24,1054,221,1,2.05,2.0
2014-02-24,581,222,3,2.09,2.0
2014-02-24,3004,223,0,0.39,0.0
2014-02-24,2818,111,0,0.49,0.0
2014-02-24,1242,114,1,0.32,0.0
2014-02-24,2492,114,4,0.94,0.0
2014-02-24,611,333,1,1.42,2.0
2014-02-24,797,111,1,1.81,2.0
2014-02-24,1548,221,1,0.31,0.0
2014-02-24,2818,114,0,0.26,0.0
2014-02-24,1228,331,0,0.16,0.0
2014-02-24,1424,332,0,0.15,0.0
2014-02-24,972,111,0,0.81,0.0
2014-02-24,743,113,0,1.06,0.0
2014-02-24,337,223,0,0.43,0.0
2014-02-24,631,114,0,0.73,0.0
2014-02-24,1548,222,0,0.48,0.0
2014-02-24,797,222,5,1.58,2.0
2014-02-24,1240,331,0,0.03,0.0
2014-02-24,1196,332,0,0.08,0.0
2014-02-24,3021,223,0,0.0,0.0
2014-02-24,973,222,0,0.41,0.0
2014-02-24,2332,112,1,2.56,3.0
2014-02-24,1424,222,1,0.41,0.0
2014-02-24,2794,222,1,0.79,0.0
2014-02-24,1472,223,1,0.38,0.0
2014-02-24,1240,332,0,0.05,0.0
2014-02-24,2932,113,2,2.35,2.0
2014-02-24,1242,331,0,0.02,0.0
2014-02-24,1672,113,0,3.42,3.0
2014-02-24,972,223,1,1.71,2.0
2014-02-24,2932,333,0,1.55,2.0
2014-02-24,2932,112,1,1.32,0.0
2014-02-24,1424,112,0,0.5,0.0
2014-02-24,1472,222,0,0.25,0.0
2014-02-24,432,223,2,0.23,0.0
2014-02-24,868,114,0,0.44,0.0
2014-02-24,432,221,0,0.23,0.0
2014-02-24,1135,114,0,0.14,0.0
2014-02-24,1240,223,0,0.0,0.0
2014-02-24,1472,111,0,0.28,0.0
2014-02-24,1694,222,1,1.59,2.0
2014-02-24,432,331,0,0.08,0.0
2014-02-24,659,113,1,0.65,0.0
2014-02-24,432,114,0,0.02,0.0
2014-02-24,1275,112,0,0.04,0.0
2014-02-24,972,112,1,0.85,0.0
2014-02-24,797,221,1,1.97,2.0
2014-02-24,74,331,0,0.15,0.0
2014-02-24,973,111,0,0.0,0.0
2014-02-24,1548,114,1,0.28,0.0
2014-02-24,1542,113,0,0.17,0.0
2014-02-24,1694,331,2,1.5,2.0
2014-02-24,1242,223,1,0.36,0.0
2014-02-24,1196,331,0,0.28,0.0
2014-02-24,797,223,5,1.43,2.0
2014-02-24,973,112,0,0.42,0.0
2014-02-24,868,113,0,0.27,0.0
2014-02-24,1228,111,0,0.12,0.0
2014-02-24,2932,223,0,0.01,0.0
2014-02-24,2818,332,1,0.56,0.0
2014-02-24,423,332,0,0.42,0.0
2014-02-24,1190,114,0,0.01,0.0
2014-02-24,904,333,1,0.64,0.0
2014-02-24,432,113,0,0.26,0.0
2014-02-24,743,223,1,0.34,0.0
2014-02-24,1694,111,0,1.49,2.0
2014-02-24,581,333,0,0.71,0.0
2014-02-24,1629,113,6,7.29,7.0
2014-02-24,659,221,0,0.52,0.0
2014-02-24,2853,113,2,2.0,2.0
2014-02-24,1727,111,0,0.02,0.0
2014-02-24,2768,114,0,0.24,0.0
2014-02-24,2853,333,1,1.72,2.0
2014-02-24,2332,111,7,3.64,3.0
2014-02-24,1190,332,0,0.01,0.0
2014-02-24,3008,113,0,2.46,2.0
2014-02-24,1599,332,0,0.13,0.0
2014-02-24,611,223,0,1.18,0.0
2014-02-24,973,333,0,0.31,0.0
2014-02-24,2794,332,0,0.63,0.0
2014-02-24,2853,223,2,2.84,3.0
2014-02-24,1542,111,0,0.05,0.0
2014-02-24,3021,111,0,0.18,0.0
2014-02-24,1727,113,0,0.17,0.0
2014-02-24,1472,114,0,0.15,0.0
2014-02-24,337,332,1,1.94,2.0
2014-02-24,2492,333,0,0.76,0.0
2014-02-24,743,332,0,0.61,0.0
2014-02-24,1135,111,0,0.12,0.0
2014-02-24,1694,333,0,1.54,2.0
2014-02-24,1548,331,0,0.15,0.0
2014-02-24,631,331,1,1.17,2.0
2014-02-24,1365,333,0,0.16,0.0
2014-02-24,3008,112,0,0.98,0.0
2014-02-24,1599,221,0,0.12,0.0
2014-02-24,2853,114,2,1.86,2.0
2014-02-24,1173,112,0,0.62,0.0
2014-02-24,2492,332,0,0.33,0.0
2014-02-24,1508,333,0,0.01,0.0
2014-02-24,3004,113,0,0.16,0.0
2014-02-24,1548,113,1,0.89,0.0
2014-02-24,2492,113,3,3.73,3.0
2014-02-24,1508,113,0,0.21,0.0
2014-02-25,2794,332,3,0.57,0.0
2014-02-25,1322,112,0,0.34,0.0
2014-02-25,2794,111,2,2.1,2.0
2014-02-25,611,332,4,1.5,2.0
2014-02-25,1275,113,0,0.05,0.0
2014-02-25,1240,111,0,0.01,0.0
2014-02-25,2768,114,0,0.2,0.0
2014-02-25,2332,331,0,2.22,2.0
2014-02-25,1196,223,0,0.04,0.0
2014-02-25,337,223,0,0.44,0.0
2014-02-25,3021,331,0,0.21,0.0
2014-02-25,74,113,0,0.62,0.0
2014-02-25,1322,114,0,0.23,0.0
2014-02-25,1242,111,0,0.39,0.0
2014-02-25,1542,331,0,0.03,0.0
2014-02-25,2818,331,0,0.22,0.0
2014-02-25,1542,332,0,0.05,0.0
2014-02-25,3004,331,0,0.2,0.0
2014-02-25,2818,332,0,0.58,0.0
2014-02-25,1753,331,2,0.79,0.0
2014-02-25,432,333,1,0.13,0.0
2014-02-25,1275,111,0,0.03,0.0
2014-02-25,1424,113,0,0.63,0.0
2014-02-25,2294,114,0,0.43,0.0
2014-02-25,2492,332,0,0.26,0.0
2014-02-25,659,223,0,0.43,0.0
2014-02-25,2932,333,3,1.32,2.0
2014-02-25,1173,111,0,0.5,0.0
2014-02-25,2932,221,0,0.68,0.0
2014-02-25,2932,223,0,0.01,0.0
2014-02-25,1173,223,0,0.03,0.0
2014-02-25,1228,114,0,0.12,0.0
2014-02-25,1322,111,1,0.46,0.0
2014-02-25,1424,112,1,0.47,0.0
2014-02-25,2794,333,4,1.0,0.0
2014-02-25,2935,223,2,6.17,6.0
2014-02-25,74,111,0,0.29,0.0
2014-02-25,1424,222,0,0.42,0.0
2014-02-25,1672,114,0,0.63,0.0
2014-02-25,1275,112,0,0.03,0.0
2014-02-25,1508,113,0,0.2,0.0
2014-02-25,1242,332,1,0.87,0.0
2014-02-25,1054,111,0,1.31,0.0
2014-02-25,1727,113,0,0.14,0.0
2014-02-25,3004,113,0,0.15,0.0
2014-02-25,2853,114,0,1.66,2.0
2014-02-25,1190,114,0,0.0,0.0
2014-02-25,1508,223,0,0.17,0.0
2014-02-25,868,222,0,0.3,0.0
2014-02-25,631,223,1,0.3,0.0
2014-02-25,1196,331,0,0.26,0.0
2014-02-25,904,221,1,0.35,0.0
2014-02-25,3021,111,0,0.17,0.0
2014-02-25,423,332,0,0.35,0.0
2014-02-25,2768,221,0,0.29,0.0
2014-02-25,2332,221,1,1.57,2.0
2014-02-25,611,223,1,0.87,0.0
2014-02-25,2332,111,3,3.78,4.0
2014-02-25,1135,221,1,0.14,0.0
2014-02-25,1694,111,3,1.15,0.0
2014-02-25,1727,333,0,0.05,0.0
2014-02-25,1242,223,0,0.37,0.0
2014-02-25,2935,111,7,4.16,7.0
2014-02-25,972,333,0,1.07,0.0
2014-02-25,611,333,0,1.29,2.0
2014-02-25,904,223,0,0.29,0.0
2014-02-25,973,222,1,0.4,0.0
2014-02-25,2294,221,2,1.69,0.0
2014-02-25,797,222,2,1.4,2.0
2014-02-25,1548,222,0,0.45,0.0
2014-02-25,1472,222,0,0.25,0.0
2014-02-25,1240,223,0,0.0,0.0
2014-02-25,1629,112,4,5.54,6.0
2014-02-25,432,221,0,0.18,0.0
2014-02-25,3004,333,0,0.19,0.0
2014-02-25,3008,331,0,1.25,2.0
2014-02-25,972,223,0,2.15,2.0
2014-02-25,3021,113,0,0.38,0.0
2014-02-25,1322,331,1,0.18,0.0
2014-02-25,3008,223,1,0.38,0.0
2014-02-25,2818,113,1,0.99,0.0
2014-02-25,2794,113,0,1.79,2.0
2014-02-25,1240,222,0,0.02,0.0
2014-02-25,1135,112,0,0.04,0.0
2014-02-25,1190,113,1,0.0,0.0
2014-02-25,2818,111,1,0.4,0.0
2014-02-25,2853,112,3,1.67,2.0
2014-02-25,743,222,1,0.59,0.0
2014-02-25,1629,333,3,3.91,4.0
2014-02-25,2818,333,0,0.2,0.0
2014-02-25,797,333,2,1.41,2.0
2014-02-25,868,331,0,0.19,0.0
2014-02-25,926,114,0,0.11,0.0
2014-02-25,1365,112,1,0.53,0.0
2014-02-25,2794,221,0,0.43,0.0
2014-02-25,1054,222,1,2.07,2.0
2014-02-25,1275,331,0,0.05,0.0
2014-02-25,1328,333,0,0.25,0.0
2014-02-25,1424,221,1,0.45,0.0
2014-02-25,74,333,0,0.28,0.0
2014-02-25,2794,223,0,0.48,0.0
2014-02-25,1599,223,1,0.3,0.0
2014-02-25,1599,333,0,0.09,0.0
2014-02-25,3021,114,0,0.02,0.0
2014-02-25,337,333,0,1.12,0.0
2014-02-25,743,333,0,0.35,0.0
2014-02-25,1328,111,2,0.48,0.0
2014-02-25,1240,114,0,0.0,0.0
2014-02-25,1629,221,2,2.19,2.0
2014-02-25,432,332,0,0.15,0.0
2014-02-25,926,333,0,0.03,0.0
2014-02-25,2332,222,0,1.5,2.0
2014-02-25,1242,112,0,0.69,0.0
2014-02-25,1424,333,0,0.29,0.0
2014-02-25,973,113,0,0.96,0.0
2014-02-25,1322,222,0,0.33,0.0
2014-02-25,337,222,0,0.74,0.0
2014-02-25,3004,114,0,0.27,0.0
2014-02-25,2768,111,0,0.36,0.0
2014-02-25,2853,333,2,1.52,2.0
2014-02-25,1472,223,0,0.39,0.0
2014-02-25,904,111,4,1.47,2.0
2014-02-25,1472,332,0,0.31,0.0
2014-02-25,432,112,0,0.0,0.0
2014-02-25,1173,333,0,0.18,0.0
2014-02-25,868,333,0,0.17,0.0
2014-02-25,1173,331,0,0.32,0.0
2014-02-25,1228,333,0,0.17,0.0
2014-02-25,1054,332,1,1.78,2.0
2014-02-25,1328,222,0,0.37,0.0
2014-02-25,1542,114,0,0.17,0.0
2014-02-25,74,222,0,0.26,0.0
2014-02-25,2853,331,0,1.67,2.0
2014-02-25,1672,332,0,0.34,0.0
2014-02-25,1196,111,0,0.06,0.0
2014-02-25,1328,223,1,0.46,0.0
2014-02-25,973,221,0,0.33,0.0
2014-02-25,926,223,0,0.19,0.0
2014-02-25,868,112,0,0.32,0.0
2014-02-25,926,221,0,0.05,0.0
2014-02-25,1727,223,0,0.01,0.0
2014-02-25,1196,114,0,0.1,0.0
2014-02-25,1242,113,1,0.51,0.0
2014-02-25,904,332,0,0.91,0.0
2014-02-25,1228,112,0,0.29,0.0
2014-02-25,3008,114,1,0.94,0.0
2014-02-25,973,223,0,0.05,0.0
2014-02-25,1054,331,1,1.05,0.0
2014-02-25,74,221,0,0.51,0.0
2014-02-25,581,113,0,1.99,3.0
2014-02-25,1190,223,2,0.66,0.0
2014-02-25,1328,112,0,0.65,0.0
2014-02-25,926,222,0,0.11,0.0
2014-02-25,1328,332,0,0.58,0.0
2014-02-25,1196,333,0,0.1,0.0
2014-02-25,1672,333,1,1.26,0.0
2014-02-25,1599,111,0,0.11,0.0
2014-02-25,337,331,3,2.75,3.0
2014-02-25,1753,333,0,0.34,0.0
2014-02-25,743,223,1,0.34,0.0
2014-02-25,1629,113,8,6.35,6.0
2014-02-25,1727,111,0,0.02,0.0
2014-02-25,432,113,0,0.23,0.0
2014-02-25,1190,332,1,0.0,0.0
2014-02-25,972,331,0,0.28,0.0
2014-02-25,659,221,0,0.5,0.0
2014-02-25,2768,332,0,0.76,0.0
2014-02-25,1240,113,0,0.05,0.0
2014-02-25,1629,331,2,6.88,5.0
2014-02-25,868,332,0,0.21,0.0
2014-02-25,74,332,0,0.01,0.0
2014-02-25,904,112,3,1.81,2.0
2014-02-25,423,331,0,0.43,0.0
2014-02-25,904,222,0,0.43,0.0
2014-02-25,1424,331,0,0.05,0.0
2014-02-25,1365,111,1,0.2,0.0
2014-02-25,611,331,3,1.39,2.0
2014-02-25,1275,221,0,0.03,0.0
2014-02-25,1135,333,0,0.18,0.0
2014-02-25,74,114,0,0.26,0.0
2014-02-25,1472,221,0,0.17,0.0
2014-02-25,1054,113,7,3.24,4.0
2014-02-25,1727,332,0,0.01,0.0
2014-02-25,337,114,0,1.28,2.0
2014-02-25,1242,221,0,0.41,0.0
2014-02-25,1542,112,0,0.07,0.0
2014-02-25,2853,222,3,1.83,2.0
2014-02-25,1322,113,1,0.53,0.0
2014-02-25,1508,111,0,0.16,0.0
2014-02-25,973,333,0,0.3,0.0
2014-02-25,972,112,0,0.83,0.0
2014-02-25,904,331,1,0.89,0.0
2014-02-25,1424,114,0,0.15,0.0
2014-02-25,1672,222,3,1.79,2.0
2014-02-25,1542,223,0,0.1,0.0
2014-02-25,2492,223,2,1.41,2.0
2014-02-25,432,114,0,0.01,0.0
2014-02-25,1054,221,0,1.94,2.0
2014-02-25,3004,223,0,0.37,0.0
2014-02-25,972,113,7,3.21,4.0
2014-02-25,1328,114,0,0.13,0.0
2014-02-25,1548,223,0,0.19,0.0
2014-02-25,2768,223,0,0.2,0.0
2014-02-25,1190,112,0,0.0,0.0
2014-02-25,2492,221,1,2.24,2.0
2014-02-25,581,112,0,0.9,0.0
2014-02-25,926,113,0,0.18,0.0
2014-02-25,631,221,0,0.22,0.0
2014-02-25,1365,114,1,0.15,0.0
2014-02-25,1548,221,0,0.34,0.0
2014-02-25,797,111,3,1.58,2.0
2014-02-25,2853,113,2,1.97,2.0
2014-02-25,1173,112,0,0.52,0.0
2014-02-25,1599,221,0,0.11,0.0
2014-02-25,74,331,0,0.14,0.0
2014-02-25,973,111,0,0.0,0.0
2014-02-25,1548,114,0,0.31,0.0
2014-02-25,1694,331,2,1.42,2.0
2014-02-25,1542,113,0,0.15,0.0
2014-02-25,581,333,1,0.65,0.0
2014-02-25,797,223,1,1.29,2.0
2014-02-25,868,113,0,0.26,0.0
2014-02-25,1228,111,0,0.11,0.0
2014-02-25,2853,223,2,2.28,3.0
2014-02-25,1548,113,1,0.84,0.0
2014-02-25,797,221,2,1.76,2.0
2014-02-25,2492,113,10,3.28,3.0
2014-02-25,3008,112,1,0.73,0.0
2014-02-25,1548,331,0,0.14,0.0
2014-02-25,337,332,1,1.74,2.0
2014-02-25,631,331,0,1.1,0.0
2014-02-25,2492,333,0,0.55,0.0
2014-02-25,1135,111,0,0.11,0.0
2014-02-25,1242,114,0,0.34,0.0
2014-02-25,1240,221,0,0.03,0.0
2014-02-25,2332,223,1,0.96,0.0
2014-02-25,2818,222,0,0.35,0.0
2014-02-25,797,112,2,2.53,3.0
2014-02-25,1508,333,0,0.01,0.0
2014-02-25,1135,113,1,0.2,0.0
2014-02-25,1694,113,3,3.0,3.0
2014-02-25,2935,331,6,3.82,5.0
2014-02-25,2853,111,2,1.86,2.0
2014-02-25,1328,113,1,0.69,0.0
2014-02-25,926,332,0,0.21,0.0
2014-02-25,1322,221,0,0.23,0.0
2014-02-25,2294,111,0,1.21,0.0
2014-02-25,2932,331,2,1.43,2.0
2014-02-25,1753,113,0,1.04,0.0
2014-02-25,2818,112,0,0.66,0.0
2014-02-25,1228,113,0,0.0,0.0
2014-02-25,1753,111,0,0.57,0.0
2014-02-25,1275,222,0,0.03,0.0
2014-02-25,1472,333,2,0.38,0.0
2014-02-25,2768,331,0,0.46,0.0
2014-02-25,581,332,0,0.6,0.0
2014-02-25,2294,223,0,1.62,2.0
2014-02-25,74,112,0,0.0,0.0
2014-02-25,3008,113,0,1.49,0.0
2014-02-25,904,333,0,0.61,0.0
2014-02-25,2818,221,0,0.22,0.0
2014-02-25,1240,332,0,0.04,0.0
2014-02-25,2794,222,4,0.79,0.0
2014-02-25,972,111,2,0.67,0.0
2014-02-25,2768,112,0,0.37,0.0
2014-02-25,868,114,0,0.43,0.0
2014-02-25,2932,112,0,1.25,0.0
2014-02-25,581,222,4,2.09,2.0
2014-02-25,1196,221,0,0.15,0.0
2014-02-25,1548,111,0,0.36,0.0
2014-02-25,423,221,0,0.09,0.0
2014-02-25,2492,114,1,1.24,0.0
2014-02-25,659,113,0,0.63,0.0
2014-02-25,1694,333,0,1.34,0.0
2014-02-25,743,332,1,0.56,0.0
2014-02-25,1365,333,0,0.14,0.0
2014-02-25,1472,114,0,0.13,0.0
2014-02-25,1542,111,0,0.04,0.0
2014-02-25,973,112,0,0.38,0.0
2014-02-25,1599,332,0,0.13,0.0
2014-02-25,3021,333,0,0.1,0.0
2014-02-25,423,113,0,0.27,0.0
2014-02-25,1365,223,0,0.11,0.0
2014-02-25,1672,223,3,1.38,2.0
2014-02-25,973,332,0,0.66,0.0
2014-02-25,1190,111,0,0.0,0.0
2014-02-25,631,112,0,1.04,0.0
2014-02-25,2932,222,0,1.17,2.0
2014-02-25,1173,332,0,0.26,0.0
2014-02-25,3004,332,0,0.16,0.0
2014-02-25,2492,111,4,2.35,3.0
2014-02-25,1228,222,1,0.13,0.0
2014-02-25,972,222,0,1.67,2.0
2014-02-25,972,221,1,2.16,2.0
2014-02-25,2794,331,0,1.09,1.0
2014-02-25,973,114,0,0.48,0.0
2014-02-25,2794,112,2,2.14,2.0
2014-02-25,631,111,3,1.53,2.0
2014-02-25,1672,111,0,1.18,0.0
2014-02-25,1753,223,0,0.7,0.0
2014-02-25,1508,114,0,0.06,0.0
2014-02-25,1275,332,0,0.04,0.0
2014-02-25,2332,113,20,13.72,11.0
2014-02-25,659,333,0,0.35,0.0
2014-02-25,2492,222,2,1.93,0.0
2014-02-25,2294,332,0,0.14,0.0
2014-02-25,1196,112,0,0.25,0.0
2014-02-25,3004,222,0,0.22,0.0
2014-02-25,1173,221,0,0.14,0.0
2014-02-25,631,333,0,0.44,0.0
2014-02-25,1190,331,0,0.08,0.0
2014-02-25,2294,222,0,1.16,0.0
2014-02-25,611,222,1,1.53,3.0
2014-02-25,1508,331,0,0.05,0.0
2014-02-25,3021,222,1,0.17,0.0
2014-02-25,2818,114,0,0.24,0.0
2014-02-25,1548,333,0,0.11,0.0
2014-02-25,1228,223,1,0.08,0.0
2014-02-25,3004,111,0,0.15,0.0
2014-02-25,3008,333,0,1.4,2.0
2014-02-25,1242,333,0,0.18,0.0
2014-02-25,3021,112,0,0.0,0.0
2014-02-25,581,223,4,1.15,0.0
2014-02-25,2935,221,0,9.59,8.0
2014-02-25,1599,114,0,0.12,0.0
2014-02-25,2935,114,0,2.95,4.0
2014-02-25,1365,221,0,0.22,0.0
2014-02-25,1242,331,0,0.02,0.0
2014-02-25,1275,223,0,0.01,0.0
2014-02-25,868,111,2,0.76,0.0
2014-02-25,337,221,0,0.6,0.0
2014-02-25,1599,222,0,0.09,0.0
2014-02-25,611,113,4,3.32,4.0
2014-02-25,3004,112,0,0.11,0.0
2014-02-25,1694,332,2,2.3,3.0
2014-02-25,743,114,0,0.32,0.0
2014-02-25,432,222,0,0.3,0.0
2014-02-25,1135,222,0,0.21,0.0
2014-02-25,631,113,3,1.2,2.0
2014-02-25,2935,112,0,3.8,3.0
2014-02-25,581,331,1,0.63,0.0
2014-02-25,743,221,1,0.59,0.0
2014-02-25,1472,112,0,0.04,0.0
2014-02-25,1629,114,3,4.5,4.0
2014-02-25,904,114,1,1.15,2.0
2014-02-25,1190,333,0,0.0,0.0
2014-02-25,1365,332,0,0.14,0.0
2014-02-25,797,113,4,3.21,4.0
2014-02-25,2332,332,1,2.25,3.0
2014-02-25,337,111,2,0.8,0.0
2014-02-25,1599,112,0,0.0,0.0
2014-02-25,3008,111,0,1.29,0.0
2014-02-25,2935,222,22,4.22,7.0
2014-02-25,926,112,0,0.0,0.0
2014-02-25,2294,331,0,0.65,0.0
2014-02-25,1629,332,9,8.58,9.0
2014-02-25,1365,331,0,0.23,0.0
2014-02-25,611,112,0,1.8,2.0
2014-02-25,1328,331,0,0.63,0.0
2014-02-25,1135,331,0,0.2,0.0
2014-02-25,797,331,1,1.38,2.0
2014-02-25,2768,222,3,0.2,0.0
2014-02-25,432,331,0,0.06,0.0
2014-02-25,1542,222,0,0.07,0.0
2014-02-25,2935,333,7,8.25,11.0
2014-02-25,1242,222,0,1.2,0.0
2014-02-25,1135,332,0,0.0,0.0
2014-02-25,1727,112,0,0.04,0.0
2014-02-25,1240,333,0,0.02,0.0
2014-02-25,1228,332,0,0.0,0.0
2014-02-25,1424,111,0,0.37,0.0
2014-02-25,2794,114,2,1.29,2.0
2014-02-25,432,111,0,0.02,0.0
2014-02-25,2294,113,0,1.52,0.0
2014-02-25,1054,112,1,2.14,3.0
2014-02-25,1694,112,0,4.12,3.0
2014-02-25,2294,112,0,0.62,0.0
2014-02-25,1365,113,1,0.34,0.0
2014-02-25,423,112,0,0.23,0.0
2014-02-25,659,114,0,0.67,0.0
2014-02-25,797,114,2,1.2,2.0
2014-02-25,659,112,3,1.05,2.0
2014-02-25,2492,331,1,2.14,2.0
2014-02-25,2768,333,1,0.65,0.0
2014-02-25,1672,221,5,0.66,0.0
2014-02-25,2932,114,1,1.28,2.0
2014-02-25,1135,223,0,0.01,0.0
2014-02-25,1190,221,1,0.21,0.0
2014-02-25,1753,112,0,1.61,2.0
2014-02-25,2932,111,3,1.4,2.0
2014-02-25,611,114,0,1.5,2.0
2014-02-25,3008,222,1,0.76,0.0
2014-02-25,423,223,0,0.49,0.0
2014-02-25,1629,223,0,0.89,0.0
2014-02-25,1753,221,0,0.02,0.0
2014-02-25,2332,333,3,1.75,2.0
2014-02-25,1753,114,1,0.96,0.0
2014-02-25,2853,221,0,2.07,3.0
2014-02-25,659,332,0,0.48,0.0
2014-02-25,743,111,0,0.82,0.0
2014-02-25,1727,114,0,0.01,0.0
2014-02-25,423,333,1,0.13,0.0
2014-02-25,1694,221,4,0.96,0.0
2014-02-25,1054,223,1,1.26,2.0
2014-02-25,1228,221,0,0.0,0.0
2014-02-25,1548,332,0,0.12,0.0
2014-02-25,1508,112,0,0.05,0.0
2014-02-25,1753,332,1,0.39,0.0
2014-02-25,1753,222,0,0.54,0.0
2014-02-25,423,111,0,0.38,0.0
2014-02-25,1173,113,2,1.11,0.0
2014-02-25,659,222,0,0.45,0.0
2014-02-25,2935,332,14,28.82,14.0
2014-02-25,1508,222,0,0.15,0.0
2014-02-25,1599,331,0,0.13,0.0
2014-02-25,1365,222,0,0.16,0.0
2014-02-25,1240,112,0,0.0,0.0
2014-02-25,1054,333,2,1.37,2.0
2014-02-25,581,114,0,0.47,0.0
2014-02-25,1173,222,0,0.66,0.0
2014-02-25,337,112,0,0.73,0.0
2014-02-25,423,222,1,0.43,0.0
2014-02-25,1054,114,0,1.28,2.0
2014-02-25,797,332,1,1.16,2.0
2014-02-25,1322,332,0,0.13,0.0
2014-02-25,2492,112,0,0.06,0.0
2014-02-25,423,114,0,0.24,0.0
2014-02-25,631,222,0,0.29,0.0
2014-02-25,743,112,1,1.4,2.0
2014-02-25,1508,221,0,0.09,0.0
2014-02-25,581,111,0,1.22,2.0
2014-02-25,2332,114,3,3.05,3.0
2014-02-25,1424,223,1,0.25,0.0
2014-02-25,3021,221,0,0.13,0.0
2014-02-25,1472,113,1,0.41,0.0
2014-02-25,1173,114,0,0.02,0.0
2014-02-25,973,331,0,0.62,0.0
2014-02-25,2935,113,3,10.45,9.0
2014-02-25,1694,114,8,1.28,2.0
2014-02-25,432,223,0,0.23,0.0
2014-02-25,1694,222,2,1.44,2.0
2014-02-25,1727,222,0,0.01,0.0
2014-02-25,1135,114,0,0.14,0.0
2014-02-25,1672,113,6,2.38,3.0
2014-02-25,743,113,0,0.96,0.0
2014-02-25,2932,113,2,2.18,2.0
2014-02-25,1472,111,0,0.28,0.0
2014-02-25,2294,333,1,1.72,3.0
2014-02-25,611,111,1,1.94,3.0
2014-02-25,631,114,0,0.66,0.0
2014-02-25,1240,331,0,0.03,0.0
2014-02-25,1228,331,0,0.15,0.0
2014-02-25,3021,223,0,0.0,0.0
2014-02-25,1196,332,0,0.07,0.0
2014-02-25,74,223,0,0.33,0.0
2014-02-25,2332,112,3,2.14,2.0
2014-02-25,1322,333,0,0.19,0.0
2014-02-25,1424,332,0,0.14,0.0
2014-02-25,1190,222,0,0.0,0.0
2014-02-25,904,113,0,1.15,0.0
2014-02-25,1542,221,0,0.15,0.0
2014-02-25,1328,221,0,0.34,0.0
2014-02-25,1672,112,0,1.63,0.0
2014-02-25,972,114,0,0.17,0.0
2014-02-25,926,331,0,0.24,0.0
2014-02-25,2818,223,0,0.49,0.0
2014-02-25,659,331,1,1.04,0.0
2014-02-25,611,221,0,1.45,2.0
2014-02-25,743,331,0,0.8,0.0
2014-02-25,2932,332,0,0.47,0.0
2014-02-25,1196,222,0,0.15,0.0
2014-02-25,659,111,0,0.73,0.0
2014-02-25,1472,331,0,0.1,0.0
2014-02-25,926,111,0,0.01,0.0
2014-02-25,1548,112,2,0.71,0.0
2014-02-25,1275,333,0,0.02,0.0
2014-02-25,1275,114,0,0.03,0.0
2014-02-25,1196,113,0,0.15,0.0
2014-02-25,2768,113,1,0.75,0.0
2014-02-25,1727,331,0,0.01,0.0
2014-02-25,631,332,0,0.49,0.0
2014-02-25,2853,332,4,1.52,2.0
2014-02-25,581,221,2,1.39,2.0
2014-02-25,1629,111,14,9.88,10.0
2014-02-25,1322,223,0,0.16,0.0
2014-02-25,1542,333,0,0.0,0.0
2014-02-25,1672,331,0,0.62,0.0
2014-02-25,1599,113,0,0.0,0.0
2014-02-25,3008,332,0,1.37,2.0
2014-02-25,3008,221,3,0.78,0.0
2014-02-25,1508,332,0,0.0,0.0
2014-02-25,3004,221,0,0.06,0.0
2014-02-25,868,221,0,0.2,0.0
2014-02-25,3021,332,0,0.03,0.0
2014-02-25,972,332,13,2.78,3.0
2014-02-25,868,223,0,0.15,0.0
2014-02-25,1694,223,0,0.17,0.0
2014-02-25,337,113,0,0.91,0.0
2014-02-25,1629,222,9,9.27,9.0
2014-02-25,1727,221,0,0.05,0.0
2014-02-26,868,114,0,0.41,0.0
2014-02-26,1542,111,0,0.04,0.0
2014-02-26,631,223,0,0.32,0.0
2014-02-26,2294,223,4,1.43,0.0
2014-02-26,432,331,0,0.06,0.0
2014-02-26,1508,333,0,0.01,0.0
2014-02-26,1548,223,0,0.19,0.0
2014-02-26,2492,113,1,3.67,4.0
2014-02-26,1694,114,0,1.38,2.0
2014-02-26,1173,112,0,0.5,0.0
2014-02-26,423,222,0,0.67,0.0
2014-02-26,581,333,0,0.66,0.0
2014-02-26,973,221,0,0.35,0.0
2014-02-26,2853,332,2,1.88,2.0
2014-02-26,3021,332,0,0.02,0.0
2014-02-26,743,222,0,0.62,0.0
2014-02-26,1629,221,2,2.15,2.0
2014-02-26,2853,333,1,1.59,2.0
2014-02-26,1629,222,4,9.09,9.0
2014-02-26,1365,331,0,0.24,0.0
2014-02-26,423,223,0,0.48,0.0
2014-02-26,2794,223,0,0.46,0.0
2014-02-26,1242,111,0,0.36,0.0
2014-02-26,1365,223,0,0.08,0.0
2014-02-26,2492,114,2,1.09,0.0
2014-02-26,337,114,0,1.3,2.0
2014-02-26,611,332,1,1.61,2.0
2014-02-26,1242,112,0,0.62,0.0
2014-02-26,1753,111,0,0.53,0.0
2014-02-26,1173,113,0,1.13,0.0
2014-02-26,926,111,0,0.01,0.0
2014-02-26,1322,114,0,0.24,0.0
2014-02-26,2932,222,1,1.06,0.0
2014-02-26,2794,114,2,1.25,2.0
2014-02-26,581,113,3,1.88,2.0
2014-02-26,972,112,0,0.72,0.0
2014-02-26,423,112,2,0.22,0.0
2014-02-26,3008,114,0,0.88,0.0
2014-02-26,1753,222,0,0.51,0.0
2014-02-26,1275,221,0,0.03,0.0
2014-02-26,1322,223,0,0.14,0.0
2014-02-26,1328,333,0,0.26,0.0
2014-02-26,1424,331,0,0.05,0.0
2014-02-26,926,221,0,0.05,0.0
2014-02-26,2768,111,0,0.38,0.0
2014-02-26,2294,221,3,2.26,3.0
2014-02-26,904,222,1,0.46,0.0
2014-02-26,1542,222,0,0.06,0.0
2014-02-26,972,111,0,0.85,0.0
2014-02-26,868,332,0,0.2,0.0
2014-02-26,611,333,1,1.22,2.0
2014-02-26,3021,111,0,0.17,0.0
2014-02-26,1508,111,0,0.15,0.0
2014-02-26,1135,223,0,0.01,0.0
2014-02-26,1240,114,0,0.0,0.0
2014-02-26,2818,222,1,0.35,0.0
2014-02-26,2932,223,0,0.01,0.0
2014-02-26,1599,333,0,0.08,0.0
2014-02-26,2794,112,0,2.06,2.0
2014-02-26,1173,333,0,0.17,0.0
2014-02-26,2853,112,0,1.79,2.0
2014-02-26,2332,113,15,12.79,12.0
2014-02-26,3004,332,0,0.19,0.0
2014-02-26,1472,222,1,0.25,0.0
2014-02-26,1242,332,0,0.88,0.0
2014-02-26,868,111,2,0.78,0.0
2014-02-26,1727,221,0,0.05,0.0
2014-02-26,797,111,1,1.62,2.0
2014-02-26,743,332,0,0.59,0.0
2014-02-26,1599,221,0,0.11,0.0
2014-02-26,581,222,2,2.15,2.0
2014-02-26,2853,111,0,1.93,2.0
2014-02-26,337,332,1,1.7,2.0
2014-02-26,2768,112,1,0.33,0.0
2014-02-26,797,223,2,1.29,2.0
2014-02-26,973,111,0,0.0,0.0
2014-02-26,973,333,0,0.3,0.0
2014-02-26,2932,331,2,1.44,2.0
2014-02-26,3008,333,0,1.21,2.0
2014-02-26,1548,114,0,0.29,0.0
2014-02-26,74,331,0,0.11,0.0
2014-02-26,1190,223,0,0.64,0.0
2014-02-26,1242,333,0,0.18,0.0
2014-02-26,432,113,0,0.23,0.0
2014-02-26,74,221,1,0.48,0.0
2014-02-26,659,221,0,0.49,0.0
2014-02-26,904,331,0,0.97,0.0
2014-02-26,1727,111,0,0.02,0.0
2014-02-26,1424,114,0,0.15,0.0
2014-02-26,1548,221,0,0.31,0.0
2014-02-26,1753,333,0,0.29,0.0
2014-02-26,1599,111,0,0.1,0.0
2014-02-26,1694,222,2,1.52,2.0
2014-02-26,1508,221,1,0.09,0.0
2014-02-26,868,223,0,0.15,0.0
2014-02-26,1672,333,0,1.39,2.0
2014-02-26,1672,112,0,1.32,0.0
2014-02-26,1190,111,0,0.0,0.0
2014-02-26,1599,332,0,0.13,0.0
2014-02-26,2332,331,2,1.66,2.0
2014-02-26,1424,113,0,0.65,0.0
2014-02-26,973,112,0,0.35,0.0
2014-02-26,1328,113,2,0.72,0.0
2014-02-26,2492,333,1,0.45,0.0
2014-02-26,631,221,0,0.23,0.0
2014-02-26,1054,221,4,1.71,2.0
2014-02-26,2935,331,9,4.26,5.0
2014-02-26,1242,331,0,0.02,0.0
2014-02-26,1472,113,0,0.41,0.0
2014-02-26,1135,113,0,0.26,0.0
2014-02-26,904,113,1,1.08,0.0
2014-02-26,3008,113,0,1.42,0.0
2014-02-26,1542,221,0,0.15,0.0
2014-02-26,659,113,1,0.57,0.0
2014-02-26,2294,331,0,0.52,0.0
2014-02-26,2853,113,0,1.96,2.0
2014-02-26,337,221,1,0.61,0.0
2014-02-26,1548,111,0,0.3,0.0
2014-02-26,1508,222,0,0.15,0.0
2014-02-26,972,331,0,0.23,0.0
2014-02-26,1753,221,0,0.15,0.0
2014-02-26,1629,111,7,10.92,10.0
2014-02-26,2818,221,0,0.2,0.0
2014-02-26,743,331,1,0.7,0.0
2014-02-26,659,223,1,0.44,0.0
2014-02-26,1365,112,0,0.53,0.0
2014-02-26,1694,333,0,1.16,0.0
2014-02-26,797,112,5,2.43,3.0
2014-02-26,926,114,0,0.11,0.0
2014-02-26,3021,113,0,0.35,0.0
2014-02-26,2818,112,1,0.6,0.0
2014-02-26,2332,332,1,2.02,2.0
2014-02-26,1672,223,2,1.43,2.0
2014-02-26,1196,333,0,0.1,0.0
2014-02-26,926,332,0,0.21,0.0
2014-02-26,1694,112,4,3.23,3.0
2014-02-26,659,333,0,0.33,0.0
2014-02-26,2935,114,21,2.75,3.0
2014-02-26,1548,332,0,0.11,0.0
2014-02-26,423,333,0,0.28,0.0
2014-02-26,611,113,5,3.6,4.0
2014-02-26,743,113,2,0.85,0.0
2014-02-26,1054,113,4,3.9,4.0
2014-02-26,1727,222,0,0.01,0.0
2014-02-26,432,223,0,0.22,0.0
2014-02-26,1135,111,0,0.1,0.0
2014-02-26,1365,111,0,0.21,0.0
2014-02-26,1240,221,0,0.03,0.0
2014-02-26,1228,223,0,0.14,0.0
2014-02-26,74,114,0,0.25,0.0
2014-02-26,1190,331,0,0.07,0.0
2014-02-26,3004,111,0,0.14,0.0
2014-02-26,631,333,0,0.45,0.0
2014-02-26,1196,221,0,0.15,0.0
2014-02-26,2768,331,0,0.43,0.0
2014-02-26,423,113,0,0.26,0.0
2014-02-26,1275,222,0,0.03,0.0
2014-02-26,1054,332,4,1.73,2.0
2014-02-26,3004,222,0,0.24,0.0
2014-02-26,3021,112,0,0.0,0.0
2014-02-26,1228,113,0,0.0,0.0
2014-02-26,581,223,3,1.25,2.0
2014-02-26,973,332,0,0.64,0.0
2014-02-26,2294,111,0,1.09,0.0
2014-02-26,1173,332,0,0.24,0.0
2014-02-26,1672,111,0,1.04,0.0
2014-02-26,1135,331,0,0.21,0.0
2014-02-26,1548,333,0,0.11,0.0
2014-02-26,1753,223,0,0.86,0.0
2014-02-26,1472,112,0,0.04,0.0
2014-02-26,2935,112,6,3.27,0.0
2014-02-26,1190,114,0,0.0,0.0
2014-02-26,1694,111,0,1.45,2.0
2014-02-26,797,333,3,1.4,2.0
2014-02-26,1054,112,2,2.04,3.0
2014-02-26,868,331,0,0.16,0.0
2014-02-26,631,113,2,1.31,2.0
2014-02-26,1328,223,2,0.47,0.0
2014-02-26,432,222,1,0.3,0.0
2014-02-26,926,223,0,0.19,0.0
2014-02-26,1599,223,0,0.33,0.0
2014-02-26,1599,222,0,0.1,0.0
2014-02-26,743,333,0,0.31,0.0
2014-02-26,1727,113,0,0.14,0.0
2014-02-26,1672,114,4,0.6,0.0
2014-02-26,337,111,1,1.06,2.0
2014-02-26,432,333,0,0.17,0.0
2014-02-26,1240,111,0,0.01,0.0
2014-02-26,1727,112,0,0.04,0.0
2014-02-26,2768,222,0,0.36,0.0
2014-02-26,1542,331,0,0.03,0.0
2014-02-26,2768,114,0,0.17,0.0
2014-02-26,2818,332,0,0.51,0.0
2014-02-26,1228,332,0,0.0,0.0
2014-02-26,972,333,3,0.95,0.0
2014-02-26,1190,222,0,0.0,0.0
2014-02-26,1753,331,1,0.9,0.0
2014-02-26,1054,111,1,1.24,0.0
2014-02-26,2932,333,0,1.43,2.0
2014-02-26,2294,114,1,0.39,0.0
2014-02-26,2332,222,5,1.33,0.0
2014-02-26,1508,113,0,0.22,0.0
2014-02-26,1135,221,0,0.18,0.0
2014-02-26,1196,113,0,0.15,0.0
2014-02-26,74,223,0,0.29,0.0
2014-02-26,1228,112,0,0.29,0.0
2014-02-26,2818,331,0,0.21,0.0
2014-02-26,1275,333,0,0.02,0.0
2014-02-26,1275,113,0,0.05,0.0
2014-02-26,2935,332,34,24.54,13.0
2014-02-26,1190,221,0,0.28,0.0
2014-02-26,1542,332,0,0.05,0.0
2014-02-26,3004,331,0,0.18,0.0
2014-02-26,1672,221,2,1.61,2.0
2014-02-26,337,333,1,1.02,0.0
2014-02-26,337,222,0,0.68,0.0
2014-02-26,1328,222,0,0.35,0.0
2014-02-26,2818,111,0,0.44,0.0
2014-02-26,3008,222,0,0.82,0.0
2014-02-26,659,112,1,1.02,0.0
2014-02-26,432,112,0,0.0,0.0
2014-02-26,2332,221,1,1.67,2.0
2014-02-26,1753,332,1,0.43,0.0
2014-02-26,2768,221,0,0.27,0.0
2014-02-26,2935,111,8,6.16,6.0
2014-02-26,2794,113,0,1.44,2.0
2014-02-26,1508,112,0,0.05,0.0
2014-02-26,1322,331,0,0.23,0.0
2014-02-26,904,223,0,0.27,0.0
2014-02-26,743,111,1,0.72,0.0
2014-02-26,904,114,0,1.15,2.0
2014-02-26,1424,222,0,0.4,0.0
2014-02-26,3008,223,0,0.59,0.0
2014-02-26,1228,333,0,0.17,0.0
2014-02-26,2294,332,0,0.15,0.0
2014-02-26,1275,114,0,0.03,0.0
2014-02-26,904,111,1,1.63,2.0
2014-02-26,659,111,0,0.69,0.0
2014-02-26,2932,332,0,0.38,0.0
2014-02-26,2332,114,4,3.0,3.0
2014-02-26,2768,113,0,0.74,0.0
2014-02-26,3008,332,1,1.27,2.0
2014-02-26,1322,332,0,0.14,0.0
2014-02-26,1135,222,0,0.21,0.0
2014-02-26,743,112,1,1.32,2.0
2014-02-26,337,112,0,0.66,0.0
2014-02-26,1054,333,2,1.51,2.0
2014-02-26,631,114,0,0.63,0.0
2014-02-26,2935,113,9,11.7,9.0
2014-02-26,74,111,0,0.29,0.0
2014-02-26,1672,113,1,3.32,3.0
2014-02-26,1424,223,0,0.31,0.0
2014-02-26,2294,333,2,2.45,3.0
2014-02-26,3004,223,0,0.32,0.0
2014-02-26,1542,223,0,0.09,0.0
2014-02-26,1228,331,0,0.14,0.0
2014-02-26,1228,111,0,0.1,0.0
2014-02-26,1328,332,0,0.53,0.0
2014-02-26,926,222,0,0.1,0.0
2014-02-26,1240,113,0,0.04,0.0
2014-02-26,1472,111,1,0.27,0.0
2014-02-26,2768,223,0,0.17,0.0
2014-02-26,611,331,0,1.41,2.0
2014-02-26,2332,223,0,1.21,2.0
2014-02-26,1508,114,1,0.05,0.0
2014-02-26,1328,114,0,0.12,0.0
2014-02-26,1672,222,0,1.95,2.0
2014-02-26,1190,112,0,0.0,0.0
2014-02-26,1424,221,0,0.49,0.0
2014-02-26,1054,222,1,2.12,2.0
2014-02-26,1240,112,0,0.0,0.0
2014-02-26,1472,223,0,0.34,0.0
2014-02-26,611,221,0,1.36,0.0
2014-02-26,1275,112,0,0.03,0.0
2014-02-26,3008,331,2,1.09,0.0
2014-02-26,659,331,0,1.16,2.0
2014-02-26,1190,113,0,0.39,0.0
2014-02-26,1196,114,0,0.1,0.0
2014-02-26,972,332,4,4.1,5.0
2014-02-26,74,222,0,0.25,0.0
2014-02-26,2818,223,3,0.46,0.0
2014-02-26,2818,333,0,0.2,0.0
2014-02-26,926,331,0,0.24,0.0
2014-02-26,1275,111,0,0.03,0.0
2014-02-26,1322,111,1,0.46,0.0
2014-02-26,797,332,1,1.16,2.0
2014-02-26,1328,221,0,0.33,0.0
2014-02-26,1694,223,0,0.17,0.0
2014-02-26,2794,333,1,1.15,2.0
2014-02-26,581,221,0,1.42,2.0
2014-02-26,1135,114,0,0.13,0.0
2014-02-26,611,114,0,1.34,2.0
2014-02-26,1599,331,0,0.12,0.0
2014-02-26,797,114,1,1.2,2.0
2014-02-26,3008,221,1,1.07,0.0
2014-02-26,423,111,0,0.35,0.0
2014-02-26,1542,333,0,0.0,0.0
2014-02-26,1727,114,0,0.01,0.0
2014-02-26,432,111,0,0.02,0.0
2014-02-26,2935,333,10,10.07,10.0
2014-02-26,1328,331,0,0.58,0.0
2014-02-26,972,221,3,2.16,2.0
2014-02-26,1240,222,0,0.02,0.0
2014-02-26,581,114,1,0.42,0.0
2014-02-26,1599,112,0,0.0,0.0
2014-02-26,1173,222,0,0.65,0.0
2014-02-26,868,333,0,0.16,0.0
2014-02-26,1508,332,0,0.0,0.0
2014-02-26,1196,332,3,0.06,0.0
2014-02-26,1240,331,0,0.03,0.0
2014-02-26,1173,114,0,0.02,0.0
2014-02-26,1599,113,0,0.0,0.0
2014-02-26,1472,331,0,0.09,0.0
2014-02-26,973,223,0,0.05,0.0
2014-02-26,2932,113,5,2.13,2.0
2014-02-26,1365,114,1,0.2,0.0
2014-02-26,1548,112,1,0.89,0.0
2014-02-26,926,113,0,0.17,0.0
2014-02-26,1275,331,0,0.05,0.0
2014-02-26,2492,112,0,0.05,0.0
2014-02-26,2492,223,0,1.44,2.0
2014-02-26,868,113,3,0.25,0.0
2014-02-26,1135,333,0,0.16,0.0
2014-02-26,2935,222,2,8.91,10.0
2014-02-26,1328,111,0,0.5,0.0
2014-02-26,1542,113,0,0.15,0.0
2014-02-26,3021,223,0,0.0,0.0
2014-02-26,1629,113,1,7.23,6.0
2014-02-26,1672,331,2,0.55,0.0
2014-02-26,1054,114,0,1.13,0.0
2014-02-26,868,221,0,0.2,0.0
2014-02-26,581,111,2,1.12,0.0
2014-02-26,1054,223,1,1.25,2.0
2014-02-26,1275,223,0,0.01,0.0
2014-02-26,1242,222,3,0.97,0.0
2014-02-26,743,221,0,0.61,0.0
2014-02-26,611,112,0,1.56,0.0
2014-02-26,972,223,0,1.73,2.0
2014-02-26,581,112,0,0.8,0.0
2014-02-26,1629,332,4,9.09,8.0
2014-02-26,337,113,1,0.9,0.0
2014-02-26,1240,333,0,0.02,0.0
2014-02-26,1196,222,1,0.14,0.0
2014-02-26,926,112,0,0.0,0.0
2014-02-26,1727,331,0,0.01,0.0
2014-02-26,432,221,0,0.17,0.0
2014-02-26,2818,114,0,0.23,0.0
2014-02-26,1424,332,0,0.14,0.0
2014-02-26,631,332,0,0.5,0.0
2014-02-26,3004,221,0,0.07,0.0
2014-02-26,1472,332,0,0.28,0.0
2014-02-26,3021,221,0,0.13,0.0
2014-02-26,1135,332,0,0.0,0.0
2014-02-26,631,222,0,0.3,0.0
2014-02-26,2332,112,3,2.24,2.0
2014-02-26,1365,222,0,0.16,0.0
2014-02-26,1242,114,0,0.3,0.0
2014-02-26,743,223,0,0.37,0.0
2014-02-26,1322,113,0,0.54,0.0
2014-02-26,1472,221,0,0.17,0.0
2014-02-26,1753,113,0,0.85,0.0
2014-02-26,1694,113,0,2.92,3.0
2014-02-26,1228,221,0,0.0,0.0
2014-02-26,904,333,0,0.62,0.0
2014-02-26,659,114,0,0.64,0.0
2014-02-26,2768,333,0,0.64,0.0
2014-02-26,1365,333,0,0.14,0.0
2014-02-26,423,221,0,0.09,0.0
2014-02-26,904,112,0,1.88,2.0
2014-02-26,1240,332,0,0.04,0.0
2014-02-26,2492,222,1,1.62,0.0
2014-02-26,2294,112,0,0.61,0.0
2014-02-26,2794,222,0,1.0,0.0
2014-02-26,1322,333,0,0.18,0.0
2014-02-26,1365,221,0,0.21,0.0
2014-02-26,972,113,3,4.13,4.0
2014-02-26,3008,111,2,1.17,0.0
2014-02-26,2932,112,1,1.03,0.0
2014-02-26,1472,114,0,0.13,0.0
2014-02-26,2294,113,0,0.96,0.0
2014-02-26,581,332,0,0.55,0.0
2014-02-26,1135,112,0,0.04,0.0
2014-02-26,1727,332,0,0.01,0.0
2014-02-26,2794,111,4,2.05,2.0
2014-02-26,74,112,0,0.0,0.0
2014-02-26,659,332,0,0.44,0.0
2014-02-26,797,331,0,1.39,2.0
2014-02-26,631,331,2,1.08,0.0
2014-02-26,2853,222,3,1.91,2.0
2014-02-26,926,333,0,0.03,0.0
2014-02-26,1548,331,0,0.15,0.0
2014-02-26,1242,221,3,0.37,0.0
2014-02-26,904,221,0,0.4,0.0
2014-02-26,797,113,0,3.94,4.0
2014-02-26,423,331,0,0.4,0.0
2014-02-26,1629,331,2,5.71,5.0
2014-02-26,972,114,0,0.16,0.0
2014-02-26,3004,112,0,0.11,0.0
2014-02-26,1694,332,4,2.38,3.0
2014-02-26,2794,331,1,0.86,0.0
2014-02-26,2492,111,1,2.49,3.0
2014-02-26,1190,333,0,0.0,0.0
2014-02-26,3021,222,0,0.26,0.0
2014-02-26,973,114,0,0.46,0.0
2014-02-26,2853,223,3,2.39,3.0
2014-02-26,2294,222,2,1.0,0.0
2014-02-26,1542,112,0,0.07,0.0
2014-02-26,1508,331,0,0.05,0.0
2014-02-26,1424,333,0,0.26,0.0
2014-02-26,1173,221,0,0.14,0.0
2014-02-26,797,221,0,1.81,2.0
2014-02-26,1629,114,6,4.91,4.0
2014-02-26,1322,221,0,0.23,0.0
2014-02-26,432,114,0,0.01,0.0
2014-02-26,2818,113,0,0.99,0.0
2014-02-26,2932,221,2,0.65,0.0
2014-02-26,797,222,1,1.42,2.0
2014-02-26,1629,112,6,5.37,5.0
2014-02-26,1196,223,1,0.04,0.0
2014-02-26,611,222,0,1.73,2.0
2014-02-26,1508,223,0,0.15,0.0
2014-02-26,2492,221,1,2.12,2.0
2014-02-26,973,331,1,0.58,0.0
2014-02-26,1275,332,0,0.04,0.0
2014-02-26,868,222,0,0.27,0.0
2014-02-26,74,332,4,0.01,0.0
2014-02-26,2794,332,2,1.0,0.0
2014-02-26,611,111,3,1.89,2.0
2014-02-26,432,332,0,0.16,0.0
2014-02-26,3021,114,0,0.02,0.0
2014-02-26,3004,113,0,0.13,0.0
2014-02-26,1228,114,0,0.11,0.0
2014-02-26,2768,332,0,0.69,0.0
2014-02-26,1196,111,0,0.06,0.0
2014-02-26,1672,332,0,0.27,0.0
2014-02-26,631,111,2,1.54,2.0
2014-02-26,2853,331,2,1.32,2.0
2014-02-26,2794,221,1,0.4,0.0
2014-02-26,1322,222,1,0.31,0.0
2014-02-26,2935,223,2,6.24,5.0
2014-02-26,1727,223,0,0.01,0.0
2014-02-26,2492,332,0,0.25,0.0
2014-02-26,868,112,0,0.34,0.0
2014-02-26,2935,221,2,7.24,0.0
2014-02-26,631,112,4,1.02,0.0
2014-02-26,423,332,0,0.33,0.0
2014-02-26,1727,333,0,0.05,0.0
2014-02-26,1424,112,0,0.49,0.0
2014-02-26,3004,114,0,0.19,0.0
2014-02-26,1542,114,0,0.15,0.0
2014-02-26,1240,223,0,0.0,0.0
2014-02-26,1054,331,2,1.06,2.0
2014-02-26,1228,222,0,0.17,0.0
2014-02-26,1548,222,0,0.4,0.0
2014-02-26,1196,331,0,0.25,0.0
2014-02-26,904,332,1,0.82,0.0
2014-02-26,74,333,0,0.27,0.0
2014-02-26,1322,112,0,0.34,0.0
2014-02-26,1196,112,0,0.24,0.0
2014-02-26,2932,111,0,1.46,2.0
2014-02-26,1173,223,0,0.03,0.0
2014-02-26,2492,331,1,1.99,2.0
2014-02-26,611,223,3,1.19,2.0
2014-02-26,1694,221,2,1.35,0.0
2014-02-26,2853,221,1,1.91,2.0
2014-02-26,1629,333,4,4.49,4.0
2014-02-26,973,113,3,0.89,0.0
2014-02-26,1548,113,0,0.85,0.0
2014-02-26,659,222,1,0.45,0.0
2014-02-26,1694,331,0,1.4,2.0
2014-02-26,1242,223,1,0.37,0.0
2014-02-26,1365,332,0,0.13,0.0
2014-02-26,2332,333,2,1.72,2.0
2014-02-26,1173,111,1,0.45,0.0
2014-02-26,3008,112,1,0.94,0.0
2014-02-26,3004,333,0,0.53,0.0
2014-02-26,3021,333,0,0.09,0.0
2014-02-26,1424,111,0,0.4,0.0
2014-02-26,2853,114,0,1.26,2.0
2014-02-26,743,114,0,0.31,0.0
2014-02-26,1753,114,1,0.96,0.0
2014-02-26,337,223,0,0.44,0.0
2014-02-26,972,222,1,1.41,0.0
2014-02-26,3021,331,0,0.2,0.0
2014-02-26,2332,111,3,3.54,3.0
2014-02-26,74,113,0,0.63,0.0
2014-02-26,423,114,0,0.23,0.0
2014-02-26,973,222,2,0.42,0.0
2014-02-26,1753,112,3,1.84,0.0
2014-02-26,581,331,0,0.62,0.0
2014-02-26,2932,114,4,1.27,2.0
2014-02-26,1328,112,0,0.59,0.0
2014-02-26,1365,113,3,0.38,0.0
2014-02-26,1472,333,0,0.45,0.0
2014-02-26,1599,114,0,0.12,0.0
2014-02-26,1629,223,1,0.81,0.0
2014-02-26,1173,331,1,0.3,0.0
2014-02-26,337,331,2,2.8,3.0
2014-02-26,1242,113,0,0.69,0.0
2014-02-26,1190,332,0,0.35,0.0
2014-02-27,659,331,0,1.01,0.0
2014-02-27,1322,333,0,0.18,0.0
2014-02-27,1328,221,0,0.29,0.0
2014-02-27,1228,114,0,0.1,0.0
2014-02-27,2818,223,0,0.68,0.0
2014-02-27,1275,333,0,0.02,0.0
2014-02-27,926,331,0,0.22,0.0
2014-02-27,3021,333,0,0.08,0.0
2014-02-27,2794,111,3,2.23,2.0
2014-02-27,1190,221,0,0.24,0.0
2014-02-27,2935,332,11,26.21,16.0
2014-02-27,2935,223,10,4.7,5.0
2014-02-27,1190,222,0,0.0,0.0
2014-02-27,1672,221,3,1.47,2.0
2014-02-27,972,223,0,1.38,0.0
2014-02-27,1727,112,0,0.04,0.0
2014-02-27,868,333,0,0.17,0.0
2014-02-27,904,114,1,1.04,0.0
2014-02-27,337,111,1,1.03,2.0
2014-02-27,2332,111,6,3.5,3.0
2014-02-27,1472,332,0,0.27,0.0
2014-02-27,2768,222,0,0.3,0.0
2014-02-27,1472,112,0,0.04,0.0
2014-02-27,611,223,5,1.4,2.0
2014-02-27,3004,333,0,0.48,0.0
2014-02-27,1694,223,0,0.16,0.0
2014-02-27,432,221,0,0.17,0.0
2014-02-27,2935,112,1,6.83,3.0
2014-02-27,631,113,0,1.34,2.0
2014-02-27,2818,113,0,0.91,0.0
2014-02-27,1599,222,0,0.09,0.0
2014-02-27,1424,333,0,0.24,0.0
2014-02-27,743,111,1,0.75,0.0
2014-02-27,1275,331,0,0.05,0.0
2014-02-27,611,221,3,1.19,0.0
2014-02-27,3008,222,0,0.62,0.0
2014-02-27,2794,223,0,0.46,0.0
2014-02-27,904,221,0,0.38,0.0
2014-02-27,972,332,10,4.5,4.0
2014-02-27,1275,114,0,0.03,0.0
2014-02-27,74,333,0,0.27,0.0
2014-02-27,1054,112,4,2.09,3.0
2014-02-27,1135,114,0,0.11,0.0
2014-02-27,926,333,0,0.03,0.0
2014-02-27,1328,111,0,0.47,0.0
2014-02-27,1196,111,0,0.05,0.0
2014-02-27,1753,332,0,0.45,0.0
2014-02-27,1508,112,0,0.05,0.0
2014-02-27,1672,332,0,0.26,0.0
2014-02-27,1228,332,0,0.0,0.0
2014-02-27,659,112,1,1.02,0.0
2014-02-27,432,222,0,0.32,0.0
2014-02-27,1508,333,0,0.01,0.0
2014-02-27,3008,221,0,1.05,0.0
2014-02-27,1135,113,0,0.22,0.0
2014-02-27,1190,331,0,0.07,0.0
2014-02-27,74,332,0,0.43,0.0
2014-02-27,1228,223,0,0.14,0.0
2014-02-27,1054,113,2,3.52,4.0
2014-02-27,2768,332,0,0.65,0.0
2014-02-27,3004,332,0,0.15,0.0
2014-02-27,1328,112,0,0.53,0.0
2014-02-27,2935,114,2,6.81,6.0
2014-02-27,337,331,3,2.63,3.0
2014-02-27,1190,332,1,0.38,0.0
2014-02-27,659,333,0,0.32,0.0
2014-02-27,1672,223,0,1.36,2.0
2014-02-27,1694,331,1,1.3,2.0
2014-02-27,1548,113,1,0.86,0.0
2014-02-27,2332,113,21,14.43,12.0
2014-02-27,2794,112,1,1.69,2.0
2014-02-27,3008,112,0,0.95,0.0
2014-02-27,2818,222,0,0.38,0.0
2014-02-27,1508,111,0,0.16,0.0
2014-02-27,868,332,0,0.2,0.0
2014-02-27,2492,113,3,2.92,3.0
2014-02-27,432,114,0,0.01,0.0
2014-02-27,581,112,1,0.74,0.0
2014-02-27,904,222,0,0.44,0.0
2014-02-27,2768,331,1,0.39,0.0
2014-02-27,1275,332,0,0.04,0.0
2014-02-27,1275,222,0,0.03,0.0
2014-02-27,972,222,2,1.47,2.0
2014-02-27,973,221,0,0.33,0.0
2014-02-27,2818,112,0,0.65,0.0
2014-02-27,1242,112,0,0.56,0.0
2014-02-27,1135,111,0,0.09,0.0
2014-02-27,1472,333,0,0.39,0.0
2014-02-27,1694,333,2,0.98,0.0
2014-02-27,2818,221,0,0.21,0.0
2014-02-27,1196,112,0,0.21,0.0
2014-02-27,1548,111,0,0.3,0.0
2014-02-27,659,113,1,0.6,0.0
2014-02-27,611,222,1,1.64,2.0
2014-02-27,797,112,2,2.53,3.0
2014-02-27,1424,331,0,0.05,0.0
2014-02-27,3008,113,2,1.5,0.0
2014-02-27,2935,331,6,4.56,5.0
2014-02-27,2935,221,3,8.36,5.0
2014-02-27,631,112,1,1.07,0.0
2014-02-27,1328,113,1,0.73,0.0
2014-02-27,926,332,0,0.2,0.0
2014-02-27,1228,222,0,0.16,0.0
2014-02-27,2294,111,1,0.99,0.0
2014-02-27,1196,113,0,0.15,0.0
2014-02-27,1054,221,1,2.05,2.0
2014-02-27,1228,113,0,0.0,0.0
2014-02-27,631,111,0,1.64,2.0
2014-02-27,972,331,0,0.2,0.0
2014-02-27,1599,114,0,0.12,0.0
2014-02-27,1275,223,0,0.01,0.0
2014-02-27,1275,221,0,0.03,0.0
2014-02-27,2818,114,1,0.22,0.0
2014-02-27,1328,114,0,0.12,0.0
2014-02-27,2768,223,2,0.17,0.0
2014-02-27,1694,332,0,2.49,3.0
2014-02-27,1548,223,0,0.18,0.0
2014-02-27,1694,114,0,1.14,0.0
2014-02-27,1228,331,0,0.14,0.0
2014-02-27,1472,111,0,0.29,0.0
2014-02-27,1190,333,0,0.0,0.0
2014-02-27,2294,333,2,2.31,3.0
2014-02-27,1135,112,0,0.04,0.0
2014-02-27,2935,113,2,10.83,9.0
2014-02-27,659,332,0,0.43,0.0
2014-02-27,797,113,7,3.04,4.0
2014-02-27,972,111,0,0.7,0.0
2014-02-27,1322,332,0,0.13,0.0
2014-02-27,1228,221,0,0.0,0.0
2014-02-27,659,114,0,0.57,0.0
2014-02-27,2332,114,5,3.38,3.0
2014-02-27,1424,223,0,0.26,0.0
2014-02-27,2768,333,0,0.58,0.0
2014-02-27,2853,332,2,1.89,2.0
2014-02-27,797,332,0,1.21,2.0
2014-02-27,2294,112,1,0.6,0.0
2014-02-27,1542,333,0,0.0,0.0
2014-02-27,3021,332,0,0.02,0.0
2014-02-27,2294,113,0,0.91,0.0
2014-02-27,1054,114,2,1.03,0.0
2014-02-27,3008,111,2,1.5,0.0
2014-02-27,1599,112,0,0.0,0.0
2014-02-27,1753,111,0,0.48,0.0
2014-02-27,3008,114,0,0.77,0.0
2014-02-27,1424,332,0,0.13,0.0
2014-02-27,581,113,2,2.06,2.0
2014-02-27,1190,223,1,0.38,0.0
2014-02-27,2332,112,0,2.23,2.0
2014-02-27,1672,333,0,1.2,0.0
2014-02-27,1599,111,0,0.11,0.0
2014-02-27,581,111,3,1.3,2.0
2014-02-27,1753,333,0,0.27,0.0
2014-02-27,1672,331,0,0.77,0.0
2014-02-27,1599,113,0,0.0,0.0
2014-02-27,1727,111,0,0.01,0.0
2014-02-27,1672,222,2,1.4,0.0
2014-02-27,432,113,0,0.22,0.0
2014-02-27,74,331,1,0.12,0.0
2014-02-27,926,111,0,0.01,0.0
2014-02-27,1548,114,0,0.25,0.0
2014-02-27,1365,331,0,0.23,0.0
2014-02-27,797,223,1,1.34,2.0
2014-02-27,1548,112,0,0.89,0.0
2014-02-27,2935,222,2,3.54,8.0
2014-02-27,337,332,1,1.76,2.0
2014-02-27,1599,221,0,0.09,0.0
2014-02-27,797,331,1,1.3,2.0
2014-02-27,797,111,1,1.61,2.0
2014-02-27,1173,112,2,0.44,0.0
2014-02-27,1472,331,0,0.09,0.0
2014-02-27,74,111,0,0.29,0.0
2014-02-27,1672,113,7,2.55,3.0
2014-02-27,74,223,1,0.23,0.0
2014-02-27,2492,331,1,1.98,2.0
2014-02-27,1173,111,1,0.48,0.0
2014-02-27,2932,114,5,1.46,2.0
2014-02-27,1365,113,0,0.37,0.0
2014-02-27,1173,113,0,1.1,2.0
2014-02-27,581,331,0,0.63,0.0
2014-02-27,423,114,1,0.22,0.0
2014-02-27,1694,221,1,1.37,0.0
2014-02-27,74,113,0,0.59,0.0
2014-02-27,3021,114,0,0.01,0.0
2014-02-27,432,332,0,0.14,0.0
2014-02-27,868,222,0,0.3,0.0
2014-02-27,1508,223,0,0.15,0.0
2014-02-27,1629,112,7,5.32,5.0
2014-02-27,797,222,1,1.49,2.0
2014-02-27,1548,222,0,0.36,0.0
2014-02-27,1173,223,0,0.03,0.0
2014-02-27,2853,221,0,2.14,2.0
2014-02-27,1753,114,1,0.98,0.0
2014-02-27,2332,333,1,1.75,2.0
2014-02-27,1173,222,0,0.61,0.0
2014-02-27,1135,332,0,0.0,0.0
2014-02-27,631,222,0,0.31,0.0
2014-02-27,423,222,0,0.61,0.0
2014-02-27,3021,221,0,0.12,0.0
2014-02-27,3004,221,0,0.07,0.0
2014-02-27,631,332,0,0.49,0.0
2014-02-27,1727,331,0,0.01,0.0
2014-02-27,1196,222,0,0.18,0.0
2014-02-27,337,113,0,1.0,0.0
2014-02-27,1629,332,14,7.44,8.0
2014-02-27,611,112,0,1.41,0.0
2014-02-27,1242,222,0,1.11,0.0
2014-02-27,973,113,0,1.0,0.0
2014-02-27,3004,112,0,0.11,0.0
2014-02-27,743,114,0,0.29,0.0
2014-02-27,1424,111,1,0.38,0.0
2014-02-27,1240,223,0,0.0,0.0
2014-02-27,1054,223,1,1.26,2.0
2014-02-27,1542,114,0,0.15,0.0
2014-02-27,1727,223,0,0.01,0.0
2014-02-27,659,223,4,0.42,0.0
2014-02-27,743,331,0,0.74,0.0
2014-02-27,1629,111,6,11.21,10.0
2014-02-27,1753,221,0,0.26,0.0
2014-02-27,1508,222,0,0.15,0.0
2014-02-27,2332,332,4,1.9,2.0
2014-02-27,337,221,0,0.6,0.0
2014-02-27,1365,112,1,0.46,0.0
2014-02-27,2294,331,0,0.49,0.0
2014-02-27,904,113,2,1.24,2.0
2014-02-27,1472,113,1,0.4,0.0
2014-02-27,1242,331,0,0.02,0.0
2014-02-27,973,112,0,0.28,0.0
2014-02-27,631,221,1,0.25,0.0
2014-02-27,2492,333,1,0.89,0.0
2014-02-27,2853,113,3,1.74,2.0
2014-02-27,1542,221,0,0.14,0.0
2014-02-27,926,114,0,0.09,0.0
2014-02-27,3021,113,0,0.31,0.0
2014-02-27,1240,222,0,0.02,0.0
2014-02-27,1322,222,0,0.34,0.0
2014-02-27,2794,221,0,0.54,0.0
2014-02-27,423,332,1,0.32,0.0
2014-02-27,2492,332,0,0.24,0.0
2014-02-27,1424,112,0,0.47,0.0
2014-02-27,904,332,0,0.88,0.0
2014-02-27,2932,221,0,0.78,0.0
2014-02-27,2794,332,3,1.11,0.0
2014-02-27,1322,112,1,0.32,0.0
2014-02-27,1242,111,1,0.35,0.0
2014-02-27,2853,333,0,1.62,2.0
2014-02-27,1173,331,1,0.34,0.0
2014-02-27,1135,331,0,0.21,0.0
2014-02-27,1629,333,5,4.21,4.0
2014-02-27,1242,223,0,0.38,0.0
2014-02-27,2853,114,1,1.3,2.0
2014-02-27,973,331,0,0.63,0.0
2014-02-27,868,112,0,0.32,0.0
2014-02-27,1196,333,0,0.1,0.0
2014-02-27,1196,332,0,0.22,0.0
2014-02-27,973,223,0,0.05,0.0
2014-02-27,1240,333,0,0.02,0.0
2014-02-27,926,112,0,0.0,0.0
2014-02-27,423,223,0,0.48,0.0
2014-02-27,1365,222,0,0.16,0.0
2014-02-27,868,221,0,0.2,0.0
2014-02-27,1508,332,0,0.0,0.0
2014-02-27,1173,114,0,0.02,0.0
2014-02-27,973,222,0,0.46,0.0
2014-02-27,1135,333,0,0.15,0.0
2014-02-27,3021,223,0,0.0,0.0
2014-02-27,1242,114,0,0.28,0.0
2014-02-27,973,114,0,0.46,0.0
2014-02-27,631,331,0,1.15,0.0
2014-02-27,1548,331,0,0.15,0.0
2014-02-27,797,221,0,1.62,2.0
2014-02-27,2853,223,0,2.74,3.0
2014-02-27,2492,112,0,0.05,0.0
2014-02-27,743,221,0,0.51,0.0
2014-02-27,1629,114,1,5.74,5.0
2014-02-27,1365,332,0,0.13,0.0
2014-02-27,3021,331,1,0.17,0.0
2014-02-27,1242,113,2,0.58,0.0
2014-02-27,2853,331,2,1.86,2.0
2014-02-27,1196,331,0,0.24,0.0
2014-02-27,3004,113,0,0.11,0.0
2014-02-27,1727,333,0,0.05,0.0
2014-02-27,3004,114,0,0.19,0.0
2014-02-27,1054,331,0,1.14,2.0
2014-02-27,1196,223,0,0.12,0.0
2014-02-27,611,332,1,1.55,2.0
2014-02-27,2492,221,3,1.87,2.0
2014-02-27,611,111,1,2.01,3.0
2014-02-27,2932,111,0,1.3,2.0
2014-02-27,1629,223,0,1.63,0.0
2014-02-27,1753,112,1,2.34,2.0
2014-02-27,659,222,0,0.46,0.0
2014-02-27,337,114,1,1.16,2.0
2014-02-27,1542,112,0,0.06,0.0
2014-02-27,1240,331,0,0.03,0.0
2014-02-27,1727,332,0,0.01,0.0
2014-02-27,904,112,0,1.5,0.0
2014-02-27,2794,331,2,1.04,0.0
2014-02-27,1629,331,8,5.48,4.0
2014-02-27,423,331,0,0.39,0.0
2014-02-27,1242,221,2,0.56,0.0
2014-02-27,2853,222,3,2.31,2.0
2014-02-27,972,114,1,0.16,0.0
2014-02-27,1322,113,0,0.49,0.0
2014-02-27,2492,111,2,2.24,3.0
2014-02-27,743,223,0,0.33,0.0
2014-02-27,1542,113,0,0.15,0.0
2014-02-27,581,333,0,0.65,0.0
2014-02-27,868,113,2,0.26,0.0
2014-02-27,2492,223,1,1.23,0.0
2014-02-27,926,113,0,0.16,0.0
2014-02-27,1365,114,0,0.21,0.0
2014-02-27,2932,113,2,2.26,2.0
2014-02-27,1629,113,5,5.54,6.0
2014-02-27,3021,222,0,0.21,0.0
2014-02-27,2294,222,0,1.14,0.0
2014-02-27,1173,221,0,0.11,0.0
2014-02-27,2492,222,3,1.18,0.0
2014-02-27,1365,221,0,0.2,0.0
2014-02-27,581,332,2,0.55,0.0
2014-02-27,1322,221,0,0.22,0.0
2014-02-27,972,113,0,3.48,4.0
2014-02-27,1472,114,0,0.11,0.0
2014-02-27,2932,112,1,1.18,0.0
2014-02-27,2794,222,3,0.88,0.0
2014-02-27,1240,332,0,0.05,0.0
2014-02-27,423,221,1,0.08,0.0
2014-02-27,1365,333,0,0.14,0.0
2014-02-27,904,333,0,0.61,0.0
2014-02-27,2294,223,5,1.71,2.0
2014-02-27,1694,113,0,2.4,3.0
2014-02-27,1753,113,0,0.79,0.0
2014-02-27,1508,331,0,0.05,0.0
2014-02-27,74,112,0,0.0,0.0
2014-02-27,1472,221,0,0.16,0.0
2014-02-27,74,114,0,0.25,0.0
2014-02-27,1173,332,0,0.21,0.0
2014-02-27,2932,222,1,1.25,2.0
2014-02-27,972,221,1,2.36,2.0
2014-02-27,1322,111,0,0.47,0.0
2014-02-27,1275,111,0,0.03,0.0
2014-02-27,2818,333,0,0.2,0.0
2014-02-27,1054,333,0,1.52,2.0
2014-02-27,74,222,0,0.24,0.0
2014-02-27,1196,114,0,0.09,0.0
2014-02-27,2794,333,4,1.14,0.0
2014-02-27,1190,113,2,0.4,0.0
2014-02-27,1275,112,0,0.03,0.0
2014-02-27,972,333,1,1.24,0.0
2014-02-27,1472,223,1,0.35,0.0
2014-02-27,904,111,1,1.63,2.0
2014-02-27,1424,221,0,0.47,0.0
2014-02-27,2332,222,0,1.85,2.0
2014-02-27,2932,333,1,1.33,2.0
2014-02-27,3008,331,1,1.21,2.0
2014-02-27,581,221,2,1.01,0.0
2014-02-27,611,114,2,1.21,0.0
2014-02-27,1599,331,0,0.11,0.0
2014-02-27,1190,112,0,0.0,0.0
2014-02-27,1135,222,0,0.21,0.0
2014-02-27,631,114,0,0.53,0.0
2014-02-27,337,112,0,0.63,0.0
2014-02-27,743,112,1,1.32,2.0
2014-02-27,3008,332,4,1.33,2.0
2014-02-27,2768,113,1,0.67,0.0
2014-02-27,1629,222,7,7.43,8.0
2014-02-27,2932,332,1,0.37,0.0
2014-02-27,659,111,1,0.7,0.0
2014-02-27,1240,112,0,0.0,0.0
2014-02-27,1328,331,0,0.52,0.0
2014-02-27,2935,333,2,9.92,9.0
2014-02-27,432,111,0,0.02,0.0
2014-02-27,1727,114,0,0.01,0.0
2014-02-27,423,111,0,0.32,0.0
2014-02-27,797,114,1,1.18,2.0
2014-02-27,1753,331,0,0.87,0.0
2014-02-27,3004,223,0,0.26,0.0
2014-02-27,2818,332,0,0.48,0.0
2014-02-27,1542,331,0,0.03,0.0
2014-02-27,2794,113,0,1.34,2.0
2014-02-27,2332,221,2,1.69,2.0
2014-02-27,2935,111,2,4.57,7.0
2014-02-27,2768,221,0,0.26,0.0
2014-02-27,432,112,0,0.0,0.0
2014-02-27,1228,333,0,0.15,0.0
2014-02-27,1328,222,2,0.34,0.0
2014-02-27,1322,331,1,0.19,0.0
2014-02-27,337,222,0,0.63,0.0
2014-02-27,1322,114,1,0.22,0.0
2014-02-27,3004,331,0,0.17,0.0
2014-02-27,1542,332,0,0.05,0.0
2014-02-27,631,223,1,0.31,0.0
2014-02-27,1275,113,0,0.04,0.0
2014-02-27,2818,331,2,0.22,0.0
2014-02-27,1228,112,0,0.28,0.0
2014-02-27,337,333,1,1.1,2.0
2014-02-27,904,223,0,0.26,0.0
2014-02-27,1424,222,1,0.38,0.0
2014-02-27,3008,223,1,0.53,0.0
2014-02-27,1054,111,0,1.41,2.0
2014-02-27,797,333,0,1.4,2.0
2014-02-27,1240,111,0,0.01,0.0
2014-02-27,432,333,0,0.16,0.0
2014-02-27,2294,114,0,0.43,0.0
2014-02-27,1672,114,0,0.83,0.0
2014-02-27,743,333,0,0.3,0.0
2014-02-27,1599,223,0,0.31,0.0
2014-02-27,926,223,0,0.18,0.0
2014-02-27,1328,223,1,0.55,0.0
2014-02-27,1694,111,1,1.16,0.0
2014-02-27,868,331,0,0.15,0.0
2014-02-27,1508,113,0,0.2,0.0
2014-02-27,1190,114,0,0.0,0.0
2014-02-27,1135,221,0,0.16,0.0
2014-02-27,1727,113,0,0.11,0.0
2014-02-27,2818,111,0,0.4,0.0
2014-02-27,2768,114,2,0.17,0.0
2014-02-27,1542,223,0,0.09,0.0
2014-02-27,1054,222,0,2.12,2.0
2014-02-27,1228,111,0,0.09,0.0
2014-02-27,1424,113,0,0.65,0.0
2014-02-27,2332,331,1,2.01,2.0
2014-02-27,1242,332,1,0.86,0.0
2014-02-27,2853,112,1,1.63,2.0
2014-02-27,1173,333,0,0.17,0.0
2014-02-27,1135,223,0,0.01,0.0
2014-02-27,1599,333,0,0.08,0.0
2014-02-27,1694,112,4,3.55,3.0
2014-02-27,2932,223,0,0.01,0.0
2014-02-27,1629,221,5,2.21,2.0
2014-02-27,3021,111,0,0.15,0.0
2014-02-27,743,222,0,0.56,0.0
2014-02-27,611,333,2,1.28,2.0
2014-02-27,1472,222,0,0.26,0.0
2014-02-27,2294,221,0,3.41,3.0
2014-02-27,2768,111,0,0.37,0.0
2014-02-27,1240,114,0,0.0,0.0
2014-02-27,1548,332,0,0.11,0.0
2014-02-27,423,333,0,0.26,0.0
2014-02-27,611,113,4,3.22,4.0
2014-02-27,423,113,1,0.25,0.0
2014-02-27,581,223,0,1.32,2.0
2014-02-27,3021,112,0,0.0,0.0
2014-02-27,3004,222,0,0.2,0.0
2014-02-27,1365,223,0,0.08,0.0
2014-02-27,2492,114,2,1.11,0.0
2014-02-27,1054,332,3,1.88,2.0
2014-02-27,1196,221,0,0.15,0.0
2014-02-27,631,333,0,0.45,0.0
2014-02-27,3004,111,0,0.15,0.0
2014-02-27,1672,111,0,0.99,0.0
2014-02-27,973,332,0,0.65,0.0
2014-02-27,1240,221,0,0.03,0.0
2014-02-27,1365,111,0,0.2,0.0
2014-02-27,432,223,0,0.21,0.0
2014-02-27,1727,222,0,0.01,0.0
2014-02-27,743,113,0,1.03,0.0
2014-02-27,926,221,0,0.05,0.0
2014-02-27,1328,333,0,0.26,0.0
2014-02-27,1322,223,0,0.13,0.0
2014-02-27,972,112,0,0.61,0.0
2014-02-27,2853,111,0,1.74,2.0
2014-02-27,2768,112,0,0.38,0.0
2014-02-27,581,222,6,2.08,2.0
2014-02-27,868,114,1,0.43,0.0
2014-02-27,1542,111,0,0.04,0.0
2014-02-27,743,332,0,0.53,0.0
2014-02-27,1599,332,0,0.13,0.0
2014-02-27,1548,333,0,0.1,0.0
2014-02-27,2294,332,0,0.13,0.0
2014-02-27,1753,223,0,0.61,0.0
2014-02-27,1508,114,0,0.14,0.0
2014-02-27,2332,223,0,1.01,0.0
2014-02-27,611,331,3,1.23,2.0
2014-02-27,973,333,0,0.29,0.0
2014-02-27,1240,113,0,0.04,0.0
2014-02-27,926,222,1,0.09,0.0
2014-02-27,1328,332,3,0.51,0.0
2014-02-27,2932,331,1,1.47,2.0
2014-02-27,581,114,0,0.47,0.0
2014-02-27,3008,333,6,1.02,0.0
2014-02-27,1242,333,1,0.18,0.0
2014-02-27,1753,222,0,0.49,0.0
2014-02-27,423,112,2,0.4,0.0
2014-02-27,2794,114,1,1.31,2.0
2014-02-27,1542,222,0,0.07,0.0
2014-02-27,868,111,2,0.81,0.0
2014-02-27,1727,221,0,0.05,0.0
2014-02-27,1672,112,3,0.98,0.0
2014-02-27,868,223,0,0.14,0.0
2014-02-27,1508,221,0,0.15,0.0
2014-02-27,1694,222,0,1.57,2.0
2014-02-27,1548,221,2,0.31,0.0
2014-02-27,432,331,0,0.05,0.0
2014-02-27,1424,114,2,0.14,0.0
2014-02-27,904,331,0,0.85,0.0
2014-02-27,659,221,0,0.47,0.0
2014-02-27,74,221,1,0.52,0.0
2014-02-27,1190,111,0,0.0,0.0
2014-02-27,973,111,0,0.0,0.0
2014-02-27,337,223,0,0.45,0.0
2014-02-28,1322,333,0,0.21,0.0
2014-02-28,3021,331,0,0.27,0.0
2014-02-28,1054,223,2,1.51,2.0
2014-02-28,1054,331,1,1.2,2.0
2014-02-28,1054,332,3,2.22,2.0
2014-02-28,1054,333,4,1.64,2.0
2014-02-28,1135,111,1,0.1,0.0
2014-02-28,1135,112,0,0.06,0.0
2014-02-28,1135,113,0,0.26,0.0
2014-02-28,1135,114,0,0.14,0.0
2014-02-28,1135,221,0,0.18,0.0
2014-02-28,1135,222,0,0.25,0.0
2014-02-28,1135,223,1,0.03,0.0
2014-02-28,1135,331,0,0.25,0.0
2014-02-28,1135,332,0,0.01,0.0
2014-02-28,1135,333,0,0.19,0.0
2014-02-28,1173,111,0,0.6,0.0
2014-02-28,1173,112,0,0.68,0.0
2014-02-28,1173,113,1,1.18,2.0
2014-02-28,1173,114,0,0.03,0.0
2014-02-28,1173,221,0,0.11,0.0
2014-02-28,1173,222,0,0.76,0.0
2014-02-28,1173,223,0,0.04,0.0
2014-02-28,1173,331,0,0.41,0.0
2014-02-28,1173,332,1,0.25,0.0
2014-02-28,1173,333,0,0.18,0.0
2014-02-28,1190,111,1,0.02,0.0
2014-02-28,1190,112,0,0.02,0.0
2014-02-28,1190,113,0,0.75,0.0
2014-02-28,1054,222,6,2.15,2.0
2014-02-28,1190,114,0,0.01,0.0
2014-02-28,1054,221,1,2.32,2.0
2014-02-28,1054,113,8,4.03,4.0
2014-02-28,926,222,0,0.26,0.0
2014-02-28,926,223,1,0.19,0.0
2014-02-28,926,331,0,0.27,0.0
2014-02-28,926,332,0,0.19,0.0
2014-02-28,926,333,0,0.05,0.0
2014-02-28,972,111,3,0.7,0.0
2014-02-28,972,112,1,0.66,0.0
2014-02-28,972,113,3,2.41,4.0
2014-02-28,972,114,1,0.25,0.0
2014-02-28,972,221,3,2.58,3.0
2014-02-28,972,222,4,1.87,2.0
2014-02-28,972,223,0,1.19,0.0
2014-02-28,972,331,0,0.22,0.0
2014-02-28,972,332,7,5.82,6.0
2014-02-28,972,333,3,1.41,2.0
2014-02-28,973,111,0,0.01,0.0
2014-02-28,973,112,1,0.3,0.0
2014-02-28,973,113,1,1.05,2.0
2014-02-28,973,114,0,0.59,0.0
2014-02-28,973,221,0,0.39,0.0
2014-02-28,973,222,2,0.5,0.0
2014-02-28,973,223,0,0.07,0.0
2014-02-28,973,331,1,0.74,0.0
2014-02-28,973,332,1,0.66,0.0
2014-02-28,973,333,0,0.36,0.0
2014-02-28,1054,111,1,1.5,2.0
2014-02-28,1054,112,6,2.68,3.0
2014-02-28,1054,114,1,1.32,2.0
2014-02-28,1190,221,1,0.23,0.0
2014-02-28,1190,222,0,0.01,0.0
2014-02-28,1190,223,0,0.47,0.0
2014-02-28,1240,333,0,0.03,0.0
2014-02-28,1242,111,0,0.5,0.0
2014-02-28,1242,112,2,0.58,0.0
2014-02-28,1242,113,1,0.85,0.0
2014-02-28,1242,114,0,0.32,0.0
2014-02-28,1242,221,0,0.73,0.0
2014-02-28,1242,222,1,1.13,0.0
2014-02-28,1242,223,0,0.41,0.0
2014-02-28,1242,331,1,0.03,0.0
2014-02-28,1242,332,3,1.05,2.0
2014-02-28,1242,333,0,0.27,0.0
2014-02-28,1275,111,0,0.04,0.0
2014-02-28,1275,112,0,0.05,0.0
2014-02-28,1275,113,0,0.05,0.0
2014-02-28,1275,114,0,0.04,0.0
2014-02-28,1275,221,0,0.05,0.0
2014-02-28,1275,222,0,0.05,0.0
2014-02-28,1275,223,0,0.03,0.0
2014-02-28,1275,331,0,0.06,0.0
2014-02-28,1275,332,0,0.06,0.0
2014-02-28,1275,333,0,0.04,0.0
2014-02-28,1322,111,0,0.55,0.0
2014-02-28,1322,112,0,0.37,0.0
2014-02-28,1322,113,0,0.52,0.0
2014-02-28,1322,114,0,0.29,0.0
2014-02-28,1322,221,0,0.26,0.0
2014-02-28,1322,222,1,0.38,0.0
2014-02-28,1240,332,0,0.06,0.0
2014-02-28,1240,331,0,0.04,0.0
2014-02-28,1240,223,0,0.01,0.0
2014-02-28,1240,222,0,0.04,0.0
2014-02-28,1190,331,2,0.08,0.0
2014-02-28,1190,332,0,0.34,0.0
2014-02-28,1190,333,0,0.01,0.0
2014-02-28,1196,111,0,0.06,0.0
2014-02-28,1196,112,0,0.26,0.0
2014-02-28,1196,113,0,0.18,0.0
2014-02-28,1196,114,0,0.11,0.0
2014-02-28,1196,221,0,0.15,0.0
2014-02-28,1196,222,0,0.2,0.0
2014-02-28,1196,223,0,0.14,0.0
2014-02-28,1196,331,0,0.26,0.0
2014-02-28,1196,332,0,0.25,0.0
2014-02-28,1196,333,0,0.11,0.0
2014-02-28,926,221,0,0.06,0.0
2014-02-28,1228,111,0,0.1,0.0
2014-02-28,1228,113,0,0.01,0.0
2014-02-28,1228,114,0,0.11,0.0
2014-02-28,1228,221,0,0.01,0.0
2014-02-28,1228,222,2,0.17,0.0
2014-02-28,1228,223,0,0.17,0.0
2014-02-28,1228,331,0,0.13,0.0
2014-02-28,1228,332,0,0.01,0.0
2014-02-28,1228,333,0,0.14,0.0
2014-02-28,1240,111,0,0.03,0.0
2014-02-28,1240,112,0,0.01,0.0
2014-02-28,1240,113,0,0.05,0.0
2014-02-28,1240,114,0,0.01,0.0
2014-02-28,1240,221,0,0.04,0.0
2014-02-28,1228,112,1,0.33,0.0
2014-02-28,1322,223,0,0.16,0.0
2014-02-28,926,114,0,0.11,0.0
2014-02-28,926,112,0,0.01,0.0
2014-02-28,432,112,0,0.02,0.0
2014-02-28,432,113,0,0.25,0.0
2014-02-28,432,114,0,0.03,0.0
2014-02-28,432,221,0,0.19,0.0
2014-02-28,432,222,0,0.35,0.0
2014-02-28,432,223,0,0.26,0.0
2014-02-28,432,331,0,0.08,0.0
2014-02-28,432,332,0,0.15,0.0
2014-02-28,432,333,0,0.17,0.0
2014-02-28,581,111,4,1.62,2.0
2014-02-28,581,112,0,1.08,0.0
2014-02-28,581,113,4,2.49,3.0
2014-02-28,581,114,0,0.52,0.0
2014-02-28,581,221,1,1.44,2.0
2014-02-28,581,222,1,2.77,2.0
2014-02-28,581,223,0,1.44,2.0
2014-02-28,581,331,0,0.75,0.0
2014-02-28,581,332,0,0.79,0.0
2014-02-28,581,333,2,0.76,0.0
2014-02-28,611,111,5,2.45,3.0
2014-02-28,611,112,0,1.33,0.0
2014-02-28,611,113,2,3.76,4.0
2014-02-28,611,114,1,1.71,2.0
2014-02-28,611,221,1,1.93,2.0
2014-02-28,611,222,1,2.07,2.0
2014-02-28,611,223,0,1.58,2.0
2014-02-28,611,331,1,1.7,2.0
2014-02-28,432,111,0,0.04,0.0
2014-02-28,611,332,1,1.99,2.0
2014-02-28,423,333,0,0.27,0.0
2014-02-28,423,331,0,0.44,0.0
2014-02-28,74,111,0,0.3,0.0
2014-02-28,74,112,0,0.02,0.0
2014-02-28,74,113,0,0.65,0.0
2014-02-28,74,114,0,0.29,0.0
2014-02-28,74,221,1,0.66,0.0
2014-02-28,74,222,0,0.26,0.0
2014-02-28,74,223,0,0.51,0.0
2014-02-28,74,331,0,0.26,0.0
2014-02-28,74,332,0,0.36,0.0
2014-02-28,74,333,0,0.3,0.0
2014-02-28,337,111,0,1.21,2.0
2014-02-28,337,112,0,0.72,0.0
2014-02-28,337,113,2,1.13,2.0
2014-02-28,337,114,0,1.54,2.0
2014-02-28,337,221,0,0.74,0.0
2014-02-28,337,222,0,0.7,0.0
2014-02-28,337,223,0,0.56,0.0
2014-02-28,337,331,0,3.35,3.0
2014-02-28,337,332,2,2.17,2.0
2014-02-28,337,333,2,1.37,2.0
2014-02-28,423,111,0,0.34,0.0
2014-02-28,423,112,0,0.49,0.0
2014-02-28,423,113,0,0.42,0.0
2014-02-28,423,114,0,0.33,0.0
2014-02-28,423,221,1,0.21,0.0
2014-02-28,423,222,0,0.64,0.0
2014-02-28,423,223,0,0.55,0.0
2014-02-28,423,332,0,0.43,0.0
2014-02-28,611,333,0,1.5,2.0
2014-02-28,631,111,0,1.81,2.0
2014-02-28,631,112,1,1.36,2.0
2014-02-28,797,221,0,1.75,2.0
2014-02-28,797,222,1,1.76,2.0
2014-02-28,797,223,3,1.56,2.0
2014-02-28,797,331,1,1.64,2.0
2014-02-28,797,332,1,1.31,2.0
2014-02-28,797,333,3,1.48,2.0
2014-02-28,868,111,0,0.95,0.0
2014-02-28,868,112,3,0.4,0.0
2014-02-28,868,113,0,0.46,0.0
2014-02-28,868,114,0,0.54,0.0
2014-02-28,868,221,0,0.23,0.0
2014-02-28,868,222,0,0.34,0.0
2014-02-28,868,223,1,0.16,0.0
2014-02-28,868,331,0,0.17,0.0
2014-02-28,868,332,0,0.23,0.0
2014-02-28,868,333,0,0.2,0.0
2014-02-28,904,111,2,2.11,2.0
2014-02-28,904,112,1,1.62,0.0
2014-02-28,904,113,0,1.49,2.0
2014-02-28,904,114,1,1.27,2.0
2014-02-28,904,221,0,0.42,0.0
2014-02-28,904,222,1,0.57,0.0
2014-02-28,904,223,0,0.29,0.0
2014-02-28,904,331,3,0.86,0.0
2014-02-28,904,332,3,0.94,0.0
2014-02-28,904,333,1,0.65,0.0
2014-02-28,926,111,0,0.03,0.0
2014-02-28,797,114,1,1.39,2.0
2014-02-28,797,113,7,4.73,5.0
2014-02-28,797,112,0,2.84,3.0
2014-02-28,797,111,1,1.92,2.0
2014-02-28,631,113,2,1.41,2.0
2014-02-28,631,114,0,0.64,0.0
2014-02-28,631,221,0,0.29,0.0
2014-02-28,631,222,0,0.35,0.0
2014-02-28,631,223,0,0.4,0.0
2014-02-28,631,331,0,1.21,2.0
2014-02-28,631,332,1,0.57,0.0
2014-02-28,631,333,0,0.5,0.0
2014-02-28,659,111,0,0.84,0.0
2014-02-28,659,112,0,1.25,2.0
2014-02-28,659,113,2,0.78,0.0
2014-02-28,659,114,0,0.65,0.0
2014-02-28,659,221,2,0.49,0.0
2014-02-28,926,113,0,0.15,0.0
2014-02-28,659,222,0,0.56,0.0
2014-02-28,659,331,0,1.1,0.0
2014-02-28,659,332,2,0.56,0.0
2014-02-28,659,333,0,0.36,0.0
2014-02-28,743,111,0,0.87,0.0
2014-02-28,743,112,3,1.53,2.0
2014-02-28,743,113,0,0.99,0.0
2014-02-28,743,114,2,0.36,0.0
2014-02-28,743,221,0,0.6,0.0
2014-02-28,743,222,0,0.56,0.0
2014-02-28,743,223,2,0.39,0.0
2014-02-28,743,331,0,0.73,0.0
2014-02-28,743,332,2,0.53,0.0
2014-02-28,743,333,1,0.34,0.0
2014-02-28,659,223,0,0.71,0.0
2014-02-28,3021,332,0,0.04,0.0
2014-02-28,1322,331,0,0.28,0.0
2014-02-28,1328,111,0,0.56,0.0
2014-02-28,2492,331,2,2.26,2.0
2014-02-28,2492,332,0,0.25,0.0
2014-02-28,2492,333,0,1.11,0.0
2014-02-28,2768,111,1,0.43,0.0
2014-02-28,2768,112,0,0.4,0.0
2014-02-28,2768,113,3,0.79,0.0
2014-02-28,2768,114,0,0.33,0.0
2014-02-28,2768,221,0,0.25,0.0
2014-02-28,2768,222,0,0.34,0.0
2014-02-28,2768,223,0,0.32,0.0
2014-02-28,2768,331,1,0.53,0.0
2014-02-28,2768,332,0,0.62,0.0
2014-02-28,2768,333,1,0.61,0.0
2014-02-28,2794,111,4,2.57,2.0
2014-02-28,2794,112,2,2.26,2.0
2014-02-28,2794,113,0,1.29,0.0
2014-02-28,2794,114,1,1.38,2.0
2014-02-28,2794,221,0,0.57,0.0
2014-02-28,2794,222,0,1.21,2.0
2014-02-28,2794,223,1,0.51,0.0
2014-02-28,2794,331,4,1.25,1.0
2014-02-28,2794,332,1,1.35,2.0
2014-02-28,2794,333,2,1.49,2.0
2014-02-28,2818,111,2,0.45,0.0
2014-02-28,2818,112,1,0.69,0.0
2014-02-28,2818,113,2,0.95,0.0
2014-02-28,2818,114,0,0.27,0.0
2014-02-28,2492,223,0,1.5,2.0
2014-02-28,2818,221,1,0.22,0.0
2014-02-28,2492,222,2,1.67,2.0
2014-02-28,2492,114,1,1.17,2.0
2014-02-28,1753,223,0,0.5,0.0
2014-02-28,1753,331,0,0.83,0.0
2014-02-28,1753,332,0,0.5,0.0
2014-02-28,1753,333,0,0.31,0.0
2014-02-28,2294,111,2,1.39,2.0
2014-02-28,2294,112,0,1.1,0.0
2014-02-28,2294,113,0,0.94,0.0
2014-02-28,2294,114,0,0.46,0.0
2014-02-28,2294,221,2,1.91,0.0
2014-02-28,2294,222,0,1.24,0.0
2014-02-28,2294,223,17,2.37,2.0
2014-02-28,2294,331,0,0.42,0.0
2014-02-28,2294,332,0,0.24,0.0
2014-02-28,2294,333,3,3.13,3.0
2014-02-28,2332,111,5,4.24,4.0
2014-02-28,2332,112,4,2.14,3.0
2014-02-28,2332,113,8,15.16,13.0
2014-02-28,2332,114,1,3.63,4.0
2014-02-28,2332,221,1,2.04,2.0
2014-02-28,2332,222,9,1.8,2.0
2014-02-28,2332,223,2,0.9,0.0
2014-02-28,2332,331,2,2.17,2.0
2014-02-28,2332,332,1,2.75,3.0
2014-02-28,2332,333,3,2.04,2.0
2014-02-28,2492,111,4,2.85,3.0
2014-02-28,2492,112,0,0.06,0.0
2014-02-28,2492,113,0,3.71,4.0
2014-02-28,2492,221,0,2.6,2.0
2014-02-28,2818,222,0,0.42,0.0
2014-02-28,2818,223,2,0.62,0.0
2014-02-28,2818,331,0,0.33,0.0
2014-02-28,3004,111,0,0.19,0.0
2014-02-28,3004,112,0,0.11,0.0
2014-02-28,3004,113,0,0.1,0.0
2014-02-28,3004,114,0,0.23,0.0
2014-02-28,3004,221,0,0.07,0.0
2014-02-28,3004,222,0,0.21,0.0
2014-02-28,3004,223,0,0.3,0.0
2014-02-28,3004,331,0,0.24,0.0
2014-02-28,3004,332,0,0.16,0.0
2014-02-28,3004,333,0,0.56,0.0
2014-02-28,3008,111,1,1.67,2.0
2014-02-28,3008,112,0,0.95,0.0
2014-02-28,3008,113,0,2.3,2.0
2014-02-28,3008,114,2,0.76,0.0
2014-02-28,3008,221,0,1.01,0.0
2014-02-28,3008,222,0,0.59,0.0
2014-02-28,3008,223,2,0.68,0.0
2014-02-28,3008,331,7,1.38,2.0
2014-02-28,3008,332,0,1.64,2.0
2014-02-28,3008,333,0,1.58,2.0
2014-02-28,3021,111,0,0.16,0.0
2014-02-28,3021,112,0,0.01,0.0
2014-02-28,3021,113,1,0.32,0.0
2014-02-28,3021,114,0,0.02,0.0
2014-02-28,3021,221,0,0.13,0.0
2014-02-28,3021,222,0,0.22,0.0
2014-02-28,3021,223,0,0.01,0.0
2014-02-28,2935,333,8,8.74,9.0
2014-02-28,2935,332,28,25.11,16.0
2014-02-28,2935,331,5,7.61,6.0
2014-02-28,2935,223,8,6.95,6.0
2014-02-28,2818,332,0,0.53,0.0
2014-02-28,2818,333,0,0.2,0.0
2014-02-28,2853,111,2,1.9,2.0
2014-02-28,2853,112,3,2.11,2.0
2014-02-28,2853,113,0,2.41,2.0
2014-02-28,2853,114,6,1.91,2.0
2014-02-28,2853,221,2,2.2,3.0
2014-02-28,2853,222,1,2.71,2.0
2014-02-28,2853,223,3,2.4,3.0
2014-02-28,2853,331,5,2.27,2.0
2014-02-28,2853,332,2,2.48,2.0
2014-02-28,2853,333,4,1.62,2.0
2014-02-28,2932,111,3,1.39,2.0
2014-02-28,1753,222,0,0.53,0.0
2014-02-28,2932,112,0,1.38,2.0
2014-02-28,2932,114,4,1.7,2.0
2014-02-28,2932,221,2,0.82,0.0
2014-02-28,2932,222,0,1.43,2.0
2014-02-28,2932,223,0,0.02,0.0
2014-02-28,2932,331,2,1.63,2.0
2014-02-28,2932,332,2,0.69,0.0
2014-02-28,2932,333,2,1.67,2.0
2014-02-28,2935,111,0,6.91,6.0
2014-02-28,2935,112,89,7.02,3.0
2014-02-28,2935,113,28,7.51,9.0
2014-02-28,2935,114,0,5.49,5.0
2014-02-28,2935,221,7,10.82,6.0
2014-02-28,2935,222,1,8.77,8.0
2014-02-28,2932,113,4,2.59,2.0
2014-02-28,1322,332,0,0.15,0.0
2014-02-28,1753,221,0,0.4,0.0
2014-02-28,1753,113,0,0.82,0.0
2014-02-28,1472,113,1,0.5,0.0
2014-02-28,1472,114,0,0.13,0.0
2014-02-28,1472,221,0,0.19,0.0
2014-02-28,1472,222,1,0.28,0.0
2014-02-28,1472,223,0,0.42,0.0
2014-02-28,1472,331,2,0.1,0.0
2014-02-28,1472,332,0,0.32,0.0
2014-02-28,1472,333,1,0.45,0.0
2014-02-28,1508,111,0,0.19,0.0
2014-02-28,1508,112,0,0.06,0.0
2014-02-28,1508,113,0,0.23,0.0
2014-02-28,1508,114,0,0.16,0.0
2014-02-28,1508,221,0,0.17,0.0
2014-02-28,1508,222,0,0.16,0.0
2014-02-28,1508,223,0,0.17,0.0
2014-02-28,1508,331,0,0.06,0.0
2014-02-28,1508,332,0,0.0,0.0
2014-02-28,1508,333,0,0.02,0.0
2014-02-28,1542,111,0,0.06,0.0
2014-02-28,1542,112,0,0.08,0.0
2014-02-28,1542,113,0,0.18,0.0
2014-02-28,1542,114,0,0.18,0.0
2014-02-28,1542,221,0,0.16,0.0
2014-02-28,1542,222,0,0.08,0.0
2014-02-28,1542,223,0,0.1,0.0
2014-02-28,1542,331,0,0.04,0.0
2014-02-28,1542,332,1,0.07,0.0
2014-02-28,1472,112,0,0.05,0.0
2014-02-28,1542,333,0,0.0,0.0
2014-02-28,1472,111,0,0.31,0.0
2014-02-28,1424,332,1,0.16,0.0
2014-02-28,1328,112,0,0.6,0.0
2014-02-28,1328,113,0,0.85,0.0
2014-02-28,1328,114,0,0.15,0.0
2014-02-28,1328,221,0,0.32,0.0
2014-02-28,1328,222,0,0.45,0.0
2014-02-28,1328,223,0,0.67,0.0
2014-02-28,1328,331,0,0.57,0.0
2014-02-28,1328,332,0,0.71,0.0
2014-02-28,1328,333,1,0.27,0.0
2014-02-28,1365,111,0,0.24,0.0
2014-02-28,1365,112,1,0.63,0.0
2014-02-28,1365,113,0,0.42,0.0
2014-02-28,1365,114,0,0.24,0.0
2014-02-28,1365,221,0,0.21,0.0
2014-02-28,1365,222,0,0.17,0.0
2014-02-28,1365,223,0,0.1,0.0
2014-02-28,1365,331,0,0.26,0.0
2014-02-28,1365,332,0,0.16,0.0
2014-02-28,1365,333,0,0.18,0.0
2014-02-28,1424,111,0,0.45,0.0
2014-02-28,1424,112,0,0.6,0.0
2014-02-28,1424,113,0,0.73,0.0
2014-02-28,1424,114,0,0.24,0.0
2014-02-28,1424,221,0,0.52,0.0
2014-02-28,1424,222,0,0.49,0.0
2014-02-28,1424,223,0,0.28,0.0
2014-02-28,1424,331,0,0.06,0.0
2014-02-28,1424,333,2,0.31,0.0
2014-02-28,1548,111,0,0.3,0.0
2014-02-28,1548,112,0,0.97,0.0
2014-02-28,1548,113,2,1.02,2.0
2014-02-28,1672,222,3,1.96,2.0
2014-02-28,1672,223,0,1.31,0.0
2014-02-28,1672,331,2,0.68,0.0
2014-02-28,1672,332,2,0.28,0.0
2014-02-28,1672,333,1,1.18,0.0
2014-02-28,1694,111,3,1.57,2.0
2014-02-28,1694,112,4,3.93,3.0
2014-02-28,1694,113,0,2.2,0.0
2014-02-28,1694,114,2,1.05,0.0
2014-02-28,1694,221,1,1.49,0.0
2014-02-28,1694,222,1,1.56,2.0
2014-02-28,1694,223,0,0.17,0.0
2014-02-28,1694,331,1,1.65,2.0
2014-02-28,1694,332,0,2.38,3.0
2014-02-28,1694,333,2,1.63,2.0
2014-02-28,1727,111,0,0.03,0.0
2014-02-28,1727,112,0,0.05,0.0
2014-02-28,1727,113,0,0.11,0.0
2014-02-28,1727,114,0,0.02,0.0
2014-02-28,1727,221,0,0.07,0.0
2014-02-28,1727,222,0,0.02,0.0
2014-02-28,1727,223,0,0.02,0.0
2014-02-28,1727,331,0,0.02,0.0
2014-02-28,1727,332,0,0.02,0.0
2014-02-28,1727,333,0,0.06,0.0
2014-02-28,1753,111,0,0.53,0.0
2014-02-28,1753,112,9,2.43,3.0
2014-02-28,1672,221,4,1.68,2.0
2014-02-28,1672,114,0,0.84,0.0
2014-02-28,1672,113,0,4.14,4.0
2014-02-28,1672,112,3,2.27,2.0
2014-02-28,1548,114,0,0.29,0.0
2014-02-28,1548,221,1,0.43,0.0
2014-02-28,1548,222,0,0.36,0.0
2014-02-28,1548,223,1,0.18,0.0
2014-02-28,1548,331,0,0.17,0.0
2014-02-28,1548,332,0,0.13,0.0
2014-02-28,1548,333,0,0.11,0.0
2014-02-28,1599,111,0,0.12,0.0
2014-02-28,1599,112,0,0.01,0.0
2014-02-28,1599,113,0,0.01,0.0
2014-02-28,1599,114,0,0.12,0.0
2014-02-28,1599,221,0,0.12,0.0
2014-02-28,1599,222,0,0.11,0.0
2014-02-28,1753,114,1,1.01,0.0
2014-02-28,1599,223,0,0.35,0.0
2014-02-28,1599,332,0,0.15,0.0
2014-02-28,1599,333,0,0.09,0.0
2014-02-28,1629,111,20,11.83,10.0
2014-02-28,1629,112,8,6.75,6.0
2014-02-28,1629,113,12,6.48,6.0
2014-02-28,1629,114,5,4.59,4.0
2014-02-28,1629,221,2,2.87,3.0
2014-02-28,1629,222,5,10.79,10.0
2014-02-28,1629,223,0,1.56,0.0
2014-02-28,1629,331,6,6.8,6.0
2014-02-28,1629,332,13,12.21,10.0
2014-02-28,1629,333,3,5.74,5.0
2014-02-28,1672,111,3,1.02,0.0
2014-02-28,1599,331,0,0.14,0.0
2014-02-28,3021,333,0,0.08,0.0
