actual,predicted,error,abs_error
0,0.0,-0.0,0.0
0,0.38,-0.38,0.38
2,0.49,1.51,1.51
0,0.13,-0.13,0.13
2,1.36,0.64,0.64
0,2.08,-2.08,2.08
0,0.33,-0.33,0.33
0,0.03,-0.03,0.03
0,1.38,-1.38,1.38
0,0.05,-0.05,0.05
0,1.51,-1.51,1.51
0,0.02,-0.02,0.02
0,0.0,0.0,0.0
0,0.05,-0.05,0.05
0,1.04,-1.04,1.04
0,0.03,-0.03,0.03
0,0.45,-0.45,0.45
0,0.02,-0.02,0.02
0,1.07,-1.07,1.07
21,14.32,6.68,6.68
0,0.0,-0.0,0.0
0,0.0,-0.0,0.0
0,0.12,-0.12,0.12
1,0.12,0.88,0.88
2,0.9,1.1,1.1
0,0.0,0.0,0.0
1,0.36,0.64,0.64
0,0.44,-0.44,0.44
0,0.0,0.0,0.0
1,0.34,0.66,0.66
0,0.18,-0.18,0.18
0,0.26,-0.26,0.26
1,0.44,0.56,0.56
0,0.0,0.0,0.0
1,1.31,-0.31,0.31
0,0.16,-0.16,0.16
0,0.18,-0.18,0.18
0,0.23,-0.23,0.23
3,0.43,2.57,2.57
1,0.24,0.76,0.76
1,2.67,-1.67,1.67
0,0.05,-0.05,0.05
0,0.36,-0.36,0.36
0,0.08,-0.08,0.08
0,0.2,-0.2,0.2
1,1.41,-0.41,0.41
0,0.18,-0.18,0.18
0,0.19,-0.19,0.19
0,0.48,-0.48,0.48
4,3.17,0.83,0.83
0,0.12,-0.12,0.12
0,0.41,-0.41,0.41
1,1.95,-0.95,0.95
0,0.0,0.0,0.0
0,0.1,-0.1,0.1
1,0.34,0.66,0.66
0,0.19,-0.19,0.19
0,0.37,-0.37,0.37
0,0.35,-0.35,0.35
0,0.09,-0.09,0.09
0,1.23,-1.23,1.23
0,0.07,-0.07,0.07
0,0.0,0.0,0.0
1,1.24,-0.24,0.24
4,1.57,2.43,2.43
2,0.33,1.67,1.67
1,0.55,0.45,0.45
0,0.0,0.0,0.0
0,0.26,-0.26,0.26
0,0.03,-0.03,0.03
2,5.58,-3.58,3.58
0,0.54,-0.54,0.54
0,0.22,-0.22,0.22
2,0.56,1.44,1.44
3,1.93,1.07,1.07
0,0.06,-0.06,0.06
0,0.19,-0.19,0.19
0,0.16,-0.16,0.16
0,0.16,-0.16,0.16
0,0.84,-0.84,0.84
0,0.01,-0.01,0.01
1,1.92,-0.92,0.92
0,0.55,-0.55,0.55
0,7.41,-7.41,7.41
0,0.44,-0.44,0.44
0,0.05,-0.05,0.05
1,0.97,0.03,0.03
0,1.02,-1.02,1.02
1,0.42,0.58,0.58
3,1.43,1.57,1.57
0,0.73,-0.73,0.73
0,0.73,-0.73,0.73
2,1.84,0.16,0.16
0,0.04,-0.04,0.04
0,0.15,-0.15,0.15
0,0.2,-0.2,0.2
0,0.21,-0.21,0.21
2,4.35,-2.35,2.35
1,2.4,-1.4,1.4
0,0.15,-0.15,0.15
1,0.35,0.65,0.65
2,0.13,1.87,1.87
0,0.0,0.0,0.0
2,1.68,0.32,0.32
2,11.92,-9.92,9.92
0,0.26,-0.26,0.26
0,0.0,0.0,0.0
0,0.46,-0.46,0.46
0,0.88,-0.88,0.88
3,0.79,2.21,2.21
0,0.03,-0.03,0.03
0,0.03,-0.03,0.03
2,0.25,1.75,1.75
0,0.1,-0.1,0.1
1,6.2,-5.2,5.2
2,1.39,0.61,0.61
0,0.0,-0.0,0.0
1,1.24,-0.24,0.24
3,0.91,2.09,2.09
1,0.42,0.58,0.58
0,2.1,-2.1,2.1
3,0.49,2.51,2.51
0,0.17,-0.17,0.17
0,0.14,-0.14,0.14
1,1.37,-0.37,0.37
0,0.01,-0.01,0.01
5,10.24,-5.24,5.24
0,0.92,-0.92,0.92
0,0.09,-0.09,0.09
1,0.06,0.94,0.94
0,1.43,-1.43,1.43
0,0.48,-0.48,0.48
0,0.31,-0.31,0.31
2,1.6,0.4,0.4
1,0.9,0.1,0.1
1,0.15,0.85,0.85
0,0.05,-0.05,0.05
0,0.35,-0.35,0.35
0,0.09,-0.09,0.09
0,0.0,-0.0,0.0
0,1.14,-1.14,1.14
1,0.19,0.81,0.81
0,0.27,-0.27,0.27
1,0.24,0.76,0.76
1,0.21,0.79,0.79
0,0.27,-0.27,0.27
0,0.62,-0.62,0.62
0,0.04,-0.04,0.04
2,0.82,1.18,1.18
1,0.04,0.96,0.96
0,0.0,0.0,0.0
0,1.47,-1.47,1.47
0,0.2,-0.2,0.2
1,0.25,0.75,0.75
0,0.0,0.0,0.0
18,5.91,12.09,12.09
0,0.13,-0.13,0.13
0,0.41,-0.41,0.41
0,0.42,-0.42,0.42
0,0.04,-0.04,0.04
0,0.37,-0.37,0.37
0,0.37,-0.37,0.37
0,1.66,-1.66,1.66
1,2.04,-1.04,1.04
1,0.63,0.37,0.37
0,0.13,-0.13,0.13
0,0.26,-0.26,0.26
0,0.19,-0.19,0.19
4,2.39,1.61,1.61
1,1.16,-0.16,0.16
0,0.03,-0.03,0.03
0,0.09,-0.09,0.09
1,0.35,0.65,0.65
1,1.36,-0.36,0.36
0,0.16,-0.16,0.16
0,0.1,-0.1,0.1
1,1.67,-0.67,0.67
1,0.65,0.35,0.35
0,0.0,0.0,0.0
0,0.12,-0.12,0.12
0,0.12,-0.12,0.12
0,0.03,-0.03,0.03
1,0.85,0.15,0.15
0,1.52,-1.52,1.52
0,0.03,-0.03,0.03
0,0.07,-0.07,0.07
0,0.54,-0.54,0.54
0,0.17,-0.17,0.17
2,0.33,1.67,1.67
4,2.05,1.95,1.95
0,0.15,-0.15,0.15
0,0.02,-0.02,0.02
0,2.4,-2.4,2.4
48,5.35,42.65,42.65
0,0.0,-0.0,0.0
1,0.18,0.82,0.82
2,0.52,1.48,1.48
0,0.0,-0.0,0.0
0,0.17,-0.17,0.17
1,1.37,-0.37,0.37
1,0.25,0.75,0.75
0,0.0,0.0,0.0
0,0.06,-0.06,0.06
0,0.21,-0.21,0.21
2,2.71,-0.71,0.71
1,0.24,0.76,0.76
3,6.55,-3.55,3.55
2,0.51,1.49,1.49
0,0.24,-0.24,0.24
1,1.0,-0.0,0.0
0,0.12,-0.12,0.12
0,0.08,-0.08,0.08
2,4.7,-2.7,2.7
0,0.16,-0.16,0.16
0,0.77,-0.77,0.77
0,0.16,-0.16,0.16
0,0.04,-0.04,0.04
0,0.12,-0.12,0.12
0,0.0,-0.0,0.0
0,0.15,-0.15,0.15
0,0.0,0.0,0.0
5,3.14,1.86,1.86
1,0.7,0.3,0.3
0,0.11,-0.11,0.11
0,0.0,0.0,0.0
0,0.64,-0.64,0.64
1,1.23,-0.23,0.23
0,0.0,0.0,0.0
0,0.24,-0.24,0.24
0,0.02,-0.02,0.02
0,0.48,-0.48,0.48
0,0.24,-0.24,0.24
0,0.16,-0.16,0.16
0,0.04,-0.04,0.04
2,2.79,-0.79,0.79
4,1.53,2.47,2.47
2,2.37,-0.37,0.37
0,0.0,0.0,0.0
0,0.23,-0.23,0.23
2,0.89,1.11,1.11
1,0.24,0.76,0.76
0,0.16,-0.16,0.16
1,0.45,0.55,0.55
0,0.16,-0.16,0.16
0,0.36,-0.36,0.36
0,0.0,0.0,0.0
0,0.01,-0.01,0.01
1,0.69,0.31,0.31
0,0.1,-0.1,0.1
0,0.27,-0.27,0.27
0,0.05,-0.05,0.05
0,0.26,-0.26,0.26
3,1.41,1.59,1.59
3,0.57,2.43,2.43
0,0.19,-0.19,0.19
1,0.19,0.81,0.81
2,2.72,-0.72,0.72
1,0.36,0.64,0.64
0,1.09,-1.09,1.09
0,0.28,-0.28,0.28
1,1.07,-0.07,0.07
0,0.1,-0.1,0.1
0,0.18,-0.18,0.18
0,0.0,0.0,0.0
0,0.51,-0.51,0.51
0,0.49,-0.49,0.49
0,0.36,-0.36,0.36
2,1.42,0.58,0.58
0,0.0,0.0,0.0
5,1.68,3.32,3.32
0,0.0,-0.0,0.0
0,0.24,-0.24,0.24
0,1.59,-1.59,1.59
1,0.06,0.94,0.94
0,0.04,-0.04,0.04
1,0.02,0.98,0.98
0,0.06,-0.06,0.06
0,0.19,-0.19,0.19
0,0.06,-0.06,0.06
1,0.57,0.43,0.43
0,0.58,-0.58,0.58
1,0.15,0.85,0.85
1,0.49,0.51,0.51
1,1.63,-0.63,0.63
0,0.82,-0.82,0.82
2,2.39,-0.39,0.39
0,0.28,-0.28,0.28
1,1.54,-0.54,0.54
0,0.27,-0.27,0.27
0,0.41,-0.41,0.41
2,1.32,0.68,0.68
0,0.15,-0.15,0.15
2,1.24,0.76,0.76
0,0.33,-0.33,0.33
0,0.01,-0.01,0.01
0,0.61,-0.61,0.61
3,2.31,0.69,0.69
2,1.8,0.2,0.2
0,0.0,0.0,0.0
0,0.77,-0.77,0.77
0,0.39,-0.39,0.39
0,0.06,-0.06,0.06
0,1.16,-1.16,1.16
4,1.48,2.52,2.52
1,1.09,-0.09,0.09
0,0.04,-0.04,0.04
0,0.28,-0.28,0.28
1,0.4,0.6,0.6
2,0.51,1.49,1.49
0,0.55,-0.55,0.55
0,0.06,-0.06,0.06
0,0.07,-0.07,0.07
1,0.85,0.15,0.15
0,0.41,-0.41,0.41
0,0.02,-0.02,0.02
0,0.08,-0.08,0.08
0,0.04,-0.04,0.04
2,0.29,1.71,1.71
1,1.85,-0.85,0.85
2,1.84,0.16,0.16
0,0.0,0.0,0.0
0,0.14,-0.14,0.14
0,0.0,0.0,0.0
1,0.37,0.63,0.63
0,0.37,-0.37,0.37
1,0.04,0.96,0.96
0,0.15,-0.15,0.15
29,11.61,17.39,17.39
0,0.02,-0.02,0.02
0,0.02,-0.02,0.02
0,0.11,-0.11,0.11
0,1.03,-1.03,1.03
0,0.24,-0.24,0.24
4,2.46,1.54,1.54
0,0.11,-0.11,0.11
0,0.17,-0.17,0.17
1,0.18,0.82,0.82
0,0.0,0.0,0.0
0,0.08,-0.08,0.08
0,0.2,-0.2,0.2
0,0.05,-0.05,0.05
0,0.01,-0.01,0.01
0,0.08,-0.08,0.08
0,0.09,-0.09,0.09
2,2.87,-0.87,0.87
0,0.0,-0.0,0.0
0,0.06,-0.06,0.06
0,0.0,0.0,0.0
0,0.61,-0.61,0.61
0,0.34,-0.34,0.34
1,0.71,0.29,0.29
0,0.4,-0.4,0.4
0,0.29,-0.29,0.29
0,0.04,-0.04,0.04
0,0.18,-0.18,0.18
0,0.9,-0.9,0.9
0,0.19,-0.19,0.19
0,2.58,-2.58,2.58
0,0.7,-0.7,0.7
0,0.01,-0.01,0.01
0,0.0,0.0,0.0
1,2.45,-1.45,1.45
0,0.07,-0.07,0.07
1,3.7,-2.7,2.7
13,6.85,6.15,6.15
1,1.16,-0.16,0.16
0,1.11,-1.11,1.11
9,2.89,6.11,6.11
0,0.63,-0.63,0.63
0,0.0,-0.0,0.0
0,0.05,-0.05,0.05
4,8.75,-4.75,4.75
2,0.09,1.91,1.91
2,2.21,-0.21,0.21
0,0.65,-0.65,0.65
0,0.15,-0.15,0.15
2,2.14,-0.14,0.14
0,1.43,-1.43,1.43
1,1.03,-0.03,0.03
0,0.48,-0.48,0.48
1,0.64,0.36,0.36
0,0.04,-0.04,0.04
0,0.09,-0.09,0.09
2,1.22,0.78,0.78
0,0.6,-0.6,0.6
1,4.4,-3.4,3.4
0,0.16,-0.16,0.16
0,0.79,-0.79,0.79
1,0.37,0.63,0.63
1,0.2,0.8,0.8
0,0.19,-0.19,0.19
0,0.7,-0.7,0.7
0,0.44,-0.44,0.44
0,0.24,-0.24,0.24
2,0.77,1.23,1.23
0,0.17,-0.17,0.17
0,1.79,-1.79,1.79
0,0.22,-0.22,0.22
0,0.09,-0.09,0.09
0,0.08,-0.08,0.08
0,0.32,-0.32,0.32
0,1.07,-1.07,1.07
0,0.0,0.0,0.0
1,0.16,0.84,0.84
0,0.13,-0.13,0.13
0,0.1,-0.1,0.1
0,0.19,-0.19,0.19
1,1.2,-0.2,0.2
0,0.66,-0.66,0.66
0,0.53,-0.53,0.53
0,0.17,-0.17,0.17
2,0.45,1.55,1.55
0,0.44,-0.44,0.44
0,1.35,-1.35,1.35
3,1.06,1.94,1.94
0,0.17,-0.17,0.17
1,3.29,-2.29,2.29
0,0.24,-0.24,0.24
0,0.27,-0.27,0.27
0,0.0,-0.0,0.0
2,0.96,1.04,1.04
0,0.16,-0.16,0.16
0,0.54,-0.54,0.54
0,0.15,-0.15,0.15
2,1.76,0.24,0.24
1,1.4,-0.4,0.4
0,0.08,-0.08,0.08
0,0.0,0.0,0.0
1,1.12,-0.12,0.12
3,1.47,1.53,1.53
4,1.36,2.64,2.64
0,0.22,-0.22,0.22
0,0.21,-0.21,0.21
1,1.89,-0.89,0.89
0,0.2,-0.2,0.2
0,0.18,-0.18,0.18
1,2.52,-1.52,1.52
2,1.2,0.8,0.8
2,0.71,1.29,1.29
0,0.17,-0.17,0.17
1,1.47,-0.47,0.47
2,2.27,-0.27,0.27
3,1.59,1.41,1.41
3,1.33,1.67,1.67
0,0.04,-0.04,0.04
4,1.89,2.11,2.11
3,1.52,1.48,1.48
2,1.64,0.36,0.36
0,1.43,-1.43,1.43
0,1.07,-1.07,1.07
1,0.22,0.78,0.78
0,0.03,-0.03,0.03
0,0.04,-0.04,0.04
1,2.14,-1.14,1.14
0,0.68,-0.68,0.68
0,0.2,-0.2,0.2
0,0.07,-0.07,0.07
2,1.66,0.34,0.34
0,0.74,-0.74,0.74
8,0.48,7.52,7.52
0,1.1,-1.1,1.1
0,0.44,-0.44,0.44
3,0.94,2.06,2.06
1,0.71,0.29,0.29
0,0.16,-0.16,0.16
0,0.25,-0.25,0.25
0,0.4,-0.4,0.4
0,4.19,-4.19,4.19
2,1.08,0.92,0.92
4,1.35,2.65,2.65
3,2.02,0.98,0.98
1,0.23,0.77,0.77
1,1.26,-0.26,0.26
0,0.3,-0.3,0.3
0,0.12,-0.12,0.12
0,0.13,-0.13,0.13
1,0.33,0.67,0.67
0,0.23,-0.23,0.23
4,2.19,1.81,1.81
6,4.61,1.39,1.39
0,0.13,-0.13,0.13
1,0.83,0.17,0.17
2,3.33,-1.33,1.33
1,0.85,0.15,0.15
0,0.15,-0.15,0.15
3,2.51,0.49,0.49
0,0.03,-0.03,0.03
2,0.97,1.03,1.03
0,0.19,-0.19,0.19
0,0.77,-0.77,0.77
0,0.05,-0.05,0.05
4,3.14,0.86,0.86
4,2.88,1.12,1.12
1,1.57,-0.57,0.57
1,5.43,-4.43,4.43
0,0.76,-0.76,0.76
3,1.3,1.7,1.7
1,0.1,0.9,0.9
0,0.95,-0.95,0.95
0,0.64,-0.64,0.64
4,1.89,2.11,2.11
0,2.04,-2.04,2.04
0,0.0,-0.0,0.0
0,0.18,-0.18,0.18
19,12.37,6.63,6.63
1,1.13,-0.13,0.13
1,0.26,0.74,0.74
5,2.3,2.7,2.7
0,0.23,-0.23,0.23
0,0.0,0.0,0.0
0,0.11,-0.11,0.11
27,10.91,16.09,16.09
0,1.42,-1.42,1.42
1,0.7,0.3,0.3
0,1.2,-1.2,1.2
0,0.02,-0.02,0.02
0,0.06,-0.06,0.06
1,1.27,-0.27,0.27
0,0.0,0.0,0.0
1,1.34,-0.34,0.34
0,0.0,0.0,0.0
0,0.05,-0.05,0.05
2,0.96,1.04,1.04
4,3.53,0.47,0.47
3,2.04,0.96,0.96
0,0.04,-0.04,0.04
0,0.13,-0.13,0.13
0,0.02,-0.02,0.02
0,0.96,-0.96,0.96
0,0.19,-0.19,0.19
1,0.15,0.85,0.85
0,0.23,-0.23,0.23
0,0.25,-0.25,0.25
0,0.12,-0.12,0.12
0,0.0,-0.0,0.0
1,1.95,-0.95,0.95
2,2.23,-0.23,0.23
0,0.18,-0.18,0.18
4,2.37,1.63,1.63
0,0.01,-0.01,0.01
0,0.03,-0.03,0.03
0,0.07,-0.07,0.07
3,1.28,1.72,1.72
1,0.36,0.64,0.64
1,0.24,0.76,0.76
0,0.39,-0.39,0.39
0,0.09,-0.09,0.09
3,1.11,1.89,1.89
0,0.07,-0.07,0.07
0,0.27,-0.27,0.27
0,0.17,-0.17,0.17
0,0.15,-0.15,0.15
0,0.24,-0.24,0.24
3,2.14,0.86,0.86
0,0.05,-0.05,0.05
0,0.55,-0.55,0.55
2,0.75,1.25,1.25
0,0.19,-0.19,0.19
0,0.48,-0.48,0.48
0,0.2,-0.2,0.2
1,1.0,0.0,0.0
0,0.55,-0.55,0.55
0,1.31,-1.31,1.31
0,0.38,-0.38,0.38
0,0.0,-0.0,0.0
0,0.0,0.0,0.0
0,0.09,-0.09,0.09
0,0.36,-0.36,0.36
0,0.15,-0.15,0.15
0,0.12,-0.12,0.12
4,0.76,3.24,3.24
1,0.93,0.07,0.07
2,0.92,1.08,1.08
7,7.93,-0.93,0.93
0,0.19,-0.19,0.19
0,0.11,-0.11,0.11
1,0.59,0.41,0.41
1,1.33,-0.33,0.33
0,0.31,-0.31,0.31
0,1.11,-1.11,1.11
0,0.01,-0.01,0.01
0,0.74,-0.74,0.74
2,1.26,0.74,0.74
1,0.17,0.83,0.83
1,2.55,-1.55,1.55
0,1.08,-1.08,1.08
0,0.15,-0.15,0.15
0,0.16,-0.16,0.16
0,0.1,-0.1,0.1
0,0.12,-0.12,0.12
3,2.86,0.14,0.14
0,0.27,-0.27,0.27
0,0.34,-0.34,0.34
2,2.67,-0.67,0.67
0,0.45,-0.45,0.45
0,0.03,-0.03,0.03
0,1.37,-1.37,1.37
0,0.56,-0.56,0.56
1,0.42,0.58,0.58
0,0.08,-0.08,0.08
0,0.27,-0.27,0.27
1,0.78,0.22,0.22
0,0.19,-0.19,0.19
1,0.51,0.49,0.49
1,1.92,-0.92,0.92
2,0.49,1.51,1.51
3,1.19,1.81,1.81
0,0.02,-0.02,0.02
0,0.18,-0.18,0.18
0,0.11,-0.11,0.11
0,3.33,-3.33,3.33
1,8.24,-7.24,7.24
1,0.79,0.21,0.21
0,0.2,-0.2,0.2
1,1.37,-0.37,0.37
1,0.19,0.81,0.81
0,0.54,-0.54,0.54
0,0.2,-0.2,0.2
0,0.24,-0.24,0.24
0,1.45,-1.45,1.45
0,0.95,-0.95,0.95
0,0.29,-0.29,0.29
1,0.79,0.21,0.21
2,0.8,1.2,1.2
0,0.19,-0.19,0.19
1,0.45,0.55,0.55
0,0.42,-0.42,0.42
0,0.04,-0.04,0.04
0,0.46,-0.46,0.46
1,2.84,-1.84,1.84
0,0.1,-0.1,0.1
0,0.0,0.0,0.0
0,0.0,-0.0,0.0
2,1.75,0.25,0.25
1,1.5,-0.5,0.5
0,0.06,-0.06,0.06
0,0.0,-0.0,0.0
0,0.11,-0.11,0.11
0,0.07,-0.07,0.07
0,0.06,-0.06,0.06
0,0.34,-0.34,0.34
0,0.23,-0.23,0.23
0,0.23,-0.23,0.23
0,0.01,-0.01,0.01
0,0.16,-0.16,0.16
4,0.72,3.28,3.28
0,0.62,-0.62,0.62
0,0.04,-0.04,0.04
0,0.06,-0.06,0.06
0,0.05,-0.05,0.05
3,1.02,1.98,1.98
0,0.0,0.0,0.0
2,0.38,1.62,1.62
6,4.4,1.6,1.6
2,0.43,1.57,1.57
2,0.9,1.1,1.1
0,0.68,-0.68,0.68
0,0.02,-0.02,0.02
0,0.27,-0.27,0.27
0,0.0,-0.0,0.0
0,0.1,-0.1,0.1
3,0.75,2.25,2.25
0,0.03,-0.03,0.03
0,0.39,-0.39,0.39
0,0.16,-0.16,0.16
10,5.08,4.92,4.92
0,0.09,-0.09,0.09
1,1.0,0.0,0.0
1,1.3,-0.3,0.3
0,0.12,-0.12,0.12
1,1.41,-0.41,0.41
0,0.38,-0.38,0.38
0,0.57,-0.57,0.57
1,1.28,-0.28,0.28
2,0.25,1.75,1.75
1,0.32,0.68,0.68
0,0.0,0.0,0.0
0,0.03,-0.03,0.03
0,0.04,-0.04,0.04
0,0.08,-0.08,0.08
2,4.09,-2.09,2.09
13,3.46,9.54,9.54
0,0.21,-0.21,0.21
0,0.0,0.0,0.0
0,0.15,-0.15,0.15
0,0.0,0.0,0.0
0,0.0,0.0,0.0
0,0.0,0.0,0.0
0,0.17,-0.17,0.17
1,0.69,0.31,0.31
0,0.35,-0.35,0.35
0,0.08,-0.08,0.08
0,0.0,0.0,0.0
1,0.21,0.79,0.79
0,0.63,-0.63,0.63
2,1.32,0.68,0.68
2,2.61,-0.61,0.61
0,2.01,-2.01,2.01
0,0.17,-0.17,0.17
0,0.64,-0.64,0.64
0,1.88,-1.88,1.88
0,0.2,-0.2,0.2
0,0.84,-0.84,0.84
1,3.91,-2.91,2.91
0,0.18,-0.18,0.18
0,0.1,-0.1,0.1
0,0.19,-0.19,0.19
0,0.0,0.0,0.0
2,1.17,0.83,0.83
2,2.77,-0.77,0.77
0,0.14,-0.14,0.14
1,1.06,-0.06,0.06
0,0.07,-0.07,0.07
0,0.0,0.0,0.0
1,1.31,-0.31,0.31
1,0.57,0.43,0.43
0,0.1,-0.1,0.1
1,1.93,-0.93,0.93
11,4.32,6.68,6.68
0,0.15,-0.15,0.15
0,0.5,-0.5,0.5
0,0.41,-0.41,0.41
0,0.02,-0.02,0.02
0,0.33,-0.33,0.33
0,1.37,-1.37,1.37
0,0.16,-0.16,0.16
0,0.0,-0.0,0.0
1,1.19,-0.19,0.19
0,1.31,-1.31,1.31
0,0.57,-0.57,0.57
8,2.19,5.81,5.81
0,0.0,0.0,0.0
0,0.02,-0.02,0.02
0,0.07,-0.07,0.07
0,0.04,-0.04,0.04
0,0.78,-0.78,0.78
0,0.15,-0.15,0.15
1,0.47,0.53,0.53
0,0.0,0.0,0.0
0,0.25,-0.25,0.25
1,1.38,-0.38,0.38
10,2.32,7.68,7.68
0,0.11,-0.11,0.11
0,0.37,-0.37,0.37
0,0.58,-0.58,0.58
0,0.01,-0.01,0.01
5,12.37,-7.37,7.37
0,0.0,0.0,0.0
11,8.59,2.41,2.41
2,4.21,-2.21,2.21
2,0.82,1.18,1.18
1,1.82,-0.82,0.82
0,0.18,-0.18,0.18
0,0.14,-0.14,0.14
0,0.04,-0.04,0.04
0,1.27,-1.27,1.27
0,0.18,-0.18,0.18
2,1.89,0.11,0.11
0,0.04,-0.04,0.04
1,0.2,0.8,0.8
0,0.15,-0.15,0.15
0,0.0,0.0,0.0
4,0.81,3.19,3.19
0,0.0,0.0,0.0
2,1.3,0.7,0.7
1,0.46,0.54,0.54
0,0.11,-0.11,0.11
0,0.56,-0.56,0.56
0,0.17,-0.17,0.17
6,1.91,4.09,4.09
2,0.16,1.84,1.84
0,0.19,-0.19,0.19
0,0.05,-0.05,0.05
0,0.08,-0.08,0.08
0,0.29,-0.29,0.29
0,0.93,-0.93,0.93
0,0.1,-0.1,0.1
1,0.93,0.07,0.07
2,0.86,1.14,1.14
1,0.4,0.6,0.6
1,1.68,-0.68,0.68
0,0.02,-0.02,0.02
1,1.25,-0.25,0.25
0,1.6,-1.6,1.6
0,0.04,-0.04,0.04
0,0.41,-0.41,0.41
3,1.87,1.13,1.13
0,0.19,-0.19,0.19
0,0.11,-0.11,0.11
2,0.21,1.79,1.79
0,0.27,-0.27,0.27
8,3.56,4.44,4.44
0,0.9,-0.9,0.9
0,2.17,-2.17,2.17
1,0.37,0.63,0.63
2,1.17,0.83,0.83
0,0.06,-0.06,0.06
1,0.52,0.48,0.48
0,0.05,-0.05,0.05
0,0.09,-0.09,0.09
0,1.36,-1.36,1.36
0,0.62,-0.62,0.62
3,0.9,2.1,2.1
0,0.08,-0.08,0.08
0,0.16,-0.16,0.16
15,17.43,-2.43,2.43
0,0.02,-0.02,0.02
0,0.07,-0.07,0.07
0,0.01,-0.01,0.01
0,0.0,-0.0,0.0
1,0.55,0.45,0.45
0,0.42,-0.42,0.42
0,0.74,-0.74,0.74
4,1.52,2.48,2.48
0,0.21,-0.21,0.21
0,0.21,-0.21,0.21
0,0.04,-0.04,0.04
2,0.48,1.52,1.52
5,2.12,2.88,2.88
0,0.25,-0.25,0.25
0,0.32,-0.32,0.32
2,2.55,-0.55,0.55
0,0.78,-0.78,0.78
0,1.2,-1.2,1.2
3,1.94,1.06,1.06
1,3.16,-2.16,2.16
0,0.03,-0.03,0.03
0,0.22,-0.22,0.22
1,1.01,-0.01,0.01
1,0.21,0.79,0.79
1,0.32,0.68,0.68
0,0.07,-0.07,0.07
0,0.26,-0.26,0.26
5,9.32,-4.32,4.32
0,0.0,0.0,0.0
0,0.15,-0.15,0.15
1,2.16,-1.16,1.16
0,1.0,-1.0,1.0
0,0.36,-0.36,0.36
1,2.47,-1.47,1.47
1,0.66,0.34,0.34
0,0.0,-0.0,0.0
1,1.02,-0.02,0.02
0,0.05,-0.05,0.05
1,0.45,0.55,0.55
0,0.0,0.0,0.0
2,0.26,1.74,1.74
0,0.32,-0.32,0.32
1,0.16,0.84,0.84
0,0.23,-0.23,0.23
0,0.38,-0.38,0.38
0,0.12,-0.12,0.12
1,0.69,0.31,0.31
1,4.79,-3.79,3.79
4,2.33,1.67,1.67
2,0.42,1.58,1.58
0,0.19,-0.19,0.19
0,0.0,-0.0,0.0
1,0.01,0.99,0.99
0,0.15,-0.15,0.15
0,0.01,-0.01,0.01
2,4.42,-2.42,2.42
0,0.16,-0.16,0.16
0,0.48,-0.48,0.48
0,1.48,-1.48,1.48
0,0.09,-0.09,0.09
1,0.58,0.42,0.42
0,0.36,-0.36,0.36
2,0.51,1.49,1.49
0,1.54,-1.54,1.54
0,0.0,0.0,0.0
2,2.04,-0.04,0.04
0,0.39,-0.39,0.39
1,0.6,0.4,0.4
0,0.21,-0.21,0.21
2,0.0,2.0,2.0
2,2.68,-0.68,0.68
4,3.33,0.67,0.67
0,0.2,-0.2,0.2
0,0.42,-0.42,0.42
2,1.57,0.43,0.43
0,0.04,-0.04,0.04
4,1.53,2.47,2.47
0,0.37,-0.37,0.37
3,3.47,-0.47,0.47
3,1.38,1.62,1.62
0,0.36,-0.36,0.36
0,0.19,-0.19,0.19
0,0.14,-0.14,0.14
1,0.39,0.61,0.61
1,2.35,-1.35,1.35
1,1.52,-0.52,0.52
0,0.0,0.0,0.0
0,0.13,-0.13,0.13
0,0.29,-0.29,0.29
1,2.13,-1.13,1.13
1,0.7,0.3,0.3
3,0.97,2.03,2.03
0,0.29,-0.29,0.29
14,11.2,2.8,2.8
1,4.52,-3.52,3.52
0,0.16,-0.16,0.16
0,0.34,-0.34,0.34
0,0.92,-0.92,0.92
0,0.0,0.0,0.0
0,0.26,-0.26,0.26
1,0.2,0.8,0.8
0,0.12,-0.12,0.12
0,2.32,-2.32,2.32
0,0.03,-0.03,0.03
1,2.21,-1.21,1.21
0,0.15,-0.15,0.15
0,0.43,-0.43,0.43
0,0.24,-0.24,0.24
0,0.29,-0.29,0.29
0,0.22,-0.22,0.22
0,0.17,-0.17,0.17
0,0.86,-0.86,0.86
0,0.03,-0.03,0.03
3,3.62,-0.62,0.62
0,1.63,-1.63,1.63
0,0.08,-0.08,0.08
4,2.49,1.51,1.51
0,0.06,-0.06,0.06
0,0.22,-0.22,0.22
0,0.4,-0.4,0.4
0,0.18,-0.18,0.18
0,0.21,-0.21,0.21
2,2.25,-0.25,0.25
0,0.9,-0.9,0.9
0,0.34,-0.34,0.34
1,0.58,0.42,0.42
0,0.2,-0.2,0.2
0,0.59,-0.59,0.59
0,1.88,-1.88,1.88
0,0.26,-0.26,0.26
0,0.12,-0.12,0.12
0,0.03,-0.03,0.03
0,0.02,-0.02,0.02
3,1.83,1.17,1.17
1,0.18,0.82,0.82
1,1.24,-0.24,0.24
1,0.22,0.78,0.78
0,0.17,-0.17,0.17
4,3.82,0.18,0.18
0,0.16,-0.16,0.16
0,0.97,-0.97,0.97
0,0.04,-0.04,0.04
0,0.13,-0.13,0.13
0,1.14,-1.14,1.14
0,0.39,-0.39,0.39
1,1.12,-0.12,0.12
0,1.78,-1.78,1.78
2,1.16,0.84,0.84
1,1.38,-0.38,0.38
1,0.89,0.11,0.11
0,0.58,-0.58,0.58
0,0.05,-0.05,0.05
0,0.05,-0.05,0.05
0,0.2,-0.2,0.2
1,0.27,0.73,0.73
0,0.05,-0.05,0.05
0,1.77,-1.77,1.77
0,0.85,-0.85,0.85
0,0.25,-0.25,0.25
0,0.11,-0.11,0.11
0,0.74,-0.74,0.74
0,0.0,0.0,0.0
1,1.42,-0.42,0.42
0,0.0,0.0,0.0
0,0.04,-0.04,0.04
2,1.04,0.96,0.96
0,0.19,-0.19,0.19
0,0.0,-0.0,0.0
0,0.0,0.0,0.0
0,0.29,-0.29,0.29
0,0.19,-0.19,0.19
0,1.05,-1.05,1.05
0,0.89,-0.89,0.89
1,2.03,-1.03,1.03
0,0.55,-0.55,0.55
3,2.73,0.27,0.27
0,0.06,-0.06,0.06
1,1.25,-0.25,0.25
0,0.18,-0.18,0.18
2,1.41,0.59,0.59
0,0.13,-0.13,0.13
0,0.0,0.0,0.0
1,0.6,0.4,0.4
0,0.0,0.0,0.0
2,1.23,0.77,0.77
0,0.31,-0.31,0.31
0,0.32,-0.32,0.32
5,2.19,2.81,2.81
1,0.16,0.84,0.84
0,0.07,-0.07,0.07
2,1.63,0.37,0.37
0,0.07,-0.07,0.07
0,0.44,-0.44,0.44
0,0.24,-0.24,0.24
0,0.05,-0.05,0.05
0,0.01,-0.01,0.01
0,0.01,-0.01,0.01
7,10.58,-3.58,3.58
0,0.13,-0.13,0.13
0,2.87,-2.87,2.87
1,1.53,-0.53,0.53
1,0.42,0.58,0.58
0,0.11,-0.11,0.11
2,0.74,1.26,1.26
1,0.31,0.69,0.69
0,0.43,-0.43,0.43
0,0.39,-0.39,0.39
0,0.07,-0.07,0.07
0,0.85,-0.85,0.85
0,0.02,-0.02,0.02
0,0.0,-0.0,0.0
0,0.06,-0.06,0.06
4,0.38,3.62,3.62
1,0.54,0.46,0.46
1,0.67,0.33,0.33
0,0.41,-0.41,0.41
1,0.15,0.85,0.85
0,0.01,-0.01,0.01
6,4.67,1.33,1.33
2,1.25,0.75,0.75
0,0.25,-0.25,0.25
0,0.41,-0.41,0.41
0,0.4,-0.4,0.4
10,13.95,-3.95,3.95
0,0.59,-0.59,0.59
0,0.28,-0.28,0.28
0,1.03,-1.03,1.03
0,0.25,-0.25,0.25
0,0.13,-0.13,0.13
12,6.21,5.79,5.79
0,0.24,-0.24,0.24
0,0.08,-0.08,0.08
0,0.09,-0.09,0.09
5,1.81,3.19,3.19
1,1.15,-0.15,0.15
0,0.02,-0.02,0.02
0,0.03,-0.03,0.03
0,0.38,-0.38,0.38
0,0.02,-0.02,0.02
1,0.77,0.23,0.23
0,0.26,-0.26,0.26
0,0.11,-0.11,0.11
0,0.2,-0.2,0.2
0,0.38,-0.38,0.38
0,0.18,-0.18,0.18
0,0.19,-0.19,0.19
0,2.35,-2.35,2.35
2,9.63,-7.63,7.63
0,0.05,-0.05,0.05
5,4.48,0.52,0.52
6,2.7,3.3,3.3
0,0.46,-0.46,0.46
3,0.43,2.57,2.57
0,0.01,-0.01,0.01
0,0.25,-0.25,0.25
1,1.23,-0.23,0.23
7,3.03,3.97,3.97
0,0.07,-0.07,0.07
0,0.16,-0.16,0.16
1,0.04,0.96,0.96
0,0.02,-0.02,0.02
0,0.88,-0.88,0.88
0,0.23,-0.23,0.23
0,0.26,-0.26,0.26
25,12.21,12.79,12.79
0,0.62,-0.62,0.62
0,0.01,-0.01,0.01
1,0.23,0.77,0.77
1,0.34,0.66,0.66
6,10.98,-4.98,4.98
0,0.42,-0.42,0.42
0,0.41,-0.41,0.41
0,0.47,-0.47,0.47
0,0.1,-0.1,0.1
0,1.6,-1.6,1.6
0,0.11,-0.11,0.11
0,0.22,-0.22,0.22
0,0.08,-0.08,0.08
0,0.24,-0.24,0.24
0,0.05,-0.05,0.05
1,0.86,0.14,0.14
0,0.05,-0.05,0.05
2,1.11,0.89,0.89
4,1.53,2.47,2.47
1,0.67,0.33,0.33
8,3.23,4.77,4.77
0,0.7,-0.7,0.7
0,0.09,-0.09,0.09
0,0.03,-0.03,0.03
2,1.34,0.66,0.66
0,0.08,-0.08,0.08
0,0.18,-0.18,0.18
1,0.26,0.74,0.74
0,0.42,-0.42,0.42
0,0.22,-0.22,0.22
0,0.22,-0.22,0.22
1,0.01,0.99,0.99
5,3.44,1.56,1.56
0,1.13,-1.13,1.13
2,0.5,1.5,1.5
1,0.15,0.85,0.85
1,0.11,0.89,0.89
1,0.51,0.49,0.49
0,0.02,-0.02,0.02
0,0.83,-0.83,0.83
1,0.22,0.78,0.78
2,1.37,0.63,0.63
0,0.01,-0.01,0.01
0,0.04,-0.04,0.04
1,0.23,0.77,0.77
0,0.02,-0.02,0.02
0,0.06,-0.06,0.06
1,1.77,-0.77,0.77
0,0.0,-0.0,0.0
0,0.47,-0.47,0.47
0,1.09,-1.09,1.09
0,0.24,-0.24,0.24
1,0.83,0.17,0.17
2,0.5,1.5,1.5
0,2.09,-2.09,2.09
0,0.17,-0.17,0.17
2,1.03,0.97,0.97
0,0.64,-0.64,0.64
0,0.29,-0.29,0.29
2,0.82,1.18,1.18
0,0.92,-0.92,0.92
2,1.25,0.75,0.75
6,0.93,5.07,5.07
6,1.22,4.78,4.78
0,0.07,-0.07,0.07
0,0.11,-0.11,0.11
0,0.17,-0.17,0.17
10,4.71,5.29,5.29
0,0.01,-0.01,0.01
1,2.81,-1.81,1.81
4,1.39,2.61,2.61
0,0.23,-0.23,0.23
0,0.06,-0.06,0.06
9,3.19,5.81,5.81
1,1.72,-0.72,0.72
1,0.16,0.84,0.84
0,0.85,-0.85,0.85
1,0.45,0.55,0.55
3,0.96,2.04,2.04
0,0.08,-0.08,0.08
0,0.21,-0.21,0.21
0,0.15,-0.15,0.15
0,0.18,-0.18,0.18
0,0.19,-0.19,0.19
0,0.62,-0.62,0.62
0,1.37,-1.37,1.37
0,1.97,-1.97,1.97
0,0.08,-0.08,0.08
0,0.5,-0.5,0.5
0,0.56,-0.56,0.56
0,0.05,-0.05,0.05
0,0.84,-0.84,0.84
0,0.23,-0.23,0.23
0,0.2,-0.2,0.2
0,0.01,-0.01,0.01
0,0.97,-0.97,0.97
0,0.01,-0.01,0.01
6,3.69,2.31,2.31
0,0.71,-0.71,0.71
1,0.85,0.15,0.15
0,1.3,-1.3,1.3
0,0.18,-0.18,0.18
5,1.82,3.18,3.18
1,0.21,0.79,0.79
0,0.01,-0.01,0.01
0,0.21,-0.21,0.21
6,2.52,3.48,3.48
3,2.09,0.91,0.91
0,0.15,-0.15,0.15
1,3.74,-2.74,2.74
4,1.87,2.13,2.13
0,0.27,-0.27,0.27
1,0.94,0.06,0.06
1,1.47,-0.47,0.47
3,1.87,1.13,1.13
4,2.92,1.08,1.08
1,0.16,0.84,0.84
3,1.56,1.44,1.44
0,1.04,-1.04,1.04
0,0.07,-0.07,0.07
7,5.25,1.75,1.75
0,0.02,-0.02,0.02
1,3.84,-2.84,2.84
0,1.61,-1.61,1.61
1,0.74,0.26,0.26
0,0.21,-0.21,0.21
3,0.71,2.29,2.29
1,0.62,0.38,0.38
0,0.01,-0.01,0.01
0,0.81,-0.81,0.81
0,0.4,-0.4,0.4
0,0.16,-0.16,0.16
1,0.17,0.83,0.83
0,2.27,-2.27,2.27
0,0.06,-0.06,0.06
2,1.86,0.14,0.14
0,0.8,-0.8,0.8
5,4.66,0.34,0.34
1,0.83,0.17,0.17
1,0.2,0.8,0.8
0,0.32,-0.32,0.32
0,0.16,-0.16,0.16
0,0.02,-0.02,0.02
0,0.21,-0.21,0.21
0,0.04,-0.04,0.04
0,0.17,-0.17,0.17
1,0.05,0.95,0.95
0,2.19,-2.19,2.19
5,1.34,3.66,3.66
0,0.01,-0.01,0.01
0,0.02,-0.02,0.02
5,2.8,2.2,2.2
0,0.34,-0.34,0.34
1,0.64,0.36,0.36
5,3.1,1.9,1.9
1,0.25,0.75,0.75
0,1.5,-1.5,1.5
0,0.06,-0.06,0.06
0,0.09,-0.09,0.09
0,0.04,-0.04,0.04
9,3.01,5.99,5.99
4,1.47,2.53,2.53
3,0.74,2.26,2.26
0,1.39,-1.39,1.39
1,1.7,-0.7,0.7
1,1.4,-0.4,0.4
1,0.31,0.69,0.69
1,0.26,0.74,0.74
0,0.69,-0.69,0.69
6,1.49,4.51,4.51
0,0.23,-0.23,0.23
0,0.46,-0.46,0.46
0,0.19,-0.19,0.19
3,0.85,2.15,2.15
1,0.82,0.18,0.18
4,2.05,1.95,1.95
10,2.56,7.44,7.44
2,2.36,-0.36,0.36
0,0.01,-0.01,0.01
0,0.42,-0.42,0.42
1,2.65,-1.65,1.65
0,0.02,-0.02,0.02
1,2.57,-1.57,1.57
0,0.2,-0.2,0.2
0,0.17,-0.17,0.17
0,0.05,-0.05,0.05
0,3.75,-3.75,3.75
3,1.13,1.87,1.87
0,0.01,-0.01,0.01
3,3.46,-0.46,0.46
1,0.32,0.68,0.68
1,0.59,0.41,0.41
14,15.65,-1.65,1.65
0,0.12,-0.12,0.12
6,3.9,2.1,2.1
0,0.06,-0.06,0.06
4,1.24,2.76,2.76
2,1.78,0.22,0.22
1,1.9,-0.9,0.9
0,0.24,-0.24,0.24
0,0.68,-0.68,0.68
0,0.01,-0.01,0.01
0,0.11,-0.11,0.11
1,0.43,0.57,0.57
1,0.33,0.67,0.67
1,0.26,0.74,0.74
0,1.53,-1.53,1.53
0,0.12,-0.12,0.12
0,0.26,-0.26,0.26
0,0.52,-0.52,0.52
0,0.09,-0.09,0.09
8,2.31,5.69,5.69
1,0.35,0.65,0.65
0,0.37,-0.37,0.37
1,0.25,0.75,0.75
0,0.4,-0.4,0.4
0,0.18,-0.18,0.18
1,0.32,0.68,0.68
0,0.02,-0.02,0.02
3,2.85,0.15,0.15
0,1.1,-1.1,1.1
1,1.24,-0.24,0.24
0,0.23,-0.23,0.23
1,1.63,-0.63,0.63
0,0.23,-0.23,0.23
0,0.25,-0.25,0.25
0,0.04,-0.04,0.04
1,1.7,-0.7,0.7
3,0.45,2.55,2.55
0,0.96,-0.96,0.96
3,2.12,0.88,0.88
0,0.26,-0.26,0.26
0,0.19,-0.19,0.19
0,1.32,-1.32,1.32
0,0.17,-0.17,0.17
0,0.01,-0.01,0.01
0,0.6,-0.6,0.6
9,11.91,-2.91,2.91
1,1.5,-0.5,0.5
0,0.13,-0.13,0.13
0,0.83,-0.83,0.83
0,0.1,-0.1,0.1
1,0.25,0.75,0.75
1,1.04,-0.04,0.04
0,0.6,-0.6,0.6
0,0.43,-0.43,0.43
2,0.81,1.19,1.19
0,0.6,-0.6,0.6
1,0.65,0.35,0.35
0,2.5,-2.5,2.5
0,0.18,-0.18,0.18
1,0.51,0.49,0.49
0,0.03,-0.03,0.03
0,0.03,-0.03,0.03
0,0.05,-0.05,0.05
3,0.81,2.19,2.19
0,0.03,-0.03,0.03
2,1.41,0.59,0.59
0,0.24,-0.24,0.24
0,0.08,-0.08,0.08
0,1.18,-1.18,1.18
2,0.41,1.59,1.59
0,1.68,-1.68,1.68
0,0.09,-0.09,0.09
0,0.08,-0.08,0.08
0,0.12,-0.12,0.12
0,0.15,-0.15,0.15
4,1.2,2.8,2.8
0,1.56,-1.56,1.56
0,0.29,-0.29,0.29
0,0.25,-0.25,0.25
0,0.18,-0.18,0.18
0,0.08,-0.08,0.08
0,0.91,-0.91,0.91
0,0.24,-0.24,0.24
8,2.5,5.5,5.5
1,2.98,-1.98,1.98
0,0.19,-0.19,0.19
14,15.6,-1.6,1.6
0,0.06,-0.06,0.06
0,1.07,-1.07,1.07
2,1.5,0.5,0.5
0,1.31,-1.31,1.31
0,0.01,-0.01,0.01
3,0.52,2.48,2.48
0,0.4,-0.4,0.4
1,1.11,-0.11,0.11
1,0.23,0.77,0.77
2,0.5,1.5,1.5
0,0.01,-0.01,0.01
0,0.15,-0.15,0.15
0,0.11,-0.11,0.11
0,0.05,-0.05,0.05
0,0.37,-0.37,0.37
0,0.02,-0.02,0.02
4,1.34,2.66,2.66
3,3.02,-0.02,0.02
9,3.41,5.59,5.59
2,0.88,1.12,1.12
0,0.57,-0.57,0.57
0,1.53,-1.53,1.53
0,0.07,-0.07,0.07
0,0.19,-0.19,0.19
0,0.25,-0.25,0.25
4,2.89,1.11,1.11
0,0.07,-0.07,0.07
0,0.1,-0.1,0.1
0,0.5,-0.5,0.5
0,0.01,-0.01,0.01
0,0.04,-0.04,0.04
1,1.45,-0.45,0.45
1,1.73,-0.73,0.73
3,1.43,1.57,1.57
0,1.82,-1.82,1.82
13,5.83,7.17,7.17
0,0.1,-0.1,0.1
1,0.23,0.77,0.77
0,0.27,-0.27,0.27
0,0.08,-0.08,0.08
1,0.6,0.4,0.4
0,0.31,-0.31,0.31
1,2.68,-1.68,1.68
0,0.06,-0.06,0.06
0,0.0,-0.0,0.0
0,0.01,-0.01,0.01
0,0.3,-0.3,0.3
0,1.79,-1.79,1.79
0,0.07,-0.07,0.07
0,0.07,-0.07,0.07
1,0.43,0.57,0.57
0,0.22,-0.22,0.22
1,0.22,0.78,0.78
1,1.38,-0.38,0.38
0,1.4,-1.4,1.4
0,1.47,-1.47,1.47
0,0.81,-0.81,0.81
0,0.07,-0.07,0.07
4,2.68,1.32,1.32
0,0.01,-0.01,0.01
0,0.61,-0.61,0.61
0,0.01,-0.01,0.01
0,0.31,-0.31,0.31
2,2.01,-0.01,0.01
0,0.43,-0.43,0.43
0,1.76,-1.76,1.76
0,0.25,-0.25,0.25
0,0.13,-0.13,0.13
0,0.57,-0.57,0.57
2,1.81,0.19,0.19
0,0.12,-0.12,0.12
1,0.51,0.49,0.49
1,0.28,0.72,0.72
0,0.05,-0.05,0.05
0,0.57,-0.57,0.57
0,0.23,-0.23,0.23
0,0.15,-0.15,0.15
3,1.19,1.81,1.81
6,6.82,-0.82,0.82
0,0.1,-0.1,0.1
1,1.94,-0.94,0.94
2,1.24,0.76,0.76
0,0.02,-0.02,0.02
0,0.12,-0.12,0.12
0,0.01,-0.01,0.01
1,0.38,0.62,0.62
0,0.04,-0.04,0.04
0,0.14,-0.14,0.14
0,0.18,-0.18,0.18
0,0.62,-0.62,0.62
0,2.92,-2.92,2.92
0,0.2,-0.2,0.2
3,1.44,1.56,1.56
0,0.91,-0.91,0.91
18,16.95,1.05,1.05
1,0.1,0.9,0.9
0,0.31,-0.31,0.31
0,4.47,-4.47,4.47
0,0.01,-0.01,0.01
0,1.09,-1.09,1.09
0,0.1,-0.1,0.1
0,0.12,-0.12,0.12
0,0.01,-0.01,0.01
0,0.04,-0.04,0.04
1,2.12,-1.12,1.12
4,4.47,-0.47,0.47
0,0.14,-0.14,0.14
0,0.25,-0.25,0.25
1,0.68,0.32,0.32
2,2.03,-0.03,0.03
0,0.2,-0.2,0.2
0,0.28,-0.28,0.28
1,2.31,-1.31,1.31
0,0.08,-0.08,0.08
0,0.16,-0.16,0.16
0,0.02,-0.02,0.02
0,0.06,-0.06,0.06
0,0.38,-0.38,0.38
2,1.87,0.13,0.13
0,0.76,-0.76,0.76
0,0.13,-0.13,0.13
0,0.07,-0.07,0.07
0,0.44,-0.44,0.44
2,0.57,1.43,1.43
0,0.02,-0.02,0.02
5,3.89,1.11,1.11
1,0.91,0.09,0.09
0,0.39,-0.39,0.39
3,0.83,2.17,2.17
0,0.31,-0.31,0.31
0,0.03,-0.03,0.03
0,0.78,-0.78,0.78
1,0.22,0.78,0.78
2,4.35,-2.35,2.35
1,0.51,0.49,0.49
1,1.66,-0.66,0.66
1,0.32,0.68,0.68
0,0.22,-0.22,0.22
4,5.75,-1.75,1.75
0,0.25,-0.25,0.25
0,0.31,-0.31,0.31
1,0.17,0.83,0.83
0,1.1,-1.1,1.1
3,2.92,0.08,0.08
0,0.04,-0.04,0.04
1,0.55,0.45,0.45
0,0.12,-0.12,0.12
4,2.22,1.78,1.78
0,2.6,-2.6,2.6
11,17.32,-6.32,6.32
3,2.33,0.67,0.67
6,7.13,-1.13,1.13
2,0.98,1.02,1.02
1,3.18,-2.18,2.18
0,0.6,-0.6,0.6
1,0.71,0.29,0.29
2,1.96,0.04,0.04
1,0.47,0.53,0.53
4,4.99,-0.99,0.99
1,1.29,-0.29,0.29
1,0.11,0.89,0.89
0,0.03,-0.03,0.03
0,0.27,-0.27,0.27
13,6.93,6.07,6.07
0,0.11,-0.11,0.11
1,3.4,-2.4,2.4
2,0.52,1.48,1.48
0,0.22,-0.22,0.22
2,1.73,0.27,0.27
0,0.23,-0.23,0.23
2,0.21,1.79,1.79
3,1.73,1.27,1.27
0,0.68,-0.68,0.68
3,11.15,-8.15,8.15
0,0.15,-0.15,0.15
2,1.41,0.59,0.59
0,0.65,-0.65,0.65
0,1.86,-1.86,1.86
2,1.16,0.84,0.84
0,0.33,-0.33,0.33
4,2.81,1.19,1.19
0,0.1,-0.1,0.1
10,5.43,4.57,4.57
1,0.87,0.13,0.13
2,0.44,1.56,1.56
1,1.31,-0.31,0.31
0,1.27,-1.27,1.27
0,0.09,-0.09,0.09
0,0.17,-0.17,0.17
0,0.02,-0.02,0.02
7,3.18,3.82,3.82
1,0.35,0.65,0.65
1,0.32,0.68,0.68
0,0.08,-0.08,0.08
0,0.04,-0.04,0.04
1,0.56,0.44,0.44
2,1.01,0.99,0.99
2,3.28,-1.28,1.28
0,0.37,-0.37,0.37
1,0.22,0.78,0.78
2,1.7,0.3,0.3
0,0.21,-0.21,0.21
0,0.29,-0.29,0.29
0,0.2,-0.2,0.2
0,0.2,-0.2,0.2
0,0.37,-0.37,0.37
0,0.39,-0.39,0.39
3,0.68,2.32,2.32
0,0.21,-0.21,0.21
0,0.2,-0.2,0.2
0,0.1,-0.1,0.1
0,0.43,-0.43,0.43
0,1.1,-1.1,1.1
2,1.86,0.14,0.14
2,2.07,-0.07,0.07
0,0.19,-0.19,0.19
0,0.06,-0.06,0.06
1,0.93,0.07,0.07
0,0.55,-0.55,0.55
0,0.69,-0.69,0.69
0,0.18,-0.18,0.18
0,0.59,-0.59,0.59
0,0.97,-0.97,0.97
2,0.53,1.47,1.47
11,8.04,2.96,2.96
0,0.03,-0.03,0.03
0,0.62,-0.62,0.62
1,0.33,0.67,0.67
1,0.3,0.7,0.7
4,5.64,-1.64,1.64
1,0.59,0.41,0.41
2,1.64,0.36,0.36
0,0.38,-0.38,0.38
2,0.87,1.13,1.13
0,0.27,-0.27,0.27
15,20.25,-5.25,5.25
0,0.13,-0.13,0.13
4,15.37,-11.37,11.37
0,0.04,-0.04,0.04
0,0.09,-0.09,0.09
0,0.06,-0.06,0.06
3,0.5,2.5,2.5
4,0.97,3.03,3.03
5,2.57,2.43,2.43
0,3.86,-3.86,3.86
0,0.07,-0.07,0.07
0,0.21,-0.21,0.21
3,1.6,1.4,1.4
1,0.57,0.43,0.43
4,4.26,-0.26,0.26
23,9.29,13.71,13.71
2,0.68,1.32,1.32
0,0.68,-0.68,0.68
2,0.48,1.52,1.52
0,0.22,-0.22,0.22
0,0.35,-0.35,0.35
21,15.64,5.36,5.36
0,0.07,-0.07,0.07
1,0.9,0.1,0.1
1,0.89,0.11,0.11
0,0.31,-0.31,0.31
0,0.66,-0.66,0.66
2,0.69,1.31,1.31
0,0.14,-0.14,0.14
0,0.03,-0.03,0.03
0,0.29,-0.29,0.29
0,0.08,-0.08,0.08
1,1.48,-0.48,0.48
0,0.13,-0.13,0.13
0,0.87,-0.87,0.87
0,0.17,-0.17,0.17
9,3.7,5.3,5.3
2,2.75,-0.75,0.75
5,7.2,-2.2,2.2
0,0.44,-0.44,0.44
0,0.26,-0.26,0.26
1,0.31,0.69,0.69
1,1.04,-0.04,0.04
0,0.33,-0.33,0.33
1,0.55,0.45,0.45
1,3.81,-2.81,2.81
1,1.7,-0.7,0.7
2,1.75,0.25,0.25
0,0.72,-0.72,0.72
3,2.67,0.33,0.33
1,0.1,0.9,0.9
0,0.08,-0.08,0.08
0,0.32,-0.32,0.32
0,1.59,-1.59,1.59
0,0.28,-0.28,0.28
0,0.03,-0.03,0.03
0,0.26,-0.26,0.26
3,2.59,0.41,0.41
0,0.24,-0.24,0.24
0,0.09,-0.09,0.09
2,4.35,-2.35,2.35
0,0.13,-0.13,0.13
2,0.34,1.66,1.66
0,0.34,-0.34,0.34
1,1.86,-0.86,0.86
3,1.77,1.23,1.23
10,5.23,4.77,4.77
0,1.28,-1.28,1.28
2,0.8,1.2,1.2
0,0.39,-0.39,0.39
0,0.9,-0.9,0.9
0,0.1,-0.1,0.1
1,0.36,0.64,0.64
0,0.45,-0.45,0.45
2,3.86,-1.86,1.86
6,4.0,2.0,2.0
1,1.1,-0.1,0.1
11,6.77,4.23,4.23
2,1.86,0.14,0.14
3,1.16,1.84,1.84
0,0.06,-0.06,0.06
3,3.48,-0.48,0.48
0,0.11,-0.11,0.11
0,0.1,-0.1,0.1
1,0.21,0.79,0.79
0,2.53,-2.53,2.53
5,5.63,-0.63,0.63
0,0.03,-0.03,0.03
6,5.19,0.81,0.81
0,0.83,-0.83,0.83
1,1.33,-0.33,0.33
6,2.58,3.42,3.42
5,2.03,2.97,2.97
0,0.31,-0.31,0.31
3,1.03,1.97,1.97
0,1.39,-1.39,1.39
0,0.56,-0.56,0.56
3,1.73,1.27,1.27
0,0.04,-0.04,0.04
0,0.06,-0.06,0.06
0,0.13,-0.13,0.13
0,0.22,-0.22,0.22
0,0.1,-0.1,0.1
5,3.55,1.45,1.45
0,1.04,-1.04,1.04
0,0.46,-0.46,0.46
0,0.13,-0.13,0.13
10,6.84,3.16,3.16
0,0.09,-0.09,0.09
0,0.03,-0.03,0.03
0,0.2,-0.2,0.2
5,9.62,-4.62,4.62
1,0.13,0.87,0.87
0,0.9,-0.9,0.9
2,1.06,0.94,0.94
0,0.52,-0.52,0.52
0,0.57,-0.57,0.57
1,1.25,-0.25,0.25
1,0.61,0.39,0.39
1,1.57,-0.57,0.57
0,0.05,-0.05,0.05
1,0.52,0.48,0.48
1,2.46,-1.46,1.46
0,1.58,-1.58,1.58
0,0.15,-0.15,0.15
0,0.72,-0.72,0.72
7,3.22,3.78,3.78
0,0.08,-0.08,0.08
1,1.06,-0.06,0.06
4,2.59,1.41,1.41
1,4.8,-3.8,3.8
0,0.2,-0.2,0.2
1,1.58,-0.58,0.58
0,0.08,-0.08,0.08
1,3.06,-2.06,2.06
2,2.09,-0.09,0.09
1,0.66,0.34,0.34
1,3.52,-2.52,2.52
3,2.11,0.89,0.89
1,0.69,0.31,0.31
3,1.97,1.03,1.03
0,0.47,-0.47,0.47
1,0.37,0.63,0.63
0,0.28,-0.28,0.28
0,0.34,-0.34,0.34
0,0.3,-0.3,0.3
2,0.7,1.3,1.3
1,2.89,-1.89,1.89
0,0.05,-0.05,0.05
0,0.21,-0.21,0.21
0,0.07,-0.07,0.07
1,0.14,0.86,0.86
1,0.88,0.12,0.12
1,1.19,-0.19,0.19
0,0.21,-0.21,0.21
5,4.16,0.84,0.84
2,1.56,0.44,0.44
0,0.24,-0.24,0.24
0,0.3,-0.3,0.3
3,0.29,2.71,2.71
14,7.98,6.02,6.02
1,2.34,-1.34,1.34
0,0.9,-0.9,0.9
0,0.25,-0.25,0.25
4,1.53,2.47,2.47
0,0.03,-0.03,0.03
0,0.28,-0.28,0.28
0,0.36,-0.36,0.36
0,0.26,-0.26,0.26
1,1.19,-0.19,0.19
0,0.27,-0.27,0.27
0,0.16,-0.16,0.16
3,4.49,-1.49,1.49
4,3.73,0.27,0.27
0,0.04,-0.04,0.04
0,0.79,-0.79,0.79
0,1.1,-1.1,1.1
0,0.07,-0.07,0.07
0,0.07,-0.07,0.07
2,1.12,0.88,0.88
0,0.11,-0.11,0.11
18,5.17,12.83,12.83
4,3.5,0.5,0.5
4,2.29,1.71,1.71
2,2.36,-0.36,0.36
1,0.72,0.28,0.28
0,0.23,-0.23,0.23
4,2.43,1.57,1.57
0,0.98,-0.98,0.98
0,1.84,-1.84,1.84
2,1.57,0.43,0.43
3,1.45,1.55,1.55
1,0.67,0.33,0.33
0,0.28,-0.28,0.28
0,0.14,-0.14,0.14
0,0.1,-0.1,0.1
0,0.07,-0.07,0.07
0,0.36,-0.36,0.36
0,0.24,-0.24,0.24
0,0.05,-0.05,0.05
8,8.29,-0.29,0.29
3,2.58,0.42,0.42
0,0.49,-0.49,0.49
1,0.26,0.74,0.74
2,3.52,-1.52,1.52
0,0.66,-0.66,0.66
0,1.95,-1.95,1.95
0,0.39,-0.39,0.39
0,0.24,-0.24,0.24
1,1.29,-0.29,0.29
2,5.22,-3.22,3.22
0,0.02,-0.02,0.02
0,0.03,-0.03,0.03
0,0.66,-0.66,0.66
0,0.07,-0.07,0.07
2,0.98,1.02,1.02
0,0.2,-0.2,0.2
0,0.97,-0.97,0.97
0,0.08,-0.08,0.08
0,0.04,-0.04,0.04
0,0.03,-0.03,0.03
0,0.1,-0.1,0.1
0,0.07,-0.07,0.07
0,0.05,-0.05,0.05
6,7.27,-1.27,1.27
0,0.03,-0.03,0.03
0,6.22,-6.22,6.22
0,0.04,-0.04,0.04
0,0.65,-0.65,0.65
4,2.87,1.13,1.13
1,0.67,0.33,0.33
0,0.32,-0.32,0.32
1,1.02,-0.02,0.02
0,0.24,-0.24,0.24
1,0.28,0.72,0.72
2,0.89,1.11,1.11
0,0.11,-0.11,0.11
0,1.93,-1.93,1.93
0,1.05,-1.05,1.05
1,0.52,0.48,0.48
3,1.46,1.54,1.54
0,2.35,-2.35,2.35
24,21.18,2.82,2.82
0,0.15,-0.15,0.15
0,0.14,-0.14,0.14
0,0.92,-0.92,0.92
0,0.07,-0.07,0.07
0,0.18,-0.18,0.18
0,0.27,-0.27,0.27
0,0.15,-0.15,0.15
0,0.03,-0.03,0.03
0,0.11,-0.11,0.11
7,11.41,-4.41,4.41
0,0.03,-0.03,0.03
0,0.31,-0.31,0.31
0,0.08,-0.08,0.08
0,0.14,-0.14,0.14
0,0.27,-0.27,0.27
0,1.2,-1.2,1.2
3,1.68,1.32,1.32
0,0.14,-0.14,0.14
1,0.95,0.05,0.05
0,0.24,-0.24,0.24
0,0.06,-0.06,0.06
1,2.3,-1.3,1.3
2,1.26,0.74,0.74
0,0.18,-0.18,0.18
3,1.89,1.11,1.11
1,0.13,0.87,0.87
1,6.01,-5.01,5.01
7,5.41,1.59,1.59
0,0.03,-0.03,0.03
0,0.02,-0.02,0.02
7,14.7,-7.7,7.7
0,0.02,-0.02,0.02
8,0.51,7.49,7.49
0,0.53,-0.53,0.53
0,0.15,-0.15,0.15
0,0.24,-0.24,0.24
0,0.64,-0.64,0.64
0,0.41,-0.41,0.41
1,0.23,0.77,0.77
23,20.04,2.96,2.96
1,0.88,0.12,0.12
3,1.79,1.21,1.21
0,0.06,-0.06,0.06
0,0.02,-0.02,0.02
4,5.95,-1.95,1.95
0,3.1,-3.1,3.1
11,10.42,0.58,0.58
0,0.34,-0.34,0.34
0,0.11,-0.11,0.11
1,0.87,0.13,0.13
0,0.98,-0.98,0.98
0,0.32,-0.32,0.32
1,0.15,0.85,0.85
0,0.05,-0.05,0.05
0,1.09,-1.09,1.09
0,0.18,-0.18,0.18
0,0.26,-0.26,0.26
0,0.32,-0.32,0.32
1,0.76,0.24,0.24
4,2.04,1.96,1.96
6,4.66,1.34,1.34
0,0.07,-0.07,0.07
0,0.23,-0.23,0.23
0,0.21,-0.21,0.21
0,0.31,-0.31,0.31
0,0.06,-0.06,0.06
0,0.05,-0.05,0.05
2,3.65,-1.65,1.65
1,2.1,-1.1,1.1
0,0.25,-0.25,0.25
0,0.73,-0.73,0.73
3,2.33,0.67,0.67
0,1.69,-1.69,1.69
0,0.05,-0.05,0.05
13,7.33,5.67,5.67
0,0.19,-0.19,0.19
0,0.49,-0.49,0.49
0,0.02,-0.02,0.02
0,0.05,-0.05,0.05
2,1.22,0.78,0.78
0,0.34,-0.34,0.34
0,0.26,-0.26,0.26
1,0.18,0.82,0.82
0,0.2,-0.2,0.2
1,5.7,-4.7,4.7
2,0.68,1.32,1.32
0,0.18,-0.18,0.18
0,0.96,-0.96,0.96
0,0.17,-0.17,0.17
1,0.65,0.35,0.35
0,0.73,-0.73,0.73
0,0.22,-0.22,0.22
0,0.77,-0.77,0.77
0,0.03,-0.03,0.03
0,0.04,-0.04,0.04
2,1.37,0.63,0.63
3,1.23,1.77,1.77
2,0.72,1.28,1.28
3,0.6,2.4,2.4
0,0.29,-0.29,0.29
0,0.22,-0.22,0.22
2,2.8,-0.8,0.8
0,0.48,-0.48,0.48
3,2.44,0.56,0.56
0,0.19,-0.19,0.19
2,0.39,1.61,1.61
1,2.05,-1.05,1.05
2,0.79,1.21,1.21
0,0.18,-0.18,0.18
0,0.29,-0.29,0.29
7,13.72,-6.72,6.72
0,0.17,-0.17,0.17
1,1.72,-0.72,0.72
0,0.07,-0.07,0.07
1,1.17,-0.17,0.17
0,0.15,-0.15,0.15
0,0.58,-0.58,0.58
0,0.96,-0.96,0.96
2,1.8,0.2,0.2
0,0.15,-0.15,0.15
0,0.41,-0.41,0.41
0,0.79,-0.79,0.79
0,0.57,-0.57,0.57
0,0.17,-0.17,0.17
2,1.8,0.2,0.2
0,0.06,-0.06,0.06
2,0.31,1.69,1.69
0,0.14,-0.14,0.14
4,4.05,-0.05,0.05
2,0.34,1.66,1.66
0,0.02,-0.02,0.02
0,0.03,-0.03,0.03
2,0.76,1.24,1.24
0,1.12,-1.12,1.12
2,0.26,1.74,1.74
12,5.97,6.03,6.03
2,0.29,1.71,1.71
0,1.82,-1.82,1.82
0,0.25,-0.25,0.25
3,2.95,0.05,0.05
0,0.04,-0.04,0.04
0,1.01,-1.01,1.01
0,0.04,-0.04,0.04
5,8.17,-3.17,3.17
0,0.31,-0.31,0.31
3,1.94,1.06,1.06
0,0.18,-0.18,0.18
4,2.49,1.51,1.51
0,0.05,-0.05,0.05
0,0.08,-0.08,0.08
4,6.66,-2.66,2.66
2,3.36,-1.36,1.36
0,0.07,-0.07,0.07
33,33.44,-0.44,0.44
3,1.62,1.38,1.38
1,0.31,0.69,0.69
20,18.71,1.29,1.29
2,1.15,0.85,0.85
2,4.54,-2.54,2.54
1,0.27,0.73,0.73
2,3.19,-1.19,1.19
2,2.43,-0.43,0.43
0,0.08,-0.08,0.08
2,1.96,0.04,0.04
2,1.56,0.44,0.44
4,1.14,2.86,2.86
2,0.4,1.6,1.6
0,1.89,-1.89,1.89
0,0.09,-0.09,0.09
0,0.03,-0.03,0.03
0,0.26,-0.26,0.26
0,1.03,-1.03,1.03
6,5.04,0.96,0.96
0,0.02,-0.02,0.02
0,0.05,-0.05,0.05
1,0.93,0.07,0.07
0,0.05,-0.05,0.05
0,1.03,-1.03,1.03
0,0.07,-0.07,0.07
0,0.23,-0.23,0.23
2,1.24,0.76,0.76
1,2.17,-1.17,1.17
2,0.3,1.7,1.7
1,0.42,0.58,0.58
1,2.81,-1.81,1.81
0,5.75,-5.75,5.75
1,1.69,-0.69,0.69
0,0.08,-0.08,0.08
0,0.26,-0.26,0.26
0,0.12,-0.12,0.12
0,1.47,-1.47,1.47
20,19.19,0.81,0.81
0,0.11,-0.11,0.11
1,2.03,-1.03,1.03
0,0.07,-0.07,0.07
0,0.02,-0.02,0.02
0,0.29,-0.29,0.29
0,0.05,-0.05,0.05
0,0.57,-0.57,0.57
0,0.31,-0.31,0.31
0,0.27,-0.27,0.27
1,0.58,0.42,0.42
0,0.19,-0.19,0.19
0,1.0,-1.0,1.0
3,1.39,1.61,1.61
3,3.39,-0.39,0.39
2,0.83,1.17,1.17
1,3.53,-2.53,2.53
3,2.13,0.87,0.87
0,0.02,-0.02,0.02
4,4.47,-0.47,0.47
2,3.02,-1.02,1.02
2,4.8,-2.8,2.8
0,1.9,-1.9,1.9
2,0.29,1.71,1.71
6,1.8,4.2,4.2
0,1.64,-1.64,1.64
0,0.09,-0.09,0.09
0,1.28,-1.28,1.28
4,2.29,1.71,1.71
0,0.07,-0.07,0.07
0,0.63,-0.63,0.63
0,0.15,-0.15,0.15
0,0.43,-0.43,0.43
0,0.9,-0.9,0.9
2,2.32,-0.32,0.32
0,10.24,-10.24,10.24
2,1.63,0.37,0.37
1,0.97,0.03,0.03
1,1.43,-0.43,0.43
2,2.06,-0.06,0.06
0,0.17,-0.17,0.17
0,0.05,-0.05,0.05
0,0.66,-0.66,0.66
92,37.11,54.89,54.89
1,0.91,0.09,0.09
0,0.71,-0.71,0.71
0,0.21,-0.21,0.21
1,0.06,0.94,0.94
0,0.2,-0.2,0.2
2,0.82,1.18,1.18
0,0.88,-0.88,0.88
0,0.06,-0.06,0.06
0,0.09,-0.09,0.09
3,2.45,0.55,0.55
0,0.71,-0.71,0.71
1,0.92,0.08,0.08
1,0.37,0.63,0.63
1,1.14,-0.14,0.14
2,0.63,1.37,1.37
0,0.24,-0.24,0.24
0,0.01,-0.01,0.01
0,0.19,-0.19,0.19
0,0.06,-0.06,0.06
0,0.15,-0.15,0.15
0,0.25,-0.25,0.25
1,1.22,-0.22,0.22
0,0.02,-0.02,0.02
0,0.11,-0.11,0.11
5,1.35,3.65,3.65
0,0.62,-0.62,0.62
0,0.03,-0.03,0.03
1,0.8,0.2,0.2
2,2.36,-0.36,0.36
5,1.79,3.21,3.21
0,0.56,-0.56,0.56
0,0.25,-0.25,0.25
0,0.27,-0.27,0.27
7,2.29,4.71,4.71
0,0.05,-0.05,0.05
0,0.16,-0.16,0.16
0,0.19,-0.19,0.19
0,0.54,-0.54,0.54
0,0.72,-0.72,0.72
17,8.72,8.28,8.28
2,4.39,-2.39,2.39
1,1.36,-0.36,0.36
1,2.19,-1.19,1.19
0,0.06,-0.06,0.06
0,0.71,-0.71,0.71
1,0.49,0.51,0.51
0,0.36,-0.36,0.36
0,0.03,-0.03,0.03
3,2.51,0.49,0.49
0,1.65,-1.65,1.65
0,0.71,-0.71,0.71
3,2.2,0.8,0.8
0,0.86,-0.86,0.86
0,1.16,-1.16,1.16
0,0.02,-0.02,0.02
1,0.24,0.76,0.76
0,0.16,-0.16,0.16
0,0.14,-0.14,0.14
1,0.8,0.2,0.2
4,5.91,-1.91,1.91
3,3.42,-0.42,0.42
1,0.56,0.44,0.44
3,0.24,2.76,2.76
0,0.15,-0.15,0.15
0,1.15,-1.15,1.15
0,0.21,-0.21,0.21
0,0.05,-0.05,0.05
9,29.83,-20.83,20.83
0,0.03,-0.03,0.03
7,6.87,0.13,0.13
0,0.62,-0.62,0.62
0,0.02,-0.02,0.02
0,5.02,-5.02,5.02
0,0.61,-0.61,0.61
0,0.49,-0.49,0.49
0,0.15,-0.15,0.15
3,7.88,-4.88,4.88
0,0.29,-0.29,0.29
0,0.34,-0.34,0.34
0,0.78,-0.78,0.78
0,0.17,-0.17,0.17
0,1.11,-1.11,1.11
6,0.94,5.06,5.06
1,0.85,0.15,0.15
0,1.07,-1.07,1.07
0,0.21,-0.21,0.21
0,0.01,-0.01,0.01
0,0.06,-0.06,0.06
0,0.22,-0.22,0.22
1,0.68,0.32,0.32
0,1.91,-1.91,1.91
0,0.99,-0.99,0.99
3,1.02,1.98,1.98
5,3.63,1.37,1.37
0,0.02,-0.02,0.02
3,3.18,-0.18,0.18
0,0.1,-0.1,0.1
4,1.78,2.22,2.22
1,0.31,0.69,0.69
2,0.97,1.03,1.03
7,17.37,-10.37,10.37
2,3.81,-1.81,1.81
1,0.95,0.05,0.05
0,1.02,-1.02,1.02
2,0.15,1.85,1.85
5,4.44,0.56,0.56
0,0.22,-0.22,0.22
0,1.08,-1.08,1.08
0,0.91,-0.91,0.91
0,0.06,-0.06,0.06
4,0.84,3.16,3.16
1,1.19,-0.19,0.19
0,0.09,-0.09,0.09
4,2.95,1.05,1.05
0,0.22,-0.22,0.22
0,0.48,-0.48,0.48
1,0.18,0.82,0.82
2,3.57,-1.57,1.57
2,1.58,0.42,0.42
0,0.41,-0.41,0.41
4,3.4,0.6,0.6
0,1.24,-1.24,1.24
0,0.02,-0.02,0.02
7,4.38,2.62,2.62
0,0.28,-0.28,0.28
1,1.08,-0.08,0.08
0,0.08,-0.08,0.08
16,7.08,8.92,8.92
0,0.05,-0.05,0.05
1,2.14,-1.14,1.14
0,0.19,-0.19,0.19
41,15.05,25.95,25.95
0,0.1,-0.1,0.1
0,0.5,-0.5,0.5
0,0.12,-0.12,0.12
0,0.07,-0.07,0.07
0,0.04,-0.04,0.04
0,0.21,-0.21,0.21
0,0.79,-0.79,0.79
0,0.23,-0.23,0.23
2,2.38,-0.38,0.38
0,0.48,-0.48,0.48
0,0.01,-0.01,0.01
0,0.17,-0.17,0.17
0,0.15,-0.15,0.15
6,5.01,0.99,0.99
0,0.06,-0.06,0.06
17,11.84,5.16,5.16
0,0.51,-0.51,0.51
1,1.7,-0.7,0.7
0,0.02,-0.02,0.02
0,0.02,-0.02,0.02
1,2.25,-1.25,1.25
0,0.17,-0.17,0.17
0,0.25,-0.25,0.25
1,0.14,0.86,0.86
1,0.68,0.32,0.32
0,0.69,-0.69,0.69
17,12.19,4.81,4.81
0,0.19,-0.19,0.19
6,2.91,3.09,3.09
3,1.98,1.02,1.02
0,0.04,-0.04,0.04
0,0.6,-0.6,0.6
1,1.31,-0.31,0.31
0,0.18,-0.18,0.18
4,1.99,2.01,2.01
4,7.01,-3.01,3.01
6,21.46,-15.46,15.46
0,4.19,-4.19,4.19
12,2.87,9.13,9.13
2,1.74,0.26,0.26
0,0.06,-0.06,0.06
1,0.15,0.85,0.85
0,1.44,-1.44,1.44
0,0.16,-0.16,0.16
0,0.06,-0.06,0.06
0,0.17,-0.17,0.17
0,0.42,-0.42,0.42
8,7.12,0.88,0.88
0,2.87,-2.87,2.87
1,0.5,0.5,0.5
0,0.14,-0.14,0.14
1,1.58,-0.58,0.58
0,0.17,-0.17,0.17
1,0.24,0.76,0.76
0,0.43,-0.43,0.43
2,3.15,-1.15,1.15
0,0.85,-0.85,0.85
3,1.92,1.08,1.08
0,0.75,-0.75,0.75
0,0.48,-0.48,0.48
0,0.19,-0.19,0.19
1,0.84,0.16,0.16
1,1.16,-0.16,0.16
0,0.17,-0.17,0.17
0,0.02,-0.02,0.02
2,1.63,0.37,0.37
2,1.43,0.57,0.57
0,0.09,-0.09,0.09
0,0.79,-0.79,0.79
1,0.31,0.69,0.69
0,1.99,-1.99,1.99
0,1.65,-1.65,1.65
0,0.1,-0.1,0.1
9,2.92,6.08,6.08
0,0.03,-0.03,0.03
0,0.23,-0.23,0.23
3,1.8,1.2,1.2
0,0.21,-0.21,0.21
0,0.19,-0.19,0.19
0,0.26,-0.26,0.26
0,0.05,-0.05,0.05
1,2.3,-1.3,1.3
1,0.28,0.72,0.72
2,0.25,1.75,1.75
0,0.75,-0.75,0.75
7,0.31,6.69,6.69
0,0.24,-0.24,0.24
0,0.33,-0.33,0.33
0,0.26,-0.26,0.26
2,0.63,1.37,1.37
1,2.7,-1.7,1.7
0,0.02,-0.02,0.02
6,5.92,0.08,0.08
1,0.47,0.53,0.53
7,7.33,-0.33,0.33
0,0.27,-0.27,0.27
0,0.25,-0.25,0.25
2,1.89,0.11,0.11
13,3.19,9.81,9.81
11,2.89,8.11,8.11
0,0.63,-0.63,0.63
0,0.09,-0.09,0.09
0,0.06,-0.06,0.06
0,0.09,-0.09,0.09
0,0.35,-0.35,0.35
0,0.13,-0.13,0.13
2,2.17,-0.17,0.17
0,0.8,-0.8,0.8
12,7.28,4.72,4.72
0,2.69,-2.69,2.69
1,0.36,0.64,0.64
0,0.16,-0.16,0.16
0,0.35,-0.35,0.35
0,0.16,-0.16,0.16
2,0.58,1.42,1.42
8,3.44,4.56,4.56
1,1.69,-0.69,0.69
0,0.02,-0.02,0.02
3,1.72,1.28,1.28
4,2.07,1.93,1.93
0,0.27,-0.27,0.27
1,1.58,-0.58,0.58
2,5.01,-3.01,3.01
0,0.03,-0.03,0.03
0,0.32,-0.32,0.32
1,1.76,-0.76,0.76
2,1.91,0.09,0.09
0,0.8,-0.8,0.8
0,0.12,-0.12,0.12
0,0.35,-0.35,0.35
0,0.33,-0.33,0.33
2,3.74,-1.74,1.74
3,0.9,2.1,2.1
1,0.41,0.59,0.59
6,3.19,2.81,2.81
0,0.05,-0.05,0.05
11,8.31,2.69,2.69
2,2.73,-0.73,0.73
0,0.14,-0.14,0.14
0,0.08,-0.08,0.08
2,2.83,-0.83,0.83
1,0.66,0.34,0.34
0,0.07,-0.07,0.07
0,0.48,-0.48,0.48
0,0.19,-0.19,0.19
2,0.76,1.24,1.24
0,0.29,-0.29,0.29
0,0.75,-0.75,0.75
0,0.18,-0.18,0.18
1,0.33,0.67,0.67
0,0.15,-0.15,0.15
0,0.22,-0.22,0.22
5,5.52,-0.52,0.52
19,17.04,1.96,1.96
0,0.23,-0.23,0.23
12,8.44,3.56,3.56
6,5.35,0.65,0.65
0,0.64,-0.64,0.64
1,0.49,0.51,0.51
1,0.95,0.05,0.05
0,0.95,-0.95,0.95
1,0.96,0.04,0.04
5,0.98,4.02,4.02
0,0.66,-0.66,0.66
8,7.07,0.93,0.93
0,0.02,-0.02,0.02
1,1.64,-0.64,0.64
0,0.58,-0.58,0.58
1,0.51,0.49,0.49
2,2.14,-0.14,0.14
0,0.99,-0.99,0.99
3,2.74,0.26,0.26
6,4.93,1.07,1.07
0,0.91,-0.91,0.91
0,0.32,-0.32,0.32
17,11.88,5.12,5.12
2,1.59,0.41,0.41
0,0.07,-0.07,0.07
0,0.02,-0.02,0.02
1,0.97,0.03,0.03
0,0.14,-0.14,0.14
0,0.13,-0.13,0.13
0,0.55,-0.55,0.55
0,0.32,-0.32,0.32
2,3.15,-1.15,1.15
1,2.56,-1.56,1.56
2,0.26,1.74,1.74
4,0.79,3.21,3.21
0,0.16,-0.16,0.16
1,0.81,0.19,0.19
0,0.39,-0.39,0.39
8,6.39,1.61,1.61
0,0.21,-0.21,0.21
5,1.14,3.86,3.86
2,1.54,0.46,0.46
1,0.68,0.32,0.32
1,0.37,0.63,0.63
0,1.28,-1.28,1.28
11,7.13,3.87,3.87
0,0.03,-0.03,0.03
7,7.95,-0.95,0.95
0,0.75,-0.75,0.75
0,0.24,-0.24,0.24
0,0.49,-0.49,0.49
2,1.03,0.97,0.97
0,0.31,-0.31,0.31
0,0.24,-0.24,0.24
1,0.62,0.38,0.38
0,0.08,-0.08,0.08
1,4.36,-3.36,3.36
0,0.29,-0.29,0.29
7,4.72,2.28,2.28
6,4.43,1.57,1.57
1,0.6,0.4,0.4
0,0.12,-0.12,0.12
0,0.21,-0.21,0.21
0,0.04,-0.04,0.04
0,0.06,-0.06,0.06
0,0.66,-0.66,0.66
0,0.19,-0.19,0.19
1,0.68,0.32,0.32
0,0.25,-0.25,0.25
0,0.24,-0.24,0.24
0,4.67,-4.67,4.67
0,0.12,-0.12,0.12
0,0.17,-0.17,0.17
1,0.45,0.55,0.55
1,1.83,-0.83,0.83
1,0.08,0.92,0.92
0,0.31,-0.31,0.31
0,0.15,-0.15,0.15
0,0.21,-0.21,0.21
3,1.82,1.18,1.18
0,0.06,-0.06,0.06
1,2.33,-1.33,1.33
0,0.44,-0.44,0.44
2,0.19,1.81,1.81
2,2.42,-0.42,0.42
1,0.19,0.81,0.81
0,0.04,-0.04,0.04
0,0.62,-0.62,0.62
0,1.41,-1.41,1.41
0,0.26,-0.26,0.26
2,2.06,-0.06,0.06
1,0.55,0.45,0.45
0,0.31,-0.31,0.31
0,0.01,-0.01,0.01
0,0.04,-0.04,0.04
0,0.1,-0.1,0.1
1,0.87,0.13,0.13
1,0.23,0.77,0.77
0,0.24,-0.24,0.24
0,0.03,-0.03,0.03
0,0.04,-0.04,0.04
0,1.73,-1.73,1.73
0,0.35,-0.35,0.35
0,0.07,-0.07,0.07
1,0.31,0.69,0.69
1,1.23,-0.23,0.23
2,0.65,1.35,1.35
2,4.24,-2.24,2.24
0,0.03,-0.03,0.03
0,0.46,-0.46,0.46
0,0.42,-0.42,0.42
0,0.03,-0.03,0.03
2,2.09,-0.09,0.09
0,0.09,-0.09,0.09
1,2.57,-1.57,1.57
4,3.7,0.3,0.3
2,2.97,-0.97,0.97
2,3.31,-1.31,1.31
1,0.55,0.45,0.45
0,0.86,-0.86,0.86
0,0.27,-0.27,0.27
0,0.07,-0.07,0.07
5,5.97,-0.97,0.97
2,0.33,1.67,1.67
2,0.48,1.52,1.52
0,0.03,-0.03,0.03
1,1.5,-0.5,0.5
0,0.04,-0.04,0.04
0,1.18,-1.18,1.18
0,1.7,-1.7,1.7
3,2.33,0.67,0.67
1,0.39,0.61,0.61
0,0.45,-0.45,0.45
0,0.1,-0.1,0.1
0,0.05,-0.05,0.05
1,1.43,-0.43,0.43
0,0.18,-0.18,0.18
0,0.1,-0.1,0.1
0,0.17,-0.17,0.17
4,6.78,-2.78,2.78
0,0.8,-0.8,0.8
0,0.04,-0.04,0.04
0,0.29,-0.29,0.29
0,0.3,-0.3,0.3
1,1.79,-0.79,0.79
1,0.89,0.11,0.11
0,0.33,-0.33,0.33
0,0.22,-0.22,0.22
2,6.68,-4.68,4.68
0,0.04,-0.04,0.04
0,2.69,-2.69,2.69
0,0.66,-0.66,0.66
0,0.26,-0.26,0.26
1,1.61,-0.61,0.61
0,0.39,-0.39,0.39
2,4.38,-2.38,2.38
1,1.43,-0.43,0.43
4,1.14,2.86,2.86
1,0.42,0.58,0.58
0,0.08,-0.08,0.08
0,0.28,-0.28,0.28
0,0.03,-0.03,0.03
0,0.07,-0.07,0.07
2,0.74,1.26,1.26
0,0.19,-0.19,0.19
4,1.28,2.72,2.72
0,0.1,-0.1,0.1
3,4.75,-1.75,1.75
2,2.13,-0.13,0.13
0,0.21,-0.21,0.21
0,0.21,-0.21,0.21
2,1.74,0.26,0.26
0,0.01,-0.01,0.01
0,0.04,-0.04,0.04
2,0.67,1.33,1.33
5,2.62,2.38,2.38
1,0.19,0.81,0.81
1,0.63,0.37,0.37
1,2.1,-1.1,1.1
0,0.1,-0.1,0.1
0,1.33,-1.33,1.33
5,3.27,1.73,1.73
18,10.95,7.05,7.05
0,0.14,-0.14,0.14
10,10.63,-0.63,0.63
0,0.2,-0.2,0.2
0,0.2,-0.2,0.2
3,0.99,2.01,2.01
0,0.18,-0.18,0.18
3,2.01,0.99,0.99
8,5.47,2.53,2.53
1,0.56,0.44,0.44
0,0.53,-0.53,0.53
0,0.35,-0.35,0.35
0,0.02,-0.02,0.02
2,2.19,-0.19,0.19
1,0.44,0.56,0.56
3,0.4,2.6,2.6
0,0.18,-0.18,0.18
1,0.19,0.81,0.81
0,0.58,-0.58,0.58
0,0.23,-0.23,0.23
2,1.87,0.13,0.13
0,0.23,-0.23,0.23
0,0.13,-0.13,0.13
0,2.47,-2.47,2.47
0,0.25,-0.25,0.25
0,0.03,-0.03,0.03
0,0.07,-0.07,0.07
0,0.56,-0.56,0.56
0,0.32,-0.32,0.32
3,3.48,-0.48,0.48
0,0.26,-0.26,0.26
2,1.44,0.56,0.56
1,0.27,0.73,0.73
0,0.0,0.0,0.0
0,0.16,-0.16,0.16
1,0.67,0.33,0.33
0,0.79,-0.79,0.79
1,4.45,-3.45,3.45
0,0.13,-0.13,0.13
0,0.01,-0.01,0.01
0,0.07,-0.07,0.07
0,0.03,-0.03,0.03
3,0.36,2.64,2.64
2,5.42,-3.42,3.42
1,0.74,0.26,0.26
4,1.64,2.36,2.36
2,1.34,0.66,0.66
1,0.87,0.13,0.13
1,7.93,-6.93,6.93
2,1.99,0.01,0.01
0,0.37,-0.37,0.37
0,2.04,-2.04,2.04
4,2.2,1.8,1.8
0,0.15,-0.15,0.15
0,0.43,-0.43,0.43
0,0.04,-0.04,0.04
0,0.24,-0.24,0.24
3,3.43,-0.43,0.43
2,1.81,0.19,0.19
0,0.41,-0.41,0.41
1,0.46,0.54,0.54
0,0.62,-0.62,0.62
0,0.16,-0.16,0.16
0,0.49,-0.49,0.49
0,0.05,-0.05,0.05
0,0.26,-0.26,0.26
0,0.45,-0.45,0.45
0,0.01,-0.01,0.01
0,0.04,-0.04,0.04
0,0.07,-0.07,0.07
0,0.04,-0.04,0.04
1,0.56,0.44,0.44
0,0.14,-0.14,0.14
6,5.11,0.89,0.89
2,0.67,1.33,1.33
0,0.06,-0.06,0.06
3,3.52,-0.52,0.52
3,0.77,2.23,2.23
0,0.04,-0.04,0.04
0,0.18,-0.18,0.18
0,16.32,-16.32,16.32
0,0.94,-0.94,0.94
2,0.37,1.63,1.63
0,0.62,-0.62,0.62
15,10.2,4.8,4.8
0,0.18,-0.18,0.18
0,0.24,-0.24,0.24
0,0.0,-0.0,0.0
0,0.16,-0.16,0.16
0,2.77,-2.77,2.77
0,0.52,-0.52,0.52
0,0.09,-0.09,0.09
4,1.27,2.73,2.73
0,0.01,-0.01,0.01
0,0.17,-0.17,0.17
1,0.48,0.52,0.52
1,4.22,-3.22,3.22
0,0.05,-0.05,0.05
3,2.28,0.72,0.72
0,0.61,-0.61,0.61
0,0.18,-0.18,0.18
0,0.09,-0.09,0.09
0,0.05,-0.05,0.05
3,3.98,-0.98,0.98
0,0.29,-0.29,0.29
0,0.0,0.0,0.0
0,0.18,-0.18,0.18
0,0.05,-0.05,0.05
1,0.34,0.66,0.66
3,0.09,2.91,2.91
0,0.03,-0.03,0.03
2,0.76,1.24,1.24
1,0.76,0.24,0.24
17,16.02,0.98,0.98
0,0.13,-0.13,0.13
0,0.06,-0.06,0.06
0,0.25,-0.25,0.25
0,0.26,-0.26,0.26
1,0.28,0.72,0.72
0,0.8,-0.8,0.8
2,0.73,1.27,1.27
0,0.04,-0.04,0.04
0,0.93,-0.93,0.93
3,10.51,-7.51,7.51
0,0.01,-0.01,0.01
0,0.55,-0.55,0.55
0,0.1,-0.1,0.1
0,0.14,-0.14,0.14
0,0.02,-0.02,0.02
0,0.14,-0.14,0.14
4,0.31,3.69,3.69
0,1.65,-1.65,1.65
0,0.01,-0.01,0.01
0,0.56,-0.56,0.56
7,5.88,1.12,1.12
0,0.13,-0.13,0.13
0,0.06,-0.06,0.06
0,0.51,-0.51,0.51
0,0.16,-0.16,0.16
0,0.49,-0.49,0.49
0,0.05,-0.05,0.05
0,0.08,-0.08,0.08
0,0.68,-0.68,0.68
0,0.69,-0.69,0.69
0,0.07,-0.07,0.07
0,3.43,-3.43,3.43
2,0.53,1.47,1.47
0,1.06,-1.06,1.06
3,1.62,1.38,1.38
3,1.29,1.71,1.71
1,0.78,0.22,0.22
2,1.78,0.22,0.22
0,1.61,-1.61,1.61
0,0.21,-0.21,0.21
0,0.18,-0.18,0.18
0,0.23,-0.23,0.23
0,0.32,-0.32,0.32
0,0.25,-0.25,0.25
0,0.69,-0.69,0.69
0,0.57,-0.57,0.57
0,1.04,-1.04,1.04
0,0.61,-0.61,0.61
0,0.01,-0.01,0.01
1,1.32,-0.32,0.32
5,1.89,3.11,3.11
3,0.86,2.14,2.14
0,0.19,-0.19,0.19
0,0.19,-0.19,0.19
2,0.33,1.67,1.67
1,1.98,-0.98,0.98
3,3.41,-0.41,0.41
0,0.02,-0.02,0.02
0,0.27,-0.27,0.27
0,0.36,-0.36,0.36
0,0.14,-0.14,0.14
0,0.19,-0.19,0.19
0,1.81,-1.81,1.81
0,0.0,-0.0,0.0
0,0.33,-0.33,0.33
0,0.27,-0.27,0.27
2,0.27,1.73,1.73
0,0.32,-0.32,0.32
0,0.14,-0.14,0.14
0,0.16,-0.16,0.16
0,0.01,-0.01,0.01
0,0.05,-0.05,0.05
6,0.91,5.09,5.09
3,2.85,0.15,0.15
0,0.65,-0.65,0.65
0,0.46,-0.46,0.46
0,0.24,-0.24,0.24
0,0.55,-0.55,0.55
0,0.05,-0.05,0.05
0,0.37,-0.37,0.37
0,0.14,-0.14,0.14
2,0.44,1.56,1.56
0,0.14,-0.14,0.14
0,1.41,-1.41,1.41
1,0.38,0.62,0.62
8,6.72,1.28,1.28
1,0.85,0.15,0.15
0,1.26,-1.26,1.26
0,0.14,-0.14,0.14
0,0.29,-0.29,0.29
0,0.24,-0.24,0.24
0,0.65,-0.65,0.65
1,5.28,-4.28,4.28
2,1.68,0.32,0.32
0,0.51,-0.51,0.51
0,0.15,-0.15,0.15
1,2.46,-1.46,1.46
7,3.34,3.66,3.66
0,1.62,-1.62,1.62
0,0.17,-0.17,0.17
0,0.18,-0.18,0.18
2,2.02,-0.02,0.02
0,0.04,-0.04,0.04
0,0.49,-0.49,0.49
1,1.79,-0.79,0.79
0,2.88,-2.88,2.88
1,0.63,0.37,0.37
1,0.26,0.74,0.74
0,1.29,-1.29,1.29
0,0.06,-0.06,0.06
0,0.53,-0.53,0.53
0,0.01,-0.01,0.01
0,0.02,-0.02,0.02
0,1.56,-1.56,1.56
0,0.22,-0.22,0.22
2,6.54,-4.54,4.54
0,0.87,-0.87,0.87
0,0.14,-0.14,0.14
0,1.37,-1.37,1.37
0,0.12,-0.12,0.12
6,3.02,2.98,2.98
1,1.64,-0.64,0.64
0,0.03,-0.03,0.03
2,1.22,0.78,0.78
0,0.01,-0.01,0.01
0,0.31,-0.31,0.31
0,0.34,-0.34,0.34
0,0.01,-0.01,0.01
2,12.22,-10.22,10.22
0,1.89,-1.89,1.89
3,2.9,0.1,0.1
1,1.64,-0.64,0.64
1,0.06,0.94,0.94
5,5.45,-0.45,0.45
1,0.71,0.29,0.29
0,0.0,0.0,0.0
0,0.01,-0.01,0.01
0,0.57,-0.57,0.57
4,0.46,3.54,3.54
0,0.35,-0.35,0.35
1,0.35,0.65,0.65
3,1.05,1.95,1.95
0,0.13,-0.13,0.13
0,0.05,-0.05,0.05
0,0.31,-0.31,0.31
2,2.41,-0.41,0.41
0,0.48,-0.48,0.48
1,0.85,0.15,0.15
0,0.2,-0.2,0.2
1,0.79,0.21,0.21
4,2.45,1.55,1.55
0,0.18,-0.18,0.18
1,1.36,-0.36,0.36
0,0.23,-0.23,0.23
4,2.6,1.4,1.4
2,3.53,-1.53,1.53
0,0.18,-0.18,0.18
0,0.27,-0.27,0.27
0,0.01,-0.01,0.01
0,0.0,-0.0,0.0
2,0.81,1.19,1.19
0,0.33,-0.33,0.33
17,10.32,6.68,6.68
0,1.76,-1.76,1.76
0,0.24,-0.24,0.24
0,0.14,-0.14,0.14
0,0.19,-0.19,0.19
0,0.14,-0.14,0.14
0,0.17,-0.17,0.17
4,2.26,1.74,1.74
0,0.03,-0.03,0.03
1,0.27,0.73,0.73
1,0.04,0.96,0.96
0,0.11,-0.11,0.11
0,0.19,-0.19,0.19
1,0.88,0.12,0.12
6,3.32,2.68,2.68
0,1.57,-1.57,1.57
0,0.03,-0.03,0.03
4,1.56,2.44,2.44
0,0.17,-0.17,0.17
0,0.48,-0.48,0.48
0,0.0,-0.0,0.0
0,0.78,-0.78,0.78
2,0.65,1.35,1.35
0,1.37,-1.37,1.37
0,0.13,-0.13,0.13
0,0.04,-0.04,0.04
0,0.08,-0.08,0.08
3,1.23,1.77,1.77
2,1.86,0.14,0.14
0,0.12,-0.12,0.12
0,0.08,-0.08,0.08
0,0.14,-0.14,0.14
0,0.27,-0.27,0.27
0,0.13,-0.13,0.13
0,0.51,-0.51,0.51
0,0.01,-0.01,0.01
0,0.0,-0.0,0.0
0,0.2,-0.2,0.2
0,0.02,-0.02,0.02
0,0.02,-0.02,0.02
0,1.6,-1.6,1.6
1,0.27,0.73,0.73
0,0.22,-0.22,0.22
0,0.01,-0.01,0.01
0,1.69,-1.69,1.69
0,0.02,-0.02,0.02
2,0.41,1.59,1.59
4,4.69,-0.69,0.69
0,0.14,-0.14,0.14
1,1.49,-0.49,0.49
0,0.71,-0.71,0.71
6,5.43,0.57,0.57
0,0.12,-0.12,0.12
10,0.32,9.68,9.68
4,3.09,0.91,0.91
2,0.25,1.75,1.75
0,0.19,-0.19,0.19
0,0.23,-0.23,0.23
0,1.51,-1.51,1.51
1,1.13,-0.13,0.13
1,2.71,-1.71,1.71
0,0.06,-0.06,0.06
2,4.22,-2.22,2.22
0,0.08,-0.08,0.08
4,2.15,1.85,1.85
2,1.19,0.81,0.81
4,1.85,2.15,2.15
0,0.05,-0.05,0.05
1,0.81,0.19,0.19
3,1.21,1.79,1.79
0,0.02,-0.02,0.02
0,3.27,-3.27,3.27
0,4.52,-4.52,4.52
0,0.08,-0.08,0.08
0,0.06,-0.06,0.06
0,4.15,-4.15,4.15
0,0.09,-0.09,0.09
3,0.69,2.31,2.31
1,2.72,-1.72,1.72
0,2.39,-2.39,2.39
171,24.45,146.55,146.55
1,1.79,-0.79,0.79
1,0.14,0.86,0.86
1,1.64,-0.64,0.64
1,2.15,-1.15,1.15
0,0.02,-0.02,0.02
0,0.12,-0.12,0.12
0,0.54,-0.54,0.54
0,0.5,-0.5,0.5
0,0.55,-0.55,0.55
0,0.33,-0.33,0.33
0,0.06,-0.06,0.06
0,0.6,-0.6,0.6
2,2.7,-0.7,0.7
0,0.88,-0.88,0.88
2,0.67,1.33,1.33
0,0.49,-0.49,0.49
1,3.35,-2.35,2.35
4,1.94,2.06,2.06
0,1.53,-1.53,1.53
0,0.04,-0.04,0.04
0,1.5,-1.5,1.5
0,0.02,-0.02,0.02
1,2.14,-1.14,1.14
1,0.27,0.73,0.73
0,0.16,-0.16,0.16
0,0.03,-0.03,0.03
1,1.04,-0.04,0.04
0,0.25,-0.25,0.25
0,0.28,-0.28,0.28
0,0.9,-0.9,0.9
0,0.75,-0.75,0.75
1,0.24,0.76,0.76
0,0.09,-0.09,0.09
4,1.58,2.42,2.42
0,0.25,-0.25,0.25
5,3.17,1.83,1.83
0,0.15,-0.15,0.15
1,0.87,0.13,0.13
2,0.54,1.46,1.46
0,0.08,-0.08,0.08
1,0.33,0.67,0.67
0,0.2,-0.2,0.2
0,1.06,-1.06,1.06
0,1.17,-1.17,1.17
7,3.09,3.91,3.91
0,0.06,-0.06,0.06
2,0.21,1.79,1.79
1,1.46,-0.46,0.46
0,0.1,-0.1,0.1
0,0.37,-0.37,0.37
18,16.58,1.42,1.42
2,2.09,-0.09,0.09
0,0.52,-0.52,0.52
0,0.26,-0.26,0.26
2,1.94,0.06,0.06
0,0.32,-0.32,0.32
2,0.54,1.46,1.46
1,0.46,0.54,0.54
2,0.66,1.34,1.34
0,0.85,-0.85,0.85
0,0.55,-0.55,0.55
0,0.24,-0.24,0.24
1,1.81,-0.81,0.81
3,1.52,1.48,1.48
0,1.16,-1.16,1.16
2,2.29,-0.29,0.29
0,1.88,-1.88,1.88
5,2.09,2.91,2.91
4,2.67,1.33,1.33
2,0.49,1.51,1.51
0,0.13,-0.13,0.13
0,0.37,-0.37,0.37
0,0.37,-0.37,0.37
0,0.14,-0.14,0.14
0,0.92,-0.92,0.92
1,7.18,-6.18,6.18
0,0.19,-0.19,0.19
0,0.25,-0.25,0.25
0,0.5,-0.5,0.5
0,0.65,-0.65,0.65
0,0.73,-0.73,0.73
0,0.18,-0.18,0.18
4,1.06,2.94,2.94
0,1.14,-1.14,1.14
0,0.06,-0.06,0.06
0,1.3,-1.3,1.3
1,0.16,0.84,0.84
0,0.29,-0.29,0.29
0,0.53,-0.53,0.53
3,1.81,1.19,1.19
0,0.14,-0.14,0.14
2,0.76,1.24,1.24
0,0.29,-0.29,0.29
0,0.21,-0.21,0.21
0,1.0,-1.0,1.0
2,0.42,1.58,1.58
1,0.42,0.58,0.58
2,0.39,1.61,1.61
0,1.13,-1.13,1.13
2,1.57,0.43,0.43
0,0.23,-0.23,0.23
0,5.52,-5.52,5.52
0,0.33,-0.33,0.33
1,1.62,-0.62,0.62
6,3.49,2.51,2.51
0,2.35,-2.35,2.35
3,0.76,2.24,2.24
0,0.27,-0.27,0.27
0,0.01,-0.01,0.01
2,0.73,1.27,1.27
2,1.46,0.54,0.54
0,0.2,-0.2,0.2
0,0.13,-0.13,0.13
0,0.11,-0.11,0.11
0,0.01,-0.01,0.01
1,0.39,0.61,0.61
0,0.61,-0.61,0.61
3,1.17,1.83,1.83
0,0.32,-0.32,0.32
2,4.18,-2.18,2.18
1,0.23,0.77,0.77
1,0.17,0.83,0.83
0,0.13,-0.13,0.13
0,0.55,-0.55,0.55
0,0.08,-0.08,0.08
0,0.7,-0.7,0.7
0,0.17,-0.17,0.17
0,0.14,-0.14,0.14
0,0.17,-0.17,0.17
4,5.37,-1.37,1.37
0,0.46,-0.46,0.46
0,0.11,-0.11,0.11
0,2.76,-2.76,2.76
3,1.97,1.03,1.03
0,0.65,-0.65,0.65
2,1.93,0.07,0.07
0,0.48,-0.48,0.48
0,0.11,-0.11,0.11
2,0.39,1.61,1.61
0,0.55,-0.55,0.55
2,1.95,0.05,0.05
0,1.33,-1.33,1.33
3,2.04,0.96,0.96
1,1.81,-0.81,0.81
1,0.17,0.83,0.83
0,3.18,-3.18,3.18
0,0.13,-0.13,0.13
0,0.01,-0.01,0.01
1,0.23,0.77,0.77
0,0.1,-0.1,0.1
1,2.02,-1.02,1.02
1,1.12,-0.12,0.12
0,0.1,-0.1,0.1
0,0.21,-0.21,0.21
0,1.05,-1.05,1.05
7,5.22,1.78,1.78
0,0.12,-0.12,0.12
0,0.78,-0.78,0.78
1,0.9,0.1,0.1
2,0.27,1.73,1.73
0,0.31,-0.31,0.31
0,0.47,-0.47,0.47
1,1.26,-0.26,0.26
0,0.04,-0.04,0.04
1,0.72,0.28,0.28
0,0.07,-0.07,0.07
0,0.69,-0.69,0.69
0,0.35,-0.35,0.35
0,0.21,-0.21,0.21
0,0.12,-0.12,0.12
0,0.38,-0.38,0.38
0,0.2,-0.2,0.2
0,0.4,-0.4,0.4
5,11.68,-6.68,6.68
0,0.0,0.0,0.0
1,0.3,0.7,0.7
0,0.0,0.0,0.0
0,0.15,-0.15,0.15
2,2.18,-0.18,0.18
1,0.26,0.74,0.74
0,0.27,-0.27,0.27
4,5.94,-1.94,1.94
1,1.88,-0.88,0.88
0,0.33,-0.33,0.33
0,0.05,-0.05,0.05
0,0.12,-0.12,0.12
2,3.53,-1.53,1.53
10,9.44,0.56,0.56
0,0.05,-0.05,0.05
0,0.15,-0.15,0.15
0,0.02,-0.02,0.02
0,0.13,-0.13,0.13
0,0.02,-0.02,0.02
0,0.26,-0.26,0.26
0,0.35,-0.35,0.35
0,0.47,-0.47,0.47
0,0.18,-0.18,0.18
0,0.0,0.0,0.0
0,0.18,-0.18,0.18
0,0.49,-0.49,0.49
0,0.68,-0.68,0.68
1,0.91,0.09,0.09
0,0.2,-0.2,0.2
0,0.08,-0.08,0.08
0,0.13,-0.13,0.13
6,2.83,3.17,3.17
0,0.7,-0.7,0.7
0,1.38,-1.38,1.38
0,0.41,-0.41,0.41
2,1.44,0.56,0.56
0,0.07,-0.07,0.07
0,0.18,-0.18,0.18
11,7.31,3.69,3.69
0,0.96,-0.96,0.96
6,4.1,1.9,1.9
0,0.14,-0.14,0.14
0,0.02,-0.02,0.02
2,4.67,-2.67,2.67
0,0.27,-0.27,0.27
0,0.11,-0.11,0.11
0,0.59,-0.59,0.59
3,0.66,2.34,2.34
0,1.44,-1.44,1.44
1,2.01,-1.01,1.01
1,0.2,0.8,0.8
0,0.12,-0.12,0.12
0,0.09,-0.09,0.09
0,0.0,0.0,0.0
0,0.04,-0.04,0.04
2,1.6,0.4,0.4
0,0.27,-0.27,0.27
2,1.47,0.53,0.53
0,9.89,-9.89,9.89
4,0.32,3.68,3.68
0,0.05,-0.05,0.05
0,0.87,-0.87,0.87
0,0.04,-0.04,0.04
2,0.55,1.45,1.45
0,0.03,-0.03,0.03
2,0.55,1.45,1.45
0,0.17,-0.17,0.17
2,1.91,0.09,0.09
0,0.18,-0.18,0.18
0,0.44,-0.44,0.44
1,0.16,0.84,0.84
0,0.5,-0.5,0.5
0,0.37,-0.37,0.37
0,1.36,-1.36,1.36
0,5.61,-5.61,5.61
0,0.01,-0.01,0.01
2,1.33,0.67,0.67
0,1.33,-1.33,1.33
0,0.58,-0.58,0.58
1,2.99,-1.99,1.99
2,2.62,-0.62,0.62
2,0.3,1.7,1.7
0,0.05,-0.05,0.05
1,1.52,-0.52,0.52
0,0.03,-0.03,0.03
0,0.91,-0.91,0.91
3,3.45,-0.45,0.45
0,0.06,-0.06,0.06
0,0.03,-0.03,0.03
1,0.22,0.78,0.78
2,1.31,0.69,0.69
0,0.55,-0.55,0.55
0,0.17,-0.17,0.17
0,0.23,-0.23,0.23
1,0.12,0.88,0.88
2,0.15,1.85,1.85
0,0.67,-0.67,0.67
0,0.01,-0.01,0.01
1,0.12,0.88,0.88
1,1.5,-0.5,0.5
0,0.12,-0.12,0.12
1,0.13,0.87,0.87
0,0.66,-0.66,0.66
3,1.75,1.25,1.25
0,0.28,-0.28,0.28
4,1.92,2.08,2.08
1,0.18,0.82,0.82
0,0.01,-0.01,0.01
2,1.48,0.52,0.52
3,2.74,0.26,0.26
1,0.67,0.33,0.33
1,0.21,0.79,0.79
2,0.8,1.2,1.2
0,2.99,-2.99,2.99
1,1.51,-0.51,0.51
0,0.0,0.0,0.0
0,0.16,-0.16,0.16
1,1.03,-0.03,0.03
0,0.12,-0.12,0.12
5,1.63,3.37,3.37
0,0.07,-0.07,0.07
2,0.91,1.09,1.09
0,0.19,-0.19,0.19
0,0.47,-0.47,0.47
6,3.23,2.77,2.77
0,0.0,0.0,0.0
1,0.75,0.25,0.25
2,2.95,-0.95,0.95
0,0.01,-0.01,0.01
1,0.36,0.64,0.64
0,0.07,-0.07,0.07
0,0.2,-0.2,0.2
3,1.43,1.57,1.57
0,0.74,-0.74,0.74
0,0.96,-0.96,0.96
2,1.84,0.16,0.16
0,0.01,-0.01,0.01
2,2.06,-0.06,0.06
2,2.29,-0.29,0.29
0,0.27,-0.27,0.27
0,0.58,-0.58,0.58
0,0.2,-0.2,0.2
0,0.42,-0.42,0.42
0,0.04,-0.04,0.04
0,0.27,-0.27,0.27
1,1.41,-0.41,0.41
0,0.2,-0.2,0.2
2,0.49,1.51,1.51
0,1.28,-1.28,1.28
0,0.48,-0.48,0.48
0,0.06,-0.06,0.06
0,0.07,-0.07,0.07
0,0.0,0.0,0.0
0,0.73,-0.73,0.73
0,0.12,-0.12,0.12
0,0.49,-0.49,0.49
1,0.74,0.26,0.26
1,0.16,0.84,0.84
0,0.48,-0.48,0.48
2,0.23,1.77,1.77
6,3.49,2.51,2.51
0,0.16,-0.16,0.16
8,6.92,1.08,1.08
3,1.56,1.44,1.44
10,10.29,-0.29,0.29
0,0.27,-0.27,0.27
0,0.25,-0.25,0.25
0,0.05,-0.05,0.05
0,0.25,-0.25,0.25
1,1.67,-0.67,0.67
5,4.28,0.72,0.72
0,0.44,-0.44,0.44
1,1.49,-0.49,0.49
1,4.53,-3.53,3.53
0,0.28,-0.28,0.28
0,0.67,-0.67,0.67
0,0.0,-0.0,0.0
1,1.83,-0.83,0.83
1,0.63,0.37,0.37
2,0.6,1.4,1.4
0,0.04,-0.04,0.04
0,1.61,-1.61,1.61
0,0.05,-0.05,0.05
0,0.84,-0.84,0.84
2,1.24,0.76,0.76
0,0.01,-0.01,0.01
0,0.08,-0.08,0.08
0,0.62,-0.62,0.62
0,0.45,-0.45,0.45
2,1.41,0.59,0.59
0,0.03,-0.03,0.03
0,0.03,-0.03,0.03
0,0.35,-0.35,0.35
1,0.71,0.29,0.29
0,0.49,-0.49,0.49
0,0.18,-0.18,0.18
2,4.54,-2.54,2.54
0,0.01,-0.01,0.01
1,2.3,-1.3,1.3
0,0.14,-0.14,0.14
0,1.75,-1.75,1.75
0,0.46,-0.46,0.46
0,0.05,-0.05,0.05
2,0.69,1.31,1.31
0,0.1,-0.1,0.1
2,2.66,-0.66,0.66
3,1.72,1.28,1.28
1,0.46,0.54,0.54
0,0.47,-0.47,0.47
1,0.2,0.8,0.8
0,0.43,-0.43,0.43
1,0.86,0.14,0.14
0,0.16,-0.16,0.16
1,2.61,-1.61,1.61
0,1.19,-1.19,1.19
2,0.37,1.63,1.63
0,0.01,-0.01,0.01
0,0.52,-0.52,0.52
1,0.53,0.47,0.47
0,0.76,-0.76,0.76
1,3.11,-2.11,2.11
0,0.03,-0.03,0.03
1,0.24,0.76,0.76
0,0.12,-0.12,0.12
5,3.83,1.17,1.17
0,0.41,-0.41,0.41
2,5.59,-3.59,3.59
111,15.7,95.3,95.3
2,1.93,0.07,0.07
0,0.71,-0.71,0.71
0,0.96,-0.96,0.96
0,0.01,-0.01,0.01
1,1.48,-0.48,0.48
0,0.47,-0.47,0.47
0,0.22,-0.22,0.22
4,1.23,2.77,2.77
0,0.11,-0.11,0.11
0,0.37,-0.37,0.37
0,0.16,-0.16,0.16
1,0.45,0.55,0.55
2,1.07,0.93,0.93
2,0.18,1.82,1.82
2,1.11,0.89,0.89
0,1.32,-1.32,1.32
0,0.0,0.0,0.0
1,0.97,0.03,0.03
0,0.18,-0.18,0.18
0,0.24,-0.24,0.24
0,0.26,-0.26,0.26
1,1.62,-0.62,0.62
6,2.65,3.35,3.35
0,0.71,-0.71,0.71
4,2.09,1.91,1.91
0,0.03,-0.03,0.03
0,0.51,-0.51,0.51
0,2.5,-2.5,2.5
0,0.38,-0.38,0.38
0,0.04,-0.04,0.04
2,0.45,1.55,1.55
0,0.23,-0.23,0.23
0,0.41,-0.41,0.41
5,1.77,3.23,3.23
1,0.44,0.56,0.56
0,0.17,-0.17,0.17
0,0.52,-0.52,0.52
0,0.83,-0.83,0.83
0,1.0,-1.0,1.0
0,0.22,-0.22,0.22
0,1.07,-1.07,1.07
1,0.51,0.49,0.49
3,3.02,-0.02,0.02
0,0.01,-0.01,0.01
2,0.48,1.52,1.52
1,0.72,0.28,0.28
0,0.17,-0.17,0.17
1,0.81,0.19,0.19
2,1.4,0.6,0.6
0,0.95,-0.95,0.95
0,0.62,-0.62,0.62
0,0.13,-0.13,0.13
0,0.9,-0.9,0.9
7,10.97,-3.97,3.97
0,0.62,-0.62,0.62
0,0.58,-0.58,0.58
0,1.03,-1.03,1.03
0,0.63,-0.63,0.63
1,1.96,-0.96,0.96
1,0.24,0.76,0.76
0,0.56,-0.56,0.56
0,0.04,-0.04,0.04
5,4.94,0.06,0.06
0,0.26,-0.26,0.26
0,0.05,-0.05,0.05
0,1.26,-1.26,1.26
1,0.1,0.9,0.9
0,0.01,-0.01,0.01
0,0.02,-0.02,0.02
0,1.7,-1.7,1.7
0,0.25,-0.25,0.25
0,3.51,-3.51,3.51
1,0.97,0.03,0.03
0,1.91,-1.91,1.91
0,0.13,-0.13,0.13
0,0.44,-0.44,0.44
1,1.21,-0.21,0.21
1,0.85,0.15,0.15
0,0.04,-0.04,0.04
0,1.06,-1.06,1.06
0,0.05,-0.05,0.05
0,0.23,-0.23,0.23
0,0.01,-0.01,0.01
1,0.44,0.56,0.56
0,0.37,-0.37,0.37
0,2.27,-2.27,2.27
0,0.05,-0.05,0.05
0,0.15,-0.15,0.15
0,0.24,-0.24,0.24
0,0.08,-0.08,0.08
0,0.29,-0.29,0.29
1,0.06,0.94,0.94
0,0.06,-0.06,0.06
0,0.01,-0.01,0.01
0,1.5,-1.5,1.5
0,0.01,-0.01,0.01
0,0.06,-0.06,0.06
1,2.63,-1.63,1.63
0,0.02,-0.02,0.02
0,0.33,-0.33,0.33
0,0.63,-0.63,0.63
1,0.12,0.88,0.88
3,1.89,1.11,1.11
1,1.38,-0.38,0.38
0,0.0,0.0,0.0
0,0.5,-0.5,0.5
0,2.07,-2.07,2.07
0,0.3,-0.3,0.3
0,1.25,-1.25,1.25
0,1.49,-1.49,1.49
3,2.09,0.91,0.91
0,0.02,-0.02,0.02
0,0.21,-0.21,0.21
1,1.05,-0.05,0.05
0,0.27,-0.27,0.27
1,0.21,0.79,0.79
0,0.19,-0.19,0.19
1,1.35,-0.35,0.35
0,0.25,-0.25,0.25
1,0.22,0.78,0.78
0,0.04,-0.04,0.04
2,0.38,1.62,1.62
0,0.28,-0.28,0.28
1,1.13,-0.13,0.13
0,0.29,-0.29,0.29
0,0.93,-0.93,0.93
0,0.43,-0.43,0.43
0,0.24,-0.24,0.24
0,0.03,-0.03,0.03
0,0.75,-0.75,0.75
1,2.33,-1.33,1.33
14,16.27,-2.27,2.27
0,0.0,-0.0,0.0
0,0.04,-0.04,0.04
28,13.84,14.16,14.16
1,1.26,-0.26,0.26
0,0.03,-0.03,0.03
2,2.26,-0.26,0.26
20,3.81,16.19,16.19
0,0.17,-0.17,0.17
0,0.21,-0.21,0.21
0,0.51,-0.51,0.51
1,0.85,0.15,0.15
0,0.01,-0.01,0.01
0,2.13,-2.13,2.13
0,0.02,-0.02,0.02
0,0.24,-0.24,0.24
0,0.92,-0.92,0.92
0,0.26,-0.26,0.26
0,0.19,-0.19,0.19
0,1.22,-1.22,1.22
3,1.52,1.48,1.48
0,0.16,-0.16,0.16
3,3.23,-0.23,0.23
0,0.18,-0.18,0.18
0,0.01,-0.01,0.01
0,1.7,-1.7,1.7
2,1.39,0.61,0.61
0,0.27,-0.27,0.27
1,1.76,-0.76,0.76
0,0.11,-0.11,0.11
0,0.52,-0.52,0.52
1,2.34,-1.34,1.34
3,1.67,1.33,1.33
0,1.21,-1.21,1.21
0,0.98,-0.98,0.98
1,1.18,-0.18,0.18
0,0.03,-0.03,0.03
0,1.85,-1.85,1.85
0,0.07,-0.07,0.07
0,0.18,-0.18,0.18
0,0.02,-0.02,0.02
0,0.1,-0.1,0.1
5,6.32,-1.32,1.32
0,0.19,-0.19,0.19
0,0.91,-0.91,0.91
1,0.32,0.68,0.68
0,0.14,-0.14,0.14
0,1.73,-1.73,1.73
1,1.36,-0.36,0.36
0,0.5,-0.5,0.5
2,2.46,-0.46,0.46
0,0.13,-0.13,0.13
0,0.17,-0.17,0.17
0,0.31,-0.31,0.31
2,0.66,1.34,1.34
0,0.06,-0.06,0.06
0,0.17,-0.17,0.17
0,0.12,-0.12,0.12
0,0.09,-0.09,0.09
0,0.16,-0.16,0.16
0,0.0,0.0,0.0
0,1.99,-1.99,1.99
0,0.01,-0.01,0.01
2,0.5,1.5,1.5
0,0.78,-0.78,0.78
0,1.6,-1.6,1.6
0,0.21,-0.21,0.21
0,3.16,-3.16,3.16
0,0.05,-0.05,0.05
0,0.01,-0.01,0.01
0,0.01,-0.01,0.01
2,1.19,0.81,0.81
0,0.18,-0.18,0.18
0,0.79,-0.79,0.79
6,4.12,1.88,1.88
0,0.25,-0.25,0.25
1,0.18,0.82,0.82
0,0.31,-0.31,0.31
0,0.58,-0.58,0.58
0,0.46,-0.46,0.46
0,0.17,-0.17,0.17
0,1.65,-1.65,1.65
0,0.35,-0.35,0.35
0,0.07,-0.07,0.07
1,0.22,0.78,0.78
2,1.45,0.55,0.55
1,0.04,0.96,0.96
0,0.32,-0.32,0.32
0,0.35,-0.35,0.35
2,0.93,1.07,1.07
0,0.4,-0.4,0.4
1,2.32,-1.32,1.32
1,5.95,-4.95,4.95
3,1.09,1.91,1.91
0,0.34,-0.34,0.34
0,0.58,-0.58,0.58
1,0.53,0.47,0.47
0,0.01,-0.01,0.01
0,0.5,-0.5,0.5
0,0.06,-0.06,0.06
0,0.03,-0.03,0.03
1,0.19,0.81,0.81
0,0.33,-0.33,0.33
0,0.68,-0.68,0.68
2,0.76,1.24,1.24
0,0.18,-0.18,0.18
0,0.51,-0.51,0.51
1,0.17,0.83,0.83
1,4.68,-3.68,3.68
2,0.44,1.56,1.56
1,1.28,-0.28,0.28
0,0.32,-0.32,0.32
0,0.08,-0.08,0.08
0,0.02,-0.02,0.02
2,0.95,1.05,1.05
0,0.1,-0.1,0.1
0,0.08,-0.08,0.08
1,2.11,-1.11,1.11
242,12.63,229.37,229.37
1,0.73,0.27,0.27
0,0.17,-0.17,0.17
1,1.59,-0.59,0.59
1,0.31,0.69,0.69
0,0.05,-0.05,0.05
0,0.39,-0.39,0.39
3,1.79,1.21,1.21
0,0.27,-0.27,0.27
0,0.06,-0.06,0.06
0,0.27,-0.27,0.27
0,0.0,0.0,0.0
2,0.52,1.48,1.48
0,1.29,-1.29,1.29
0,0.01,-0.01,0.01
0,0.05,-0.05,0.05
0,1.25,-1.25,1.25
0,1.97,-1.97,1.97
0,0.02,-0.02,0.02
4,1.52,2.48,2.48
0,0.07,-0.07,0.07
1,0.42,0.58,0.58
1,0.46,0.54,0.54
0,0.15,-0.15,0.15
0,0.04,-0.04,0.04
0,0.35,-0.35,0.35
0,0.15,-0.15,0.15
1,0.02,0.98,0.98
1,1.1,-0.1,0.1
2,1.25,0.75,0.75
0,0.19,-0.19,0.19
0,2.56,-2.56,2.56
0,0.36,-0.36,0.36
0,1.16,-1.16,1.16
2,2.15,-0.15,0.15
1,1.12,-0.12,0.12
1,0.25,0.75,0.75
0,0.54,-0.54,0.54
0,1.21,-1.21,1.21
1,0.38,0.62,0.62
0,0.02,-0.02,0.02
0,0.03,-0.03,0.03
0,1.23,-1.23,1.23
2,0.44,1.56,1.56
0,1.17,-1.17,1.17
8,10.19,-2.19,2.19
0,0.57,-0.57,0.57
0,0.72,-0.72,0.72
0,0.17,-0.17,0.17
1,0.92,0.08,0.08
1,0.27,0.73,0.73
0,0.17,-0.17,0.17
0,0.01,-0.01,0.01
5,3.69,1.31,1.31
0,0.0,0.0,0.0
2,0.79,1.21,1.21
1,1.7,-0.7,0.7
0,0.12,-0.12,0.12
10,5.84,4.16,4.16
0,0.24,-0.24,0.24
0,0.11,-0.11,0.11
0,0.32,-0.32,0.32
0,0.24,-0.24,0.24
0,0.01,-0.01,0.01
0,0.12,-0.12,0.12
5,0.87,4.13,4.13
4,0.69,3.31,3.31
1,0.17,0.83,0.83
1,0.35,0.65,0.65
0,0.72,-0.72,0.72
0,0.03,-0.03,0.03
0,0.25,-0.25,0.25
1,0.5,0.5,0.5
0,0.17,-0.17,0.17
3,2.19,0.81,0.81
0,0.21,-0.21,0.21
2,2.15,-0.15,0.15
0,0.0,0.0,0.0
1,0.25,0.75,0.75
0,0.26,-0.26,0.26
1,0.52,0.48,0.48
0,0.32,-0.32,0.32
0,0.1,-0.1,0.1
0,0.11,-0.11,0.11
0,0.3,-0.3,0.3
1,1.11,-0.11,0.11
0,0.0,0.0,0.0
0,0.35,-0.35,0.35
0,0.25,-0.25,0.25
0,1.35,-1.35,1.35
0,0.17,-0.17,0.17
0,0.02,-0.02,0.02
2,1.3,0.7,0.7
23,10.85,12.15,12.15
0,0.85,-0.85,0.85
1,0.48,0.52,0.52
2,1.78,0.22,0.22
0,0.34,-0.34,0.34
0,0.12,-0.12,0.12
3,2.71,0.29,0.29
0,0.98,-0.98,0.98
0,0.13,-0.13,0.13
0,2.68,-2.68,2.68
0,0.25,-0.25,0.25
1,0.43,0.57,0.57
0,0.04,-0.04,0.04
0,0.01,-0.01,0.01
1,2.25,-1.25,1.25
16,9.84,6.16,6.16
0,0.01,-0.01,0.01
0,0.13,-0.13,0.13
0,0.19,-0.19,0.19
0,0.15,-0.15,0.15
1,0.58,0.42,0.42
0,0.03,-0.03,0.03
0,0.22,-0.22,0.22
1,2.86,-1.86,1.86
0,0.21,-0.21,0.21
2,0.17,1.83,1.83
5,1.51,3.49,3.49
1,0.11,0.89,0.89
1,0.45,0.55,0.55
0,0.09,-0.09,0.09
3,1.42,1.58,1.58
0,0.99,-0.99,0.99
0,0.39,-0.39,0.39
0,0.0,0.0,0.0
5,2.61,2.39,2.39
0,0.15,-0.15,0.15
1,1.59,-0.59,0.59
0,0.89,-0.89,0.89
0,0.26,-0.26,0.26
2,2.22,-0.22,0.22
0,0.11,-0.11,0.11
0,0.65,-0.65,0.65
0,0.52,-0.52,0.52
0,0.15,-0.15,0.15
1,0.45,0.55,0.55
0,1.43,-1.43,1.43
4,1.91,2.09,2.09
0,1.44,-1.44,1.44
2,3.99,-1.99,1.99
2,0.2,1.8,1.8
0,0.01,-0.01,0.01
0,0.29,-0.29,0.29
2,0.42,1.58,1.58
0,0.14,-0.14,0.14
0,0.03,-0.03,0.03
0,1.22,-1.22,1.22
0,0.05,-0.05,0.05
1,2.36,-1.36,1.36
0,0.24,-0.24,0.24
0,0.04,-0.04,0.04
0,1.22,-1.22,1.22
0,1.92,-1.92,1.92
0,0.01,-0.01,0.01
0,1.62,-1.62,1.62
1,0.44,0.56,0.56
0,1.88,-1.88,1.88
2,1.63,0.37,0.37
0,0.02,-0.02,0.02
0,0.45,-0.45,0.45
0,9.09,-9.09,9.09
3,2.2,0.8,0.8
1,0.13,0.87,0.87
0,0.28,-0.28,0.28
0,1.4,-1.4,1.4
3,0.35,2.65,2.65
2,1.72,0.28,0.28
0,0.27,-0.27,0.27
0,0.12,-0.12,0.12
2,0.97,1.03,1.03
0,0.3,-0.3,0.3
4,1.04,2.96,2.96
0,1.04,-1.04,1.04
1,0.52,0.48,0.48
2,1.22,0.78,0.78
0,0.21,-0.21,0.21
1,2.24,-1.24,1.24
0,0.91,-0.91,0.91
4,2.38,1.62,1.62
0,0.76,-0.76,0.76
0,0.0,-0.0,0.0
0,0.72,-0.72,0.72
0,0.18,-0.18,0.18
0,0.13,-0.13,0.13
1,0.7,0.3,0.3
0,0.46,-0.46,0.46
0,0.01,-0.01,0.01
0,2.0,-2.0,2.0
7,0.05,6.95,6.95
0,0.01,-0.01,0.01
4,3.11,0.89,0.89
0,0.91,-0.91,0.91
0,0.04,-0.04,0.04
0,0.24,-0.24,0.24
0,0.07,-0.07,0.07
0,0.0,-0.0,0.0
0,0.42,-0.42,0.42
3,1.35,1.65,1.65
1,0.89,0.11,0.11
5,3.45,1.55,1.55
0,0.43,-0.43,0.43
2,1.57,0.43,0.43
0,0.23,-0.23,0.23
0,0.12,-0.12,0.12
0,0.08,-0.08,0.08
2,3.63,-1.63,1.63
0,0.3,-0.3,0.3
0,0.16,-0.16,0.16
0,0.45,-0.45,0.45
2,0.44,1.56,1.56
0,0.01,-0.01,0.01
9,4.46,4.54,4.54
0,1.98,-1.98,1.98
0,0.91,-0.91,0.91
0,0.34,-0.34,0.34
1,0.3,0.7,0.7
0,0.18,-0.18,0.18
0,5.95,-5.95,5.95
0,0.13,-0.13,0.13
0,0.01,-0.01,0.01
0,0.05,-0.05,0.05
0,0.52,-0.52,0.52
1,0.47,0.53,0.53
0,0.0,0.0,0.0
0,0.1,-0.1,0.1
1,2.25,-1.25,1.25
0,2.5,-2.5,2.5
0,0.05,-0.05,0.05
1,0.48,0.52,0.52
1,1.69,-0.69,0.69
0,0.04,-0.04,0.04
1,0.45,0.55,0.55
0,0.27,-0.27,0.27
0,0.03,-0.03,0.03
0,0.24,-0.24,0.24
1,0.23,0.77,0.77
1,1.02,-0.02,0.02
0,0.26,-0.26,0.26
0,0.18,-0.18,0.18
0,0.71,-0.71,0.71
0,0.55,-0.55,0.55
0,0.16,-0.16,0.16
0,0.78,-0.78,0.78
0,0.25,-0.25,0.25
0,0.05,-0.05,0.05
0,0.0,-0.0,0.0
0,0.01,-0.01,0.01
12,5.32,6.68,6.68
0,0.02,-0.02,0.02
2,1.89,0.11,0.11
1,0.83,0.17,0.17
0,0.54,-0.54,0.54
1,0.76,0.24,0.24
2,0.45,1.55,1.55
0,0.17,-0.17,0.17
0,0.05,-0.05,0.05
0,0.17,-0.17,0.17
0,0.15,-0.15,0.15
2,2.07,-0.07,0.07
0,0.2,-0.2,0.2
0,1.06,-1.06,1.06
0,0.53,-0.53,0.53
0,1.08,-1.08,1.08
0,0.28,-0.28,0.28
0,0.11,-0.11,0.11
0,0.17,-0.17,0.17
0,0.17,-0.17,0.17
0,0.15,-0.15,0.15
0,0.0,0.0,0.0
0,0.71,-0.71,0.71
1,0.62,0.38,0.38
0,0.29,-0.29,0.29
2,0.62,1.38,1.38
0,0.68,-0.68,0.68
0,0.44,-0.44,0.44
6,6.3,-0.3,0.3
0,0.03,-0.03,0.03
3,4.73,-1.73,1.73
2,1.44,0.56,0.56
1,1.95,-0.95,0.95
0,0.75,-0.75,0.75
0,0.27,-0.27,0.27
0,0.88,-0.88,0.88
1,0.47,0.53,0.53
3,5.51,-2.51,2.51
0,0.12,-0.12,0.12
0,0.09,-0.09,0.09
0,0.04,-0.04,0.04
1,2.27,-1.27,1.27
5,5.42,-0.42,0.42
3,2.41,0.59,0.59
5,1.56,3.44,3.44
0,0.23,-0.23,0.23
0,0.01,-0.01,0.01
0,0.73,-0.73,0.73
4,0.55,3.45,3.45
1,0.2,0.8,0.8
1,3.62,-2.62,2.62
0,0.07,-0.07,0.07
0,0.0,0.0,0.0
0,0.17,-0.17,0.17
3,2.84,0.16,0.16
2,3.29,-1.29,1.29
0,1.28,-1.28,1.28
1,0.97,0.03,0.03
0,0.03,-0.03,0.03
1,0.67,0.33,0.33
1,1.15,-0.15,0.15
0,0.12,-0.12,0.12
0,0.12,-0.12,0.12
0,0.06,-0.06,0.06
0,0.25,-0.25,0.25
0,0.09,-0.09,0.09
0,0.24,-0.24,0.24
0,0.38,-0.38,0.38
7,5.4,1.6,1.6
0,0.17,-0.17,0.17
4,5.03,-1.03,1.03
0,0.58,-0.58,0.58
0,0.06,-0.06,0.06
0,0.0,0.0,0.0
3,3.1,-0.1,0.1
1,1.54,-0.54,0.54
0,0.04,-0.04,0.04
8,19.16,-11.16,11.16
2,1.12,0.88,0.88
11,1.89,9.11,9.11
0,0.05,-0.05,0.05
1,0.47,0.53,0.53
0,0.23,-0.23,0.23
2,0.31,1.69,1.69
0,0.5,-0.5,0.5
0,0.36,-0.36,0.36
0,0.2,-0.2,0.2
0,0.02,-0.02,0.02
0,0.85,-0.85,0.85
0,0.52,-0.52,0.52
0,0.2,-0.2,0.2
0,0.14,-0.14,0.14
0,0.01,-0.01,0.01
0,0.21,-0.21,0.21
0,0.4,-0.4,0.4
1,1.63,-0.63,0.63
0,0.15,-0.15,0.15
1,0.24,0.76,0.76
1,0.16,0.84,0.84
4,7.79,-3.79,3.79
0,1.14,-1.14,1.14
0,0.0,0.0,0.0
0,1.56,-1.56,1.56
0,0.04,-0.04,0.04
1,1.5,-0.5,0.5
0,0.35,-0.35,0.35
0,0.03,-0.03,0.03
0,0.23,-0.23,0.23
2,1.68,0.32,0.32
0,1.31,-1.31,1.31
0,0.07,-0.07,0.07
0,0.27,-0.27,0.27
0,0.22,-0.22,0.22
0,0.01,-0.01,0.01
1,1.43,-0.43,0.43
1,1.49,-0.49,0.49
0,0.01,-0.01,0.01
0,1.64,-1.64,1.64
0,1.32,-1.32,1.32
4,2.16,1.84,1.84
3,0.77,2.23,2.23
0,0.07,-0.07,0.07
0,0.27,-0.27,0.27
0,0.63,-0.63,0.63
0,1.24,-1.24,1.24
0,0.15,-0.15,0.15
0,0.57,-0.57,0.57
6,1.41,4.59,4.59
2,1.94,0.06,0.06
0,1.49,-1.49,1.49
1,0.63,0.37,0.37
3,1.33,1.67,1.67
2,0.65,1.35,1.35
0,0.43,-0.43,0.43
2,0.56,1.44,1.44
0,0.1,-0.1,0.1
3,4.69,-1.69,1.69
0,0.17,-0.17,0.17
0,0.79,-0.79,0.79
0,0.27,-0.27,0.27
0,0.29,-0.29,0.29
0,0.01,-0.01,0.01
1,1.93,-0.93,0.93
0,0.44,-0.44,0.44
4,2.69,1.31,1.31
0,0.38,-0.38,0.38
0,0.17,-0.17,0.17
4,1.75,2.25,2.25
0,0.51,-0.51,0.51
1,2.32,-1.32,1.32
0,0.04,-0.04,0.04
0,0.2,-0.2,0.2
0,0.12,-0.12,0.12
11,11.22,-0.22,0.22
0,0.08,-0.08,0.08
5,0.75,4.25,4.25
4,3.21,0.79,0.79
0,0.57,-0.57,0.57
0,0.3,-0.3,0.3
4,3.55,0.45,0.45
2,0.8,1.2,1.2
0,0.28,-0.28,0.28
3,2.09,0.91,0.91
0,0.29,-0.29,0.29
0,0.16,-0.16,0.16
0,0.26,-0.26,0.26
0,0.08,-0.08,0.08
1,1.43,-0.43,0.43
5,5.51,-0.51,0.51
0,0.42,-0.42,0.42
0,0.67,-0.67,0.67
0,0.39,-0.39,0.39
0,0.07,-0.07,0.07
2,1.48,0.52,0.52
1,1.31,-0.31,0.31
0,2.24,-2.24,2.24
0,0.58,-0.58,0.58
0,0.15,-0.15,0.15
0,0.07,-0.07,0.07
4,1.42,2.58,2.58
0,0.11,-0.11,0.11
0,0.13,-0.13,0.13
1,0.4,0.6,0.6
0,0.01,-0.01,0.01
0,0.55,-0.55,0.55
1,1.26,-0.26,0.26
2,2.35,-0.35,0.35
0,0.43,-0.43,0.43
0,0.87,-0.87,0.87
1,0.23,0.77,0.77
1,0.77,0.23,0.23
0,0.01,-0.01,0.01
0,0.14,-0.14,0.14
23,13.94,9.06,9.06
4,1.88,2.12,2.12
0,0.22,-0.22,0.22
1,1.07,-0.07,0.07
6,9.64,-3.64,3.64
0,0.45,-0.45,0.45
0,0.65,-0.65,0.65
6,1.74,4.26,4.26
0,0.19,-0.19,0.19
0,1.32,-1.32,1.32
0,0.74,-0.74,0.74
1,1.31,-0.31,0.31
0,0.03,-0.03,0.03
2,1.22,0.78,0.78
0,0.19,-0.19,0.19
2,1.36,0.64,0.64
6,0.04,5.96,5.96
0,0.02,-0.02,0.02
4,3.1,0.9,0.9
2,2.43,-0.43,0.43
2,1.3,0.7,0.7
0,0.6,-0.6,0.6
0,0.01,-0.01,0.01
0,0.83,-0.83,0.83
0,0.34,-0.34,0.34
0,0.03,-0.03,0.03
20,13.03,6.97,6.97
0,0.25,-0.25,0.25
0,0.01,-0.01,0.01
6,1.25,4.75,4.75
0,0.47,-0.47,0.47
3,1.48,1.52,1.52
0,0.3,-0.3,0.3
0,0.15,-0.15,0.15
0,0.29,-0.29,0.29
1,0.31,0.69,0.69
0,0.01,-0.01,0.01
0,0.1,-0.1,0.1
0,0.03,-0.03,0.03
0,0.42,-0.42,0.42
0,4.91,-4.91,4.91
0,0.07,-0.07,0.07
2,1.55,0.45,0.45
0,0.1,-0.1,0.1
4,8.47,-4.47,4.47
0,0.4,-0.4,0.4
1,1.06,-0.06,0.06
0,0.32,-0.32,0.32
0,0.16,-0.16,0.16
0,0.03,-0.03,0.03
0,1.99,-1.99,1.99
12,4.45,7.55,7.55
1,4.69,-3.69,3.69
0,0.02,-0.02,0.02
0,0.13,-0.13,0.13
0,0.26,-0.26,0.26
0,2.09,-2.09,2.09
2,2.61,-0.61,0.61
0,1.13,-1.13,1.13
0,0.16,-0.16,0.16
0,0.04,-0.04,0.04
0,0.4,-0.4,0.4
1,0.8,0.2,0.2
0,0.29,-0.29,0.29
1,0.67,0.33,0.33
0,0.64,-0.64,0.64
19,11.96,7.04,7.04
0,0.23,-0.23,0.23
3,1.81,1.19,1.19
0,0.11,-0.11,0.11
0,0.54,-0.54,0.54
0,0.01,-0.01,0.01
0,0.12,-0.12,0.12
1,3.38,-2.38,2.38
1,1.05,-0.05,0.05
1,1.0,0.0,0.0
5,3.53,1.47,1.47
3,2.29,0.71,0.71
0,0.24,-0.24,0.24
0,0.25,-0.25,0.25
0,0.72,-0.72,0.72
1,1.84,-0.84,0.84
1,0.28,0.72,0.72
0,0.02,-0.02,0.02
0,0.04,-0.04,0.04
0,0.62,-0.62,0.62
0,0.01,-0.01,0.01
0,0.35,-0.35,0.35
0,0.69,-0.69,0.69
0,5.54,-5.54,5.54
0,1.1,-1.1,1.1
0,0.49,-0.49,0.49
0,0.73,-0.73,0.73
0,0.27,-0.27,0.27
0,0.1,-0.1,0.1
0,0.0,0.0,0.0
0,0.08,-0.08,0.08
0,1.32,-1.32,1.32
0,0.64,-0.64,0.64
0,0.18,-0.18,0.18
4,1.75,2.25,2.25
1,0.71,0.29,0.29
0,0.85,-0.85,0.85
0,0.0,0.0,0.0
0,0.29,-0.29,0.29
0,0.39,-0.39,0.39
0,1.76,-1.76,1.76
7,0.99,6.01,6.01
4,0.47,3.53,3.53
0,0.16,-0.16,0.16
0,0.56,-0.56,0.56
0,0.68,-0.68,0.68
0,0.04,-0.04,0.04
0,0.44,-0.44,0.44
0,0.32,-0.32,0.32
0,0.11,-0.11,0.11
0,0.0,-0.0,0.0
3,0.76,2.24,2.24
0,1.35,-1.35,1.35
1,4.2,-3.2,3.2
0,0.14,-0.14,0.14
0,0.45,-0.45,0.45
0,0.14,-0.14,0.14
0,0.0,-0.0,0.0
0,0.48,-0.48,0.48
0,1.65,-1.65,1.65
0,0.51,-0.51,0.51
0,0.02,-0.02,0.02
0,0.16,-0.16,0.16
0,0.75,-0.75,0.75
0,0.07,-0.07,0.07
0,0.2,-0.2,0.2
0,0.32,-0.32,0.32
0,0.09,-0.09,0.09
1,2.04,-1.04,1.04
3,1.1,1.9,1.9
0,1.78,-1.78,1.78
0,0.05,-0.05,0.05
1,0.04,0.96,0.96
0,0.06,-0.06,0.06
0,0.21,-0.21,0.21
2,2.93,-0.93,0.93
5,1.77,3.23,3.23
0,0.01,-0.01,0.01
0,0.95,-0.95,0.95
0,0.01,-0.01,0.01
1,0.52,0.48,0.48
0,0.2,-0.2,0.2
5,3.08,1.92,1.92
0,0.0,-0.0,0.0
0,1.38,-1.38,1.38
2,0.4,1.6,1.6
0,0.1,-0.1,0.1
0,0.01,-0.01,0.01
0,0.69,-0.69,0.69
0,2.4,-2.4,2.4
0,0.05,-0.05,0.05
3,1.0,2.0,2.0
2,5.29,-3.29,3.29
0,0.2,-0.2,0.2
0,0.03,-0.03,0.03
1,1.16,-0.16,0.16
1,1.26,-0.26,0.26
3,2.55,0.45,0.45
0,0.27,-0.27,0.27
0,0.17,-0.17,0.17
2,3.65,-1.65,1.65
1,1.22,-0.22,0.22
1,0.39,0.61,0.61
0,0.09,-0.09,0.09
0,0.3,-0.3,0.3
2,1.66,0.34,0.34
0,0.0,0.0,0.0
0,0.26,-0.26,0.26
4,1.65,2.35,2.35
0,0.48,-0.48,0.48
0,0.0,0.0,0.0
0,0.07,-0.07,0.07
1,0.16,0.84,0.84
0,0.29,-0.29,0.29
4,0.95,3.05,3.05
0,0.37,-0.37,0.37
0,0.21,-0.21,0.21
0,0.24,-0.24,0.24
0,0.65,-0.65,0.65
0,0.17,-0.17,0.17
0,0.35,-0.35,0.35
0,0.19,-0.19,0.19
0,0.01,-0.01,0.01
1,2.47,-1.47,1.47
0,0.01,-0.01,0.01
0,0.2,-0.2,0.2
0,0.05,-0.05,0.05
1,0.31,0.69,0.69
0,0.03,-0.03,0.03
0,0.11,-0.11,0.11
0,0.87,-0.87,0.87
3,1.2,1.8,1.8
0,0.07,-0.07,0.07
0,0.38,-0.38,0.38
0,0.17,-0.17,0.17
1,0.57,0.43,0.43
4,1.11,2.89,2.89
2,1.32,0.68,0.68
3,2.41,0.59,0.59
0,0.2,-0.2,0.2
0,0.01,-0.01,0.01
10,14.32,-4.32,4.32
0,0.06,-0.06,0.06
0,0.0,0.0,0.0
0,0.15,-0.15,0.15
0,0.63,-0.63,0.63
0,1.33,-1.33,1.33
0,0.27,-0.27,0.27
2,1.22,0.78,0.78
0,0.01,-0.01,0.01
1,1.78,-0.78,0.78
0,0.66,-0.66,0.66
0,0.74,-0.74,0.74
0,0.65,-0.65,0.65
1,0.58,0.42,0.42
1,1.51,-0.51,0.51
8,4.8,3.2,3.2
0,0.02,-0.02,0.02
0,1.02,-1.02,1.02
3,2.87,0.13,0.13
0,1.15,-1.15,1.15
1,1.13,-0.13,0.13
3,0.26,2.74,2.74
4,1.5,2.5,2.5
1,1.35,-0.35,0.35
0,0.14,-0.14,0.14
0,0.53,-0.53,0.53
1,2.6,-1.6,1.6
1,1.82,-0.82,0.82
0,0.01,-0.01,0.01
0,0.02,-0.02,0.02
0,0.18,-0.18,0.18
0,0.55,-0.55,0.55
0,0.05,-0.05,0.05
0,0.49,-0.49,0.49
2,1.62,0.38,0.38
0,1.02,-1.02,1.02
0,0.03,-0.03,0.03
2,0.42,1.58,1.58
1,0.57,0.43,0.43
0,0.02,-0.02,0.02
2,2.68,-0.68,0.68
0,0.22,-0.22,0.22
0,0.51,-0.51,0.51
0,0.13,-0.13,0.13
0,0.15,-0.15,0.15
0,0.62,-0.62,0.62
0,2.44,-2.44,2.44
9,8.72,0.28,0.28
2,2.29,-0.29,0.29
3,1.65,1.35,1.35
0,0.29,-0.29,0.29
0,0.73,-0.73,0.73
0,2.3,-2.3,2.3
0,6.27,-6.27,6.27
0,0.01,-0.01,0.01
0,0.56,-0.56,0.56
0,2.35,-2.35,2.35
0,2.22,-2.22,2.22
0,1.11,-1.11,1.11
1,1.96,-0.96,0.96
5,4.07,0.93,0.93
0,0.12,-0.12,0.12
7,6.41,0.59,0.59
3,5.68,-2.68,2.68
0,0.01,-0.01,0.01
0,1.52,-1.52,1.52
0,0.08,-0.08,0.08
0,0.33,-0.33,0.33
0,0.24,-0.24,0.24
1,0.53,0.47,0.47
0,0.04,-0.04,0.04
2,0.3,1.7,1.7
0,0.27,-0.27,0.27
0,0.96,-0.96,0.96
1,1.16,-0.16,0.16
1,0.74,0.26,0.26
0,0.47,-0.47,0.47
2,0.63,1.37,1.37
1,0.21,0.79,0.79
0,0.14,-0.14,0.14
0,0.49,-0.49,0.49
0,0.5,-0.5,0.5
10,10.54,-0.54,0.54
0,0.13,-0.13,0.13
0,0.37,-0.37,0.37
0,0.03,-0.03,0.03
0,0.5,-0.5,0.5
0,0.07,-0.07,0.07
0,0.23,-0.23,0.23
0,0.17,-0.17,0.17
0,0.16,-0.16,0.16
0,0.49,-0.49,0.49
0,0.14,-0.14,0.14
0,0.76,-0.76,0.76
0,0.05,-0.05,0.05
0,0.32,-0.32,0.32
3,2.63,0.37,0.37
3,1.52,1.48,1.48
0,0.63,-0.63,0.63
0,0.48,-0.48,0.48
0,0.2,-0.2,0.2
0,0.08,-0.08,0.08
1,0.43,0.57,0.57
1,0.11,0.89,0.89
0,1.92,-1.92,1.92
0,1.0,-1.0,1.0
0,1.83,-1.83,1.83
0,0.16,-0.16,0.16
1,1.14,-0.14,0.14
0,0.45,-0.45,0.45
2,1.68,0.32,0.32
0,0.37,-0.37,0.37
0,0.64,-0.64,0.64
4,5.03,-1.03,1.03
0,0.2,-0.2,0.2
156,27.79,128.21,128.21
0,0.13,-0.13,0.13
1,0.54,0.46,0.46
1,0.25,0.75,0.75
1,2.1,-1.1,1.1
3,0.85,2.15,2.15
0,0.08,-0.08,0.08
0,0.02,-0.02,0.02
0,0.28,-0.28,0.28
0,0.16,-0.16,0.16
0,0.15,-0.15,0.15
3,3.97,-0.97,0.97
0,3.21,-3.21,3.21
20,12.58,7.42,7.42
0,0.11,-0.11,0.11
1,0.04,0.96,0.96
1,1.15,-0.15,0.15
0,0.24,-0.24,0.24
0,0.23,-0.23,0.23
2,1.22,0.78,0.78
0,0.21,-0.21,0.21
1,0.24,0.76,0.76
0,0.08,-0.08,0.08
0,0.16,-0.16,0.16
0,0.19,-0.19,0.19
1,1.48,-0.48,0.48
0,0.22,-0.22,0.22
1,2.25,-1.25,1.25
4,2.09,1.91,1.91
0,0.23,-0.23,0.23
2,2.58,-0.58,0.58
0,1.26,-1.26,1.26
8,0.75,7.25,7.25
0,1.25,-1.25,1.25
0,0.46,-0.46,0.46
0,0.06,-0.06,0.06
0,0.43,-0.43,0.43
1,2.13,-1.13,1.13
2,1.44,0.56,0.56
0,1.23,-1.23,1.23
0,0.27,-0.27,0.27
2,1.57,0.43,0.43
0,0.06,-0.06,0.06
0,0.01,-0.01,0.01
0,1.46,-1.46,1.46
0,0.25,-0.25,0.25
3,0.93,2.07,2.07
0,0.4,-0.4,0.4
1,0.36,0.64,0.64
0,0.06,-0.06,0.06
0,0.35,-0.35,0.35
0,0.21,-0.21,0.21
0,3.11,-3.11,3.11
0,0.87,-0.87,0.87
1,0.89,0.11,0.11
0,0.6,-0.6,0.6
4,1.49,2.51,2.51
1,0.46,0.54,0.54
0,0.76,-0.76,0.76
0,0.08,-0.08,0.08
0,1.1,-1.1,1.1
0,0.69,-0.69,0.69
0,0.42,-0.42,0.42
0,0.59,-0.59,0.59
0,1.31,-1.31,1.31
8,2.96,5.04,5.04
0,0.53,-0.53,0.53
0,0.2,-0.2,0.2
4,1.7,2.3,2.3
3,1.82,1.18,1.18
0,0.15,-0.15,0.15
0,0.22,-0.22,0.22
0,0.03,-0.03,0.03
0,0.33,-0.33,0.33
0,0.2,-0.2,0.2
1,1.08,-0.08,0.08
1,1.54,-0.54,0.54
0,0.0,0.0,0.0
0,0.23,-0.23,0.23
1,1.24,-0.24,0.24
5,1.7,3.3,3.3
0,0.37,-0.37,0.37
0,0.53,-0.53,0.53
2,1.08,0.92,0.92
5,5.53,-0.53,0.53
0,0.26,-0.26,0.26
0,0.06,-0.06,0.06
0,0.26,-0.26,0.26
2,0.24,1.76,1.76
1,0.14,0.86,0.86
0,0.27,-0.27,0.27
0,0.06,-0.06,0.06
0,0.02,-0.02,0.02
1,1.12,-0.12,0.12
1,2.88,-1.88,1.88
0,0.12,-0.12,0.12
0,0.19,-0.19,0.19
0,0.52,-0.52,0.52
0,0.48,-0.48,0.48
0,0.12,-0.12,0.12
0,0.17,-0.17,0.17
0,0.02,-0.02,0.02
0,1.15,-1.15,1.15
1,2.46,-1.46,1.46
1,0.61,0.39,0.39
7,6.61,0.39,0.39
1,0.99,0.01,0.01
0,0.1,-0.1,0.1
1,1.7,-0.7,0.7
0,0.15,-0.15,0.15
0,0.47,-0.47,0.47
0,0.0,0.0,0.0
1,0.63,0.37,0.37
0,0.28,-0.28,0.28
0,0.03,-0.03,0.03
4,1.79,2.21,2.21
1,0.32,0.68,0.68
0,0.46,-0.46,0.46
0,0.52,-0.52,0.52
0,0.0,0.0,0.0
0,0.19,-0.19,0.19
2,0.41,1.59,1.59
0,0.49,-0.49,0.49
0,0.0,0.0,0.0
1,0.17,0.83,0.83
0,0.61,-0.61,0.61
0,1.17,-1.17,1.17
1,0.45,0.55,0.55
0,0.5,-0.5,0.5
0,0.12,-0.12,0.12
0,0.01,-0.01,0.01
0,1.3,-1.3,1.3
13,18.64,-5.64,5.64
0,0.36,-0.36,0.36
0,0.04,-0.04,0.04
1,0.46,0.54,0.54
0,0.06,-0.06,0.06
0,2.01,-2.01,2.01
0,0.24,-0.24,0.24
1,0.77,0.23,0.23
0,0.01,-0.01,0.01
3,1.13,1.87,1.87
2,0.44,1.56,1.56
0,0.15,-0.15,0.15
1,0.15,0.85,0.85
0,1.07,-1.07,1.07
5,3.57,1.43,1.43
0,0.11,-0.11,0.11
1,1.29,-0.29,0.29
0,5.28,-5.28,5.28
0,0.12,-0.12,0.12
5,3.81,1.19,1.19
0,0.04,-0.04,0.04
0,0.01,-0.01,0.01
0,0.17,-0.17,0.17
3,1.03,1.97,1.97
0,0.12,-0.12,0.12
9,2.68,6.32,6.32
0,0.0,0.0,0.0
0,0.17,-0.17,0.17
0,0.19,-0.19,0.19
0,0.24,-0.24,0.24
0,0.28,-0.28,0.28
4,0.78,3.22,3.22
0,0.12,-0.12,0.12
0,0.11,-0.11,0.11
0,0.11,-0.11,0.11
3,1.48,1.52,1.52
3,1.46,1.54,1.54
0,0.04,-0.04,0.04
0,0.23,-0.23,0.23
0,0.09,-0.09,0.09
0,0.07,-0.07,0.07
1,1.48,-0.48,0.48
0,1.74,-1.74,1.74
0,3.24,-3.24,3.24
0,1.89,-1.89,1.89
1,0.65,0.35,0.35
0,0.17,-0.17,0.17
0,2.93,-2.93,2.93
0,0.05,-0.05,0.05
0,3.26,-3.26,3.26
1,1.42,-0.42,0.42
2,0.26,1.74,1.74
1,0.86,0.14,0.14
0,1.94,-1.94,1.94
1,0.21,0.79,0.79
0,0.3,-0.3,0.3
2,2.29,-0.29,0.29
0,0.25,-0.25,0.25
0,0.27,-0.27,0.27
5,3.43,1.57,1.57
0,0.32,-0.32,0.32
0,0.01,-0.01,0.01
0,2.12,-2.12,2.12
1,0.15,0.85,0.85
1,1.08,-0.08,0.08
0,0.32,-0.32,0.32
0,0.78,-0.78,0.78
2,1.03,0.97,0.97
0,0.19,-0.19,0.19
0,0.03,-0.03,0.03
1,0.94,0.06,0.06
0,0.79,-0.79,0.79
70,27.48,42.52,42.52
0,0.78,-0.78,0.78
0,0.02,-0.02,0.02
0,0.13,-0.13,0.13
0,0.28,-0.28,0.28
2,2.78,-0.78,0.78
0,0.19,-0.19,0.19
1,0.71,0.29,0.29
0,0.27,-0.27,0.27
0,0.02,-0.02,0.02
4,2.62,1.38,1.38
0,0.77,-0.77,0.77
3,2.83,0.17,0.17
0,0.06,-0.06,0.06
0,0.04,-0.04,0.04
11,5.71,5.29,5.29
0,0.17,-0.17,0.17
0,0.02,-0.02,0.02
1,0.55,0.45,0.45
1,1.49,-0.49,0.49
8,2.02,5.98,5.98
1,0.73,0.27,0.27
0,0.43,-0.43,0.43
1,1.1,-0.1,0.1
0,0.27,-0.27,0.27
0,0.11,-0.11,0.11
0,0.05,-0.05,0.05
0,0.63,-0.63,0.63
0,0.83,-0.83,0.83
0,0.54,-0.54,0.54
1,2.84,-1.84,1.84
3,0.77,2.23,2.23
0,1.44,-1.44,1.44
1,0.41,0.59,0.59
0,0.86,-0.86,0.86
0,1.09,-1.09,1.09
0,0.67,-0.67,0.67
1,0.5,0.5,0.5
2,1.8,0.2,0.2
0,0.52,-0.52,0.52
0,0.28,-0.28,0.28
0,0.06,-0.06,0.06
4,2.63,1.37,1.37
0,0.5,-0.5,0.5
0,0.06,-0.06,0.06
0,0.27,-0.27,0.27
0,1.31,-1.31,1.31
6,3.66,2.34,2.34
0,0.14,-0.14,0.14
0,0.22,-0.22,0.22
5,5.56,-0.56,0.56
1,3.46,-2.46,2.46
0,0.02,-0.02,0.02
0,0.26,-0.26,0.26
0,0.11,-0.11,0.11
0,0.35,-0.35,0.35
0,0.14,-0.14,0.14
0,0.11,-0.11,0.11
1,0.18,0.82,0.82
0,0.18,-0.18,0.18
0,0.12,-0.12,0.12
0,0.02,-0.02,0.02
0,0.06,-0.06,0.06
0,1.05,-1.05,1.05
0,0.51,-0.51,0.51
2,1.81,0.19,0.19
1,0.65,0.35,0.35
0,0.39,-0.39,0.39
1,6.07,-5.07,5.07
0,0.13,-0.13,0.13
4,2.26,1.74,1.74
0,0.09,-0.09,0.09
0,0.07,-0.07,0.07
0,0.16,-0.16,0.16
0,0.19,-0.19,0.19
0,1.49,-1.49,1.49
2,1.94,0.06,0.06
1,0.54,0.46,0.46
2,1.25,0.75,0.75
0,0.34,-0.34,0.34
0,0.23,-0.23,0.23
0,0.12,-0.12,0.12
0,0.55,-0.55,0.55
4,1.84,2.16,2.16
0,0.57,-0.57,0.57
0,0.36,-0.36,0.36
0,0.22,-0.22,0.22
2,2.06,-0.06,0.06
0,0.19,-0.19,0.19
0,0.28,-0.28,0.28
0,0.13,-0.13,0.13
1,1.96,-0.96,0.96
1,2.13,-1.13,1.13
0,0.42,-0.42,0.42
0,0.37,-0.37,0.37
1,1.27,-0.27,0.27
0,0.08,-0.08,0.08
0,0.06,-0.06,0.06
1,1.71,-0.71,0.71
0,0.26,-0.26,0.26
4,1.66,2.34,2.34
0,0.35,-0.35,0.35
0,0.14,-0.14,0.14
0,0.01,-0.01,0.01
0,1.02,-1.02,1.02
0,0.51,-0.51,0.51
1,0.62,0.38,0.38
0,0.0,0.0,0.0
0,0.36,-0.36,0.36
1,0.43,0.57,0.57
0,0.25,-0.25,0.25
0,1.31,-1.31,1.31
0,0.1,-0.1,0.1
2,5.36,-3.36,3.36
0,0.7,-0.7,0.7
0,0.48,-0.48,0.48
0,0.19,-0.19,0.19
0,0.18,-0.18,0.18
2,1.84,0.16,0.16
0,0.57,-0.57,0.57
0,0.32,-0.32,0.32
1,0.6,0.4,0.4
0,0.69,-0.69,0.69
8,4.6,3.4,3.4
0,0.16,-0.16,0.16
0,0.25,-0.25,0.25
2,0.23,1.77,1.77
0,0.29,-0.29,0.29
0,0.09,-0.09,0.09
3,2.22,0.78,0.78
1,1.9,-0.9,0.9
1,1.51,-0.51,0.51
0,0.22,-0.22,0.22
0,0.03,-0.03,0.03
0,0.53,-0.53,0.53
2,0.48,1.52,1.52
0,0.02,-0.02,0.02
0,0.4,-0.4,0.4
1,1.51,-0.51,0.51
0,0.4,-0.4,0.4
0,0.12,-0.12,0.12
1,1.85,-0.85,0.85
0,0.02,-0.02,0.02
0,2.19,-2.19,2.19
1,0.66,0.34,0.34
0,1.91,-1.91,1.91
1,2.29,-1.29,1.29
1,0.55,0.45,0.45
3,2.96,0.04,0.04
4,2.23,1.77,1.77
0,0.54,-0.54,0.54
2,2.11,-0.11,0.11
1,0.07,0.93,0.93
0,0.52,-0.52,0.52
0,0.98,-0.98,0.98
0,1.51,-1.51,1.51
3,2.67,0.33,0.33
1,0.06,0.94,0.94
0,0.6,-0.6,0.6
2,2.1,-0.1,0.1
1,1.51,-0.51,0.51
2,1.03,0.97,0.97
0,0.3,-0.3,0.3
1,2.91,-1.91,1.91
0,0.1,-0.1,0.1
0,1.42,-1.42,1.42
0,0.28,-0.28,0.28
0,0.04,-0.04,0.04
2,0.52,1.48,1.48
0,0.35,-0.35,0.35
0,0.18,-0.18,0.18
0,0.01,-0.01,0.01
0,0.02,-0.02,0.02
0,0.27,-0.27,0.27
0,0.03,-0.03,0.03
0,1.15,-1.15,1.15
2,2.22,-0.22,0.22
1,0.87,0.13,0.13
0,0.14,-0.14,0.14
0,0.2,-0.2,0.2
0,0.23,-0.23,0.23
0,0.02,-0.02,0.02
0,0.2,-0.2,0.2
3,1.01,1.99,1.99
1,4.12,-3.12,3.12
3,1.47,1.53,1.53
1,0.03,0.97,0.97
1,1.7,-0.7,0.7
0,0.73,-0.73,0.73
0,0.43,-0.43,0.43
0,0.32,-0.32,0.32
0,0.13,-0.13,0.13
0,0.84,-0.84,0.84
0,1.19,-1.19,1.19
0,0.08,-0.08,0.08
0,0.05,-0.05,0.05
1,0.32,0.68,0.68
0,1.67,-1.67,1.67
1,0.95,0.05,0.05
0,0.2,-0.2,0.2
0,0.01,-0.01,0.01
1,0.37,0.63,0.63
2,2.95,-0.95,0.95
0,0.03,-0.03,0.03
0,0.08,-0.08,0.08
0,0.03,-0.03,0.03
0,0.21,-0.21,0.21
2,1.3,0.7,0.7
0,0.1,-0.1,0.1
1,1.3,-0.3,0.3
2,3.24,-1.24,1.24
0,0.13,-0.13,0.13
1,0.25,0.75,0.75
0,0.08,-0.08,0.08
2,2.6,-0.6,0.6
4,2.33,1.67,1.67
0,2.16,-2.16,2.16
0,0.65,-0.65,0.65
0,0.54,-0.54,0.54
0,0.02,-0.02,0.02
3,4.64,-1.64,1.64
0,0.41,-0.41,0.41
0,0.01,-0.01,0.01
2,0.64,1.36,1.36
4,2.04,1.96,1.96
7,7.52,-0.52,0.52
0,0.12,-0.12,0.12
1,1.39,-0.39,0.39
4,2.51,1.49,1.49
0,0.1,-0.1,0.1
0,0.07,-0.07,0.07
2,3.55,-1.55,1.55
0,0.17,-0.17,0.17
0,0.33,-0.33,0.33
0,0.01,-0.01,0.01
0,1.19,-1.19,1.19
1,1.3,-0.3,0.3
0,0.01,-0.01,0.01
0,0.01,-0.01,0.01
0,0.74,-0.74,0.74
0,0.12,-0.12,0.12
1,0.48,0.52,0.52
0,0.16,-0.16,0.16
2,0.38,1.62,1.62
0,0.17,-0.17,0.17
1,1.67,-0.67,0.67
1,0.19,0.81,0.81
0,0.13,-0.13,0.13
0,0.19,-0.19,0.19
2,3.48,-1.48,1.48
0,0.3,-0.3,0.3
0,0.72,-0.72,0.72
0,0.23,-0.23,0.23
1,0.12,0.88,0.88
0,0.36,-0.36,0.36
0,1.32,-1.32,1.32
0,0.01,-0.01,0.01
0,0.46,-0.46,0.46
3,2.9,0.1,0.1
0,0.23,-0.23,0.23
13,11.78,1.22,1.22
3,2.05,0.95,0.95
0,0.21,-0.21,0.21
2,1.71,0.29,0.29
0,0.04,-0.04,0.04
8,7.94,0.06,0.06
0,3.89,-3.89,3.89
2,1.65,0.35,0.35
1,0.38,0.62,0.62
0,0.02,-0.02,0.02
2,0.21,1.79,1.79
0,0.74,-0.74,0.74
0,0.39,-0.39,0.39
0,0.05,-0.05,0.05
0,0.77,-0.77,0.77
0,0.32,-0.32,0.32
0,0.21,-0.21,0.21
1,0.63,0.37,0.37
0,1.08,-1.08,1.08
0,0.34,-0.34,0.34
0,0.28,-0.28,0.28
0,0.06,-0.06,0.06
0,0.18,-0.18,0.18
3,4.44,-1.44,1.44
1,0.3,0.7,0.7
4,5.68,-1.68,1.68
0,0.01,-0.01,0.01
16,16.75,-0.75,0.75
1,0.39,0.61,0.61
0,0.1,-0.1,0.1
0,1.05,-1.05,1.05
0,0.02,-0.02,0.02
0,0.4,-0.4,0.4
0,1.17,-1.17,1.17
0,0.58,-0.58,0.58
0,0.52,-0.52,0.52
0,0.54,-0.54,0.54
2,1.93,0.07,0.07
0,0.17,-0.17,0.17
1,0.26,0.74,0.74
0,0.05,-0.05,0.05
1,0.17,0.83,0.83
0,0.04,-0.04,0.04
3,2.42,0.58,0.58
3,2.57,0.43,0.43
0,0.08,-0.08,0.08
0,0.31,-0.31,0.31
7,5.7,1.3,1.3
0,2.26,-2.26,2.26
0,0.87,-0.87,0.87
0,0.09,-0.09,0.09
0,0.1,-0.1,0.1
2,1.54,0.46,0.46
1,0.55,0.45,0.45
0,0.08,-0.08,0.08
0,0.42,-0.42,0.42
0,0.06,-0.06,0.06
4,1.79,2.21,2.21
0,0.25,-0.25,0.25
0,0.27,-0.27,0.27
1,0.82,0.18,0.18
0,0.04,-0.04,0.04
0,0.04,-0.04,0.04
1,1.19,-0.19,0.19
0,1.18,-1.18,1.18
0,0.51,-0.51,0.51
0,0.27,-0.27,0.27
0,0.07,-0.07,0.07
6,1.65,4.35,4.35
0,4.66,-4.66,4.66
0,1.52,-1.52,1.52
2,3.27,-1.27,1.27
3,2.0,1.0,1.0
0,0.11,-0.11,0.11
1,0.24,0.76,0.76
0,0.85,-0.85,0.85
3,1.18,1.82,1.82
2,1.68,0.32,0.32
0,0.69,-0.69,0.69
1,0.79,0.21,0.21
1,3.64,-2.64,2.64
0,0.06,-0.06,0.06
0,1.13,-1.13,1.13
1,0.34,0.66,0.66
0,0.03,-0.03,0.03
0,0.02,-0.02,0.02
0,0.19,-0.19,0.19
0,0.73,-0.73,0.73
0,0.54,-0.54,0.54
10,7.78,2.22,2.22
0,0.17,-0.17,0.17
0,0.14,-0.14,0.14
0,0.04,-0.04,0.04
0,0.87,-0.87,0.87
4,0.94,3.06,3.06
0,0.92,-0.92,0.92
1,2.17,-1.17,1.17
0,0.05,-0.05,0.05
0,0.74,-0.74,0.74
1,1.02,-0.02,0.02
0,0.02,-0.02,0.02
1,0.07,0.93,0.93
0,0.02,-0.02,0.02
0,0.5,-0.5,0.5
0,0.29,-0.29,0.29
0,0.19,-0.19,0.19
0,0.01,-0.01,0.01
1,2.0,-1.0,1.0
1,0.7,0.3,0.3
0,0.29,-0.29,0.29
2,3.93,-1.93,1.93
1,0.52,0.48,0.48
0,0.02,-0.02,0.02
0,0.56,-0.56,0.56
0,0.35,-0.35,0.35
2,0.54,1.46,1.46
7,13.24,-6.24,6.24
0,0.02,-0.02,0.02
0,0.34,-0.34,0.34
0,0.02,-0.02,0.02
0,0.01,-0.01,0.01
1,1.31,-0.31,0.31
1,0.17,0.83,0.83
0,0.34,-0.34,0.34
0,0.08,-0.08,0.08
0,0.5,-0.5,0.5
1,1.77,-0.77,0.77
2,2.58,-0.58,0.58
1,1.63,-0.63,0.63
0,0.37,-0.37,0.37
4,2.83,1.17,1.17
0,0.28,-0.28,0.28
4,1.98,2.02,2.02
0,0.85,-0.85,0.85
0,0.32,-0.32,0.32
0,0.49,-0.49,0.49
2,2.03,-0.03,0.03
0,0.56,-0.56,0.56
0,0.13,-0.13,0.13
0,0.16,-0.16,0.16
0,0.59,-0.59,0.59
3,0.65,2.35,2.35
0,0.29,-0.29,0.29
0,0.2,-0.2,0.2
0,0.1,-0.1,0.1
0,0.15,-0.15,0.15
0,0.27,-0.27,0.27
0,1.08,-1.08,1.08
0,4.15,-4.15,4.15
0,0.87,-0.87,0.87
2,1.79,0.21,0.21
0,0.05,-0.05,0.05
0,1.39,-1.39,1.39
1,0.66,0.34,0.34
0,0.03,-0.03,0.03
13,16.1,-3.1,3.1
1,0.35,0.65,0.65
1,1.95,-0.95,0.95
0,0.04,-0.04,0.04
1,1.48,-0.48,0.48
0,0.47,-0.47,0.47
0,4.61,-4.61,4.61
0,1.16,-1.16,1.16
0,0.19,-0.19,0.19
0,1.47,-1.47,1.47
0,3.56,-3.56,3.56
0,0.94,-0.94,0.94
0,0.32,-0.32,0.32
0,1.92,-1.92,1.92
0,0.24,-0.24,0.24
0,1.48,-1.48,1.48
0,0.45,-0.45,0.45
1,0.22,0.78,0.78
1,0.59,0.41,0.41
2,1.85,0.15,0.15
0,0.17,-0.17,0.17
7,10.05,-3.05,3.05
0,0.52,-0.52,0.52
14,9.89,4.11,4.11
4,1.23,2.77,2.77
0,0.04,-0.04,0.04
0,0.1,-0.1,0.1
0,0.03,-0.03,0.03
2,1.4,0.6,0.6
0,0.33,-0.33,0.33
2,1.09,0.91,0.91
3,0.74,2.26,2.26
0,0.18,-0.18,0.18
0,0.87,-0.87,0.87
0,0.14,-0.14,0.14
1,0.24,0.76,0.76
3,1.77,1.23,1.23
2,2.68,-0.68,0.68
5,4.02,0.98,0.98
1,1.38,-0.38,0.38
0,0.28,-0.28,0.28
1,2.35,-1.35,1.35
1,0.55,0.45,0.45
0,0.98,-0.98,0.98
2,1.2,0.8,0.8
0,0.3,-0.3,0.3
0,0.25,-0.25,0.25
3,2.08,0.92,0.92
0,0.44,-0.44,0.44
2,2.92,-0.92,0.92
1,1.42,-0.42,0.42
0,1.26,-1.26,1.26
1,0.08,0.92,0.92
0,0.03,-0.03,0.03
4,1.74,2.26,2.26
0,0.12,-0.12,0.12
0,0.37,-0.37,0.37
2,0.54,1.46,1.46
2,1.88,0.12,0.12
0,0.16,-0.16,0.16
3,2.23,0.77,0.77
0,0.28,-0.28,0.28
2,2.93,-0.93,0.93
1,0.07,0.93,0.93
4,2.06,1.94,1.94
0,1.35,-1.35,1.35
0,0.2,-0.2,0.2
0,0.17,-0.17,0.17
0,0.04,-0.04,0.04
0,0.02,-0.02,0.02
2,4.2,-2.2,2.2
2,1.31,0.69,0.69
0,0.97,-0.97,0.97
0,0.61,-0.61,0.61
7,9.14,-2.14,2.14
0,0.3,-0.3,0.3
12,16.44,-4.44,4.44
1,1.33,-0.33,0.33
3,1.34,1.66,1.66
1,0.81,0.19,0.19
0,0.02,-0.02,0.02
0,0.65,-0.65,0.65
2,0.72,1.28,1.28
3,4.66,-1.66,1.66
10,4.16,5.84,5.84
2,1.47,0.53,0.53
0,0.02,-0.02,0.02
3,0.97,2.03,2.03
2,1.66,0.34,0.34
0,0.03,-0.03,0.03
0,0.02,-0.02,0.02
3,2.01,0.99,0.99
9,2.09,6.91,6.91
1,0.64,0.36,0.36
0,0.03,-0.03,0.03
0,0.06,-0.06,0.06
2,0.91,1.09,1.09
0,1.08,-1.08,1.08
1,3.04,-2.04,2.04
2,0.44,1.56,1.56
7,5.58,1.42,1.42
1,0.57,0.43,0.43
2,0.53,1.47,1.47
0,0.03,-0.03,0.03
0,0.11,-0.11,0.11
4,1.75,2.25,2.25
0,0.07,-0.07,0.07
4,3.35,0.65,0.65
0,0.26,-0.26,0.26
1,0.59,0.41,0.41
0,0.16,-0.16,0.16
0,0.29,-0.29,0.29
0,0.58,-0.58,0.58
7,3.66,3.34,3.34
0,0.66,-0.66,0.66
0,0.13,-0.13,0.13
0,1.73,-1.73,1.73
0,3.23,-3.23,3.23
0,0.1,-0.1,0.1
0,0.34,-0.34,0.34
7,6.56,0.44,0.44
2,4.31,-2.31,2.31
21,10.19,10.81,10.81
0,0.17,-0.17,0.17
1,2.55,-1.55,1.55
0,3.34,-3.34,3.34
2,0.52,1.48,1.48
0,0.2,-0.2,0.2
1,1.47,-0.47,0.47
0,0.37,-0.37,0.37
0,1.15,-1.15,1.15
3,1.37,1.63,1.63
0,0.23,-0.23,0.23
2,2.78,-0.78,0.78
4,4.41,-0.41,0.41
0,0.3,-0.3,0.3
0,0.02,-0.02,0.02
0,0.31,-0.31,0.31
3,3.44,-0.44,0.44
3,1.93,1.07,1.07
2,0.32,1.68,1.68
2,1.12,0.88,0.88
0,0.83,-0.83,0.83
0,0.27,-0.27,0.27
0,0.49,-0.49,0.49
0,0.24,-0.24,0.24
0,0.09,-0.09,0.09
0,0.13,-0.13,0.13
3,1.21,1.79,1.79
2,0.36,1.64,1.64
2,2.44,-0.44,0.44
1,0.33,0.67,0.67
0,0.53,-0.53,0.53
1,0.58,0.42,0.42
1,0.19,0.81,0.81
0,0.19,-0.19,0.19
0,0.02,-0.02,0.02
1,0.18,0.82,0.82
7,4.76,2.24,2.24
1,1.63,-0.63,0.63
5,4.18,0.82,0.82
2,3.03,-1.03,1.03
0,0.03,-0.03,0.03
1,0.63,0.37,0.37
3,1.88,1.12,1.12
0,0.81,-0.81,0.81
0,0.11,-0.11,0.11
0,0.19,-0.19,0.19
0,0.03,-0.03,0.03
0,0.32,-0.32,0.32
0,0.17,-0.17,0.17
1,0.85,0.15,0.15
2,0.14,1.86,1.86
2,1.7,0.3,0.3
0,0.27,-0.27,0.27
0,0.02,-0.02,0.02
0,0.05,-0.05,0.05
2,1.25,0.75,0.75
0,2.13,-2.13,2.13
2,2.26,-0.26,0.26
0,0.18,-0.18,0.18
0,0.56,-0.56,0.56
3,2.5,0.5,0.5
0,0.16,-0.16,0.16
0,0.31,-0.31,0.31
0,0.96,-0.96,0.96
1,0.68,0.32,0.32
1,0.13,0.87,0.87
8,15.69,-7.69,7.69
3,1.58,1.42,1.42
0,0.17,-0.17,0.17
1,1.45,-0.45,0.45
0,0.03,-0.03,0.03
2,2.16,-0.16,0.16
1,1.08,-0.08,0.08
0,2.71,-2.71,2.71
0,0.02,-0.02,0.02
0,0.62,-0.62,0.62
0,0.14,-0.14,0.14
1,0.18,0.82,0.82
1,3.73,-2.73,2.73
0,0.25,-0.25,0.25
1,0.69,0.31,0.31
0,0.05,-0.05,0.05
11,11.57,-0.57,0.57
3,2.84,0.16,0.16
0,1.02,-1.02,1.02
0,0.25,-0.25,0.25
0,0.78,-0.78,0.78
4,0.83,3.17,3.17
0,0.22,-0.22,0.22
0,0.62,-0.62,0.62
0,0.32,-0.32,0.32
3,0.78,2.22,2.22
27,11.75,15.25,15.25
4,2.82,1.18,1.18
1,0.64,0.36,0.36
0,0.29,-0.29,0.29
0,0.17,-0.17,0.17
0,0.02,-0.02,0.02
0,0.21,-0.21,0.21
0,0.06,-0.06,0.06
0,1.25,-1.25,1.25
21,12.79,8.21,8.21
0,0.6,-0.6,0.6
4,3.29,0.71,0.71
5,3.62,1.38,1.38
0,0.04,-0.04,0.04
1,0.45,0.55,0.55
0,0.51,-0.51,0.51
0,0.93,-0.93,0.93
0,0.42,-0.42,0.42
1,2.23,-1.23,1.23
1,0.47,0.53,0.53
0,0.02,-0.02,0.02
2,0.34,1.66,1.66
0,0.2,-0.2,0.2
0,0.12,-0.12,0.12
0,0.12,-0.12,0.12
1,2.64,-1.64,1.64
0,1.29,-1.29,1.29
1,0.84,0.16,0.16
0,0.15,-0.15,0.15
0,0.1,-0.1,0.1
0,0.24,-0.24,0.24
0,0.04,-0.04,0.04
5,3.42,1.58,1.58
1,0.12,0.88,0.88
0,0.03,-0.03,0.03
4,3.13,0.87,0.87
0,0.58,-0.58,0.58
0,0.12,-0.12,0.12
0,0.34,-0.34,0.34
0,0.32,-0.32,0.32
4,2.88,1.12,1.12
1,0.72,0.28,0.28
2,0.9,1.1,1.1
1,0.8,0.2,0.2
8,4.33,3.67,3.67
0,0.14,-0.14,0.14
1,1.17,-0.17,0.17
1,0.17,0.83,0.83
2,1.08,0.92,0.92
0,0.05,-0.05,0.05
2,3.72,-1.72,1.72
0,0.13,-0.13,0.13
0,2.25,-2.25,2.25
2,1.66,0.34,0.34
0,0.53,-0.53,0.53
1,0.46,0.54,0.54
0,0.04,-0.04,0.04
1,0.59,0.41,0.41
3,0.79,2.21,2.21
2,0.91,1.09,1.09
0,0.65,-0.65,0.65
0,0.04,-0.04,0.04
2,1.05,0.95,0.95
0,0.22,-0.22,0.22
0,0.19,-0.19,0.19
4,1.87,2.13,2.13
4,5.55,-1.55,1.55
0,7.4,-7.4,7.4
0,1.74,-1.74,1.74
22,13.49,8.51,8.51
2,0.76,1.24,1.24
4,3.24,0.76,0.76
0,0.31,-0.31,0.31
1,0.7,0.3,0.3
0,0.03,-0.03,0.03
0,0.13,-0.13,0.13
0,0.19,-0.19,0.19
0,0.1,-0.1,0.1
0,0.09,-0.09,0.09
0,0.06,-0.06,0.06
2,2.1,-0.1,0.1
0,0.42,-0.42,0.42
0,0.18,-0.18,0.18
4,2.76,1.24,1.24
0,0.27,-0.27,0.27
0,2.18,-2.18,2.18
0,1.51,-1.51,1.51
0,0.01,-0.01,0.01
0,0.04,-0.04,0.04
0,0.58,-0.58,0.58
0,0.47,-0.47,0.47
0,0.64,-0.64,0.64
3,2.48,0.52,0.52
0,0.69,-0.69,0.69
2,0.57,1.43,1.43
0,0.32,-0.32,0.32
0,0.36,-0.36,0.36
0,0.1,-0.1,0.1
0,0.06,-0.06,0.06
0,0.23,-0.23,0.23
7,7.1,-0.1,0.1
2,2.51,-0.51,0.51
0,0.14,-0.14,0.14
19,16.75,2.25,2.25
0,0.05,-0.05,0.05
3,0.71,2.29,2.29
1,0.22,0.78,0.78
2,1.96,0.04,0.04
0,0.24,-0.24,0.24
19,14.52,4.48,4.48
4,2.45,1.55,1.55
0,0.69,-0.69,0.69
1,0.87,0.13,0.13
0,2.76,-2.76,2.76
2,0.18,1.82,1.82
0,0.21,-0.21,0.21
1,1.4,-0.4,0.4
0,0.14,-0.14,0.14
0,0.7,-0.7,0.7
0,0.53,-0.53,0.53
3,3.76,-0.76,0.76
11,10.51,0.49,0.49
6,1.75,4.25,4.25
0,0.34,-0.34,0.34
0,0.8,-0.8,0.8
2,1.95,0.05,0.05
0,1.08,-1.08,1.08
3,0.35,2.65,2.65
0,0.3,-0.3,0.3
5,3.89,1.11,1.11
1,2.32,-1.32,1.32
0,0.28,-0.28,0.28
0,0.27,-0.27,0.27
1,2.29,-1.29,1.29
0,0.22,-0.22,0.22
1,2.53,-1.53,1.53
1,0.37,0.63,0.63
2,4.01,-2.01,2.01
3,1.22,1.78,1.78
6,4.91,1.09,1.09
3,3.12,-0.12,0.12
0,0.46,-0.46,0.46
3,0.78,2.22,2.22
2,6.43,-4.43,4.43
3,0.69,2.31,2.31
0,0.47,-0.47,0.47
0,0.68,-0.68,0.68
0,0.62,-0.62,0.62
2,2.36,-0.36,0.36
1,0.81,0.19,0.19
0,0.32,-0.32,0.32
1,1.92,-0.92,0.92
0,0.09,-0.09,0.09
0,0.02,-0.02,0.02
0,0.27,-0.27,0.27
0,1.36,-1.36,1.36
1,3.45,-2.45,2.45
0,0.15,-0.15,0.15
0,0.49,-0.49,0.49
4,0.34,3.66,3.66
37,18.06,18.94,18.94
0,0.47,-0.47,0.47
0,0.93,-0.93,0.93
4,1.6,2.4,2.4
0,0.06,-0.06,0.06
0,0.32,-0.32,0.32
0,0.09,-0.09,0.09
0,0.28,-0.28,0.28
0,0.06,-0.06,0.06
0,0.06,-0.06,0.06
2,0.58,1.42,1.42
0,0.19,-0.19,0.19
0,0.05,-0.05,0.05
0,0.32,-0.32,0.32
1,1.62,-0.62,0.62
0,0.05,-0.05,0.05
2,0.43,1.57,1.57
3,1.06,1.94,1.94
0,1.59,-1.59,1.59
8,6.95,1.05,1.05
1,1.41,-0.41,0.41
0,1.06,-1.06,1.06
0,0.23,-0.23,0.23
0,0.28,-0.28,0.28
0,0.1,-0.1,0.1
1,0.34,0.66,0.66
0,0.12,-0.12,0.12
0,1.78,-1.78,1.78
0,0.05,-0.05,0.05
1,0.87,0.13,0.13
0,0.23,-0.23,0.23
0,0.04,-0.04,0.04
7,3.76,3.24,3.24
1,0.21,0.79,0.79
3,4.53,-1.53,1.53
0,0.04,-0.04,0.04
0,0.11,-0.11,0.11
0,0.19,-0.19,0.19
1,0.3,0.7,0.7
5,1.0,4.0,4.0
0,0.05,-0.05,0.05
1,3.95,-2.95,2.95
4,2.38,1.62,1.62
0,0.89,-0.89,0.89
1,1.96,-0.96,0.96
1,1.07,-0.07,0.07
0,0.04,-0.04,0.04
1,1.55,-0.55,0.55
0,0.07,-0.07,0.07
0,0.1,-0.1,0.1
0,0.38,-0.38,0.38
0,0.17,-0.17,0.17
0,0.29,-0.29,0.29
0,1.72,-1.72,1.72
4,2.31,1.69,1.69
1,0.36,0.64,0.64
2,3.4,-1.4,1.4
0,1.41,-1.41,1.41
3,2.01,0.99,0.99
16,17.63,-1.63,1.63
16,3.51,12.49,12.49
0,0.02,-0.02,0.02
4,4.68,-0.68,0.68
1,0.37,0.63,0.63
0,0.09,-0.09,0.09
1,0.05,0.95,0.95
2,0.29,1.71,1.71
2,1.9,0.1,0.1
5,2.85,2.15,2.15
0,0.94,-0.94,0.94
0,0.38,-0.38,0.38
1,1.62,-0.62,0.62
4,3.95,0.05,0.05
4,2.4,1.6,1.6
0,0.29,-0.29,0.29
1,0.86,0.14,0.14
0,0.07,-0.07,0.07
0,0.3,-0.3,0.3
0,0.03,-0.03,0.03
1,0.33,0.67,0.67
0,0.3,-0.3,0.3
2,0.46,1.54,1.54
0,0.11,-0.11,0.11
0,0.25,-0.25,0.25
1,4.42,-3.42,3.42
0,0.4,-0.4,0.4
0,0.07,-0.07,0.07
1,0.29,0.71,0.71
17,4.55,12.45,12.45
3,2.71,0.29,0.29
0,0.36,-0.36,0.36
7,9.85,-2.85,2.85
1,0.76,0.24,0.24
0,0.73,-0.73,0.73
0,1.0,-1.0,1.0
0,0.85,-0.85,0.85
2,3.38,-1.38,1.38
0,0.94,-0.94,0.94
0,0.02,-0.02,0.02
9,6.52,2.48,2.48
2,0.93,1.07,1.07
0,1.01,-1.01,1.01
1,0.69,0.31,0.31
9,5.76,3.24,3.24
2,2.15,-0.15,0.15
0,1.4,-1.4,1.4
1,1.71,-0.71,0.71
0,0.04,-0.04,0.04
0,1.3,-1.3,1.3
0,0.14,-0.14,0.14
0,1.14,-1.14,1.14
0,0.07,-0.07,0.07
1,2.2,-1.2,1.2
0,0.5,-0.5,0.5
0,0.03,-0.03,0.03
1,1.33,-0.33,0.33
3,1.17,1.83,1.83
3,0.86,2.14,2.14
2,1.38,0.62,0.62
0,1.3,-1.3,1.3
0,0.59,-0.59,0.59
1,1.62,-0.62,0.62
0,0.43,-0.43,0.43
0,0.27,-0.27,0.27
0,0.07,-0.07,0.07
1,3.24,-2.24,2.24
0,0.08,-0.08,0.08
0,0.06,-0.06,0.06
2,1.18,0.82,0.82
0,0.47,-0.47,0.47
0,0.1,-0.1,0.1
5,1.95,3.05,3.05
0,0.62,-0.62,0.62
1,0.27,0.73,0.73
1,0.74,0.26,0.26
2,1.26,0.74,0.74
0,0.08,-0.08,0.08
1,3.25,-2.25,2.25
3,1.68,1.32,1.32
0,0.77,-0.77,0.77
0,0.11,-0.11,0.11
9,3.87,5.13,5.13
1,0.1,0.9,0.9
0,0.19,-0.19,0.19
0,0.02,-0.02,0.02
0,0.15,-0.15,0.15
1,2.45,-1.45,1.45
0,0.23,-0.23,0.23
121,46.47,74.53,74.53
1,1.43,-0.43,0.43
1,0.95,0.05,0.05
5,4.23,0.77,0.77
6,3.82,2.18,2.18
3,1.03,1.97,1.97
0,0.01,-0.01,0.01
1,0.44,0.56,0.56
9,3.12,5.88,5.88
1,0.22,0.78,0.78
3,1.3,1.7,1.7
0,0.32,-0.32,0.32
3,0.75,2.25,2.25
2,0.71,1.29,1.29
0,0.17,-0.17,0.17
3,2.6,0.4,0.4
1,0.27,0.73,0.73
1,0.28,0.72,0.72
0,0.38,-0.38,0.38
0,2.43,-2.43,2.43
1,2.97,-1.97,1.97
1,0.67,0.33,0.33
0,0.84,-0.84,0.84
0,0.03,-0.03,0.03
0,0.04,-0.04,0.04
2,0.61,1.39,1.39
6,0.58,5.42,5.42
0,0.22,-0.22,0.22
2,1.06,0.94,0.94
4,3.47,0.53,0.53
0,1.12,-1.12,1.12
0,0.14,-0.14,0.14
0,0.02,-0.02,0.02
0,0.5,-0.5,0.5
0,0.21,-0.21,0.21
3,2.45,0.55,0.55
1,1.46,-0.46,0.46
1,0.07,0.93,0.93
0,0.03,-0.03,0.03
4,1.47,2.53,2.53
7,3.44,3.56,3.56
0,0.2,-0.2,0.2
0,0.39,-0.39,0.39
0,0.27,-0.27,0.27
0,0.04,-0.04,0.04
0,0.03,-0.03,0.03
0,0.68,-0.68,0.68
2,0.31,1.69,1.69
0,0.18,-0.18,0.18
0,0.24,-0.24,0.24
0,0.77,-0.77,0.77
0,1.21,-1.21,1.21
2,2.21,-0.21,0.21
2,0.51,1.49,1.49
0,0.06,-0.06,0.06
1,0.64,0.36,0.36
1,0.34,0.66,0.66
0,1.59,-1.59,1.59
3,1.57,1.43,1.43
3,5.0,-2.0,2.0
0,0.19,-0.19,0.19
5,2.44,2.56,2.56
0,0.23,-0.23,0.23
0,0.42,-0.42,0.42
6,5.18,0.82,0.82
1,0.16,0.84,0.84
0,0.2,-0.2,0.2
2,3.05,-1.05,1.05
0,0.32,-0.32,0.32
0,0.08,-0.08,0.08
0,0.09,-0.09,0.09
1,0.68,0.32,0.32
2,0.55,1.45,1.45
6,0.75,5.25,5.25
0,0.05,-0.05,0.05
0,0.12,-0.12,0.12
0,0.08,-0.08,0.08
0,0.95,-0.95,0.95
0,0.25,-0.25,0.25
0,4.95,-4.95,4.95
2,1.65,0.35,0.35
0,1.57,-1.57,1.57
1,0.77,0.23,0.23
1,0.22,0.78,0.78
4,1.83,2.17,2.17
4,1.82,2.18,2.18
0,0.12,-0.12,0.12
0,0.92,-0.92,0.92
0,0.3,-0.3,0.3
3,0.99,2.01,2.01
0,0.05,-0.05,0.05
0,7.85,-7.85,7.85
1,0.03,0.97,0.97
0,1.97,-1.97,1.97
2,1.35,0.65,0.65
3,4.41,-1.41,1.41
0,0.89,-0.89,0.89
5,4.4,0.6,0.6
0,0.21,-0.21,0.21
2,0.68,1.32,1.32
1,0.25,0.75,0.75
12,7.81,4.19,4.19
0,0.06,-0.06,0.06
0,1.22,-1.22,1.22
0,0.1,-0.1,0.1
2,1.08,0.92,0.92
1,0.21,0.79,0.79
0,0.5,-0.5,0.5
1,0.89,0.11,0.11
2,0.44,1.56,1.56
2,0.7,1.3,1.3
0,0.21,-0.21,0.21
5,2.01,2.99,2.99
215,40.57,174.43,174.43
0,0.3,-0.3,0.3
1,0.34,0.66,0.66
0,0.1,-0.1,0.1
1,0.89,0.11,0.11
1,0.24,0.76,0.76
1,0.4,0.6,0.6
0,0.28,-0.28,0.28
3,0.34,2.66,2.66
0,0.88,-0.88,0.88
0,0.13,-0.13,0.13
0,0.97,-0.97,0.97
0,0.48,-0.48,0.48
0,0.46,-0.46,0.46
0,0.06,-0.06,0.06
2,3.66,-1.66,1.66
1,0.13,0.87,0.87
8,3.07,4.93,4.93
3,2.5,0.5,0.5
0,0.09,-0.09,0.09
0,0.05,-0.05,0.05
0,0.93,-0.93,0.93
0,0.28,-0.28,0.28
0,0.54,-0.54,0.54
0,4.49,-4.49,4.49
0,0.02,-0.02,0.02
0,0.03,-0.03,0.03
1,0.88,0.12,0.12
0,0.4,-0.4,0.4
1,0.21,0.79,0.79
0,0.14,-0.14,0.14
6,0.99,5.01,5.01
2,1.34,0.66,0.66
3,1.9,1.1,1.1
4,0.8,3.2,3.2
3,1.72,1.28,1.28
0,0.23,-0.23,0.23
9,5.66,3.34,3.34
0,0.11,-0.11,0.11
1,1.1,-0.1,0.1
0,0.02,-0.02,0.02
0,0.02,-0.02,0.02
0,0.18,-0.18,0.18
0,0.3,-0.3,0.3
0,0.07,-0.07,0.07
0,0.16,-0.16,0.16
0,1.42,-1.42,1.42
1,0.38,0.62,0.62
1,0.3,0.7,0.7
0,2.81,-2.81,2.81
0,0.94,-0.94,0.94
0,4.75,-4.75,4.75
1,1.63,-0.63,0.63
1,0.73,0.27,0.27
1,2.09,-1.09,1.09
3,2.44,0.56,0.56
0,0.57,-0.57,0.57
0,0.15,-0.15,0.15
3,3.59,-0.59,0.59
0,0.16,-0.16,0.16
0,0.14,-0.14,0.14
3,3.08,-0.08,0.08
0,0.04,-0.04,0.04
3,0.74,2.26,2.26
0,0.26,-0.26,0.26
0,0.28,-0.28,0.28
8,3.72,4.28,4.28
4,1.7,2.3,2.3
0,0.17,-0.17,0.17
0,0.52,-0.52,0.52
0,0.03,-0.03,0.03
0,0.18,-0.18,0.18
11,4.51,6.49,6.49
0,1.01,-1.01,1.01
0,0.02,-0.02,0.02
6,2.86,3.14,3.14
0,0.16,-0.16,0.16
7,3.56,3.44,3.44
3,0.57,2.43,2.43
0,0.68,-0.68,0.68
0,0.04,-0.04,0.04
1,0.87,0.13,0.13
2,1.1,0.9,0.9
8,1.78,6.22,6.22
0,0.06,-0.06,0.06
0,0.1,-0.1,0.1
0,3.41,-3.41,3.41
0,0.38,-0.38,0.38
1,0.32,0.68,0.68
14,18.19,-4.19,4.19
1,1.34,-0.34,0.34
0,0.24,-0.24,0.24
1,4.01,-3.01,3.01
0,2.34,-2.34,2.34
3,1.22,1.78,1.78
0,0.27,-0.27,0.27
3,4.42,-1.42,1.42
0,0.9,-0.9,0.9
0,0.27,-0.27,0.27
0,0.16,-0.16,0.16
0,4.68,-4.68,4.68
0,0.02,-0.02,0.02
0,0.39,-0.39,0.39
0,0.31,-0.31,0.31
1,2.11,-1.11,1.11
0,0.62,-0.62,0.62
1,0.54,0.46,0.46
3,0.51,2.49,2.49
16,14.63,1.37,1.37
3,0.88,2.12,2.12
2,0.62,1.38,1.38
5,3.47,1.53,1.53
0,0.61,-0.61,0.61
0,0.27,-0.27,0.27
2,3.93,-1.93,1.93
0,0.04,-0.04,0.04
0,2.64,-2.64,2.64
0,0.93,-0.93,0.93
2,2.18,-0.18,0.18
5,1.61,3.39,3.39
0,0.18,-0.18,0.18
3,1.02,1.98,1.98
0,0.5,-0.5,0.5
3,2.75,0.25,0.25
0,0.21,-0.21,0.21
1,1.36,-0.36,0.36
0,0.04,-0.04,0.04
0,1.29,-1.29,1.29
2,1.13,0.87,0.87
0,0.33,-0.33,0.33
0,0.22,-0.22,0.22
1,0.8,0.2,0.2
0,0.13,-0.13,0.13
0,0.65,-0.65,0.65
1,1.27,-0.27,0.27
0,0.64,-0.64,0.64
5,1.63,3.37,3.37
1,1.92,-0.92,0.92
5,2.85,2.15,2.15
1,0.56,0.44,0.44
2,3.43,-1.43,1.43
0,0.12,-0.12,0.12
0,0.1,-0.1,0.1
6,1.02,4.98,4.98
5,6.78,-1.78,1.78
2,6.49,-4.49,4.49
0,0.08,-0.08,0.08
1,1.84,-0.84,0.84
2,1.07,0.93,0.93
0,0.47,-0.47,0.47
0,0.24,-0.24,0.24
1,0.26,0.74,0.74
61,18.25,42.75,42.75
0,0.92,-0.92,0.92
3,3.86,-0.86,0.86
0,0.56,-0.56,0.56
0,0.87,-0.87,0.87
8,13.12,-5.12,5.12
0,0.18,-0.18,0.18
0,0.11,-0.11,0.11
0,0.02,-0.02,0.02
1,0.4,0.6,0.6
0,0.12,-0.12,0.12
4,3.47,0.53,0.53
2,2.04,-0.04,0.04
0,0.14,-0.14,0.14
3,0.9,2.1,2.1
1,0.6,0.4,0.4
1,2.34,-1.34,1.34
0,0.21,-0.21,0.21
0,0.16,-0.16,0.16
3,1.97,1.03,1.03
0,0.03,-0.03,0.03
1,2.08,-1.08,1.08
0,0.1,-0.1,0.1
4,3.13,0.87,0.87
0,0.9,-0.9,0.9
23,18.57,4.43,4.43
3,1.84,1.16,1.16
0,0.64,-0.64,0.64
0,0.61,-0.61,0.61
0,2.56,-2.56,2.56
7,5.83,1.17,1.17
0,0.42,-0.42,0.42
0,0.09,-0.09,0.09
0,0.05,-0.05,0.05
0,0.29,-0.29,0.29
0,0.55,-0.55,0.55
0,0.25,-0.25,0.25
0,6.37,-6.37,6.37
2,1.85,0.15,0.15
0,0.78,-0.78,0.78
0,0.98,-0.98,0.98
2,0.57,1.43,1.43
1,3.05,-2.05,2.05
0,0.57,-0.57,0.57
0,1.68,-1.68,1.68
0,0.04,-0.04,0.04
1,0.16,0.84,0.84
0,0.17,-0.17,0.17
1,2.11,-1.11,1.11
0,0.03,-0.03,0.03
0,0.65,-0.65,0.65
0,0.02,-0.02,0.02
0,0.7,-0.7,0.7
0,0.17,-0.17,0.17
7,14.7,-7.7,7.7
0,0.24,-0.24,0.24
0,0.08,-0.08,0.08
0,2.5,-2.5,2.5
0,1.52,-1.52,1.52
0,0.02,-0.02,0.02
1,1.57,-0.57,0.57
2,1.17,0.83,0.83
5,1.54,3.46,3.46
3,2.61,0.39,0.39
4,1.52,2.48,2.48
0,0.27,-0.27,0.27
4,4.08,-0.08,0.08
0,0.2,-0.2,0.2
0,0.16,-0.16,0.16
6,2.34,3.66,3.66
2,0.28,1.72,1.72
1,0.34,0.66,0.66
1,1.48,-0.48,0.48
0,0.6,-0.6,0.6
1,0.55,0.45,0.45
0,0.05,-0.05,0.05
0,0.97,-0.97,0.97
2,1.07,0.93,0.93
0,0.02,-0.02,0.02
0,0.09,-0.09,0.09
2,1.42,0.58,0.58
0,0.47,-0.47,0.47
0,0.07,-0.07,0.07
0,0.03,-0.03,0.03
5,2.24,2.76,2.76
2,2.36,-0.36,0.36
9,13.45,-4.45,4.45
4,1.84,2.16,2.16
0,1.45,-1.45,1.45
0,0.27,-0.27,0.27
0,0.49,-0.49,0.49
0,1.03,-1.03,1.03
0,0.11,-0.11,0.11
0,0.48,-0.48,0.48
0,0.27,-0.27,0.27
10,3.17,6.83,6.83
0,1.6,-1.6,1.6
0,0.04,-0.04,0.04
2,4.72,-2.72,2.72
4,0.74,3.26,3.26
0,0.11,-0.11,0.11
11,5.01,5.99,5.99
0,0.02,-0.02,0.02
0,0.61,-0.61,0.61
0,0.23,-0.23,0.23
0,0.19,-0.19,0.19
1,0.56,0.44,0.44
0,0.27,-0.27,0.27
0,0.02,-0.02,0.02
4,4.7,-0.7,0.7
0,0.01,-0.01,0.01
1,0.13,0.87,0.87
0,0.01,-0.01,0.01
1,0.21,0.79,0.79
2,1.35,0.65,0.65
0,0.02,-0.02,0.02
0,0.44,-0.44,0.44
0,1.83,-1.83,1.83
0,0.23,-0.23,0.23
2,0.59,1.41,1.41
0,1.08,-1.08,1.08
0,0.22,-0.22,0.22
0,0.06,-0.06,0.06
0,0.15,-0.15,0.15
0,0.02,-0.02,0.02
0,0.21,-0.21,0.21
10,4.61,5.39,5.39
0,0.02,-0.02,0.02
3,0.69,2.31,2.31
0,1.17,-1.17,1.17
5,1.5,3.5,3.5
0,1.59,-1.59,1.59
0,0.27,-0.27,0.27
5,2.14,2.86,2.86
0,0.19,-0.19,0.19
0,0.28,-0.28,0.28
0,0.35,-0.35,0.35
0,0.02,-0.02,0.02
1,0.62,0.38,0.38
1,2.16,-1.16,1.16
5,2.65,2.35,2.35
2,0.35,1.65,1.65
2,2.79,-0.79,0.79
0,0.01,-0.01,0.01
9,13.95,-4.95,4.95
0,1.09,-1.09,1.09
1,1.28,-0.28,0.28
1,2.96,-1.96,1.96
0,2.02,-2.02,2.02
1,0.37,0.63,0.63
0,0.22,-0.22,0.22
0,0.06,-0.06,0.06
1,0.99,0.01,0.01
15,14.39,0.61,0.61
3,0.66,2.34,2.34
0,1.72,-1.72,1.72
0,0.03,-0.03,0.03
0,0.24,-0.24,0.24
0,0.05,-0.05,0.05
0,0.02,-0.02,0.02
0,1.03,-1.03,1.03
0,0.74,-0.74,0.74
0,0.46,-0.46,0.46
2,2.04,-0.04,0.04
0,0.04,-0.04,0.04
0,1.11,-1.11,1.11
6,2.26,3.74,3.74
0,0.47,-0.47,0.47
0,0.78,-0.78,0.78
0,1.07,-1.07,1.07
2,1.78,0.22,0.22
0,0.02,-0.02,0.02
0,0.09,-0.09,0.09
0,0.14,-0.14,0.14
0,0.32,-0.32,0.32
3,2.28,0.72,0.72
6,3.25,2.75,2.75
0,0.28,-0.28,0.28
0,0.02,-0.02,0.02
2,5.33,-3.33,3.33
0,0.03,-0.03,0.03
3,1.56,1.44,1.44
2,2.69,-0.69,0.69
0,0.23,-0.23,0.23
9,1.89,7.11,7.11
0,2.43,-2.43,2.43
3,1.28,1.72,1.72
1,6.85,-5.85,5.85
0,0.05,-0.05,0.05
0,0.26,-0.26,0.26
0,0.05,-0.05,0.05
1,0.26,0.74,0.74
2,3.28,-1.28,1.28
3,0.34,2.66,2.66
0,0.13,-0.13,0.13
2,0.29,1.71,1.71
1,0.64,0.36,0.36
0,2.08,-2.08,2.08
0,0.18,-0.18,0.18
1,0.36,0.64,0.64
3,0.67,2.33,2.33
0,0.86,-0.86,0.86
0,0.35,-0.35,0.35
0,0.07,-0.07,0.07
0,0.56,-0.56,0.56
1,0.5,0.5,0.5
0,0.33,-0.33,0.33
2,0.4,1.6,1.6
2,1.44,0.56,0.56
6,5.4,0.6,0.6
0,1.26,-1.26,1.26
0,0.04,-0.04,0.04
6,2.19,3.81,3.81
4,3.92,0.08,0.08
0,0.06,-0.06,0.06
0,0.08,-0.08,0.08
0,0.09,-0.09,0.09
0,1.95,-1.95,1.95
0,0.31,-0.31,0.31
0,0.01,-0.01,0.01
32,17.48,14.52,14.52
0,0.13,-0.13,0.13
1,0.86,0.14,0.14
0,0.29,-0.29,0.29
0,0.03,-0.03,0.03
1,0.89,0.11,0.11
3,0.43,2.57,2.57
0,0.43,-0.43,0.43
0,0.35,-0.35,0.35
7,3.02,3.98,3.98
0,0.97,-0.97,0.97
1,0.67,0.33,0.33
0,0.05,-0.05,0.05
0,0.08,-0.08,0.08
4,1.92,2.08,2.08
3,1.45,1.55,1.55
0,0.72,-0.72,0.72
6,3.53,2.47,2.47
1,0.26,0.74,0.74
3,2.97,0.03,0.03
0,0.3,-0.3,0.3
0,0.13,-0.13,0.13
1,1.21,-0.21,0.21
2,0.83,1.17,1.17
1,2.76,-1.76,1.76
0,0.71,-0.71,0.71
0,0.8,-0.8,0.8
0,0.66,-0.66,0.66
2,2.11,-0.11,0.11
0,1.32,-1.32,1.32
7,5.77,1.23,1.23
0,0.35,-0.35,0.35
0,0.21,-0.21,0.21
0,1.88,-1.88,1.88
1,0.85,0.15,0.15
0,0.7,-0.7,0.7
1,0.65,0.35,0.35
0,0.03,-0.03,0.03
0,0.13,-0.13,0.13
0,0.1,-0.1,0.1
2,1.25,0.75,0.75
0,0.01,-0.01,0.01
0,0.36,-0.36,0.36
4,1.73,2.27,2.27
7,1.38,5.62,5.62
0,0.58,-0.58,0.58
0,0.41,-0.41,0.41
10,5.28,4.72,4.72
0,1.05,-1.05,1.05
0,0.01,-0.01,0.01
1,0.22,0.78,0.78
0,0.54,-0.54,0.54
0,0.02,-0.02,0.02
10,6.98,3.02,3.02
0,0.25,-0.25,0.25
0,0.17,-0.17,0.17
0,0.07,-0.07,0.07
4,2.15,1.85,1.85
6,2.63,3.37,3.37
0,0.02,-0.02,0.02
0,0.76,-0.76,0.76
0,0.43,-0.43,0.43
0,0.25,-0.25,0.25
0,0.15,-0.15,0.15
0,0.33,-0.33,0.33
0,0.42,-0.42,0.42
6,8.82,-2.82,2.82
0,0.03,-0.03,0.03
4,2.48,1.52,1.52
1,0.48,0.52,0.52
0,1.74,-1.74,1.74
0,0.91,-0.91,0.91
0,0.01,-0.01,0.01
2,0.62,1.38,1.38
1,0.34,0.66,0.66
0,0.14,-0.14,0.14
1,0.37,0.63,0.63
2,0.64,1.36,1.36
0,0.69,-0.69,0.69
1,0.26,0.74,0.74
0,0.46,-0.46,0.46
0,1.45,-1.45,1.45
2,1.43,0.57,0.57
1,0.33,0.67,0.67
0,0.74,-0.74,0.74
0,0.22,-0.22,0.22
0,0.67,-0.67,0.67
1,0.68,0.32,0.32
4,1.39,2.61,2.61
0,0.22,-0.22,0.22
4,0.59,3.41,3.41
0,0.01,-0.01,0.01
0,0.11,-0.11,0.11
2,1.83,0.17,0.17
0,0.94,-0.94,0.94
0,0.01,-0.01,0.01
0,0.11,-0.11,0.11
0,0.29,-0.29,0.29
0,0.32,-0.32,0.32
0,0.04,-0.04,0.04
3,0.49,2.51,2.51
0,0.39,-0.39,0.39
0,0.21,-0.21,0.21
0,0.72,-0.72,0.72
0,0.23,-0.23,0.23
2,1.65,0.35,0.35
0,0.15,-0.15,0.15
0,0.1,-0.1,0.1
3,1.62,1.38,1.38
0,1.62,-1.62,1.62
0,0.59,-0.59,0.59
0,0.2,-0.2,0.2
1,0.18,0.82,0.82
0,0.05,-0.05,0.05
1,1.1,-0.1,0.1
2,0.49,1.51,1.51
1,2.11,-1.11,1.11
0,0.01,-0.01,0.01
0,1.3,-1.3,1.3
2,2.9,-0.9,0.9
1,1.15,-0.15,0.15
2,1.31,0.69,0.69
1,1.61,-0.61,0.61
2,0.57,1.43,1.43
0,0.15,-0.15,0.15
0,0.2,-0.2,0.2
1,0.42,0.58,0.58
4,2.49,1.51,1.51
0,0.09,-0.09,0.09
0,0.0,0.0,0.0
2,0.63,1.37,1.37
0,0.1,-0.1,0.1
0,0.03,-0.03,0.03
3,0.61,2.39,2.39
0,0.5,-0.5,0.5
0,0.11,-0.11,0.11
10,8.51,1.49,1.49
6,5.35,0.65,0.65
0,0.14,-0.14,0.14
0,0.34,-0.34,0.34
4,1.52,2.48,2.48
2,1.87,0.13,0.13
1,2.26,-1.26,1.26
0,0.25,-0.25,0.25
0,1.31,-1.31,1.31
0,0.17,-0.17,0.17
0,0.07,-0.07,0.07
0,0.21,-0.21,0.21
19,13.37,5.63,5.63
1,1.81,-0.81,0.81
1,1.74,-0.74,0.74
0,0.73,-0.73,0.73
0,0.01,-0.01,0.01
0,1.81,-1.81,1.81
1,1.93,-0.93,0.93
2,3.71,-1.71,1.71
0,0.58,-0.58,0.58
1,1.01,-0.01,0.01
0,0.15,-0.15,0.15
1,0.59,0.41,0.41
2,2.81,-0.81,0.81
3,0.46,2.54,2.54
4,2.26,1.74,1.74
2,1.5,0.5,0.5
0,0.03,-0.03,0.03
17,13.33,3.67,3.67
1,0.45,0.55,0.55
0,0.33,-0.33,0.33
0,0.11,-0.11,0.11
0,0.06,-0.06,0.06
0,0.03,-0.03,0.03
1,1.21,-0.21,0.21
0,1.19,-1.19,1.19
4,1.68,2.32,2.32
0,0.12,-0.12,0.12
0,0.29,-0.29,0.29
0,0.45,-0.45,0.45
0,0.6,-0.6,0.6
0,1.33,-1.33,1.33
6,0.89,5.11,5.11
1,1.39,-0.39,0.39
0,0.71,-0.71,0.71
7,1.99,5.01,5.01
0,0.0,-0.0,0.0
0,0.03,-0.03,0.03
0,2.3,-2.3,2.3
2,1.25,0.75,0.75
0,0.11,-0.11,0.11
0,0.03,-0.03,0.03
3,2.15,0.85,0.85
1,2.81,-1.81,1.81
0,0.38,-0.38,0.38
43,23.4,19.6,19.6
0,0.81,-0.81,0.81
0,0.02,-0.02,0.02
0,1.2,-1.2,1.2
0,0.95,-0.95,0.95
0,0.66,-0.66,0.66
1,3.05,-2.05,2.05
0,0.29,-0.29,0.29
0,0.03,-0.03,0.03
3,1.23,1.77,1.77
0,1.19,-1.19,1.19
1,0.77,0.23,0.23
2,1.44,0.56,0.56
1,1.02,-0.02,0.02
0,1.68,-1.68,1.68
0,0.36,-0.36,0.36
2,0.96,1.04,1.04
0,0.47,-0.47,0.47
0,0.27,-0.27,0.27
0,0.06,-0.06,0.06
0,0.53,-0.53,0.53
3,1.18,1.82,1.82
0,0.02,-0.02,0.02
10,4.08,5.92,5.92
2,4.62,-2.62,2.62
1,0.8,0.2,0.2
0,1.47,-1.47,1.47
1,1.34,-0.34,0.34
0,1.94,-1.94,1.94
0,0.23,-0.23,0.23
0,0.07,-0.07,0.07
0,0.02,-0.02,0.02
0,0.11,-0.11,0.11
0,0.2,-0.2,0.2
0,0.47,-0.47,0.47
1,0.18,0.82,0.82
0,0.79,-0.79,0.79
0,0.19,-0.19,0.19
1,0.3,0.7,0.7
1,1.14,-0.14,0.14
0,0.45,-0.45,0.45
0,0.03,-0.03,0.03
0,0.73,-0.73,0.73
1,0.17,0.83,0.83
4,2.79,1.21,1.21
0,0.0,0.0,0.0
0,0.91,-0.91,0.91
2,11.33,-9.33,9.33
2,1.55,0.45,0.45
0,0.18,-0.18,0.18
1,1.04,-0.04,0.04
0,0.1,-0.1,0.1
0,0.4,-0.4,0.4
0,0.18,-0.18,0.18
0,0.24,-0.24,0.24
1,1.53,-0.53,0.53
0,0.03,-0.03,0.03
0,0.29,-0.29,0.29
0,0.2,-0.2,0.2
0,0.0,0.0,0.0
0,0.26,-0.26,0.26
0,0.07,-0.07,0.07
0,0.28,-0.28,0.28
1,0.18,0.82,0.82
0,0.26,-0.26,0.26
1,0.83,0.17,0.17
3,1.33,1.67,1.67
0,0.02,-0.02,0.02
0,0.77,-0.77,0.77
2,1.6,0.4,0.4
4,2.49,1.51,1.51
3,2.29,0.71,0.71
0,1.12,-1.12,1.12
0,0.41,-0.41,0.41
0,0.42,-0.42,0.42
0,0.28,-0.28,0.28
1,0.18,0.82,0.82
2,0.67,1.33,1.33
0,0.01,-0.01,0.01
2,1.24,0.76,0.76
1,3.01,-2.01,2.01
0,0.07,-0.07,0.07
0,0.22,-0.22,0.22
0,0.44,-0.44,0.44
1,1.8,-0.8,0.8
1,0.7,0.3,0.3
3,0.72,2.28,2.28
1,0.55,0.45,0.45
1,1.71,-0.71,0.71
0,0.04,-0.04,0.04
3,1.91,1.09,1.09
1,2.51,-1.51,1.51
0,0.12,-0.12,0.12
0,0.12,-0.12,0.12
4,1.57,2.43,2.43
1,3.53,-2.53,2.53
2,1.21,0.79,0.79
0,0.28,-0.28,0.28
0,0.25,-0.25,0.25
0,0.03,-0.03,0.03
2,1.05,0.95,0.95
0,0.09,-0.09,0.09
1,0.29,0.71,0.71
0,0.19,-0.19,0.19
0,0.02,-0.02,0.02
2,0.61,1.39,1.39
0,0.48,-0.48,0.48
0,0.24,-0.24,0.24
2,1.0,1.0,1.0
1,0.61,0.39,0.39
0,0.2,-0.2,0.2
0,0.31,-0.31,0.31
0,0.09,-0.09,0.09
0,0.01,-0.01,0.01
0,0.15,-0.15,0.15
1,0.27,0.73,0.73
0,1.06,-1.06,1.06
1,0.35,0.65,0.65
0,0.62,-0.62,0.62
0,0.14,-0.14,0.14
0,0.12,-0.12,0.12
0,0.26,-0.26,0.26
1,0.48,0.52,0.52
2,1.79,0.21,0.21
2,3.88,-1.88,1.88
0,0.23,-0.23,0.23
0,1.59,-1.59,1.59
0,0.05,-0.05,0.05
1,0.48,0.52,0.52
1,0.5,0.5,0.5
1,1.05,-0.05,0.05
0,0.23,-0.23,0.23
1,0.34,0.66,0.66
0,0.13,-0.13,0.13
1,0.64,0.36,0.36
1,2.24,-1.24,1.24
1,0.39,0.61,0.61
0,0.1,-0.1,0.1
0,0.89,-0.89,0.89
5,2.63,2.37,2.37
1,1.64,-0.64,0.64
0,0.0,-0.0,0.0
0,2.62,-2.62,2.62
0,0.65,-0.65,0.65
0,0.01,-0.01,0.01
0,0.16,-0.16,0.16
1,1.94,-0.94,0.94
0,0.32,-0.32,0.32
0,1.05,-1.05,1.05
1,3.06,-2.06,2.06
0,0.29,-0.29,0.29
0,0.01,-0.01,0.01
0,0.56,-0.56,0.56
0,0.95,-0.95,0.95
0,2.38,-2.38,2.38
0,0.19,-0.19,0.19
0,0.28,-0.28,0.28
0,0.37,-0.37,0.37
0,2.91,-2.91,2.91
3,4.71,-1.71,1.71
6,2.88,3.12,3.12
3,1.62,1.38,1.38
1,0.48,0.52,0.52
2,0.15,1.85,1.85
0,0.71,-0.71,0.71
0,0.14,-0.14,0.14
1,1.04,-0.04,0.04
2,1.6,0.4,0.4
0,0.05,-0.05,0.05
0,0.78,-0.78,0.78
0,0.14,-0.14,0.14
6,2.95,3.05,3.05
1,0.47,0.53,0.53
0,0.0,0.0,0.0
1,0.04,0.96,0.96
0,0.01,-0.01,0.01
1,0.23,0.77,0.77
39,32.82,6.18,6.18
0,0.63,-0.63,0.63
0,0.24,-0.24,0.24
0,0.23,-0.23,0.23
2,0.63,1.37,1.37
0,0.07,-0.07,0.07
3,5.46,-2.46,2.46
1,1.35,-0.35,0.35
0,0.16,-0.16,0.16
0,0.01,-0.01,0.01
0,0.07,-0.07,0.07
0,0.23,-0.23,0.23
5,2.04,2.96,2.96
0,0.46,-0.46,0.46
0,0.17,-0.17,0.17
0,0.46,-0.46,0.46
1,0.82,0.18,0.18
0,0.27,-0.27,0.27
3,2.3,0.7,0.7
1,1.47,-0.47,0.47
0,0.01,-0.01,0.01
0,0.14,-0.14,0.14
0,0.11,-0.11,0.11
0,1.68,-1.68,1.68
0,0.14,-0.14,0.14
0,0.06,-0.06,0.06
0,0.36,-0.36,0.36
0,0.42,-0.42,0.42
0,0.36,-0.36,0.36
4,1.83,2.17,2.17
1,0.14,0.86,0.86
0,0.08,-0.08,0.08
0,0.59,-0.59,0.59
0,0.18,-0.18,0.18
2,2.08,-0.08,0.08
2,0.51,1.49,1.49
0,0.04,-0.04,0.04
0,0.35,-0.35,0.35
3,2.61,0.39,0.39
1,1.86,-0.86,0.86
0,0.16,-0.16,0.16
6,3.91,2.09,2.09
2,0.22,1.78,1.78
0,0.26,-0.26,0.26
1,1.98,-0.98,0.98
3,1.28,1.72,1.72
0,0.24,-0.24,0.24
0,0.11,-0.11,0.11
0,0.06,-0.06,0.06
0,0.53,-0.53,0.53
0,0.61,-0.61,0.61
0,0.01,-0.01,0.01
0,0.3,-0.3,0.3
0,0.67,-0.67,0.67
0,0.94,-0.94,0.94
0,0.09,-0.09,0.09
0,1.79,-1.79,1.79
2,0.56,1.44,1.44
1,0.89,0.11,0.11
1,0.26,0.74,0.74
1,0.24,0.76,0.76
0,0.78,-0.78,0.78
0,0.42,-0.42,0.42
0,0.51,-0.51,0.51
0,0.28,-0.28,0.28
0,0.37,-0.37,0.37
0,0.01,-0.01,0.01
9,9.72,-0.72,0.72
0,0.27,-0.27,0.27
0,0.29,-0.29,0.29
0,0.07,-0.07,0.07
1,1.56,-0.56,0.56
0,0.14,-0.14,0.14
0,0.01,-0.01,0.01
0,0.12,-0.12,0.12
0,0.22,-0.22,0.22
0,0.43,-0.43,0.43
0,0.16,-0.16,0.16
1,1.54,-0.54,0.54
0,0.18,-0.18,0.18
0,0.02,-0.02,0.02
0,0.03,-0.03,0.03
5,1.69,3.31,3.31
0,0.2,-0.2,0.2
2,0.95,1.05,1.05
1,3.24,-2.24,2.24
0,1.38,-1.38,1.38
0,0.01,-0.01,0.01
2,2.05,-0.05,0.05
0,0.01,-0.01,0.01
3,1.86,1.14,1.14
1,2.41,-1.41,1.41
2,0.6,1.4,1.4
0,0.04,-0.04,0.04
0,0.15,-0.15,0.15
1,0.72,0.28,0.28
0,0.18,-0.18,0.18
0,0.48,-0.48,0.48
0,0.47,-0.47,0.47
0,0.91,-0.91,0.91
23,8.75,14.25,14.25
3,1.72,1.28,1.28
0,0.12,-0.12,0.12
0,0.58,-0.58,0.58
0,0.01,-0.01,0.01
5,4.82,0.18,0.18
0,0.02,-0.02,0.02
1,0.34,0.66,0.66
0,0.27,-0.27,0.27
0,0.24,-0.24,0.24
0,0.34,-0.34,0.34
3,2.82,0.18,0.18
3,3.33,-0.33,0.33
2,3.33,-1.33,1.33
4,1.98,2.02,2.02
0,0.22,-0.22,0.22
0,0.0,0.0,0.0
0,0.04,-0.04,0.04
0,1.47,-1.47,1.47
0,2.03,-2.03,2.03
2,0.64,1.36,1.36
2,3.2,-1.2,1.2
0,2.39,-2.39,2.39
1,10.26,-9.26,9.26
2,1.62,0.38,0.38
1,0.39,0.61,0.61
0,0.54,-0.54,0.54
6,2.62,3.38,3.38
0,0.18,-0.18,0.18
0,0.0,0.0,0.0
0,1.82,-1.82,1.82
2,0.51,1.49,1.49
1,0.38,0.62,0.62
1,0.5,0.5,0.5
1,1.89,-0.89,0.89
1,1.58,-0.58,0.58
5,7.28,-2.28,2.28
0,0.2,-0.2,0.2
9,4.35,4.65,4.65
0,0.18,-0.18,0.18
1,2.14,-1.14,1.14
0,0.01,-0.01,0.01
0,0.05,-0.05,0.05
2,0.99,1.01,1.01
0,0.01,-0.01,0.01
1,0.31,0.69,0.69
0,0.08,-0.08,0.08
0,0.22,-0.22,0.22
6,0.66,5.34,5.34
0,0.05,-0.05,0.05
0,1.9,-1.9,1.9
0,0.45,-0.45,0.45
0,0.51,-0.51,0.51
0,0.22,-0.22,0.22
0,0.3,-0.3,0.3
0,0.57,-0.57,0.57
0,1.28,-1.28,1.28
0,0.07,-0.07,0.07
0,0.19,-0.19,0.19
0,0.23,-0.23,0.23
0,0.04,-0.04,0.04
0,0.0,-0.0,0.0
1,0.9,0.1,0.1
0,0.56,-0.56,0.56
0,0.24,-0.24,0.24
31,0.68,30.32,30.32
2,1.15,0.85,0.85
0,0.26,-0.26,0.26
0,1.59,-1.59,1.59
0,0.1,-0.1,0.1
0,0.1,-0.1,0.1
0,0.02,-0.02,0.02
20,4.01,15.99,15.99
2,0.09,1.91,1.91
0,2.7,-2.7,2.7
0,0.56,-0.56,0.56
4,2.04,1.96,1.96
0,0.33,-0.33,0.33
1,1.01,-0.01,0.01
2,1.85,0.15,0.15
2,0.6,1.4,1.4
0,0.09,-0.09,0.09
0,0.71,-0.71,0.71
0,0.01,-0.01,0.01
0,0.0,0.0,0.0
0,0.01,-0.01,0.01
0,0.38,-0.38,0.38
0,0.41,-0.41,0.41
0,1.69,-1.69,1.69
1,1.81,-0.81,0.81
1,3.21,-2.21,2.21
2,0.54,1.46,1.46
0,0.12,-0.12,0.12
0,0.06,-0.06,0.06
4,6.53,-2.53,2.53
0,0.0,-0.0,0.0
0,0.07,-0.07,0.07
0,0.29,-0.29,0.29
1,0.07,0.93,0.93
0,0.27,-0.27,0.27
3,1.97,1.03,1.03
3,1.23,1.77,1.77
15,13.89,1.11,1.11
1,2.24,-1.24,1.24
1,1.01,-0.01,0.01
0,1.07,-1.07,1.07
0,0.11,-0.11,0.11
1,0.75,0.25,0.25
3,1.23,1.77,1.77
0,1.64,-1.64,1.64
0,0.01,-0.01,0.01
1,2.17,-1.17,1.17
0,0.15,-0.15,0.15
0,0.0,-0.0,0.0
0,0.47,-0.47,0.47
4,0.58,3.42,3.42
0,0.28,-0.28,0.28
0,0.08,-0.08,0.08
0,0.2,-0.2,0.2
1,2.62,-1.62,1.62
0,0.06,-0.06,0.06
0,15.51,-15.51,15.51
0,0.37,-0.37,0.37
0,0.03,-0.03,0.03
0,0.23,-0.23,0.23
0,0.08,-0.08,0.08
0,2.26,-2.26,2.26
2,3.92,-1.92,1.92
0,0.21,-0.21,0.21
0,0.26,-0.26,0.26
4,0.52,3.48,3.48
0,0.07,-0.07,0.07
3,1.78,1.22,1.22
1,0.93,0.07,0.07
0,0.55,-0.55,0.55
0,0.0,-0.0,0.0
0,0.16,-0.16,0.16
1,0.97,0.03,0.03
0,1.54,-1.54,1.54
0,0.19,-0.19,0.19
9,8.49,0.51,0.51
0,1.05,-1.05,1.05
0,0.16,-0.16,0.16
1,0.98,0.02,0.02
4,6.44,-2.44,2.44
0,0.38,-0.38,0.38
0,0.09,-0.09,0.09
0,0.13,-0.13,0.13
1,0.21,0.79,0.79
3,2.63,0.37,0.37
0,0.03,-0.03,0.03
0,1.1,-1.1,1.1
3,1.94,1.06,1.06
0,0.0,-0.0,0.0
0,0.45,-0.45,0.45
0,0.31,-0.31,0.31
0,0.0,-0.0,0.0
0,2.83,-2.83,2.83
0,0.0,0.0,0.0
0,0.15,-0.15,0.15
3,0.86,2.14,2.14
28,14.58,13.42,13.42
2,0.44,1.56,1.56
1,1.27,-0.27,0.27
0,0.6,-0.6,0.6
0,0.1,-0.1,0.1
0,0.05,-0.05,0.05
0,0.68,-0.68,0.68
0,1.08,-1.08,1.08
0,0.76,-0.76,0.76
0,0.74,-0.74,0.74
0,1.67,-1.67,1.67
0,4.06,-4.06,4.06
0,0.95,-0.95,0.95
2,2.42,-0.42,0.42
2,0.59,1.41,1.41
0,0.2,-0.2,0.2
0,0.57,-0.57,0.57
0,0.2,-0.2,0.2
0,0.05,-0.05,0.05
0,0.13,-0.13,0.13
0,0.0,0.0,0.0
0,0.0,0.0,0.0
0,0.08,-0.08,0.08
0,1.03,-1.03,1.03
2,0.69,1.31,1.31
0,0.19,-0.19,0.19
1,0.54,0.46,0.46
1,0.38,0.62,0.62
1,1.5,-0.5,0.5
1,2.68,-1.68,1.68
0,0.17,-0.17,0.17
0,1.45,-1.45,1.45
12,2.76,9.24,9.24
2,1.59,0.41,0.41
0,0.06,-0.06,0.06
0,0.23,-0.23,0.23
0,0.27,-0.27,0.27
1,0.49,0.51,0.51
0,2.94,-2.94,2.94
0,0.21,-0.21,0.21
0,0.08,-0.08,0.08
0,0.25,-0.25,0.25
0,0.53,-0.53,0.53
1,1.09,-0.09,0.09
0,1.16,-1.16,1.16
1,0.42,0.58,0.58
2,1.67,0.33,0.33
1,0.19,0.81,0.81
0,0.18,-0.18,0.18
2,2.58,-0.58,0.58
0,0.0,0.0,0.0
0,7.52,-7.52,7.52
0,0.15,-0.15,0.15
0,0.45,-0.45,0.45
0,1.02,-1.02,1.02
0,0.02,-0.02,0.02
0,0.56,-0.56,0.56
5,3.13,1.87,1.87
2,4.5,-2.5,2.5
0,0.0,-0.0,0.0
0,0.0,-0.0,0.0
0,0.07,-0.07,0.07
0,0.05,-0.05,0.05
0,0.26,-0.26,0.26
2,1.43,0.57,0.57
0,0.01,-0.01,0.01
0,0.09,-0.09,0.09
4,1.46,2.54,2.54
0,2.53,-2.53,2.53
4,0.9,3.1,3.1
0,2.03,-2.03,2.03
1,0.8,0.2,0.2
0,0.14,-0.14,0.14
0,0.14,-0.14,0.14
3,1.42,1.58,1.58
0,1.89,-1.89,1.89
6,4.36,1.64,1.64
0,0.87,-0.87,0.87
0,0.53,-0.53,0.53
0,0.27,-0.27,0.27
0,0.62,-0.62,0.62
1,0.46,0.54,0.54
1,1.14,-0.14,0.14
0,0.25,-0.25,0.25
0,0.12,-0.12,0.12
1,0.18,0.82,0.82
0,0.41,-0.41,0.41
1,1.54,-0.54,0.54
3,1.47,1.53,1.53
0,0.18,-0.18,0.18
0,0.31,-0.31,0.31
1,0.32,0.68,0.68
0,0.97,-0.97,0.97
0,0.34,-0.34,0.34
1,0.43,0.57,0.57
0,0.34,-0.34,0.34
2,1.88,0.12,0.12
1,0.55,0.45,0.45
0,0.14,-0.14,0.14
0,0.05,-0.05,0.05
4,2.51,1.49,1.49
13,2.89,10.11,10.11
0,0.03,-0.03,0.03
0,0.73,-0.73,0.73
1,0.07,0.93,0.93
0,0.16,-0.16,0.16
0,0.0,0.0,0.0
0,0.44,-0.44,0.44
1,0.82,0.18,0.18
3,2.13,0.87,0.87
3,1.44,1.56,1.56
0,0.1,-0.1,0.1
0,0.19,-0.19,0.19
0,0.0,-0.0,0.0
0,0.22,-0.22,0.22
1,0.83,0.17,0.17
0,0.76,-0.76,0.76
2,0.37,1.63,1.63
0,0.72,-0.72,0.72
0,0.07,-0.07,0.07
1,1.65,-0.65,0.65
0,0.14,-0.14,0.14
0,0.11,-0.11,0.11
0,0.66,-0.66,0.66
0,0.53,-0.53,0.53
0,1.51,-1.51,1.51
1,0.22,0.78,0.78
0,0.54,-0.54,0.54
0,0.12,-0.12,0.12
1,2.3,-1.3,1.3
0,0.12,-0.12,0.12
1,0.56,0.44,0.44
0,0.98,-0.98,0.98
0,1.09,-1.09,1.09
0,0.23,-0.23,0.23
0,0.08,-0.08,0.08
0,0.64,-0.64,0.64
0,0.18,-0.18,0.18
0,0.47,-0.47,0.47
0,0.85,-0.85,0.85
0,0.26,-0.26,0.26
0,0.9,-0.9,0.9
0,0.42,-0.42,0.42
0,0.36,-0.36,0.36
0,0.32,-0.32,0.32
1,0.05,0.95,0.95
2,0.7,1.3,1.3
0,0.69,-0.69,0.69
8,6.98,1.02,1.02
0,0.01,-0.01,0.01
0,0.05,-0.05,0.05
4,1.25,2.75,2.75
1,0.03,0.97,0.97
1,1.16,-0.16,0.16
2,0.23,1.77,1.77
4,0.8,3.2,3.2
0,0.01,-0.01,0.01
4,1.58,2.42,2.42
0,0.52,-0.52,0.52
1,2.23,-1.23,1.23
1,1.11,-0.11,0.11
1,1.43,-0.43,0.43
0,0.01,-0.01,0.01
0,0.24,-0.24,0.24
1,4.3,-3.3,3.3
0,0.21,-0.21,0.21
2,4.2,-2.2,2.2
0,0.19,-0.19,0.19
0,0.19,-0.19,0.19
2,1.65,0.35,0.35
2,1.15,0.85,0.85
0,0.26,-0.26,0.26
2,1.26,0.74,0.74
0,0.01,-0.01,0.01
0,1.24,-1.24,1.24
0,0.1,-0.1,0.1
0,0.06,-0.06,0.06
0,0.02,-0.02,0.02
0,0.21,-0.21,0.21
0,0.0,-0.0,0.0
0,0.0,0.0,0.0
0,0.22,-0.22,0.22
0,0.02,-0.02,0.02
0,0.05,-0.05,0.05
0,0.17,-0.17,0.17
1,2.11,-1.11,1.11
1,0.66,0.34,0.34
3,3.19,-0.19,0.19
0,0.01,-0.01,0.01
0,0.06,-0.06,0.06
3,3.59,-0.59,0.59
0,0.04,-0.04,0.04
0,0.7,-0.7,0.7
0,0.13,-0.13,0.13
0,0.61,-0.61,0.61
0,0.55,-0.55,0.55
0,0.02,-0.02,0.02
0,0.37,-0.37,0.37
8,4.16,3.84,3.84
0,0.64,-0.64,0.64
3,2.74,0.26,0.26
0,1.54,-1.54,1.54
0,0.0,-0.0,0.0
2,1.83,0.17,0.17
2,2.19,-0.19,0.19
1,0.49,0.51,0.51
0,0.27,-0.27,0.27
0,1.36,-1.36,1.36
0,0.66,-0.66,0.66
1,0.92,0.08,0.08
0,0.04,-0.04,0.04
1,1.46,-0.46,0.46
0,0.34,-0.34,0.34
3,0.75,2.25,2.25
0,0.0,0.0,0.0
0,0.36,-0.36,0.36
0,0.03,-0.03,0.03
0,0.04,-0.04,0.04
0,0.02,-0.02,0.02
0,0.27,-0.27,0.27
0,0.68,-0.68,0.68
1,0.22,0.78,0.78
0,0.1,-0.1,0.1
1,0.69,0.31,0.31
1,0.2,0.8,0.8
0,0.0,0.0,0.0
0,0.0,0.0,0.0
1,1.64,-0.64,0.64
2,1.76,0.24,0.24
0,0.12,-0.12,0.12
0,0.33,-0.33,0.33
0,1.73,-1.73,1.73
2,1.97,0.03,0.03
4,0.64,3.36,3.36
0,0.5,-0.5,0.5
0,0.23,-0.23,0.23
0,0.28,-0.28,0.28
0,0.28,-0.28,0.28
0,0.32,-0.32,0.32
2,1.02,0.98,0.98
4,1.01,2.99,2.99
5,3.06,1.94,1.94
2,1.72,0.28,0.28
1,0.12,0.88,0.88
0,0.79,-0.79,0.79
5,1.45,3.55,3.55
2,1.47,0.53,0.53
11,19.69,-8.69,8.69
5,0.65,4.35,4.35
1,0.49,0.51,0.51
1,0.39,0.61,0.61
0,0.28,-0.28,0.28
0,0.13,-0.13,0.13
0,0.0,-0.0,0.0
0,0.18,-0.18,0.18
1,0.3,0.7,0.7
6,1.89,4.11,4.11
0,0.03,-0.03,0.03
2,1.51,0.49,0.49
0,1.0,-1.0,1.0
1,0.22,0.78,0.78
0,0.77,-0.77,0.77
0,1.0,-1.0,1.0
0,0.27,-0.27,0.27
1,1.04,-0.04,0.04
2,4.38,-2.38,2.38
0,0.37,-0.37,0.37
3,1.78,1.22,1.22
0,0.19,-0.19,0.19
0,0.11,-0.11,0.11
0,0.31,-0.31,0.31
0,0.09,-0.09,0.09
0,0.03,-0.03,0.03
0,1.93,-1.93,1.93
3,1.9,1.1,1.1
1,0.29,0.71,0.71
0,0.33,-0.33,0.33
3,1.71,1.29,1.29
1,0.37,0.63,0.63
0,0.38,-0.38,0.38
0,0.85,-0.85,0.85
0,0.33,-0.33,0.33
0,0.78,-0.78,0.78
0,0.01,-0.01,0.01
0,0.04,-0.04,0.04
2,0.97,1.03,1.03
0,3.65,-3.65,3.65
2,0.46,1.54,1.54
0,0.04,-0.04,0.04
1,0.64,0.36,0.36
1,0.76,0.24,0.24
5,0.2,4.8,4.8
0,0.0,-0.0,0.0
0,0.03,-0.03,0.03
16,10.5,5.5,5.5
0,0.18,-0.18,0.18
8,9.55,-1.55,1.55
2,1.51,0.49,0.49
0,0.08,-0.08,0.08
0,0.99,-0.99,0.99
3,0.97,2.03,2.03
11,6.55,4.45,4.45
1,1.32,-0.32,0.32
0,0.26,-0.26,0.26
0,0.19,-0.19,0.19
0,0.02,-0.02,0.02
13,1.65,11.35,11.35
1,0.25,0.75,0.75
0,0.06,-0.06,0.06
0,0.5,-0.5,0.5
0,0.99,-0.99,0.99
0,0.47,-0.47,0.47
0,0.11,-0.11,0.11
0,0.45,-0.45,0.45
1,0.65,0.35,0.35
0,0.11,-0.11,0.11
4,1.98,2.02,2.02
0,1.63,-1.63,1.63
0,0.16,-0.16,0.16
1,1.75,-0.75,0.75
0,0.0,0.0,0.0
0,0.17,-0.17,0.17
3,1.73,1.27,1.27
0,0.32,-0.32,0.32
0,0.6,-0.6,0.6
0,0.67,-0.67,0.67
0,0.43,-0.43,0.43
2,1.82,0.18,0.18
1,0.35,0.65,0.65
2,2.47,-0.47,0.47
0,0.0,0.0,0.0
0,0.24,-0.24,0.24
3,1.42,1.58,1.58
0,1.55,-1.55,1.55
2,0.51,1.49,1.49
0,0.34,-0.34,0.34
0,0.03,-0.03,0.03
0,0.21,-0.21,0.21
2,2.25,-0.25,0.25
0,0.85,-0.85,0.85
1,1.0,-0.0,0.0
0,0.49,-0.49,0.49
0,0.16,-0.16,0.16
1,0.11,0.89,0.89
2,3.55,-1.55,1.55
2,1.65,0.35,0.35
0,0.13,-0.13,0.13
1,0.49,0.51,0.51
0,0.26,-0.26,0.26
1,1.37,-0.37,0.37
0,0.0,-0.0,0.0
1,0.09,0.91,0.91
0,0.68,-0.68,0.68
1,1.68,-0.68,0.68
0,0.1,-0.1,0.1
0,0.33,-0.33,0.33
0,0.0,-0.0,0.0
0,0.01,-0.01,0.01
0,0.71,-0.71,0.71
0,0.74,-0.74,0.74
2,1.3,0.7,0.7
0,0.44,-0.44,0.44
0,0.15,-0.15,0.15
4,6.18,-2.18,2.18
2,0.73,1.27,1.27
3,1.7,1.3,1.3
0,0.17,-0.17,0.17
0,1.26,-1.26,1.26
0,0.01,-0.01,0.01
0,0.96,-0.96,0.96
0,0.11,-0.11,0.11
0,0.22,-0.22,0.22
0,1.31,-1.31,1.31
0,0.0,-0.0,0.0
0,0.0,-0.0,0.0
4,1.22,2.78,2.78
0,0.06,-0.06,0.06
0,0.36,-0.36,0.36
4,1.96,2.04,2.04
0,0.24,-0.24,0.24
0,0.72,-0.72,0.72
0,0.32,-0.32,0.32
0,0.34,-0.34,0.34
2,0.26,1.74,1.74
0,0.43,-0.43,0.43
1,1.88,-0.88,0.88
0,0.11,-0.11,0.11
2,0.43,1.57,1.57
0,0.46,-0.46,0.46
1,0.92,0.08,0.08
0,2.22,-2.22,2.22
1,0.19,0.81,0.81
0,0.21,-0.21,0.21
1,1.15,-0.15,0.15
0,0.26,-0.26,0.26
0,0.09,-0.09,0.09
0,0.2,-0.2,0.2
0,0.28,-0.28,0.28
2,0.9,1.1,1.1
3,1.25,1.75,1.75
0,0.21,-0.21,0.21
0,0.04,-0.04,0.04
0,0.33,-0.33,0.33
0,0.57,-0.57,0.57
0,0.05,-0.05,0.05
2,1.94,0.06,0.06
95,31.26,63.74,63.74
1,1.2,-0.2,0.2
0,0.42,-0.42,0.42
0,0.14,-0.14,0.14
0,0.18,-0.18,0.18
0,0.06,-0.06,0.06
2,1.07,0.93,0.93
0,1.4,-1.4,1.4
0,0.28,-0.28,0.28
13,11.77,1.23,1.23
1,0.13,0.87,0.87
0,0.28,-0.28,0.28
0,0.44,-0.44,0.44
0,0.03,-0.03,0.03
0,0.11,-0.11,0.11
1,0.39,0.61,0.61
1,1.31,-0.31,0.31
0,0.25,-0.25,0.25
0,0.01,-0.01,0.01
0,0.2,-0.2,0.2
0,0.1,-0.1,0.1
0,0.59,-0.59,0.59
0,1.78,-1.78,1.78
2,1.76,0.24,0.24
1,0.35,0.65,0.65
2,1.87,0.13,0.13
4,2.89,1.11,1.11
2,1.96,0.04,0.04
0,0.13,-0.13,0.13
2,1.68,0.32,0.32
0,0.46,-0.46,0.46
0,0.43,-0.43,0.43
1,0.71,0.29,0.29
0,0.01,-0.01,0.01
0,0.43,-0.43,0.43
0,2.45,-2.45,2.45
0,0.24,-0.24,0.24
4,1.37,2.63,2.63
0,0.16,-0.16,0.16
5,3.0,2.0,2.0
0,0.02,-0.02,0.02
0,0.0,0.0,0.0
0,0.32,-0.32,0.32
3,1.95,1.05,1.05
1,0.13,0.87,0.87
12,2.84,9.16,9.16
0,0.78,-0.78,0.78
1,0.48,0.52,0.52
0,0.29,-0.29,0.29
4,2.05,1.95,1.95
0,0.38,-0.38,0.38
0,0.02,-0.02,0.02
0,0.03,-0.03,0.03
0,0.27,-0.27,0.27
0,0.06,-0.06,0.06
1,0.7,0.3,0.3
0,1.17,-1.17,1.17
0,0.55,-0.55,0.55
1,0.19,0.81,0.81
0,1.3,-1.3,1.3
0,0.1,-0.1,0.1
0,0.01,-0.01,0.01
3,1.93,1.07,1.07
0,0.26,-0.26,0.26
0,0.03,-0.03,0.03
0,1.18,-1.18,1.18
1,0.68,0.32,0.32
5,2.01,2.99,2.99
0,1.18,-1.18,1.18
0,0.62,-0.62,0.62
0,0.21,-0.21,0.21
0,0.19,-0.19,0.19
9,4.54,4.46,4.46
0,0.1,-0.1,0.1
4,3.12,0.88,0.88
1,0.26,0.74,0.74
0,0.0,-0.0,0.0
2,1.17,0.83,0.83
0,0.0,0.0,0.0
2,2.52,-0.52,0.52
1,0.3,0.7,0.7
0,0.16,-0.16,0.16
0,0.78,-0.78,0.78
0,0.24,-0.24,0.24
2,1.62,0.38,0.38
0,0.16,-0.16,0.16
0,0.4,-0.4,0.4
0,1.08,-1.08,1.08
0,0.27,-0.27,0.27
0,0.0,-0.0,0.0
3,1.35,1.65,1.65
0,0.05,-0.05,0.05
0,0.21,-0.21,0.21
1,0.82,0.18,0.18
0,0.5,-0.5,0.5
0,0.03,-0.03,0.03
0,0.17,-0.17,0.17
0,0.05,-0.05,0.05
0,1.0,-1.0,1.0
0,0.02,-0.02,0.02
0,0.16,-0.16,0.16
0,0.18,-0.18,0.18
0,0.26,-0.26,0.26
2,0.21,1.79,1.79
0,1.08,-1.08,1.08
0,0.0,-0.0,0.0
0,0.02,-0.02,0.02
0,0.17,-0.17,0.17
1,0.39,0.61,0.61
0,0.56,-0.56,0.56
1,1.45,-0.45,0.45
0,0.05,-0.05,0.05
0,0.39,-0.39,0.39
0,0.09,-0.09,0.09
5,2.25,2.75,2.75
0,0.2,-0.2,0.2
0,0.15,-0.15,0.15
0,0.3,-0.3,0.3
0,0.4,-0.4,0.4
1,1.73,-0.73,0.73
0,0.03,-0.03,0.03
0,0.74,-0.74,0.74
0,0.09,-0.09,0.09
1,0.26,0.74,0.74
1,0.14,0.86,0.86
0,0.81,-0.81,0.81
1,1.74,-0.74,0.74
0,0.05,-0.05,0.05
2,2.51,-0.51,0.51
0,0.27,-0.27,0.27
0,0.0,-0.0,0.0
1,4.22,-3.22,3.22
0,0.14,-0.14,0.14
0,0.75,-0.75,0.75
0,0.76,-0.76,0.76
0,0.15,-0.15,0.15
2,1.61,0.39,0.39
0,0.0,0.0,0.0
1,0.41,0.59,0.59
0,0.69,-0.69,0.69
0,0.29,-0.29,0.29
1,1.93,-0.93,0.93
0,1.87,-1.87,1.87
0,0.01,-0.01,0.01
1,0.31,0.69,0.69
0,0.57,-0.57,0.57
0,0.48,-0.48,0.48
1,0.34,0.66,0.66
1,1.05,-0.05,0.05
0,0.24,-0.24,0.24
0,0.24,-0.24,0.24
0,0.06,-0.06,0.06
1,1.65,-0.65,0.65
0,0.1,-0.1,0.1
0,0.14,-0.14,0.14
1,0.39,0.61,0.61
0,0.09,-0.09,0.09
0,0.14,-0.14,0.14
0,0.2,-0.2,0.2
0,0.01,-0.01,0.01
2,1.54,0.46,0.46
1,1.51,-0.51,0.51
1,1.46,-0.46,0.46
5,1.51,3.49,3.49
4,1.58,2.42,2.42
0,0.84,-0.84,0.84
0,0.13,-0.13,0.13
3,0.58,2.42,2.42
1,1.29,-0.29,0.29
0,0.14,-0.14,0.14
1,0.53,0.47,0.47
1,1.63,-0.63,0.63
0,3.63,-3.63,3.63
5,4.13,0.87,0.87
1,0.65,0.35,0.35
0,0.63,-0.63,0.63
0,1.0,-1.0,1.0
0,0.13,-0.13,0.13
0,0.54,-0.54,0.54
1,1.78,-0.78,0.78
3,2.03,0.97,0.97
0,1.41,-1.41,1.41
0,0.0,0.0,0.0
0,0.19,-0.19,0.19
0,0.08,-0.08,0.08
0,0.41,-0.41,0.41
0,0.92,-0.92,0.92
0,0.0,0.0,0.0
2,2.04,-0.04,0.04
2,0.79,1.21,1.21
5,0.49,4.51,4.51
2,1.45,0.55,0.55
0,0.78,-0.78,0.78
0,1.64,-1.64,1.64
2,0.63,1.37,1.37
2,9.03,-7.03,7.03
0,0.33,-0.33,0.33
13,2.32,10.68,10.68
0,0.15,-0.15,0.15
3,1.98,1.02,1.02
0,0.0,0.0,0.0
0,0.0,-0.0,0.0
0,0.26,-0.26,0.26
3,1.05,1.95,1.95
0,0.07,-0.07,0.07
0,0.05,-0.05,0.05
0,0.32,-0.32,0.32
1,1.22,-0.22,0.22
0,0.17,-0.17,0.17
0,0.32,-0.32,0.32
0,0.45,-0.45,0.45
0,0.29,-0.29,0.29
1,0.47,0.53,0.53
0,2.46,-2.46,2.46
0,0.0,0.0,0.0
0,3.64,-3.64,3.64
1,1.18,-0.18,0.18
0,0.08,-0.08,0.08
0,0.47,-0.47,0.47
0,0.3,-0.3,0.3
1,1.75,-0.75,0.75
1,0.3,0.7,0.7
0,0.08,-0.08,0.08
3,0.92,2.08,2.08
1,0.19,0.81,0.81
3,1.43,1.57,1.57
0,0.47,-0.47,0.47
0,0.23,-0.23,0.23
0,0.43,-0.43,0.43
0,0.32,-0.32,0.32
0,0.25,-0.25,0.25
0,0.03,-0.03,0.03
0,0.0,-0.0,0.0
0,0.46,-0.46,0.46
1,0.89,0.11,0.11
1,3.25,-2.25,2.25
0,1.31,-1.31,1.31
0,0.34,-0.34,0.34
1,3.07,-2.07,2.07
2,2.02,-0.02,0.02
8,6.53,1.47,1.47
1,1.45,-0.45,0.45
0,0.3,-0.3,0.3
0,0.0,0.0,0.0
0,0.06,-0.06,0.06
0,0.1,-0.1,0.1
1,0.22,0.78,0.78
1,0.55,0.45,0.45
3,0.82,2.18,2.18
0,0.28,-0.28,0.28
3,1.66,1.34,1.34
0,0.17,-0.17,0.17
0,0.73,-0.73,0.73
0,1.03,-1.03,1.03
2,1.47,0.53,0.53
0,0.27,-0.27,0.27
0,0.0,0.0,0.0
0,0.12,-0.12,0.12
0,0.0,-0.0,0.0
0,0.25,-0.25,0.25
9,2.12,6.88,6.88
0,0.42,-0.42,0.42
1,1.07,-0.07,0.07
0,0.0,-0.0,0.0
0,0.08,-0.08,0.08
1,1.96,-0.96,0.96
0,0.22,-0.22,0.22
0,0.85,-0.85,0.85
3,3.8,-0.8,0.8
0,0.03,-0.03,0.03
0,0.0,0.0,0.0
0,0.09,-0.09,0.09
1,1.09,-0.09,0.09
0,0.15,-0.15,0.15
0,0.03,-0.03,0.03
2,1.04,0.96,0.96
4,1.99,2.01,2.01
0,0.69,-0.69,0.69
0,0.59,-0.59,0.59
1,0.86,0.14,0.14
0,0.61,-0.61,0.61
0,0.03,-0.03,0.03
0,1.17,-1.17,1.17
1,3.51,-2.51,2.51
1,0.52,0.48,0.48
0,0.35,-0.35,0.35
1,0.55,0.45,0.45
0,0.09,-0.09,0.09
0,0.27,-0.27,0.27
5,1.2,3.8,3.8
0,1.35,-1.35,1.35
1,2.9,-1.9,1.9
0,0.24,-0.24,0.24
0,0.02,-0.02,0.02
1,1.39,-0.39,0.39
1,2.01,-1.01,1.01
0,0.39,-0.39,0.39
0,0.01,-0.01,0.01
1,0.19,0.81,0.81
0,0.25,-0.25,0.25
0,0.13,-0.13,0.13
0,0.04,-0.04,0.04
0,0.1,-0.1,0.1
0,0.03,-0.03,0.03
23,12.33,10.67,10.67
0,0.33,-0.33,0.33
0,0.0,-0.0,0.0
0,0.42,-0.42,0.42
1,0.43,0.57,0.57
1,0.19,0.81,0.81
0,0.53,-0.53,0.53
0,0.13,-0.13,0.13
0,0.01,-0.01,0.01
0,1.69,-1.69,1.69
0,0.12,-0.12,0.12
0,0.48,-0.48,0.48
0,0.0,-0.0,0.0
0,0.42,-0.42,0.42
16,13.05,2.95,2.95
0,0.4,-0.4,0.4
3,1.34,1.66,1.66
0,0.01,-0.01,0.01
2,1.49,0.51,0.51
1,1.04,-0.04,0.04
5,2.09,2.91,2.91
0,0.66,-0.66,0.66
1,0.37,0.63,0.63
4,1.76,2.24,2.24
0,0.81,-0.81,0.81
2,0.9,1.1,1.1
1,0.16,0.84,0.84
0,0.29,-0.29,0.29
1,0.68,0.32,0.32
1,0.4,0.6,0.6
3,1.95,1.05,1.05
2,1.43,0.57,0.57
0,0.17,-0.17,0.17
0,0.07,-0.07,0.07
0,0.91,-0.91,0.91
0,0.44,-0.44,0.44
0,0.25,-0.25,0.25
0,0.13,-0.13,0.13
0,0.2,-0.2,0.2
0,0.13,-0.13,0.13
2,3.45,-1.45,1.45
3,1.43,1.57,1.57
0,0.16,-0.16,0.16
0,0.08,-0.08,0.08
0,0.25,-0.25,0.25
3,1.78,1.22,1.22
2,1.57,0.43,0.43
0,0.5,-0.5,0.5
0,0.2,-0.2,0.2
2,0.39,1.61,1.61
5,7.09,-2.09,2.09
3,0.91,2.09,2.09
0,0.14,-0.14,0.14
0,0.82,-0.82,0.82
0,0.01,-0.01,0.01
0,0.0,-0.0,0.0
2,1.82,0.18,0.18
4,10.7,-6.7,6.7
2,1.07,0.93,0.93
0,0.1,-0.1,0.1
2,0.97,1.03,1.03
0,0.16,-0.16,0.16
0,0.23,-0.23,0.23
0,2.36,-2.36,2.36
0,0.0,-0.0,0.0
1,0.19,0.81,0.81
0,1.31,-1.31,1.31
0,0.03,-0.03,0.03
3,1.27,1.73,1.73
0,0.19,-0.19,0.19
4,1.02,2.98,2.98
0,0.08,-0.08,0.08
1,0.16,0.84,0.84
1,2.22,-1.22,1.22
0,0.2,-0.2,0.2
0,0.05,-0.05,0.05
1,0.38,0.62,0.62
0,0.15,-0.15,0.15
1,2.92,-1.92,1.92
11,12.52,-1.52,1.52
0,0.47,-0.47,0.47
1,3.19,-2.19,2.19
1,0.45,0.55,0.55
8,12.85,-4.85,4.85
3,1.13,1.87,1.87
1,0.06,0.94,0.94
1,0.67,0.33,0.33
1,1.29,-0.29,0.29
0,0.21,-0.21,0.21
0,11.58,-11.58,11.58
0,1.21,-1.21,1.21
0,0.18,-0.18,0.18
0,0.06,-0.06,0.06
2,2.26,-0.26,0.26
11,2.71,8.29,8.29
0,0.19,-0.19,0.19
10,5.7,4.3,4.3
1,0.98,0.02,0.02
5,2.79,2.21,2.21
0,0.27,-0.27,0.27
0,1.05,-1.05,1.05
0,0.11,-0.11,0.11
0,0.25,-0.25,0.25
0,0.07,-0.07,0.07
2,0.41,1.59,1.59
0,0.01,-0.01,0.01
2,0.68,1.32,1.32
0,0.34,-0.34,0.34
1,1.54,-0.54,0.54
0,0.29,-0.29,0.29
2,0.65,1.35,1.35
0,0.02,-0.02,0.02
1,1.65,-0.65,0.65
0,0.02,-0.02,0.02
2,1.45,0.55,0.55
0,0.07,-0.07,0.07
0,0.64,-0.64,0.64
1,0.95,0.05,0.05
0,0.04,-0.04,0.04
1,0.51,0.49,0.49
1,0.66,0.34,0.34
0,0.21,-0.21,0.21
0,0.13,-0.13,0.13
1,3.77,-2.77,2.77
1,2.02,-1.02,1.02
0,0.23,-0.23,0.23
0,0.98,-0.98,0.98
0,0.04,-0.04,0.04
0,0.51,-0.51,0.51
0,0.17,-0.17,0.17
0,0.1,-0.1,0.1
0,0.76,-0.76,0.76
0,0.35,-0.35,0.35
1,0.89,0.11,0.11
0,0.94,-0.94,0.94
0,0.09,-0.09,0.09
2,2.43,-0.43,0.43
0,0.59,-0.59,0.59
0,0.11,-0.11,0.11
0,0.79,-0.79,0.79
1,1.1,-0.1,0.1
1,0.77,0.23,0.23
2,1.52,0.48,0.48
1,3.46,-2.46,2.46
0,0.09,-0.09,0.09
1,0.52,0.48,0.48
2,0.56,1.44,1.44
1,0.16,0.84,0.84
0,0.26,-0.26,0.26
0,0.66,-0.66,0.66
2,1.25,0.75,0.75
2,1.54,0.46,0.46
0,0.19,-0.19,0.19
0,0.44,-0.44,0.44
0,0.65,-0.65,0.65
0,0.93,-0.93,0.93
2,0.32,1.68,1.68
0,0.0,-0.0,0.0
2,1.07,0.93,0.93
0,0.05,-0.05,0.05
0,0.06,-0.06,0.06
1,0.32,0.68,0.68
0,0.49,-0.49,0.49
2,2.47,-0.47,0.47
2,1.78,0.22,0.22
0,0.56,-0.56,0.56
2,2.08,-0.08,0.08
0,0.05,-0.05,0.05
114,35.0,79.0,79.0
1,0.37,0.63,0.63
0,0.33,-0.33,0.33
0,0.21,-0.21,0.21
18,5.58,12.42,12.42
2,0.67,1.33,1.33
2,2.78,-0.78,0.78
1,2.37,-1.37,1.37
3,1.36,1.64,1.64
0,0.65,-0.65,0.65
0,0.0,-0.0,0.0
2,0.99,1.01,1.01
0,0.0,-0.0,0.0
3,2.1,0.9,0.9
0,0.25,-0.25,0.25
0,1.19,-1.19,1.19
0,0.45,-0.45,0.45
2,0.44,1.56,1.56
1,1.5,-0.5,0.5
0,0.0,0.0,0.0
0,0.11,-0.11,0.11
0,0.78,-0.78,0.78
0,0.31,-0.31,0.31
0,1.76,-1.76,1.76
0,0.24,-0.24,0.24
0,1.37,-1.37,1.37
0,0.26,-0.26,0.26
2,1.16,0.84,0.84
0,0.01,-0.01,0.01
0,0.29,-0.29,0.29
1,0.88,0.12,0.12
0,0.17,-0.17,0.17
0,1.39,-1.39,1.39
0,0.47,-0.47,0.47
1,1.33,-0.33,0.33
0,0.01,-0.01,0.01
2,2.23,-0.23,0.23
0,0.0,0.0,0.0
0,0.25,-0.25,0.25
2,0.71,1.29,1.29
1,1.65,-0.65,0.65
0,0.04,-0.04,0.04
2,1.46,0.54,0.54
0,0.25,-0.25,0.25
0,0.05,-0.05,0.05
0,0.67,-0.67,0.67
0,0.14,-0.14,0.14
1,1.76,-0.76,0.76
12,8.84,3.16,3.16
0,0.07,-0.07,0.07
1,0.4,0.6,0.6
2,0.99,1.01,1.01
1,1.64,-0.64,0.64
1,0.1,0.9,0.9
0,0.5,-0.5,0.5
0,0.31,-0.31,0.31
0,0.4,-0.4,0.4
0,0.27,-0.27,0.27
0,0.34,-0.34,0.34
0,0.41,-0.41,0.41
0,3.26,-3.26,3.26
0,0.71,-0.71,0.71
5,1.35,3.65,3.65
0,0.09,-0.09,0.09
2,0.67,1.33,1.33
7,1.79,5.21,5.21
4,2.17,1.83,1.83
0,0.07,-0.07,0.07
0,0.11,-0.11,0.11
0,0.16,-0.16,0.16
2,1.34,0.66,0.66
0,1.08,-1.08,1.08
0,0.96,-0.96,0.96
0,0.25,-0.25,0.25
1,0.41,0.59,0.59
0,0.01,-0.01,0.01
1,0.75,0.25,0.25
0,0.09,-0.09,0.09
3,2.07,0.93,0.93
6,1.71,4.29,4.29
0,0.25,-0.25,0.25
24,5.82,18.18,18.18
2,0.23,1.77,1.77
2,1.05,0.95,0.95
1,0.99,0.01,0.01
0,1.54,-1.54,1.54
0,0.7,-0.7,0.7
0,0.33,-0.33,0.33
1,1.02,-0.02,0.02
0,0.55,-0.55,0.55
0,1.8,-1.8,1.8
1,0.39,0.61,0.61
0,0.0,0.0,0.0
0,0.03,-0.03,0.03
3,1.74,1.26,1.26
1,0.84,0.16,0.16
4,3.12,0.88,0.88
0,0.41,-0.41,0.41
5,3.1,1.9,1.9
0,0.07,-0.07,0.07
0,0.0,-0.0,0.0
0,0.41,-0.41,0.41
0,0.12,-0.12,0.12
1,0.23,0.77,0.77
0,0.21,-0.21,0.21
0,3.48,-3.48,3.48
1,0.2,0.8,0.8
0,0.32,-0.32,0.32
0,0.2,-0.2,0.2
0,0.26,-0.26,0.26
1,0.46,0.54,0.54
1,0.18,0.82,0.82
0,0.19,-0.19,0.19
2,0.57,1.43,1.43
1,0.2,0.8,0.8
0,0.01,-0.01,0.01
0,0.28,-0.28,0.28
0,2.32,-2.32,2.32
2,1.88,0.12,0.12
0,0.0,-0.0,0.0
0,0.2,-0.2,0.2
0,0.24,-0.24,0.24
0,0.05,-0.05,0.05
7,2.1,4.9,4.9
0,0.16,-0.16,0.16
0,0.07,-0.07,0.07
0,1.03,-1.03,1.03
0,0.61,-0.61,0.61
0,0.11,-0.11,0.11
0,0.13,-0.13,0.13
0,0.18,-0.18,0.18
0,0.38,-0.38,0.38
0,1.57,-1.57,1.57
1,1.48,-0.48,0.48
0,0.66,-0.66,0.66
0,0.2,-0.2,0.2
1,0.72,0.28,0.28
0,0.23,-0.23,0.23
0,0.1,-0.1,0.1
0,0.54,-0.54,0.54
0,0.03,-0.03,0.03
0,0.37,-0.37,0.37
6,1.64,4.36,4.36
1,1.94,-0.94,0.94
1,0.13,0.87,0.87
0,0.24,-0.24,0.24
2,1.23,0.77,0.77
0,0.68,-0.68,0.68
0,0.17,-0.17,0.17
0,0.37,-0.37,0.37
0,0.51,-0.51,0.51
0,0.47,-0.47,0.47
0,0.05,-0.05,0.05
0,0.16,-0.16,0.16
1,0.75,0.25,0.25
1,0.33,0.67,0.67
0,0.16,-0.16,0.16
0,0.1,-0.1,0.1
0,1.17,-1.17,1.17
0,0.23,-0.23,0.23
0,0.29,-0.29,0.29
0,0.09,-0.09,0.09
0,0.16,-0.16,0.16
1,0.43,0.57,0.57
1,1.41,-0.41,0.41
1,0.26,0.74,0.74
1,0.97,0.03,0.03
0,0.12,-0.12,0.12
1,1.98,-0.98,0.98
0,0.27,-0.27,0.27
0,0.41,-0.41,0.41
1,0.25,0.75,0.75
2,1.01,0.99,0.99
0,0.69,-0.69,0.69
1,0.52,0.48,0.48
0,1.58,-1.58,1.58
0,0.01,-0.01,0.01
0,0.05,-0.05,0.05
1,1.99,-0.99,0.99
102,35.8,66.2,66.2
1,0.76,0.24,0.24
8,1.99,6.01,6.01
0,0.22,-0.22,0.22
0,0.14,-0.14,0.14
1,0.6,0.4,0.4
0,0.43,-0.43,0.43
1,1.58,-0.58,0.58
2,2.26,-0.26,0.26
1,1.27,-0.27,0.27
0,0.0,-0.0,0.0
4,0.33,3.67,3.67
0,1.14,-1.14,1.14
0,0.22,-0.22,0.22
1,0.69,0.31,0.31
2,0.39,1.61,1.61
0,1.02,-1.02,1.02
0,0.25,-0.25,0.25
0,0.16,-0.16,0.16
0,0.23,-0.23,0.23
0,0.97,-0.97,0.97
0,0.19,-0.19,0.19
0,1.37,-1.37,1.37
0,0.47,-0.47,0.47
0,0.84,-0.84,0.84
0,0.05,-0.05,0.05
0,0.27,-0.27,0.27
3,0.45,2.55,2.55
0,0.23,-0.23,0.23
1,0.03,0.97,0.97
0,0.01,-0.01,0.01
3,1.77,1.23,1.23
1,0.25,0.75,0.75
0,1.3,-1.3,1.3
0,0.0,-0.0,0.0
0,0.18,-0.18,0.18
0,1.68,-1.68,1.68
0,0.83,-0.83,0.83
0,0.14,-0.14,0.14
1,0.4,0.6,0.6
0,0.01,-0.01,0.01
0,0.1,-0.1,0.1
4,1.24,2.76,2.76
0,0.39,-0.39,0.39
0,0.23,-0.23,0.23
0,0.28,-0.28,0.28
0,1.08,-1.08,1.08
0,0.06,-0.06,0.06
0,0.29,-0.29,0.29
0,0.1,-0.1,0.1
0,0.0,0.0,0.0
4,2.95,1.05,1.05
0,0.17,-0.17,0.17
3,2.1,0.9,0.9
0,0.06,-0.06,0.06
0,0.01,-0.01,0.01
0,0.04,-0.04,0.04
0,0.83,-0.83,0.83
0,0.19,-0.19,0.19
0,0.33,-0.33,0.33
0,0.31,-0.31,0.31
0,0.13,-0.13,0.13
1,1.19,-0.19,0.19
8,2.8,5.2,5.2
1,0.27,0.73,0.73
2,2.09,-0.09,0.09
0,0.52,-0.52,0.52
0,0.15,-0.15,0.15
0,0.05,-0.05,0.05
0,2.02,-2.02,2.02
8,7.13,0.87,0.87
59,5.46,53.54,53.54
0,0.74,-0.74,0.74
3,3.09,-0.09,0.09
0,0.0,0.0,0.0
0,0.34,-0.34,0.34
7,1.6,5.4,5.4
0,0.0,-0.0,0.0
5,5.93,-0.93,0.93
6,1.82,4.18,4.18
0,0.26,-0.26,0.26
2,0.48,1.52,1.52
0,0.01,-0.01,0.01
0,0.22,-0.22,0.22
2,2.43,-0.43,0.43
0,0.19,-0.19,0.19
0,1.37,-1.37,1.37
0,0.06,-0.06,0.06
0,0.15,-0.15,0.15
0,0.14,-0.14,0.14
0,0.98,-0.98,0.98
0,0.74,-0.74,0.74
1,0.44,0.56,0.56
1,0.47,0.53,0.53
10,7.2,2.8,2.8
3,13.51,-10.51,10.51
0,3.66,-3.66,3.66
0,0.03,-0.03,0.03
2,1.28,0.72,0.72
8,2.4,5.6,5.6
0,1.34,-1.34,1.34
0,0.39,-0.39,0.39
0,0.07,-0.07,0.07
12,3.04,8.96,8.96
13,0.92,12.08,12.08
2,2.03,-0.03,0.03
2,0.31,1.69,1.69
4,1.55,2.45,2.45
0,0.2,-0.2,0.2
0,0.34,-0.34,0.34
1,0.1,0.9,0.9
1,0.24,0.76,0.76
3,2.24,0.76,0.76
1,1.08,-0.08,0.08
0,0.22,-0.22,0.22
0,0.24,-0.24,0.24
1,0.34,0.66,0.66
1,0.23,0.77,0.77
0,0.32,-0.32,0.32
0,0.0,-0.0,0.0
0,0.1,-0.1,0.1
0,0.02,-0.02,0.02
0,0.14,-0.14,0.14
2,1.3,0.7,0.7
0,0.0,-0.0,0.0
0,0.19,-0.19,0.19
2,1.93,0.07,0.07
0,0.51,-0.51,0.51
1,0.17,0.83,0.83
1,0.39,0.61,0.61
0,1.97,-1.97,1.97
0,0.13,-0.13,0.13
0,0.07,-0.07,0.07
0,0.12,-0.12,0.12
0,1.88,-1.88,1.88
0,0.74,-0.74,0.74
0,0.26,-0.26,0.26
1,0.79,0.21,0.21
4,3.28,0.72,0.72
1,0.16,0.84,0.84
0,1.96,-1.96,1.96
2,2.29,-0.29,0.29
0,2.88,-2.88,2.88
0,0.08,-0.08,0.08
0,0.22,-0.22,0.22
0,0.03,-0.03,0.03
0,0.0,0.0,0.0
0,0.09,-0.09,0.09
0,0.12,-0.12,0.12
0,1.61,-1.61,1.61
6,1.97,4.03,4.03
0,0.0,0.0,0.0
0,0.03,-0.03,0.03
0,0.29,-0.29,0.29
0,0.04,-0.04,0.04
0,0.11,-0.11,0.11
0,0.22,-0.22,0.22
0,0.0,-0.0,0.0
5,1.61,3.39,3.39
0,0.33,-0.33,0.33
10,10.28,-0.28,0.28
2,1.69,0.31,0.31
2,1.09,0.91,0.91
0,0.75,-0.75,0.75
2,0.29,1.71,1.71
0,0.46,-0.46,0.46
7,2.23,4.77,4.77
0,3.84,-3.84,3.84
0,0.04,-0.04,0.04
0,0.68,-0.68,0.68
4,0.62,3.38,3.38
1,1.15,-0.15,0.15
0,0.33,-0.33,0.33
0,0.01,-0.01,0.01
2,0.94,1.06,1.06
0,0.41,-0.41,0.41
4,2.05,1.95,1.95
3,5.86,-2.86,2.86
3,1.04,1.96,1.96
8,1.45,6.55,6.55
0,0.42,-0.42,0.42
1,0.99,0.01,0.01
0,0.21,-0.21,0.21
0,0.72,-0.72,0.72
8,3.93,4.07,4.07
2,0.82,1.18,1.18
0,0.02,-0.02,0.02
1,0.39,0.61,0.61
0,3.26,-3.26,3.26
1,0.51,0.49,0.49
3,1.83,1.17,1.17
1,1.53,-0.53,0.53
0,0.01,-0.01,0.01
1,1.08,-0.08,0.08
0,0.64,-0.64,0.64
0,0.46,-0.46,0.46
1,0.59,0.41,0.41
2,1.83,0.17,0.17
0,1.32,-1.32,1.32
0,0.09,-0.09,0.09
0,0.03,-0.03,0.03
10,1.5,8.5,8.5
0,0.03,-0.03,0.03
20,12.5,7.5,7.5
0,0.15,-0.15,0.15
0,0.0,-0.0,0.0
0,0.0,0.0,0.0
0,0.0,-0.0,0.0
0,0.22,-0.22,0.22
0,1.67,-1.67,1.67
0,0.0,0.0,0.0
0,0.96,-0.96,0.96
0,0.01,-0.01,0.01
10,6.39,3.61,3.61
0,1.14,-1.14,1.14
0,0.51,-0.51,0.51
1,0.35,0.65,0.65
0,0.26,-0.26,0.26
6,3.97,2.03,2.03
0,0.07,-0.07,0.07
2,0.48,1.52,1.52
3,0.72,2.28,2.28
1,0.47,0.53,0.53
1,0.47,0.53,0.53
4,1.46,2.54,2.54
3,2.69,0.31,0.31
2,0.45,1.55,1.55
0,0.0,0.0,0.0
0,0.04,-0.04,0.04
0,0.82,-0.82,0.82
0,0.65,-0.65,0.65
0,0.03,-0.03,0.03
1,0.4,0.6,0.6
0,0.14,-0.14,0.14
0,0.81,-0.81,0.81
0,0.66,-0.66,0.66
1,1.62,-0.62,0.62
1,0.24,0.76,0.76
0,0.43,-0.43,0.43
0,0.38,-0.38,0.38
0,3.32,-3.32,3.32
7,3.16,3.84,3.84
0,0.0,0.0,0.0
2,1.18,0.82,0.82
1,0.28,0.72,0.72
0,0.16,-0.16,0.16
2,1.8,0.2,0.2
4,2.39,1.61,1.61
0,0.0,-0.0,0.0
1,1.69,-0.69,0.69
0,0.43,-0.43,0.43
2,0.49,1.51,1.51
0,0.25,-0.25,0.25
1,0.93,0.07,0.07
0,0.03,-0.03,0.03
0,0.05,-0.05,0.05
0,0.55,-0.55,0.55
0,0.0,-0.0,0.0
0,0.09,-0.09,0.09
1,0.04,0.96,0.96
0,0.02,-0.02,0.02
0,0.0,-0.0,0.0
0,0.63,-0.63,0.63
4,2.1,1.9,1.9
11,11.17,-0.17,0.17
9,1.51,7.49,7.49
5,1.95,3.05,3.05
0,0.42,-0.42,0.42
1,0.61,0.39,0.39
0,0.6,-0.6,0.6
0,0.57,-0.57,0.57
3,2.73,0.27,0.27
0,0.65,-0.65,0.65
0,0.25,-0.25,0.25
0,1.28,-1.28,1.28
0,0.0,-0.0,0.0
0,0.67,-0.67,0.67
0,0.25,-0.25,0.25
1,0.65,0.35,0.35
5,2.37,2.63,2.63
0,0.08,-0.08,0.08
0,1.0,-1.0,1.0
1,1.24,-0.24,0.24
0,0.26,-0.26,0.26
1,0.74,0.26,0.26
3,0.75,2.25,2.25
0,0.1,-0.1,0.1
0,0.31,-0.31,0.31
2,0.27,1.73,1.73
0,0.24,-0.24,0.24
0,12.61,-12.61,12.61
0,1.33,-1.33,1.33
0,0.17,-0.17,0.17
3,0.52,2.48,2.48
1,1.44,-0.44,0.44
2,0.51,1.49,1.49
7,1.22,5.78,5.78
0,0.08,-0.08,0.08
1,0.13,0.87,0.87
0,0.84,-0.84,0.84
1,1.45,-0.45,0.45
0,0.01,-0.01,0.01
0,0.14,-0.14,0.14
0,0.71,-0.71,0.71
0,2.23,-2.23,2.23
0,3.85,-3.85,3.85
1,0.98,0.02,0.02
4,1.41,2.59,2.59
0,0.05,-0.05,0.05
0,0.06,-0.06,0.06
0,0.21,-0.21,0.21
1,1.5,-0.5,0.5
0,0.07,-0.07,0.07
11,6.14,4.86,4.86
0,0.52,-0.52,0.52
0,0.06,-0.06,0.06
1,0.18,0.82,0.82
3,3.06,-0.06,0.06
0,1.33,-1.33,1.33
0,1.5,-1.5,1.5
0,0.3,-0.3,0.3
1,0.5,0.5,0.5
0,0.09,-0.09,0.09
4,2.48,1.52,1.52
0,0.2,-0.2,0.2
1,0.05,0.95,0.95
2,2.08,-0.08,0.08
0,0.46,-0.46,0.46
0,0.57,-0.57,0.57
0,0.22,-0.22,0.22
0,0.0,-0.0,0.0
2,1.04,0.96,0.96
1,0.63,0.37,0.37
1,0.7,0.3,0.3
0,1.53,-1.53,1.53
1,0.55,0.45,0.45
6,4.37,1.63,1.63
1,0.98,0.02,0.02
2,1.74,0.26,0.26
2,0.52,1.48,1.48
0,0.21,-0.21,0.21
3,0.88,2.12,2.12
0,0.69,-0.69,0.69
1,0.56,0.44,0.44
1,0.68,0.32,0.32
0,0.01,-0.01,0.01
0,0.42,-0.42,0.42
0,0.54,-0.54,0.54
0,0.0,0.0,0.0
0,0.29,-0.29,0.29
0,0.14,-0.14,0.14
1,0.37,0.63,0.63
1,0.28,0.72,0.72
0,0.05,-0.05,0.05
2,1.38,0.62,0.62
0,0.1,-0.1,0.1
1,1.4,-0.4,0.4
0,1.53,-1.53,1.53
0,0.02,-0.02,0.02
0,0.13,-0.13,0.13
0,0.03,-0.03,0.03
0,0.2,-0.2,0.2
1,1.77,-0.77,0.77
0,0.36,-0.36,0.36
0,0.15,-0.15,0.15
5,2.02,2.98,2.98
1,1.4,-0.4,0.4
0,0.17,-0.17,0.17
0,0.0,0.0,0.0
2,2.49,-0.49,0.49
0,0.12,-0.12,0.12
1,0.18,0.82,0.82
0,0.02,-0.02,0.02
0,0.0,0.0,0.0
0,0.13,-0.13,0.13
0,0.33,-0.33,0.33
0,1.06,-1.06,1.06
1,1.42,-0.42,0.42
1,0.68,0.32,0.32
2,1.54,0.46,0.46
0,0.32,-0.32,0.32
0,0.22,-0.22,0.22
16,9.03,6.97,6.97
0,0.08,-0.08,0.08
3,1.98,1.02,1.02
0,0.36,-0.36,0.36
0,0.22,-0.22,0.22
0,0.16,-0.16,0.16
4,1.46,2.54,2.54
0,0.01,-0.01,0.01
3,2.59,0.41,0.41
0,1.46,-1.46,1.46
0,0.09,-0.09,0.09
0,0.07,-0.07,0.07
1,1.02,-0.02,0.02
12,8.49,3.51,3.51
1,1.26,-0.26,0.26
0,0.39,-0.39,0.39
0,0.61,-0.61,0.61
0,0.24,-0.24,0.24
0,0.01,-0.01,0.01
11,8.89,2.11,2.11
0,0.07,-0.07,0.07
1,2.39,-1.39,1.39
2,1.46,0.54,0.54
1,0.48,0.52,0.52
0,0.47,-0.47,0.47
0,0.17,-0.17,0.17
0,0.34,-0.34,0.34
9,2.38,6.62,6.62
0,0.71,-0.71,0.71
0,0.11,-0.11,0.11
0,0.22,-0.22,0.22
0,0.55,-0.55,0.55
0,0.68,-0.68,0.68
0,0.03,-0.03,0.03
0,0.26,-0.26,0.26
2,2.62,-0.62,0.62
0,2.71,-2.71,2.71
3,1.62,1.38,1.38
1,2.7,-1.7,1.7
0,0.25,-0.25,0.25
3,3.28,-0.28,0.28
0,0.14,-0.14,0.14
0,0.25,-0.25,0.25
0,0.01,-0.01,0.01
1,2.52,-1.52,1.52
0,0.35,-0.35,0.35
5,5.16,-0.16,0.16
0,0.08,-0.08,0.08
2,0.34,1.66,1.66
0,1.86,-1.86,1.86
2,4.17,-2.17,2.17
0,0.22,-0.22,0.22
0,0.22,-0.22,0.22
0,0.16,-0.16,0.16
4,1.77,2.23,2.23
0,0.73,-0.73,0.73
0,0.51,-0.51,0.51
1,1.07,-0.07,0.07
0,0.45,-0.45,0.45
0,0.05,-0.05,0.05
0,0.23,-0.23,0.23
3,2.55,0.45,0.45
0,0.51,-0.51,0.51
0,0.42,-0.42,0.42
0,3.07,-3.07,3.07
0,0.57,-0.57,0.57
0,0.8,-0.8,0.8
0,0.16,-0.16,0.16
0,2.52,-2.52,2.52
0,0.75,-0.75,0.75
1,1.12,-0.12,0.12
4,1.64,2.36,2.36
1,3.02,-2.02,2.02
1,0.84,0.16,0.16
0,0.09,-0.09,0.09
0,1.21,-1.21,1.21
0,0.58,-0.58,0.58
2,2.12,-0.12,0.12
0,0.2,-0.2,0.2
0,0.02,-0.02,0.02
2,1.05,0.95,0.95
12,5.88,6.12,6.12
0,0.22,-0.22,0.22
0,0.06,-0.06,0.06
3,2.99,0.01,0.01
0,0.6,-0.6,0.6
8,4.84,3.16,3.16
0,0.01,-0.01,0.01
0,0.14,-0.14,0.14
0,0.21,-0.21,0.21
0,0.79,-0.79,0.79
2,8.57,-6.57,6.57
0,0.06,-0.06,0.06
0,0.03,-0.03,0.03
0,0.18,-0.18,0.18
0,0.48,-0.48,0.48
0,0.06,-0.06,0.06
1,1.65,-0.65,0.65
0,1.45,-1.45,1.45
0,0.03,-0.03,0.03
0,0.11,-0.11,0.11
7,4.47,2.53,2.53
0,1.25,-1.25,1.25
0,3.07,-3.07,3.07
0,0.12,-0.12,0.12
0,0.16,-0.16,0.16
0,0.01,-0.01,0.01
0,0.57,-0.57,0.57
1,0.54,0.46,0.46
0,0.33,-0.33,0.33
1,0.28,0.72,0.72
0,0.02,-0.02,0.02
1,1.33,-0.33,0.33
3,3.91,-0.91,0.91
0,0.24,-0.24,0.24
0,0.08,-0.08,0.08
3,0.65,2.35,2.35
0,0.23,-0.23,0.23
0,1.54,-1.54,1.54
2,1.15,0.85,0.85
0,0.34,-0.34,0.34
0,0.95,-0.95,0.95
0,0.0,-0.0,0.0
1,0.85,0.15,0.15
2,0.21,1.79,1.79
2,2.63,-0.63,0.63
0,0.74,-0.74,0.74
0,0.18,-0.18,0.18
0,0.03,-0.03,0.03
0,0.03,-0.03,0.03
0,0.07,-0.07,0.07
2,2.47,-0.47,0.47
2,1.74,0.26,0.26
0,0.01,-0.01,0.01
0,0.01,-0.01,0.01
3,3.61,-0.61,0.61
1,2.17,-1.17,1.17
9,3.82,5.18,5.18
0,0.18,-0.18,0.18
4,0.94,3.06,3.06
0,0.2,-0.2,0.2
1,0.71,0.29,0.29
0,1.32,-1.32,1.32
1,0.27,0.73,0.73
2,0.97,1.03,1.03
0,0.77,-0.77,0.77
0,0.23,-0.23,0.23
0,0.01,-0.01,0.01
1,3.35,-2.35,2.35
0,0.07,-0.07,0.07
0,1.2,-1.2,1.2
0,0.03,-0.03,0.03
20,7.51,12.49,12.49
2,1.6,0.4,0.4
2,2.59,-0.59,0.59
5,1.86,3.14,3.14
0,1.59,-1.59,1.59
0,0.02,-0.02,0.02
1,1.23,-0.23,0.23
1,0.74,0.26,0.26
0,0.07,-0.07,0.07
0,0.81,-0.81,0.81
4,2.68,1.32,1.32
0,0.4,-0.4,0.4
1,0.24,0.76,0.76
0,0.6,-0.6,0.6
11,1.82,9.18,9.18
8,10.97,-2.97,2.97
0,0.02,-0.02,0.02
0,0.31,-0.31,0.31
0,0.13,-0.13,0.13
0,0.05,-0.05,0.05
1,0.27,0.73,0.73
0,0.21,-0.21,0.21
2,2.83,-0.83,0.83
0,0.25,-0.25,0.25
0,0.09,-0.09,0.09
1,3.94,-2.94,2.94
0,1.02,-1.02,1.02
0,0.23,-0.23,0.23
1,1.45,-0.45,0.45
0,0.09,-0.09,0.09
0,0.13,-0.13,0.13
0,0.56,-0.56,0.56
2,2.04,-0.04,0.04
1,0.15,0.85,0.85
1,0.43,0.57,0.57
0,0.51,-0.51,0.51
0,0.28,-0.28,0.28
0,0.54,-0.54,0.54
3,1.66,1.34,1.34
0,0.68,-0.68,0.68
4,2.0,2.0,2.0
0,0.57,-0.57,0.57
23,4.82,18.18,18.18
1,1.91,-0.91,0.91
1,0.33,0.67,0.67
4,1.09,2.91,2.91
0,0.29,-0.29,0.29
0,0.03,-0.03,0.03
2,2.84,-0.84,0.84
0,0.44,-0.44,0.44
0,0.18,-0.18,0.18
0,0.3,-0.3,0.3
0,0.03,-0.03,0.03
1,2.09,-1.09,1.09
0,0.7,-0.7,0.7
0,0.2,-0.2,0.2
0,0.07,-0.07,0.07
1,0.72,0.28,0.28
0,0.15,-0.15,0.15
2,0.47,1.53,1.53
0,0.8,-0.8,0.8
7,1.7,5.3,5.3
0,0.01,-0.01,0.01
0,0.24,-0.24,0.24
16,2.37,13.63,13.63
1,4.34,-3.34,3.34
0,0.36,-0.36,0.36
0,0.08,-0.08,0.08
0,0.07,-0.07,0.07
0,0.45,-0.45,0.45
0,0.29,-0.29,0.29
0,14.07,-14.07,14.07
0,0.83,-0.83,0.83
1,0.77,0.23,0.23
0,0.02,-0.02,0.02
0,0.2,-0.2,0.2
1,0.7,0.3,0.3
0,0.16,-0.16,0.16
0,1.09,-1.09,1.09
0,0.35,-0.35,0.35
0,0.28,-0.28,0.28
0,0.66,-0.66,0.66
1,1.98,-0.98,0.98
3,2.42,0.58,0.58
0,0.33,-0.33,0.33
0,0.24,-0.24,0.24
0,0.01,-0.01,0.01
1,0.28,0.72,0.72
7,6.91,0.09,0.09
0,0.17,-0.17,0.17
0,0.85,-0.85,0.85
0,0.02,-0.02,0.02
1,1.66,-0.66,0.66
0,1.37,-1.37,1.37
0,1.17,-1.17,1.17
8,8.07,-0.07,0.07
0,2.06,-2.06,2.06
0,2.8,-2.8,2.8
0,0.37,-0.37,0.37
0,0.17,-0.17,0.17
19,9.6,9.4,9.4
1,0.32,0.68,0.68
1,0.52,0.48,0.48
1,0.1,0.9,0.9
0,0.01,-0.01,0.01
0,0.92,-0.92,0.92
0,0.55,-0.55,0.55
2,1.35,0.65,0.65
2,0.55,1.45,1.45
0,0.23,-0.23,0.23
1,0.83,0.17,0.17
3,0.85,2.15,2.15
1,0.56,0.44,0.44
0,0.07,-0.07,0.07
0,0.01,-0.01,0.01
1,1.47,-0.47,0.47
1,1.39,-0.39,0.39
1,0.79,0.21,0.21
8,2.33,5.67,5.67
0,1.71,-1.71,1.71
0,1.09,-1.09,1.09
0,0.7,-0.7,0.7
0,0.21,-0.21,0.21
1,0.85,0.15,0.15
0,0.43,-0.43,0.43
0,0.16,-0.16,0.16
0,0.05,-0.05,0.05
0,0.76,-0.76,0.76
0,0.04,-0.04,0.04
2,2.97,-0.97,0.97
3,0.46,2.54,2.54
0,0.2,-0.2,0.2
1,0.42,0.58,0.58
0,0.26,-0.26,0.26
1,1.44,-0.44,0.44
0,0.3,-0.3,0.3
2,1.84,0.16,0.16
0,0.04,-0.04,0.04
0,0.66,-0.66,0.66
0,0.11,-0.11,0.11
1,0.88,0.12,0.12
1,0.26,0.74,0.74
1,0.22,0.78,0.78
0,1.31,-1.31,1.31
0,0.96,-0.96,0.96
4,0.83,3.17,3.17
0,0.11,-0.11,0.11
0,0.04,-0.04,0.04
0,0.65,-0.65,0.65
2,3.21,-1.21,1.21
2,1.89,0.11,0.11
1,0.53,0.47,0.47
0,0.28,-0.28,0.28
0,1.19,-1.19,1.19
0,1.64,-1.64,1.64
0,0.75,-0.75,0.75
0,0.15,-0.15,0.15
0,0.14,-0.14,0.14
1,1.51,-0.51,0.51
1,0.1,0.9,0.9
0,0.82,-0.82,0.82
0,0.2,-0.2,0.2
0,0.01,-0.01,0.01
2,1.96,0.04,0.04
1,1.1,-0.1,0.1
5,1.55,3.45,3.45
0,0.38,-0.38,0.38
0,0.37,-0.37,0.37
0,0.4,-0.4,0.4
0,2.88,-2.88,2.88
2,2.18,-0.18,0.18
0,0.51,-0.51,0.51
0,0.78,-0.78,0.78
0,0.05,-0.05,0.05
2,0.36,1.64,1.64
0,0.25,-0.25,0.25
0,0.27,-0.27,0.27
1,1.11,-0.11,0.11
2,2.33,-0.33,0.33
0,1.61,-1.61,1.61
6,4.42,1.58,1.58
0,1.07,-1.07,1.07
0,0.06,-0.06,0.06
1,0.36,0.64,0.64
0,0.01,-0.01,0.01
0,0.33,-0.33,0.33
20,12.21,7.79,7.79
0,0.02,-0.02,0.02
3,2.01,0.99,0.99
0,0.62,-0.62,0.62
0,0.26,-0.26,0.26
1,1.43,-0.43,0.43
0,0.72,-0.72,0.72
0,0.31,-0.31,0.31
0,1.99,-1.99,1.99
0,0.58,-0.58,0.58
1,0.56,0.44,0.44
2,1.7,0.3,0.3
0,0.71,-0.71,0.71
0,0.33,-0.33,0.33
0,0.46,-0.46,0.46
1,1.72,-0.72,0.72
0,0.17,-0.17,0.17
0,0.03,-0.03,0.03
2,0.58,1.42,1.42
0,0.59,-0.59,0.59
1,0.79,0.21,0.21
1,0.66,0.34,0.34
0,0.56,-0.56,0.56
1,1.7,-0.7,0.7
1,0.44,0.56,0.56
0,1.17,-1.17,1.17
0,0.04,-0.04,0.04
0,0.32,-0.32,0.32
2,0.41,1.59,1.59
0,0.16,-0.16,0.16
0,0.17,-0.17,0.17
1,0.11,0.89,0.89
1,0.5,0.5,0.5
0,0.02,-0.02,0.02
5,2.96,2.04,2.04
0,0.96,-0.96,0.96
0,0.78,-0.78,0.78
0,0.09,-0.09,0.09
0,0.15,-0.15,0.15
0,0.0,-0.0,0.0
0,0.32,-0.32,0.32
0,0.28,-0.28,0.28
0,0.16,-0.16,0.16
1,1.98,-0.98,0.98
0,0.39,-0.39,0.39
1,1.82,-0.82,0.82
0,0.39,-0.39,0.39
0,0.02,-0.02,0.02
0,1.18,-1.18,1.18
3,1.24,1.76,1.76
28,3.79,24.21,24.21
0,0.04,-0.04,0.04
1,0.93,0.07,0.07
7,13.38,-6.38,6.38
0,0.2,-0.2,0.2
0,0.01,-0.01,0.01
0,0.19,-0.19,0.19
1,2.22,-1.22,1.22
0,0.04,-0.04,0.04
0,1.9,-1.9,1.9
4,1.65,2.35,2.35
0,0.51,-0.51,0.51
1,0.2,0.8,0.8
0,0.68,-0.68,0.68
0,0.02,-0.02,0.02
0,1.1,-1.1,1.1
0,0.24,-0.24,0.24
1,0.59,0.41,0.41
1,0.49,0.51,0.51
6,5.36,0.64,0.64
6,2.07,3.93,3.93
0,0.95,-0.95,0.95
0,0.13,-0.13,0.13
3,0.58,2.42,2.42
2,0.61,1.39,1.39
0,0.18,-0.18,0.18
1,1.48,-0.48,0.48
4,0.64,3.36,3.36
2,1.46,0.54,0.54
0,0.27,-0.27,0.27
2,2.42,-0.42,0.42
0,0.2,-0.2,0.2
0,1.58,-1.58,1.58
0,0.29,-0.29,0.29
9,2.43,6.57,6.57
1,0.11,0.89,0.89
0,0.68,-0.68,0.68
0,0.02,-0.02,0.02
0,0.02,-0.02,0.02
0,0.28,-0.28,0.28
0,0.14,-0.14,0.14
0,0.14,-0.14,0.14
0,1.57,-1.57,1.57
0,0.35,-0.35,0.35
0,1.07,-1.07,1.07
1,3.21,-2.21,2.21
0,2.78,-2.78,2.78
0,0.17,-0.17,0.17
1,0.18,0.82,0.82
0,0.04,-0.04,0.04
0,0.23,-0.23,0.23
0,0.07,-0.07,0.07
0,0.25,-0.25,0.25
0,0.09,-0.09,0.09
0,0.24,-0.24,0.24
0,0.23,-0.23,0.23
5,2.57,2.43,2.43
0,0.1,-0.1,0.1
0,0.25,-0.25,0.25
3,1.17,1.83,1.83
2,1.06,0.94,0.94
0,0.08,-0.08,0.08
0,0.19,-0.19,0.19
0,0.05,-0.05,0.05
1,0.14,0.86,0.86
0,0.61,-0.61,0.61
1,1.88,-0.88,0.88
1,1.16,-0.16,0.16
0,0.11,-0.11,0.11
0,0.4,-0.4,0.4
0,0.06,-0.06,0.06
0,0.3,-0.3,0.3
0,0.43,-0.43,0.43
0,0.04,-0.04,0.04
2,0.77,1.23,1.23
4,1.21,2.79,2.79
5,2.63,2.37,2.37
0,0.08,-0.08,0.08
3,1.19,1.81,1.81
1,4.13,-3.13,3.13
0,0.48,-0.48,0.48
1,1.04,-0.04,0.04
0,0.46,-0.46,0.46
0,0.38,-0.38,0.38
0,0.29,-0.29,0.29
0,0.12,-0.12,0.12
5,3.05,1.95,1.95
0,0.75,-0.75,0.75
0,0.34,-0.34,0.34
0,0.49,-0.49,0.49
1,1.05,-0.05,0.05
0,0.13,-0.13,0.13
0,0.05,-0.05,0.05
0,0.5,-0.5,0.5
0,0.3,-0.3,0.3
0,0.01,-0.01,0.01
3,2.59,0.41,0.41
0,0.02,-0.02,0.02
0,0.27,-0.27,0.27
5,1.53,3.47,3.47
13,4.42,8.58,8.58
1,1.21,-0.21,0.21
1,1.54,-0.54,0.54
1,1.94,-0.94,0.94
1,1.12,-0.12,0.12
0,0.3,-0.3,0.3
2,0.8,1.2,1.2
2,1.71,0.29,0.29
12,14.18,-2.18,2.18
0,0.01,-0.01,0.01
0,0.04,-0.04,0.04
0,0.67,-0.67,0.67
0,0.01,-0.01,0.01
93,41.2,51.8,51.8
0,1.83,-1.83,1.83
0,0.05,-0.05,0.05
0,0.27,-0.27,0.27
4,3.38,0.62,0.62
0,0.8,-0.8,0.8
0,0.23,-0.23,0.23
0,0.13,-0.13,0.13
0,0.93,-0.93,0.93
0,0.39,-0.39,0.39
1,1.99,-0.99,0.99
0,0.21,-0.21,0.21
0,0.67,-0.67,0.67
0,0.72,-0.72,0.72
0,1.6,-1.6,1.6
0,1.55,-1.55,1.55
0,0.08,-0.08,0.08
1,0.65,0.35,0.35
5,2.97,2.03,2.03
7,2.34,4.66,4.66
3,1.3,1.7,1.7
2,1.34,0.66,0.66
0,0.07,-0.07,0.07
1,0.86,0.14,0.14
0,0.24,-0.24,0.24
0,0.31,-0.31,0.31
1,1.14,-0.14,0.14
8,3.58,4.42,4.42
1,2.03,-1.03,1.03
0,0.39,-0.39,0.39
0,1.51,-1.51,1.51
0,0.1,-0.1,0.1
0,3.45,-3.45,3.45
0,0.18,-0.18,0.18
0,0.27,-0.27,0.27
4,2.83,1.17,1.17
0,0.18,-0.18,0.18
0,0.27,-0.27,0.27
7,3.85,3.15,3.15
0,0.02,-0.02,0.02
2,0.54,1.46,1.46
0,0.1,-0.1,0.1
2,0.64,1.36,1.36
0,0.25,-0.25,0.25
15,1.9,13.1,13.1
1,0.26,0.74,0.74
1,0.91,0.09,0.09
0,0.54,-0.54,0.54
0,0.35,-0.35,0.35
0,0.05,-0.05,0.05
5,4.25,0.75,0.75
4,1.62,2.38,2.38
0,0.63,-0.63,0.63
1,0.1,0.9,0.9
25,17.04,7.96,7.96
1,0.66,0.34,0.34
0,1.88,-1.88,1.88
7,11.93,-4.93,4.93
0,0.04,-0.04,0.04
2,2.52,-0.52,0.52
2,4.59,-2.59,2.59
33,17.21,15.79,15.79
0,1.36,-1.36,1.36
1,0.26,0.74,0.74
0,0.28,-0.28,0.28
7,4.18,2.82,2.82
1,1.07,-0.07,0.07
0,0.02,-0.02,0.02
0,0.22,-0.22,0.22
0,0.03,-0.03,0.03
0,0.51,-0.51,0.51
1,0.47,0.53,0.53
1,3.27,-2.27,2.27
0,1.15,-1.15,1.15
2,1.42,0.58,0.58
3,0.41,2.59,2.59
2,1.74,0.26,0.26
0,0.73,-0.73,0.73
2,1.77,0.23,0.23
1,0.84,0.16,0.16
6,3.7,2.3,2.3
0,0.14,-0.14,0.14
0,0.11,-0.11,0.11
0,0.31,-0.31,0.31
5,2.04,2.96,2.96
0,0.29,-0.29,0.29
0,0.32,-0.32,0.32
0,0.14,-0.14,0.14
5,4.71,0.29,0.29
0,0.71,-0.71,0.71
0,0.08,-0.08,0.08
0,0.31,-0.31,0.31
2,3.0,-1.0,1.0
1,0.72,0.28,0.28
1,0.42,0.58,0.58
0,0.03,-0.03,0.03
1,0.21,0.79,0.79
1,0.23,0.77,0.77
0,0.31,-0.31,0.31
0,0.66,-0.66,0.66
0,0.1,-0.1,0.1
2,1.48,0.52,0.52
0,0.14,-0.14,0.14
2,3.71,-1.71,1.71
4,1.52,2.48,2.48
0,1.38,-1.38,1.38
1,0.5,0.5,0.5
0,0.11,-0.11,0.11
0,1.67,-1.67,1.67
0,0.27,-0.27,0.27
0,0.76,-0.76,0.76
1,1.27,-0.27,0.27
1,1.0,0.0,0.0
3,3.12,-0.12,0.12
0,0.21,-0.21,0.21
6,4.33,1.67,1.67
0,0.25,-0.25,0.25
0,0.03,-0.03,0.03
0,0.44,-0.44,0.44
0,2.49,-2.49,2.49
1,0.72,0.28,0.28
6,11.85,-5.85,5.85
0,0.05,-0.05,0.05
0,1.15,-1.15,1.15
0,2.64,-2.64,2.64
0,1.16,-1.16,1.16
1,0.98,0.02,0.02
0,0.53,-0.53,0.53
0,0.61,-0.61,0.61
3,3.24,-0.24,0.24
0,0.31,-0.31,0.31
0,0.34,-0.34,0.34
0,0.24,-0.24,0.24
0,0.24,-0.24,0.24
0,0.52,-0.52,0.52
0,0.03,-0.03,0.03
0,1.17,-1.17,1.17
0,0.03,-0.03,0.03
0,0.99,-0.99,0.99
0,0.07,-0.07,0.07
0,0.55,-0.55,0.55
0,0.01,-0.01,0.01
0,0.04,-0.04,0.04
2,1.72,0.28,0.28
0,0.25,-0.25,0.25
0,1.14,-1.14,1.14
0,0.48,-0.48,0.48
4,2.66,1.34,1.34
0,0.03,-0.03,0.03
0,0.18,-0.18,0.18
5,5.86,-0.86,0.86
1,0.46,0.54,0.54
0,0.31,-0.31,0.31
1,1.32,-0.32,0.32
0,0.22,-0.22,0.22
1,1.22,-0.22,0.22
0,0.77,-0.77,0.77
2,4.19,-2.19,2.19
2,1.23,0.77,0.77
1,0.56,0.44,0.44
0,0.26,-0.26,0.26
1,0.92,0.08,0.08
0,0.66,-0.66,0.66
0,0.65,-0.65,0.65
0,0.19,-0.19,0.19
0,1.26,-1.26,1.26
5,1.53,3.47,3.47
0,0.14,-0.14,0.14
0,0.67,-0.67,0.67
0,0.06,-0.06,0.06
0,1.77,-1.77,1.77
0,0.22,-0.22,0.22
3,5.07,-2.07,2.07
0,0.05,-0.05,0.05
0,1.05,-1.05,1.05
0,0.32,-0.32,0.32
1,2.0,-1.0,1.0
0,0.14,-0.14,0.14
0,0.21,-0.21,0.21
1,1.36,-0.36,0.36
0,0.05,-0.05,0.05
0,0.03,-0.03,0.03
0,0.21,-0.21,0.21
9,6.71,2.29,2.29
4,3.03,0.97,0.97
0,0.02,-0.02,0.02
7,8.69,-1.69,1.69
0,2.0,-2.0,2.0
0,0.94,-0.94,0.94
7,9.18,-2.18,2.18
0,0.18,-0.18,0.18
0,0.47,-0.47,0.47
0,0.17,-0.17,0.17
0,0.21,-0.21,0.21
4,1.62,2.38,2.38
0,0.54,-0.54,0.54
4,1.95,2.05,2.05
0,0.08,-0.08,0.08
1,0.08,0.92,0.92
1,0.96,0.04,0.04
3,3.23,-0.23,0.23
1,1.43,-0.43,0.43
0,2.24,-2.24,2.24
3,5.95,-2.95,2.95
0,0.66,-0.66,0.66
0,0.08,-0.08,0.08
2,0.7,1.3,1.3
0,1.61,-1.61,1.61
0,0.04,-0.04,0.04
1,0.08,0.92,0.92
0,0.36,-0.36,0.36
0,0.49,-0.49,0.49
2,4.27,-2.27,2.27
0,0.07,-0.07,0.07
0,0.91,-0.91,0.91
0,0.53,-0.53,0.53
0,0.52,-0.52,0.52
0,0.14,-0.14,0.14
0,0.32,-0.32,0.32
0,0.22,-0.22,0.22
0,0.01,-0.01,0.01
0,0.45,-0.45,0.45
0,0.04,-0.04,0.04
0,0.18,-0.18,0.18
23,9.11,13.89,13.89
1,1.23,-0.23,0.23
2,2.21,-0.21,0.21
4,6.57,-2.57,2.57
1,1.44,-0.44,0.44
1,0.33,0.67,0.67
1,0.29,0.71,0.71
5,0.55,4.45,4.45
0,0.05,-0.05,0.05
0,0.66,-0.66,0.66
1,0.77,0.23,0.23
0,2.4,-2.4,2.4
0,0.02,-0.02,0.02
2,0.56,1.44,1.44
0,0.02,-0.02,0.02
9,5.64,3.36,3.36
0,0.72,-0.72,0.72
0,0.29,-0.29,0.29
0,0.61,-0.61,0.61
0,0.27,-0.27,0.27
0,0.17,-0.17,0.17
12,6.32,5.68,5.68
0,0.05,-0.05,0.05
0,0.06,-0.06,0.06
0,0.06,-0.06,0.06
0,0.05,-0.05,0.05
0,0.54,-0.54,0.54
4,1.56,2.44,2.44
1,0.25,0.75,0.75
1,0.35,0.65,0.65
0,1.36,-1.36,1.36
0,0.11,-0.11,0.11
3,4.61,-1.61,1.61
0,1.83,-1.83,1.83
0,0.17,-0.17,0.17
4,3.9,0.1,0.1
1,2.58,-1.58,1.58
0,0.09,-0.09,0.09
2,0.36,1.64,1.64
0,0.29,-0.29,0.29
2,2.09,-0.09,0.09
1,0.65,0.35,0.35
0,0.01,-0.01,0.01
1,0.91,0.09,0.09
0,0.04,-0.04,0.04
0,2.31,-2.31,2.31
0,0.48,-0.48,0.48
1,0.68,0.32,0.32
1,0.62,0.38,0.38
1,2.22,-1.22,1.22
1,0.84,0.16,0.16
0,0.74,-0.74,0.74
0,2.19,-2.19,2.19
3,3.14,-0.14,0.14
2,0.76,1.24,1.24
39,49.4,-10.4,10.4
0,0.27,-0.27,0.27
2,0.94,1.06,1.06
2,2.31,-0.31,0.31
3,1.18,1.82,1.82
6,4.62,1.38,1.38
1,0.89,0.11,0.11
1,1.06,-0.06,0.06
0,0.54,-0.54,0.54
0,0.6,-0.6,0.6
0,0.95,-0.95,0.95
3,1.24,1.76,1.76
2,4.38,-2.38,2.38
0,1.01,-1.01,1.01
1,3.19,-2.19,2.19
2,0.83,1.17,1.17
2,1.38,0.62,0.62
0,0.04,-0.04,0.04
0,0.02,-0.02,0.02
3,1.78,1.22,1.22
0,0.02,-0.02,0.02
1,0.32,0.68,0.68
11,16.49,-5.49,5.49
0,0.86,-0.86,0.86
3,3.35,-0.35,0.35
2,1.94,0.06,0.06
0,0.08,-0.08,0.08
0,0.1,-0.1,0.1
18,13.13,4.87,4.87
6,6.05,-0.05,0.05
0,0.33,-0.33,0.33
0,0.07,-0.07,0.07
0,2.41,-2.41,2.41
4,1.76,2.24,2.24
0,0.25,-0.25,0.25
0,1.02,-1.02,1.02
3,1.65,1.35,1.35
2,1.51,0.49,0.49
0,0.96,-0.96,0.96
1,1.05,-0.05,0.05
0,0.19,-0.19,0.19
0,0.06,-0.06,0.06
0,0.33,-0.33,0.33
0,0.75,-0.75,0.75
0,0.19,-0.19,0.19
0,0.67,-0.67,0.67
4,4.18,-0.18,0.18
0,0.02,-0.02,0.02
6,10.15,-4.15,4.15
2,1.25,0.75,0.75
0,0.17,-0.17,0.17
4,1.35,2.65,2.65
0,0.56,-0.56,0.56
1,0.75,0.25,0.25
0,0.56,-0.56,0.56
0,10.21,-10.21,10.21
0,0.34,-0.34,0.34
1,0.92,0.08,0.08
0,0.19,-0.19,0.19
1,1.13,-0.13,0.13
3,2.92,0.08,0.08
2,1.46,0.54,0.54
1,0.15,0.85,0.85
0,1.0,-1.0,1.0
0,0.46,-0.46,0.46
1,1.95,-0.95,0.95
1,0.35,0.65,0.65
0,0.28,-0.28,0.28
0,0.03,-0.03,0.03
0,0.23,-0.23,0.23
2,1.84,0.16,0.16
1,0.18,0.82,0.82
0,1.66,-1.66,1.66
3,0.82,2.18,2.18
9,7.05,1.95,1.95
0,0.03,-0.03,0.03
0,1.24,-1.24,1.24
0,0.15,-0.15,0.15
2,0.71,1.29,1.29
0,1.57,-1.57,1.57
5,3.4,1.6,1.6
0,0.66,-0.66,0.66
0,0.26,-0.26,0.26
0,0.09,-0.09,0.09
0,0.67,-0.67,0.67
2,0.6,1.4,1.4
3,5.67,-2.67,2.67
0,0.2,-0.2,0.2
2,2.73,-0.73,0.73
4,3.8,0.2,0.2
0,2.5,-2.5,2.5
0,0.03,-0.03,0.03
0,0.27,-0.27,0.27
1,0.13,0.87,0.87
2,0.27,1.73,1.73
0,0.02,-0.02,0.02
0,0.02,-0.02,0.02
5,3.03,1.97,1.97
0,0.14,-0.14,0.14
3,1.38,1.62,1.62
3,2.42,0.58,0.58
1,0.26,0.74,0.74
0,0.81,-0.81,0.81
0,1.88,-1.88,1.88
2,2.22,-0.22,0.22
0,0.23,-0.23,0.23
2,0.31,1.69,1.69
0,0.18,-0.18,0.18
1,1.77,-0.77,0.77
0,0.02,-0.02,0.02
0,0.08,-0.08,0.08
0,2.38,-2.38,2.38
0,2.24,-2.24,2.24
0,0.03,-0.03,0.03
0,0.21,-0.21,0.21
4,3.82,0.18,0.18
0,0.18,-0.18,0.18
0,0.94,-0.94,0.94
0,0.07,-0.07,0.07
0,0.44,-0.44,0.44
4,2.84,1.16,1.16
0,0.03,-0.03,0.03
3,3.22,-0.22,0.22
0,0.06,-0.06,0.06
0,0.73,-0.73,0.73
0,0.35,-0.35,0.35
0,0.24,-0.24,0.24
0,0.02,-0.02,0.02
1,1.7,-0.7,0.7
0,0.23,-0.23,0.23
0,0.82,-0.82,0.82
0,0.24,-0.24,0.24
1,0.61,0.39,0.39
0,0.21,-0.21,0.21
0,0.03,-0.03,0.03
0,1.81,-1.81,1.81
0,0.59,-0.59,0.59
1,0.69,0.31,0.31
20,11.02,8.98,8.98
3,2.51,0.49,0.49
0,1.18,-1.18,1.18
0,0.22,-0.22,0.22
0,0.01,-0.01,0.01
0,0.23,-0.23,0.23
1,0.6,0.4,0.4
3,7.33,-4.33,4.33
4,2.1,1.9,1.9
4,1.54,2.46,2.46
0,0.9,-0.9,0.9
0,0.35,-0.35,0.35
3,3.56,-0.56,0.56
0,0.27,-0.27,0.27
0,0.13,-0.13,0.13
0,0.09,-0.09,0.09
0,0.2,-0.2,0.2
0,0.19,-0.19,0.19
0,0.15,-0.15,0.15
0,2.19,-2.19,2.19
4,1.81,2.19,2.19
0,0.12,-0.12,0.12
0,0.06,-0.06,0.06
1,0.9,0.1,0.1
0,0.15,-0.15,0.15
0,0.07,-0.07,0.07
9,7.33,1.67,1.67
34,4.61,29.39,29.39
0,0.88,-0.88,0.88
0,0.54,-0.54,0.54
5,2.63,2.37,2.37
0,0.41,-0.41,0.41
4,1.5,2.5,2.5
1,0.35,0.65,0.65
0,0.05,-0.05,0.05
7,4.03,2.97,2.97
3,1.19,1.81,1.81
27,16.53,10.47,10.47
1,0.45,0.55,0.55
0,0.23,-0.23,0.23
0,0.03,-0.03,0.03
0,0.04,-0.04,0.04
10,1.87,8.13,8.13
1,0.74,0.26,0.26
1,0.17,0.83,0.83
3,0.83,2.17,2.17
0,0.18,-0.18,0.18
0,0.07,-0.07,0.07
1,0.75,0.25,0.25
0,0.02,-0.02,0.02
3,2.4,0.6,0.6
1,1.18,-0.18,0.18
0,0.22,-0.22,0.22
0,0.27,-0.27,0.27
1,2.42,-1.42,1.42
0,0.03,-0.03,0.03
2,2.04,-0.04,0.04
1,0.83,0.17,0.17
6,2.36,3.64,3.64
6,2.33,3.67,3.67
0,0.93,-0.93,0.93
0,0.02,-0.02,0.02
0,0.36,-0.36,0.36
1,2.77,-1.77,1.77
2,0.95,1.05,1.05
0,0.09,-0.09,0.09
1,0.88,0.12,0.12
0,0.35,-0.35,0.35
2,0.75,1.25,1.25
0,0.03,-0.03,0.03
0,0.84,-0.84,0.84
0,0.19,-0.19,0.19
4,8.25,-4.25,4.25
0,0.38,-0.38,0.38
2,0.38,1.62,1.62
0,0.58,-0.58,0.58
0,0.11,-0.11,0.11
0,0.09,-0.09,0.09
0,0.15,-0.15,0.15
1,0.14,0.86,0.86
3,2.97,0.03,0.03
1,0.71,0.29,0.29
15,10.22,4.78,4.78
0,0.4,-0.4,0.4
0,0.49,-0.49,0.49
0,1.47,-1.47,1.47
0,0.8,-0.8,0.8
0,0.01,-0.01,0.01
1,1.51,-0.51,0.51
0,0.84,-0.84,0.84
0,0.23,-0.23,0.23
0,0.28,-0.28,0.28
2,3.01,-1.01,1.01
0,0.18,-0.18,0.18
0,0.51,-0.51,0.51
7,2.46,4.54,4.54
1,0.49,0.51,0.51
1,2.37,-1.37,1.37
4,2.54,1.46,1.46
0,0.19,-0.19,0.19
0,0.13,-0.13,0.13
2,1.84,0.16,0.16
2,0.93,1.07,1.07
0,0.28,-0.28,0.28
2,0.71,1.29,1.29
2,2.81,-0.81,0.81
0,1.4,-1.4,1.4
0,0.1,-0.1,0.1
0,0.13,-0.13,0.13
1,2.04,-1.04,1.04
0,0.3,-0.3,0.3
5,0.38,4.62,4.62
3,2.39,0.61,0.61
1,2.7,-1.7,1.7
0,0.02,-0.02,0.02
1,0.52,0.48,0.48
0,0.29,-0.29,0.29
1,0.59,0.41,0.41
1,0.48,0.52,0.52
0,0.02,-0.02,0.02
2,0.72,1.28,1.28
16,10.24,5.76,5.76
9,20.18,-11.18,11.18
0,0.03,-0.03,0.03
1,3.62,-2.62,2.62
0,0.4,-0.4,0.4
0,0.89,-0.89,0.89
2,1.43,0.57,0.57
4,4.14,-0.14,0.14
4,3.2,0.8,0.8
0,1.53,-1.53,1.53
0,0.23,-0.23,0.23
0,0.07,-0.07,0.07
0,0.64,-0.64,0.64
0,1.69,-1.69,1.69
3,3.16,-0.16,0.16
6,1.9,4.1,4.1
0,0.17,-0.17,0.17
0,0.02,-0.02,0.02
0,0.18,-0.18,0.18
0,0.89,-0.89,0.89
0,0.62,-0.62,0.62
3,2.04,0.96,0.96
0,0.05,-0.05,0.05
0,0.17,-0.17,0.17
0,0.05,-0.05,0.05
0,0.59,-0.59,0.59
0,0.26,-0.26,0.26
0,2.6,-2.6,2.6
0,0.29,-0.29,0.29
0,0.03,-0.03,0.03
0,0.06,-0.06,0.06
0,1.74,-1.74,1.74
0,0.45,-0.45,0.45
4,1.72,2.28,2.28
0,0.7,-0.7,0.7
0,0.23,-0.23,0.23
0,0.03,-0.03,0.03
0,0.04,-0.04,0.04
0,0.9,-0.9,0.9
4,3.92,0.08,0.08
0,0.5,-0.5,0.5
1,2.89,-1.89,1.89
0,0.3,-0.3,0.3
0,1.05,-1.05,1.05
11,9.34,1.66,1.66
5,1.9,3.1,3.1
0,0.26,-0.26,0.26
3,2.7,0.3,0.3
0,0.02,-0.02,0.02
1,1.2,-0.2,0.2
0,0.17,-0.17,0.17
0,1.24,-1.24,1.24
1,1.5,-0.5,0.5
0,0.37,-0.37,0.37
1,3.41,-2.41,2.41
11,7.48,3.52,3.52
6,4.5,1.5,1.5
0,0.1,-0.1,0.1
4,2.26,1.74,1.74
1,0.64,0.36,0.36
2,1.26,0.74,0.74
0,0.09,-0.09,0.09
6,6.95,-0.95,0.95
3,2.8,0.2,0.2
1,0.97,0.03,0.03
15,12.17,2.83,2.83
0,0.63,-0.63,0.63
0,0.52,-0.52,0.52
0,0.21,-0.21,0.21
0,0.16,-0.16,0.16
2,0.77,1.23,1.23
2,1.85,0.15,0.15
0,0.14,-0.14,0.14
0,0.06,-0.06,0.06
0,0.69,-0.69,0.69
0,0.1,-0.1,0.1
3,1.79,1.21,1.21
4,2.48,1.52,1.52
0,0.24,-0.24,0.24
4,2.24,1.76,1.76
0,0.02,-0.02,0.02
7,9.42,-2.42,2.42
0,0.28,-0.28,0.28
2,2.64,-0.64,0.64
0,0.22,-0.22,0.22
0,6.32,-6.32,6.32
0,0.21,-0.21,0.21
0,0.13,-0.13,0.13
1,0.52,0.48,0.48
0,0.19,-0.19,0.19
0,1.39,-1.39,1.39
0,0.02,-0.02,0.02
0,0.15,-0.15,0.15
0,0.02,-0.02,0.02
0,0.05,-0.05,0.05
0,0.26,-0.26,0.26
0,0.02,-0.02,0.02
0,0.02,-0.02,0.02
0,0.08,-0.08,0.08
0,0.24,-0.24,0.24
0,0.3,-0.3,0.3
1,2.9,-1.9,1.9
0,0.22,-0.22,0.22
1,0.31,0.69,0.69
2,0.61,1.39,1.39
2,0.21,1.79,1.79
0,0.75,-0.75,0.75
0,0.41,-0.41,0.41
0,0.63,-0.63,0.63
0,0.05,-0.05,0.05
0,0.26,-0.26,0.26
5,5.51,-0.51,0.51
0,0.18,-0.18,0.18
0,1.98,-1.98,1.98
3,3.16,-0.16,0.16
1,0.96,0.04,0.04
0,0.1,-0.1,0.1
2,0.44,1.56,1.56
0,0.19,-0.19,0.19
1,0.83,0.17,0.17
3,1.25,1.75,1.75
2,1.77,0.23,0.23
6,4.52,1.48,1.48
0,0.49,-0.49,0.49
2,1.1,0.9,0.9
7,3.45,3.55,3.55
0,0.01,-0.01,0.01
0,0.02,-0.02,0.02
2,2.0,0.0,0.0
0,0.82,-0.82,0.82
2,0.69,1.31,1.31
0,0.08,-0.08,0.08
17,13.81,3.19,3.19
0,0.9,-0.9,0.9
0,0.02,-0.02,0.02
0,0.05,-0.05,0.05
0,0.27,-0.27,0.27
2,1.25,0.75,0.75
1,1.02,-0.02,0.02
0,1.94,-1.94,1.94
2,4.12,-2.12,2.12
0,0.33,-0.33,0.33
0,0.51,-0.51,0.51
1,0.68,0.32,0.32
3,1.94,1.06,1.06
0,0.02,-0.02,0.02
2,0.79,1.21,1.21
1,0.17,0.83,0.83
0,0.04,-0.04,0.04
0,0.19,-0.19,0.19
0,0.48,-0.48,0.48
8,2.51,5.49,5.49
1,0.48,0.52,0.52
15,8.4,6.6,6.6
0,0.89,-0.89,0.89
2,1.41,0.59,0.59
0,0.66,-0.66,0.66
0,1.97,-1.97,1.97
2,1.94,0.06,0.06
1,1.85,-0.85,0.85
0,0.4,-0.4,0.4
0,1.56,-1.56,1.56
1,0.32,0.68,0.68
3,0.95,2.05,2.05
0,0.08,-0.08,0.08
6,5.2,0.8,0.8
0,0.66,-0.66,0.66
0,0.35,-0.35,0.35
0,0.72,-0.72,0.72
0,0.24,-0.24,0.24
0,0.9,-0.9,0.9
0,0.01,-0.01,0.01
0,1.52,-1.52,1.52
0,0.02,-0.02,0.02
4,2.09,1.91,1.91
4,4.32,-0.32,0.32
0,0.45,-0.45,0.45
0,0.24,-0.24,0.24
0,0.39,-0.39,0.39
0,0.19,-0.19,0.19
1,3.1,-2.1,2.1
3,3.11,-0.11,0.11
0,5.0,-5.0,5.0
0,0.29,-0.29,0.29
0,0.11,-0.11,0.11
0,0.04,-0.04,0.04
0,0.24,-0.24,0.24
2,1.94,0.06,0.06
0,0.05,-0.05,0.05
1,0.4,0.6,0.6
0,0.43,-0.43,0.43
4,4.81,-0.81,0.81
0,0.02,-0.02,0.02
3,2.08,0.92,0.92
0,1.33,-1.33,1.33
0,0.02,-0.02,0.02
0,0.04,-0.04,0.04
1,0.59,0.41,0.41
0,0.16,-0.16,0.16
0,0.32,-0.32,0.32
1,0.88,0.12,0.12
0,0.56,-0.56,0.56
0,0.85,-0.85,0.85
36,9.97,26.03,26.03
0,0.13,-0.13,0.13
2,3.12,-1.12,1.12
0,0.27,-0.27,0.27
0,0.33,-0.33,0.33
0,0.63,-0.63,0.63
1,1.42,-0.42,0.42
1,1.49,-0.49,0.49
0,0.87,-0.87,0.87
0,0.13,-0.13,0.13
2,0.64,1.36,1.36
0,0.04,-0.04,0.04
0,0.01,-0.01,0.01
0,0.19,-0.19,0.19
0,0.49,-0.49,0.49
1,1.66,-0.66,0.66
0,0.19,-0.19,0.19
0,0.4,-0.4,0.4
5,5.76,-0.76,0.76
0,1.81,-1.81,1.81
6,4.06,1.94,1.94
0,0.24,-0.24,0.24
0,0.16,-0.16,0.16
13,11.88,1.12,1.12
2,1.0,1.0,1.0
1,1.29,-0.29,0.29
2,1.02,0.98,0.98
6,2.97,3.03,3.03
2,0.57,1.43,1.43
0,0.02,-0.02,0.02
0,0.94,-0.94,0.94
2,0.84,1.16,1.16
0,0.29,-0.29,0.29
0,0.14,-0.14,0.14
0,0.02,-0.02,0.02
0,0.38,-0.38,0.38
0,0.01,-0.01,0.01
1,0.53,0.47,0.47
0,0.2,-0.2,0.2
0,0.22,-0.22,0.22
0,0.02,-0.02,0.02
0,0.08,-0.08,0.08
0,0.24,-0.24,0.24
6,3.56,2.44,2.44
0,0.12,-0.12,0.12
4,3.47,0.53,0.53
0,1.44,-1.44,1.44
0,0.21,-0.21,0.21
6,2.39,3.61,3.61
2,0.22,1.78,1.78
0,0.2,-0.2,0.2
2,0.93,1.07,1.07
5,3.6,1.4,1.4
3,3.44,-0.44,0.44
0,2.02,-2.02,2.02
0,0.22,-0.22,0.22
4,1.14,2.86,2.86
0,0.07,-0.07,0.07
2,2.16,-0.16,0.16
0,1.7,-1.7,1.7
0,0.68,-0.68,0.68
1,0.98,0.02,0.02
0,0.39,-0.39,0.39
1,1.81,-0.81,0.81
0,1.19,-1.19,1.19
5,1.71,3.29,3.29
0,0.09,-0.09,0.09
0,0.85,-0.85,0.85
2,1.26,0.74,0.74
4,1.65,2.35,2.35
1,0.79,0.21,0.21
0,0.21,-0.21,0.21
0,0.09,-0.09,0.09
0,1.16,-1.16,1.16
0,0.2,-0.2,0.2
1,1.6,-0.6,0.6
1,0.93,0.07,0.07
0,0.17,-0.17,0.17
2,2.92,-0.92,0.92
0,0.29,-0.29,0.29
0,0.69,-0.69,0.69
0,0.02,-0.02,0.02
1,2.67,-1.67,1.67
25,15.37,9.63,9.63
0,0.36,-0.36,0.36
1,2.4,-1.4,1.4
0,1.17,-1.17,1.17
0,1.7,-1.7,1.7
0,0.08,-0.08,0.08
0,2.97,-2.97,2.97
3,2.76,0.24,0.24
0,0.02,-0.02,0.02
3,2.94,0.06,0.06
63,32.62,30.38,30.38
0,0.01,-0.01,0.01
1,0.55,0.45,0.45
0,1.91,-1.91,1.91
2,0.52,1.48,1.48
0,0.7,-0.7,0.7
0,0.63,-0.63,0.63
19,8.57,10.43,10.43
1,0.68,0.32,0.32
0,0.64,-0.64,0.64
1,5.41,-4.41,4.41
1,0.52,0.48,0.48
0,0.72,-0.72,0.72
0,0.18,-0.18,0.18
8,3.6,4.4,4.4
0,0.3,-0.3,0.3
0,0.07,-0.07,0.07
0,0.03,-0.03,0.03
0,0.07,-0.07,0.07
0,0.05,-0.05,0.05
0,0.01,-0.01,0.01
0,0.46,-0.46,0.46
0,0.3,-0.3,0.3
0,0.15,-0.15,0.15
4,4.31,-0.31,0.31
0,0.12,-0.12,0.12
2,2.19,-0.19,0.19
0,0.58,-0.58,0.58
1,0.63,0.37,0.37
3,0.84,2.16,2.16
0,0.7,-0.7,0.7
0,0.16,-0.16,0.16
2,3.09,-1.09,1.09
2,1.22,0.78,0.78
3,3.92,-0.92,0.92
2,3.73,-1.73,1.73
1,0.93,0.07,0.07
0,0.16,-0.16,0.16
1,0.97,0.03,0.03
0,0.03,-0.03,0.03
8,6.24,1.76,1.76
0,0.2,-0.2,0.2
0,0.17,-0.17,0.17
4,3.29,0.71,0.71
0,0.89,-0.89,0.89
0,0.13,-0.13,0.13
0,0.29,-0.29,0.29
0,0.67,-0.67,0.67
0,0.02,-0.02,0.02
0,0.19,-0.19,0.19
1,1.14,-0.14,0.14
3,2.17,0.83,0.83
3,1.06,1.94,1.94
0,0.07,-0.07,0.07
1,0.7,0.3,0.3
0,0.97,-0.97,0.97
0,0.18,-0.18,0.18
0,0.3,-0.3,0.3
0,0.92,-0.92,0.92
0,0.02,-0.02,0.02
5,4.67,0.33,0.33
0,0.21,-0.21,0.21
0,0.43,-0.43,0.43
1,0.29,0.71,0.71
3,0.75,2.25,2.25
0,0.15,-0.15,0.15
3,6.01,-3.01,3.01
2,0.8,1.2,1.2
5,2.31,2.69,2.69
0,0.05,-0.05,0.05
6,12.92,-6.92,6.92
0,0.46,-0.46,0.46
0,0.26,-0.26,0.26
7,6.15,0.85,0.85
0,0.17,-0.17,0.17
0,0.72,-0.72,0.72
0,0.03,-0.03,0.03
4,2.68,1.32,1.32
0,0.12,-0.12,0.12
0,0.01,-0.01,0.01
0,0.05,-0.05,0.05
0,0.12,-0.12,0.12
0,0.19,-0.19,0.19
2,1.83,0.17,0.17
2,0.62,1.38,1.38
0,0.67,-0.67,0.67
2,0.3,1.7,1.7
2,0.59,1.41,1.41
0,1.02,-1.02,1.02
0,1.61,-1.61,1.61
1,0.19,0.81,0.81
1,0.61,0.39,0.39
7,4.67,2.33,2.33
0,0.38,-0.38,0.38
0,1.99,-1.99,1.99
0,0.08,-0.08,0.08
0,0.02,-0.02,0.02
0,0.47,-0.47,0.47
0,0.06,-0.06,0.06
0,0.67,-0.67,0.67
0,0.49,-0.49,0.49
4,1.57,2.43,2.43
2,2.14,-0.14,0.14
0,1.58,-1.58,1.58
0,0.31,-0.31,0.31
0,0.16,-0.16,0.16
1,0.24,0.76,0.76
6,1.31,4.69,4.69
7,4.08,2.92,2.92
0,0.05,-0.05,0.05
0,0.53,-0.53,0.53
0,0.62,-0.62,0.62
0,0.5,-0.5,0.5
1,0.27,0.73,0.73
2,0.49,1.51,1.51
0,0.24,-0.24,0.24
0,0.43,-0.43,0.43
2,1.82,0.18,0.18
0,0.95,-0.95,0.95
2,1.47,0.53,0.53
3,3.48,-0.48,0.48
0,0.38,-0.38,0.38
0,0.3,-0.3,0.3
0,0.21,-0.21,0.21
1,1.92,-0.92,0.92
1,0.09,0.91,0.91
0,0.09,-0.09,0.09
0,0.42,-0.42,0.42
0,1.33,-1.33,1.33
0,0.04,-0.04,0.04
0,0.24,-0.24,0.24
1,1.04,-0.04,0.04
2,1.51,0.49,0.49
0,0.16,-0.16,0.16
0,3.03,-3.03,3.03
1,0.26,0.74,0.74
0,0.69,-0.69,0.69
1,0.21,0.79,0.79
0,0.06,-0.06,0.06
1,1.4,-0.4,0.4
0,0.06,-0.06,0.06
2,7.8,-5.8,5.8
1,0.76,0.24,0.24
0,0.02,-0.02,0.02
0,0.86,-0.86,0.86
0,0.56,-0.56,0.56
0,0.03,-0.03,0.03
0,0.04,-0.04,0.04
0,0.05,-0.05,0.05
2,2.69,-0.69,0.69
0,0.11,-0.11,0.11
1,0.9,0.1,0.1
0,0.13,-0.13,0.13
0,1.54,-1.54,1.54
0,0.16,-0.16,0.16
1,0.8,0.2,0.2
2,1.16,0.84,0.84
11,5.07,5.93,5.93
0,0.35,-0.35,0.35
1,1.4,-0.4,0.4
3,1.11,1.89,1.89
2,1.02,0.98,0.98
0,0.64,-0.64,0.64
1,0.45,0.55,0.55
0,1.49,-1.49,1.49
0,0.48,-0.48,0.48
0,9.31,-9.31,9.31
0,0.19,-0.19,0.19
0,0.72,-0.72,0.72
0,0.16,-0.16,0.16
6,12.91,-6.91,6.91
0,0.35,-0.35,0.35
2,0.52,1.48,1.48
2,0.47,1.53,1.53
0,0.03,-0.03,0.03
0,1.28,-1.28,1.28
0,0.13,-0.13,0.13
0,0.24,-0.24,0.24
0,0.01,-0.01,0.01
2,1.91,0.09,0.09
0,0.5,-0.5,0.5
2,0.27,1.73,1.73
0,0.03,-0.03,0.03
0,0.07,-0.07,0.07
0,0.09,-0.09,0.09
5,2.43,2.57,2.57
0,0.21,-0.21,0.21
0,0.04,-0.04,0.04
0,0.03,-0.03,0.03
0,0.17,-0.17,0.17
0,0.7,-0.7,0.7
1,0.21,0.79,0.79
0,0.29,-0.29,0.29
0,0.24,-0.24,0.24
0,0.35,-0.35,0.35
0,0.38,-0.38,0.38
0,0.47,-0.47,0.47
0,0.1,-0.1,0.1
0,3.18,-3.18,3.18
0,0.71,-0.71,0.71
5,1.86,3.14,3.14
0,0.12,-0.12,0.12
0,0.18,-0.18,0.18
0,0.28,-0.28,0.28
0,0.43,-0.43,0.43
2,0.72,1.28,1.28
0,0.6,-0.6,0.6
0,0.35,-0.35,0.35
0,0.23,-0.23,0.23
0,0.39,-0.39,0.39
2,2.3,-0.3,0.3
0,0.8,-0.8,0.8
1,0.42,0.58,0.58
0,0.48,-0.48,0.48
0,0.03,-0.03,0.03
0,0.01,-0.01,0.01
0,0.33,-0.33,0.33
0,0.08,-0.08,0.08
0,0.25,-0.25,0.25
0,0.58,-0.58,0.58
0,0.06,-0.06,0.06
7,7.21,-0.21,0.21
2,0.38,1.62,1.62
1,0.67,0.33,0.33
0,0.04,-0.04,0.04
1,0.23,0.77,0.77
0,0.76,-0.76,0.76
3,1.22,1.78,1.78
2,0.89,1.11,1.11
0,1.41,-1.41,1.41
0,0.79,-0.79,0.79
0,0.03,-0.03,0.03
1,2.15,-1.15,1.15
0,0.69,-0.69,0.69
10,8.95,1.05,1.05
0,0.25,-0.25,0.25
0,0.0,-0.0,0.0
0,1.67,-1.67,1.67
0,1.28,-1.28,1.28
1,0.23,0.77,0.77
5,3.4,1.6,1.6
0,0.85,-0.85,0.85
0,0.14,-0.14,0.14
6,8.32,-2.32,2.32
0,0.06,-0.06,0.06
0,0.04,-0.04,0.04
1,0.15,0.85,0.85
0,0.14,-0.14,0.14
0,0.01,-0.01,0.01
0,0.03,-0.03,0.03
29,3.25,25.75,25.75
0,0.66,-0.66,0.66
3,1.08,1.92,1.92
0,0.31,-0.31,0.31
0,1.59,-1.59,1.59
4,1.69,2.31,2.31
1,0.62,0.38,0.38
0,0.01,-0.01,0.01
0,0.61,-0.61,0.61
0,0.37,-0.37,0.37
2,3.9,-1.9,1.9
0,0.04,-0.04,0.04
3,1.56,1.44,1.44
5,4.08,0.92,0.92
0,0.29,-0.29,0.29
1,0.3,0.7,0.7
0,1.65,-1.65,1.65
3,0.72,2.28,2.28
36,33.73,2.27,2.27
0,0.13,-0.13,0.13
0,1.61,-1.61,1.61
3,1.95,1.05,1.05
2,2.98,-0.98,0.98
3,1.17,1.83,1.83
0,0.13,-0.13,0.13
0,1.31,-1.31,1.31
0,0.4,-0.4,0.4
1,1.34,-0.34,0.34
0,0.01,-0.01,0.01
0,1.21,-1.21,1.21
1,0.16,0.84,0.84
1,5.73,-4.73,4.73
0,0.71,-0.71,0.71
0,0.01,-0.01,0.01
24,7.55,16.45,16.45
1,0.67,0.33,0.33
0,0.61,-0.61,0.61
1,0.49,0.51,0.51
0,2.84,-2.84,2.84
1,1.34,-0.34,0.34
2,0.99,1.01,1.01
1,2.44,-1.44,1.44
3,1.34,1.66,1.66
4,2.08,1.92,1.92
0,1.71,-1.71,1.71
0,0.13,-0.13,0.13
0,0.08,-0.08,0.08
0,0.13,-0.13,0.13
1,0.94,0.06,0.06
0,0.25,-0.25,0.25
3,0.99,2.01,2.01
0,0.48,-0.48,0.48
0,0.0,0.0,0.0
0,0.0,0.0,0.0
0,0.26,-0.26,0.26
0,0.11,-0.11,0.11
1,1.04,-0.04,0.04
2,1.61,0.39,0.39
0,1.32,-1.32,1.32
1,0.23,0.77,0.77
8,2.52,5.48,5.48
0,0.16,-0.16,0.16
0,0.3,-0.3,0.3
0,0.41,-0.41,0.41
0,0.38,-0.38,0.38
1,0.18,0.82,0.82
0,0.01,-0.01,0.01
0,0.03,-0.03,0.03
2,0.82,1.18,1.18
0,0.87,-0.87,0.87
3,2.13,0.87,0.87
0,0.24,-0.24,0.24
0,0.02,-0.02,0.02
0,0.0,0.0,0.0
1,0.2,0.8,0.8
1,1.14,-0.14,0.14
0,0.13,-0.13,0.13
0,1.7,-1.7,1.7
0,0.6,-0.6,0.6
0,0.06,-0.06,0.06
1,1.12,-0.12,0.12
0,0.02,-0.02,0.02
0,0.01,-0.01,0.01
0,0.01,-0.01,0.01
0,0.15,-0.15,0.15
0,0.27,-0.27,0.27
1,1.46,-0.46,0.46
0,0.01,-0.01,0.01
0,0.19,-0.19,0.19
0,0.73,-0.73,0.73
0,0.01,-0.01,0.01
12,4.42,7.58,7.58
0,0.26,-0.26,0.26
0,0.03,-0.03,0.03
5,3.04,1.96,1.96
0,0.0,0.0,0.0
1,1.6,-0.6,0.6
0,0.29,-0.29,0.29
0,0.0,-0.0,0.0
0,0.14,-0.14,0.14
1,0.18,0.82,0.82
5,0.6,4.4,4.4
6,5.58,0.42,0.42
3,2.72,0.28,0.28
0,0.07,-0.07,0.07
10,3.55,6.45,6.45
1,0.63,0.37,0.37
1,0.99,0.01,0.01
0,0.17,-0.17,0.17
0,0.19,-0.19,0.19
0,0.21,-0.21,0.21
0,0.09,-0.09,0.09
1,0.28,0.72,0.72
1,1.06,-0.06,0.06
0,0.36,-0.36,0.36
0,0.22,-0.22,0.22
0,0.1,-0.1,0.1
0,0.17,-0.17,0.17
3,0.6,2.4,2.4
0,0.11,-0.11,0.11
0,0.67,-0.67,0.67
0,0.16,-0.16,0.16
1,1.7,-0.7,0.7
0,0.05,-0.05,0.05
0,0.47,-0.47,0.47
0,0.14,-0.14,0.14
3,4.32,-1.32,1.32
0,0.04,-0.04,0.04
0,0.01,-0.01,0.01
0,0.36,-0.36,0.36
4,0.92,3.08,3.08
0,0.12,-0.12,0.12
1,1.67,-0.67,0.67
0,1.21,-1.21,1.21
1,1.05,-0.05,0.05
0,0.02,-0.02,0.02
0,0.16,-0.16,0.16
0,0.04,-0.04,0.04
2,0.65,1.35,1.35
0,0.02,-0.02,0.02
1,0.29,0.71,0.71
0,0.18,-0.18,0.18
0,0.27,-0.27,0.27
0,0.99,-0.99,0.99
0,1.11,-1.11,1.11
0,0.17,-0.17,0.17
0,0.33,-0.33,0.33
3,3.19,-0.19,0.19
1,0.65,0.35,0.35
0,1.05,-1.05,1.05
1,0.36,0.64,0.64
1,1.29,-0.29,0.29
4,1.9,2.1,2.1
0,0.18,-0.18,0.18
0,0.31,-0.31,0.31
0,0.01,-0.01,0.01
1,3.15,-2.15,2.15
7,5.8,1.2,1.2
9,4.76,4.24,4.24
0,0.28,-0.28,0.28
0,0.08,-0.08,0.08
0,0.02,-0.02,0.02
0,0.11,-0.11,0.11
0,0.66,-0.66,0.66
0,0.0,-0.0,0.0
0,0.28,-0.28,0.28
0,1.36,-1.36,1.36
0,2.31,-2.31,2.31
0,0.29,-0.29,0.29
0,0.15,-0.15,0.15
0,0.13,-0.13,0.13
6,2.46,3.54,3.54
0,0.46,-0.46,0.46
1,0.56,0.44,0.44
0,0.14,-0.14,0.14
0,1.35,-1.35,1.35
0,0.05,-0.05,0.05
6,13.23,-7.23,7.23
0,0.41,-0.41,0.41
1,2.09,-1.09,1.09
0,0.53,-0.53,0.53
0,0.4,-0.4,0.4
0,0.19,-0.19,0.19
3,0.67,2.33,2.33
1,0.83,0.17,0.17
2,2.97,-0.97,0.97
0,0.44,-0.44,0.44
0,0.16,-0.16,0.16
2,1.25,0.75,0.75
1,0.27,0.73,0.73
0,0.51,-0.51,0.51
1,1.65,-0.65,0.65
2,0.49,1.51,1.51
0,0.86,-0.86,0.86
1,0.24,0.76,0.76
0,0.25,-0.25,0.25
1,1.88,-0.88,0.88
2,4.45,-2.45,2.45
0,0.15,-0.15,0.15
0,0.05,-0.05,0.05
0,0.67,-0.67,0.67
0,0.1,-0.1,0.1
0,0.11,-0.11,0.11
0,0.94,-0.94,0.94
3,1.72,1.28,1.28
4,2.05,1.95,1.95
12,13.53,-1.53,1.53
0,0.1,-0.1,0.1
0,0.9,-0.9,0.9
2,1.0,1.0,1.0
0,0.12,-0.12,0.12
0,0.34,-0.34,0.34
0,0.44,-0.44,0.44
0,0.78,-0.78,0.78
16,3.16,12.84,12.84
1,1.03,-0.03,0.03
2,0.7,1.3,1.3
0,0.0,0.0,0.0
3,1.98,1.02,1.02
1,1.44,-0.44,0.44
0,0.39,-0.39,0.39
0,0.43,-0.43,0.43
0,0.06,-0.06,0.06
0,0.26,-0.26,0.26
0,0.02,-0.02,0.02
1,0.14,0.86,0.86
0,0.05,-0.05,0.05
0,0.0,-0.0,0.0
2,0.55,1.45,1.45
0,1.21,-1.21,1.21
0,0.49,-0.49,0.49
5,1.34,3.66,3.66
0,0.7,-0.7,0.7
0,0.07,-0.07,0.07
2,1.8,0.2,0.2
0,0.07,-0.07,0.07
0,0.14,-0.14,0.14
0,0.23,-0.23,0.23
0,0.82,-0.82,0.82
2,0.68,1.32,1.32
2,2.21,-0.21,0.21
3,0.51,2.49,2.49
0,0.27,-0.27,0.27
4,0.67,3.33,3.33
4,1.62,2.38,2.38
0,2.92,-2.92,2.92
1,1.6,-0.6,0.6
6,2.12,3.88,3.88
3,0.52,2.48,2.48
0,0.71,-0.71,0.71
3,2.14,0.86,0.86
0,0.14,-0.14,0.14
0,0.26,-0.26,0.26
2,1.77,0.23,0.23
0,0.06,-0.06,0.06
0,0.09,-0.09,0.09
0,0.49,-0.49,0.49
2,2.79,-0.79,0.79
2,3.13,-1.13,1.13
0,0.0,0.0,0.0
0,0.28,-0.28,0.28
1,0.2,0.8,0.8
0,0.18,-0.18,0.18
0,0.0,-0.0,0.0
0,0.01,-0.01,0.01
2,1.09,0.91,0.91
1,2.13,-1.13,1.13
1,0.76,0.24,0.24
5,2.27,2.73,2.73
0,0.01,-0.01,0.01
2,0.21,1.79,1.79
1,0.39,0.61,0.61
2,1.85,0.15,0.15
0,0.57,-0.57,0.57
2,1.75,0.25,0.25
0,0.17,-0.17,0.17
0,0.69,-0.69,0.69
0,0.03,-0.03,0.03
2,1.58,0.42,0.42
4,2.13,1.87,1.87
0,0.48,-0.48,0.48
0,0.0,-0.0,0.0
0,0.01,-0.01,0.01
0,0.15,-0.15,0.15
0,0.85,-0.85,0.85
0,2.63,-2.63,2.63
1,1.55,-0.55,0.55
2,0.34,1.66,1.66
0,0.08,-0.08,0.08
0,0.19,-0.19,0.19
0,0.63,-0.63,0.63
0,1.35,-1.35,1.35
1,5.43,-4.43,4.43
0,0.34,-0.34,0.34
0,1.01,-1.01,1.01
0,0.12,-0.12,0.12
0,0.17,-0.17,0.17
2,0.34,1.66,1.66
1,0.16,0.84,0.84
0,0.3,-0.3,0.3
7,3.73,3.27,3.27
0,0.08,-0.08,0.08
0,0.64,-0.64,0.64
0,0.07,-0.07,0.07
0,0.42,-0.42,0.42
0,0.21,-0.21,0.21
5,1.93,3.07,3.07
0,0.97,-0.97,0.97
12,7.71,4.29,4.29
0,2.58,-2.58,2.58
1,0.57,0.43,0.43
0,0.45,-0.45,0.45
0,0.02,-0.02,0.02
0,0.01,-0.01,0.01
0,0.98,-0.98,0.98
1,1.83,-0.83,0.83
2,1.91,0.09,0.09
0,0.03,-0.03,0.03
0,0.84,-0.84,0.84
0,0.31,-0.31,0.31
2,8.33,-6.33,6.33
2,1.36,0.64,0.64
1,0.24,0.76,0.76
1,0.44,0.56,0.56
0,0.26,-0.26,0.26
0,0.41,-0.41,0.41
0,1.62,-1.62,1.62
0,1.42,-1.42,1.42
0,0.34,-0.34,0.34
3,1.02,1.98,1.98
2,0.33,1.67,1.67
0,0.06,-0.06,0.06
6,9.32,-3.32,3.32
0,0.22,-0.22,0.22
0,0.25,-0.25,0.25
0,0.04,-0.04,0.04
0,0.38,-0.38,0.38
1,0.27,0.73,0.73
0,0.93,-0.93,0.93
0,0.23,-0.23,0.23
0,0.24,-0.24,0.24
0,0.01,-0.01,0.01
2,1.94,0.06,0.06
0,0.27,-0.27,0.27
0,1.71,-1.71,1.71
0,0.44,-0.44,0.44
0,0.46,-0.46,0.46
4,2.72,1.28,1.28
0,0.37,-0.37,0.37
2,1.11,0.89,0.89
3,1.62,1.38,1.38
3,2.13,0.87,0.87
0,0.61,-0.61,0.61
0,0.15,-0.15,0.15
0,0.12,-0.12,0.12
0,0.14,-0.14,0.14
0,0.39,-0.39,0.39
0,0.25,-0.25,0.25
0,0.44,-0.44,0.44
0,0.11,-0.11,0.11
0,0.01,-0.01,0.01
0,0.25,-0.25,0.25
0,0.29,-0.29,0.29
0,0.49,-0.49,0.49
4,0.21,3.79,3.79
0,0.18,-0.18,0.18
7,6.98,0.02,0.02
0,0.16,-0.16,0.16
0,1.51,-1.51,1.51
4,2.23,1.77,1.77
0,0.2,-0.2,0.2
0,0.16,-0.16,0.16
4,1.97,2.03,2.03
0,0.39,-0.39,0.39
0,1.83,-1.83,1.83
0,0.48,-0.48,0.48
0,0.37,-0.37,0.37
2,1.7,0.3,0.3
0,1.62,-1.62,1.62
1,1.64,-0.64,0.64
0,0.24,-0.24,0.24
4,0.64,3.36,3.36
0,0.11,-0.11,0.11
0,0.06,-0.06,0.06
0,1.07,-1.07,1.07
1,1.41,-0.41,0.41
0,0.16,-0.16,0.16
0,0.58,-0.58,0.58
0,0.7,-0.7,0.7
1,2.26,-1.26,1.26
1,1.04,-0.04,0.04
1,2.23,-1.23,1.23
0,0.05,-0.05,0.05
20,12.77,7.23,7.23
1,0.43,0.57,0.57
0,0.67,-0.67,0.67
0,0.01,-0.01,0.01
1,1.93,-0.93,0.93
0,0.04,-0.04,0.04
0,0.05,-0.05,0.05
0,1.88,-1.88,1.88
0,0.13,-0.13,0.13
0,0.57,-0.57,0.57
0,0.23,-0.23,0.23
0,0.02,-0.02,0.02
0,0.19,-0.19,0.19
1,1.78,-0.78,0.78
0,0.43,-0.43,0.43
0,0.4,-0.4,0.4
0,0.01,-0.01,0.01
1,0.71,0.29,0.29
0,0.16,-0.16,0.16
1,0.11,0.89,0.89
2,9.68,-7.68,7.68
1,0.66,0.34,0.34
1,1.06,-0.06,0.06
1,2.07,-1.07,1.07
0,0.04,-0.04,0.04
4,1.74,2.26,2.26
2,0.57,1.43,1.43
0,0.58,-0.58,0.58
1,1.59,-0.59,0.59
0,0.47,-0.47,0.47
0,1.14,-1.14,1.14
0,0.61,-0.61,0.61
0,0.23,-0.23,0.23
0,1.82,-1.82,1.82
0,0.0,0.0,0.0
2,1.06,0.94,0.94
0,0.27,-0.27,0.27
0,0.09,-0.09,0.09
2,0.83,1.17,1.17
0,0.24,-0.24,0.24
1,2.07,-1.07,1.07
0,0.01,-0.01,0.01
0,0.65,-0.65,0.65
2,0.34,1.66,1.66
0,0.2,-0.2,0.2
0,0.14,-0.14,0.14
0,0.33,-0.33,0.33
0,0.5,-0.5,0.5
0,0.14,-0.14,0.14
0,0.0,-0.0,0.0
0,0.45,-0.45,0.45
0,0.37,-0.37,0.37
0,0.94,-0.94,0.94
0,0.19,-0.19,0.19
0,0.22,-0.22,0.22
0,0.13,-0.13,0.13
1,1.49,-0.49,0.49
3,1.5,1.5,1.5
0,0.3,-0.3,0.3
1,0.73,0.27,0.27
1,0.69,0.31,0.31
1,0.7,0.3,0.3
5,5.93,-0.93,0.93
1,1.35,-0.35,0.35
0,0.27,-0.27,0.27
0,0.12,-0.12,0.12
0,0.18,-0.18,0.18
1,0.35,0.65,0.65
0,0.2,-0.2,0.2
0,0.33,-0.33,0.33
0,0.03,-0.03,0.03
0,0.28,-0.28,0.28
0,0.11,-0.11,0.11
0,0.36,-0.36,0.36
0,0.0,0.0,0.0
0,0.09,-0.09,0.09
0,0.04,-0.04,0.04
0,0.01,-0.01,0.01
1,0.27,0.73,0.73
1,0.15,0.85,0.85
0,0.28,-0.28,0.28
0,0.66,-0.66,0.66
0,0.71,-0.71,0.71
3,1.39,1.61,1.61
29,3.62,25.38,25.38
0,0.69,-0.69,0.69
1,1.85,-0.85,0.85
0,0.03,-0.03,0.03
1,0.04,0.96,0.96
0,0.04,-0.04,0.04
1,0.86,0.14,0.14
0,0.17,-0.17,0.17
0,0.01,-0.01,0.01
0,0.09,-0.09,0.09
1,0.03,0.97,0.97
1,0.63,0.37,0.37
1,2.8,-1.8,1.8
0,0.0,-0.0,0.0
1,1.93,-0.93,0.93
5,4.83,0.17,0.17
1,1.47,-0.47,0.47
4,2.95,1.05,1.05
3,0.94,2.06,2.06
0,0.16,-0.16,0.16
0,0.01,-0.01,0.01
0,0.02,-0.02,0.02
0,0.53,-0.53,0.53
1,1.09,-0.09,0.09
0,0.06,-0.06,0.06
0,0.01,-0.01,0.01
0,1.99,-1.99,1.99
0,0.14,-0.14,0.14
0,0.21,-0.21,0.21
0,0.29,-0.29,0.29
0,1.03,-1.03,1.03
0,0.01,-0.01,0.01
0,0.22,-0.22,0.22
1,0.91,0.09,0.09
1,1.3,-0.3,0.3
0,0.48,-0.48,0.48
0,0.12,-0.12,0.12
2,1.03,0.97,0.97
0,0.19,-0.19,0.19
0,0.05,-0.05,0.05
0,0.01,-0.01,0.01
0,0.01,-0.01,0.01
0,0.18,-0.18,0.18
0,0.39,-0.39,0.39
0,0.1,-0.1,0.1
0,0.64,-0.64,0.64
1,0.62,0.38,0.38
4,4.15,-0.15,0.15
8,1.92,6.08,6.08
0,0.92,-0.92,0.92
0,0.66,-0.66,0.66
1,2.0,-1.0,1.0
0,0.15,-0.15,0.15
2,2.0,0.0,0.0
0,0.52,-0.52,0.52
0,1.24,-1.24,1.24
0,0.08,-0.08,0.08
0,0.07,-0.07,0.07
2,1.33,0.67,0.67
4,3.76,0.24,0.24
0,0.16,-0.16,0.16
0,0.15,-0.15,0.15
3,1.66,1.34,1.34
4,1.88,2.12,2.12
1,0.3,0.7,0.7
1,1.58,-0.58,0.58
0,0.26,-0.26,0.26
0,0.53,-0.53,0.53
0,0.27,-0.27,0.27
6,2.38,3.62,3.62
1,0.36,0.64,0.64
0,0.72,-0.72,0.72
0,0.0,0.0,0.0
0,0.18,-0.18,0.18
0,2.56,-2.56,2.56
0,0.42,-0.42,0.42
0,0.13,-0.13,0.13
0,1.3,-1.3,1.3
0,0.04,-0.04,0.04
3,1.95,1.05,1.05
0,0.18,-0.18,0.18
0,0.35,-0.35,0.35
0,0.94,-0.94,0.94
0,0.06,-0.06,0.06
0,0.43,-0.43,0.43
0,0.2,-0.2,0.2
1,0.68,0.32,0.32
0,0.59,-0.59,0.59
0,0.23,-0.23,0.23
0,0.24,-0.24,0.24
2,1.76,0.24,0.24
1,0.26,0.74,0.74
0,0.42,-0.42,0.42
0,0.14,-0.14,0.14
1,0.3,0.7,0.7
0,0.48,-0.48,0.48
0,1.54,-1.54,1.54
0,0.24,-0.24,0.24
4,0.93,3.07,3.07
9,8.95,0.05,0.05
0,0.08,-0.08,0.08
0,0.11,-0.11,0.11
0,0.86,-0.86,0.86
1,1.96,-0.96,0.96
0,1.15,-1.15,1.15
1,0.91,0.09,0.09
0,3.97,-3.97,3.97
0,1.12,-1.12,1.12
0,0.05,-0.05,0.05
4,2.41,1.59,1.59
8,2.65,5.35,5.35
2,3.29,-1.29,1.29
0,0.23,-0.23,0.23
0,0.02,-0.02,0.02
0,0.0,0.0,0.0
0,1.36,-1.36,1.36
0,0.62,-0.62,0.62
0,0.0,0.0,0.0
19,4.71,14.29,14.29
3,2.34,0.66,0.66
4,1.04,2.96,2.96
0,0.17,-0.17,0.17
0,0.16,-0.16,0.16
0,0.0,-0.0,0.0
0,0.12,-0.12,0.12
1,1.47,-0.47,0.47
0,0.0,0.0,0.0
0,0.18,-0.18,0.18
0,0.56,-0.56,0.56
0,0.13,-0.13,0.13
1,1.71,-0.71,0.71
0,0.06,-0.06,0.06
0,0.61,-0.61,0.61
1,1.34,-0.34,0.34
3,5.64,-2.64,2.64
0,0.29,-0.29,0.29
0,0.75,-0.75,0.75
0,2.01,-2.01,2.01
0,0.0,0.0,0.0
0,0.46,-0.46,0.46
0,0.43,-0.43,0.43
0,0.05,-0.05,0.05
1,0.66,0.34,0.34
24,10.82,13.18,13.18
0,0.0,-0.0,0.0
0,0.03,-0.03,0.03
0,0.0,-0.0,0.0
11,6.43,4.57,4.57
1,0.67,0.33,0.33
0,1.36,-1.36,1.36
0,0.0,0.0,0.0
0,1.04,-1.04,1.04
0,0.03,-0.03,0.03
3,0.65,2.35,2.35
0,0.29,-0.29,0.29
0,0.04,-0.04,0.04
0,0.13,-0.13,0.13
0,0.53,-0.53,0.53
0,0.26,-0.26,0.26
1,1.64,-0.64,0.64
0,0.0,0.0,0.0
0,0.31,-0.31,0.31
2,1.39,0.61,0.61
0,0.03,-0.03,0.03
0,0.3,-0.3,0.3
0,3.77,-3.77,3.77
0,1.61,-1.61,1.61
1,0.14,0.86,0.86
0,0.27,-0.27,0.27
0,0.0,0.0,0.0
2,1.86,0.14,0.14
0,0.92,-0.92,0.92
5,3.6,1.4,1.4
0,0.5,-0.5,0.5
3,0.51,2.49,2.49
0,0.01,-0.01,0.01
0,0.43,-0.43,0.43
0,0.38,-0.38,0.38
0,0.12,-0.12,0.12
0,0.11,-0.11,0.11
0,0.02,-0.02,0.02
0,5.36,-5.36,5.36
0,1.06,-1.06,1.06
0,0.0,-0.0,0.0
1,0.36,0.64,0.64
0,0.65,-0.65,0.65
0,0.16,-0.16,0.16
0,0.42,-0.42,0.42
0,0.6,-0.6,0.6
0,0.36,-0.36,0.36
1,0.25,0.75,0.75
0,0.16,-0.16,0.16
0,0.25,-0.25,0.25
0,0.63,-0.63,0.63
0,0.08,-0.08,0.08
0,0.34,-0.34,0.34
0,0.32,-0.32,0.32
0,1.27,-1.27,1.27
11,27.7,-16.7,16.7
5,2.6,2.4,2.4
0,0.04,-0.04,0.04
0,0.98,-0.98,0.98
0,2.16,-2.16,2.16
0,0.37,-0.37,0.37
0,0.93,-0.93,0.93
4,2.09,1.91,1.91
2,1.45,0.55,0.55
0,0.22,-0.22,0.22
0,0.07,-0.07,0.07
0,0.46,-0.46,0.46
0,0.26,-0.26,0.26
2,0.99,1.01,1.01
2,2.43,-0.43,0.43
0,0.7,-0.7,0.7
0,0.97,-0.97,0.97
0,0.03,-0.03,0.03
2,1.16,0.84,0.84
13,13.66,-0.66,0.66
8,2.84,5.16,5.16
1,0.34,0.66,0.66
0,0.19,-0.19,0.19
8,5.82,2.18,2.18
1,0.46,0.54,0.54
0,0.39,-0.39,0.39
2,2.56,-0.56,0.56
0,0.3,-0.3,0.3
0,0.19,-0.19,0.19
0,0.03,-0.03,0.03
1,0.35,0.65,0.65
0,1.99,-1.99,1.99
5,3.77,1.23,1.23
0,0.54,-0.54,0.54
0,0.05,-0.05,0.05
2,1.84,0.16,0.16
0,0.27,-0.27,0.27
6,2.46,3.54,3.54
0,0.21,-0.21,0.21
0,0.0,0.0,0.0
0,1.29,-1.29,1.29
0,0.2,-0.2,0.2
0,0.0,-0.0,0.0
0,0.13,-0.13,0.13
1,2.06,-1.06,1.06
0,1.41,-1.41,1.41
0,0.57,-0.57,0.57
0,3.58,-3.58,3.58
0,0.29,-0.29,0.29
1,0.79,0.21,0.21
0,1.29,-1.29,1.29
0,0.28,-0.28,0.28
0,0.07,-0.07,0.07
1,1.35,-0.35,0.35
0,0.06,-0.06,0.06
0,0.0,-0.0,0.0
6,2.2,3.8,3.8
0,0.14,-0.14,0.14
0,0.23,-0.23,0.23
0,0.18,-0.18,0.18
0,0.06,-0.06,0.06
0,0.15,-0.15,0.15
0,0.1,-0.1,0.1
0,0.21,-0.21,0.21
0,0.11,-0.11,0.11
2,2.48,-0.48,0.48
0,0.6,-0.6,0.6
0,0.03,-0.03,0.03
3,3.16,-0.16,0.16
2,0.52,1.48,1.48
0,0.33,-0.33,0.33
0,0.41,-0.41,0.41
1,1.32,-0.32,0.32
0,0.1,-0.1,0.1
6,1.52,4.48,4.48
0,0.15,-0.15,0.15
0,0.02,-0.02,0.02
0,0.27,-0.27,0.27
7,8.81,-1.81,1.81
0,0.24,-0.24,0.24
4,2.05,1.95,1.95
0,0.25,-0.25,0.25
0,0.73,-0.73,0.73
0,0.17,-0.17,0.17
0,0.23,-0.23,0.23
2,1.88,0.12,0.12
0,0.54,-0.54,0.54
0,1.27,-1.27,1.27
0,0.0,-0.0,0.0
1,0.39,0.61,0.61
0,0.31,-0.31,0.31
1,0.6,0.4,0.4
2,1.42,0.58,0.58
1,0.61,0.39,0.39
4,1.89,2.11,2.11
0,0.03,-0.03,0.03
0,0.09,-0.09,0.09
0,0.03,-0.03,0.03
0,0.08,-0.08,0.08
0,0.46,-0.46,0.46
1,1.36,-0.36,0.36
1,2.53,-1.53,1.53
3,1.63,1.37,1.37
1,0.48,0.52,0.52
0,0.2,-0.2,0.2
7,3.31,3.69,3.69
3,1.27,1.73,1.73
0,0.45,-0.45,0.45
0,0.41,-0.41,0.41
0,0.18,-0.18,0.18
0,1.04,-1.04,1.04
0,1.47,-1.47,1.47
0,0.0,0.0,0.0
1,0.69,0.31,0.31
0,0.15,-0.15,0.15
0,0.2,-0.2,0.2
0,0.23,-0.23,0.23
0,0.05,-0.05,0.05
1,0.33,0.67,0.67
0,0.24,-0.24,0.24
1,1.4,-0.4,0.4
0,1.16,-1.16,1.16
0,0.27,-0.27,0.27
0,0.24,-0.24,0.24
2,0.71,1.29,1.29
2,1.75,0.25,0.25
0,0.12,-0.12,0.12
0,0.14,-0.14,0.14
0,0.12,-0.12,0.12
0,0.0,0.0,0.0
0,0.13,-0.13,0.13
5,0.08,4.92,4.92
0,0.17,-0.17,0.17
0,1.37,-1.37,1.37
1,0.69,0.31,0.31
1,1.36,-0.36,0.36
2,1.03,0.97,0.97
0,0.25,-0.25,0.25
1,0.98,0.02,0.02
2,0.4,1.6,1.6
0,0.22,-0.22,0.22
0,0.44,-0.44,0.44
0,0.03,-0.03,0.03
0,0.37,-0.37,0.37
0,0.07,-0.07,0.07
0,0.0,-0.0,0.0
0,0.23,-0.23,0.23
0,0.5,-0.5,0.5
0,0.0,-0.0,0.0
0,0.23,-0.23,0.23
3,1.92,1.08,1.08
2,1.04,0.96,0.96
0,1.49,-1.49,1.49
2,3.31,-1.31,1.31
0,0.0,-0.0,0.0
1,0.38,0.62,0.62
4,1.2,2.8,2.8
0,0.0,-0.0,0.0
1,2.48,-1.48,1.48
0,1.09,-1.09,1.09
0,1.01,-1.01,1.01
0,0.15,-0.15,0.15
1,0.52,0.48,0.48
0,0.31,-0.31,0.31
0,0.16,-0.16,0.16
0,0.84,-0.84,0.84
5,3.08,1.92,1.92
5,8.33,-3.33,3.33
0,0.37,-0.37,0.37
3,8.93,-5.93,5.93
0,0.33,-0.33,0.33
2,0.2,1.8,1.8
0,0.02,-0.02,0.02
0,0.59,-0.59,0.59
1,0.82,0.18,0.18
0,0.49,-0.49,0.49
0,0.55,-0.55,0.55
1,3.41,-2.41,2.41
0,0.06,-0.06,0.06
0,0.33,-0.33,0.33
0,0.56,-0.56,0.56
0,0.03,-0.03,0.03
2,0.48,1.52,1.52
2,1.44,0.56,0.56
0,0.13,-0.13,0.13
3,2.08,0.92,0.92
2,0.77,1.23,1.23
0,0.22,-0.22,0.22
0,0.09,-0.09,0.09
1,2.32,-1.32,1.32
1,0.77,0.23,0.23
1,0.8,0.2,0.2
1,0.07,0.93,0.93
0,0.0,0.0,0.0
7,11.17,-4.17,4.17
0,2.45,-2.45,2.45
1,1.38,-0.38,0.38
6,2.23,3.77,3.77
0,1.64,-1.64,1.64
3,0.87,2.13,2.13
0,0.05,-0.05,0.05
0,0.02,-0.02,0.02
0,0.09,-0.09,0.09
0,0.22,-0.22,0.22
2,0.79,1.21,1.21
0,0.16,-0.16,0.16
0,0.05,-0.05,0.05
13,10.27,2.73,2.73
0,0.01,-0.01,0.01
1,0.71,0.29,0.29
0,0.69,-0.69,0.69
0,0.18,-0.18,0.18
0,0.66,-0.66,0.66
2,1.22,0.78,0.78
0,0.14,-0.14,0.14
0,0.11,-0.11,0.11
1,0.36,0.64,0.64
0,0.12,-0.12,0.12
2,1.15,0.85,0.85
0,0.04,-0.04,0.04
0,0.27,-0.27,0.27
0,1.72,-1.72,1.72
3,1.46,1.54,1.54
0,0.01,-0.01,0.01
2,1.97,0.03,0.03
0,1.05,-1.05,1.05
0,2.0,-2.0,2.0
0,0.14,-0.14,0.14
0,0.43,-0.43,0.43
6,3.32,2.68,2.68
1,0.36,0.64,0.64
0,0.01,-0.01,0.01
0,0.93,-0.93,0.93
1,1.37,-0.37,0.37
0,0.76,-0.76,0.76
0,0.56,-0.56,0.56
1,1.17,-0.17,0.17
0,0.39,-0.39,0.39
0,0.15,-0.15,0.15
0,1.02,-1.02,1.02
2,2.01,-0.01,0.01
3,0.31,2.69,2.69
0,0.25,-0.25,0.25
0,0.21,-0.21,0.21
1,2.33,-1.33,1.33
1,0.76,0.24,0.24
0,0.06,-0.06,0.06
0,0.44,-0.44,0.44
2,1.79,0.21,0.21
2,2.25,-0.25,0.25
4,0.75,3.25,3.25
0,0.09,-0.09,0.09
0,1.44,-1.44,1.44
4,1.37,2.63,2.63
1,1.06,-0.06,0.06
0,0.13,-0.13,0.13
0,0.61,-0.61,0.61
0,0.13,-0.13,0.13
6,3.5,2.5,2.5
0,0.68,-0.68,0.68
0,0.13,-0.13,0.13
0,0.13,-0.13,0.13
0,0.0,0.0,0.0
0,2.02,-2.02,2.02
0,0.51,-0.51,0.51
0,0.24,-0.24,0.24
0,0.0,0.0,0.0
0,0.42,-0.42,0.42
0,0.11,-0.11,0.11
0,0.21,-0.21,0.21
0,0.25,-0.25,0.25
0,0.48,-0.48,0.48
0,0.33,-0.33,0.33
7,1.44,5.56,5.56
0,0.0,-0.0,0.0
0,0.0,-0.0,0.0
0,0.28,-0.28,0.28
1,0.36,0.64,0.64
1,0.96,0.04,0.04
0,0.13,-0.13,0.13
1,2.15,-1.15,1.15
1,5.49,-4.49,4.49
0,0.19,-0.19,0.19
5,2.28,2.72,2.72
0,0.39,-0.39,0.39
0,0.58,-0.58,0.58
9,7.23,1.77,1.77
1,0.95,0.05,0.05
4,2.17,1.83,1.83
1,17.71,-16.71,16.71
1,1.58,-0.58,0.58
2,0.64,1.36,1.36
0,0.53,-0.53,0.53
0,0.09,-0.09,0.09
0,0.26,-0.26,0.26
0,1.25,-1.25,1.25
0,0.02,-0.02,0.02
0,1.6,-1.6,1.6
0,0.39,-0.39,0.39
21,12.41,8.59,8.59
0,1.9,-1.9,1.9
1,0.86,0.14,0.14
0,0.15,-0.15,0.15
0,2.75,-2.75,2.75
0,0.66,-0.66,0.66
11,2.87,8.13,8.13
0,0.15,-0.15,0.15
0,0.92,-0.92,0.92
0,0.34,-0.34,0.34
5,2.7,2.3,2.3
0,0.27,-0.27,0.27
1,0.27,0.73,0.73
1,1.93,-0.93,0.93
1,1.03,-0.03,0.03
0,0.11,-0.11,0.11
1,1.57,-0.57,0.57
0,0.0,-0.0,0.0
0,0.17,-0.17,0.17
3,2.64,0.36,0.36
0,0.36,-0.36,0.36
0,3.97,-3.97,3.97
0,0.07,-0.07,0.07
8,3.56,4.44,4.44
0,0.0,0.0,0.0
0,0.54,-0.54,0.54
0,0.1,-0.1,0.1
1,1.96,-0.96,0.96
1,1.38,-0.38,0.38
1,0.25,0.75,0.75
1,2.36,-1.36,1.36
0,2.92,-2.92,2.92
0,0.04,-0.04,0.04
0,2.07,-2.07,2.07
0,0.25,-0.25,0.25
0,0.04,-0.04,0.04
2,0.39,1.61,1.61
0,0.21,-0.21,0.21
1,0.86,0.14,0.14
0,0.0,0.0,0.0
3,1.44,1.56,1.56
0,0.25,-0.25,0.25
1,1.27,-0.27,0.27
1,1.47,-0.47,0.47
0,0.06,-0.06,0.06
0,0.02,-0.02,0.02
0,0.12,-0.12,0.12
0,0.0,-0.0,0.0
0,0.97,-0.97,0.97
2,1.22,0.78,0.78
0,0.65,-0.65,0.65
0,0.24,-0.24,0.24
0,0.0,-0.0,0.0
0,0.41,-0.41,0.41
5,1.46,3.54,3.54
2,1.03,0.97,0.97
0,0.29,-0.29,0.29
3,1.89,1.11,1.11
2,2.78,-0.78,0.78
2,0.29,1.71,1.71
2,0.76,1.24,1.24
0,0.08,-0.08,0.08
0,0.36,-0.36,0.36
1,0.21,0.79,0.79
0,0.02,-0.02,0.02
3,2.17,0.83,0.83
1,0.37,0.63,0.63
0,0.15,-0.15,0.15
1,1.76,-0.76,0.76
0,0.15,-0.15,0.15
3,2.45,0.55,0.55
10,10.47,-0.47,0.47
0,0.01,-0.01,0.01
0,0.66,-0.66,0.66
0,0.03,-0.03,0.03
1,4.87,-3.87,3.87
0,1.29,-1.29,1.29
0,0.64,-0.64,0.64
0,0.13,-0.13,0.13
0,0.42,-0.42,0.42
0,0.64,-0.64,0.64
1,0.83,0.17,0.17
0,1.01,-1.01,1.01
0,0.28,-0.28,0.28
3,1.46,1.54,1.54
0,0.21,-0.21,0.21
0,0.19,-0.19,0.19
5,2.79,2.21,2.21
0,0.05,-0.05,0.05
0,0.04,-0.04,0.04
0,0.36,-0.36,0.36
0,0.17,-0.17,0.17
0,0.08,-0.08,0.08
1,0.41,0.59,0.59
0,0.09,-0.09,0.09
0,0.0,0.0,0.0
0,0.7,-0.7,0.7
0,2.18,-2.18,2.18
3,4.31,-1.31,1.31
0,0.95,-0.95,0.95
0,0.43,-0.43,0.43
0,0.05,-0.05,0.05
0,0.18,-0.18,0.18
0,0.26,-0.26,0.26
0,0.0,-0.0,0.0
0,0.07,-0.07,0.07
0,0.97,-0.97,0.97
0,0.32,-0.32,0.32
0,0.12,-0.12,0.12
2,3.68,-1.68,1.68
0,0.19,-0.19,0.19
0,0.84,-0.84,0.84
5,1.1,3.9,3.9
1,2.16,-1.16,1.16
0,0.26,-0.26,0.26
0,0.22,-0.22,0.22
0,1.5,-1.5,1.5
0,0.7,-0.7,0.7
0,0.17,-0.17,0.17
2,0.25,1.75,1.75
0,0.27,-0.27,0.27
2,1.49,0.51,0.51
1,0.49,0.51,0.51
0,0.37,-0.37,0.37
0,0.18,-0.18,0.18
2,0.55,1.45,1.45
0,0.23,-0.23,0.23
3,0.79,2.21,2.21
0,0.06,-0.06,0.06
0,0.21,-0.21,0.21
0,0.03,-0.03,0.03
0,0.25,-0.25,0.25
1,0.44,0.56,0.56
0,0.16,-0.16,0.16
0,1.37,-1.37,1.37
1,1.16,-0.16,0.16
0,0.23,-0.23,0.23
6,7.53,-1.53,1.53
0,1.31,-1.31,1.31
0,0.02,-0.02,0.02
0,1.2,-1.2,1.2
0,0.01,-0.01,0.01
1,0.98,0.02,0.02
0,0.45,-0.45,0.45
0,0.03,-0.03,0.03
0,0.19,-0.19,0.19
0,0.54,-0.54,0.54
0,0.63,-0.63,0.63
0,0.16,-0.16,0.16
0,0.12,-0.12,0.12
0,0.03,-0.03,0.03
2,0.48,1.52,1.52
0,0.25,-0.25,0.25
0,0.09,-0.09,0.09
0,0.76,-0.76,0.76
0,0.2,-0.2,0.2
0,0.0,-0.0,0.0
0,0.04,-0.04,0.04
0,0.28,-0.28,0.28
0,0.74,-0.74,0.74
0,0.01,-0.01,0.01
0,0.15,-0.15,0.15
0,0.93,-0.93,0.93
0,0.53,-0.53,0.53
0,1.14,-1.14,1.14
0,0.04,-0.04,0.04
0,0.05,-0.05,0.05
0,0.18,-0.18,0.18
1,0.66,0.34,0.34
1,1.87,-0.87,0.87
0,5.7,-5.7,5.7
0,0.33,-0.33,0.33
0,0.09,-0.09,0.09
0,0.11,-0.11,0.11
0,0.12,-0.12,0.12
0,0.37,-0.37,0.37
1,1.7,-0.7,0.7
0,0.03,-0.03,0.03
0,0.24,-0.24,0.24
0,0.16,-0.16,0.16
0,0.0,0.0,0.0
0,0.48,-0.48,0.48
1,0.45,0.55,0.55
2,1.86,0.14,0.14
0,0.07,-0.07,0.07
1,1.24,-0.24,0.24
2,1.78,0.22,0.22
0,0.5,-0.5,0.5
0,0.82,-0.82,0.82
0,0.06,-0.06,0.06
1,1.06,-0.06,0.06
0,0.26,-0.26,0.26
4,1.36,2.64,2.64
1,0.96,0.04,0.04
0,0.37,-0.37,0.37
0,0.03,-0.03,0.03
0,0.24,-0.24,0.24
3,2.08,0.92,0.92
0,0.26,-0.26,0.26
1,1.26,-0.26,0.26
0,0.07,-0.07,0.07
1,0.49,0.51,0.51
0,0.47,-0.47,0.47
0,0.23,-0.23,0.23
0,0.2,-0.2,0.2
0,0.0,-0.0,0.0
3,1.07,1.93,1.93
0,0.1,-0.1,0.1
0,0.66,-0.66,0.66
0,0.53,-0.53,0.53
8,1.99,6.01,6.01
0,0.03,-0.03,0.03
0,0.34,-0.34,0.34
0,0.31,-0.31,0.31
0,0.01,-0.01,0.01
1,0.48,0.52,0.52
0,0.7,-0.7,0.7
0,0.01,-0.01,0.01
3,2.19,0.81,0.81
1,1.8,-0.8,0.8
0,0.9,-0.9,0.9
0,0.73,-0.73,0.73
1,0.81,0.19,0.19
0,0.17,-0.17,0.17
6,7.19,-1.19,1.19
0,0.1,-0.1,0.1
0,0.94,-0.94,0.94
0,0.13,-0.13,0.13
2,3.03,-1.03,1.03
0,0.12,-0.12,0.12
0,0.25,-0.25,0.25
0,0.6,-0.6,0.6
0,0.05,-0.05,0.05
0,0.23,-0.23,0.23
1,1.21,-0.21,0.21
1,3.79,-2.79,2.79
3,4.03,-1.03,1.03
0,0.21,-0.21,0.21
0,0.08,-0.08,0.08
0,0.46,-0.46,0.46
1,0.29,0.71,0.71
1,0.18,0.82,0.82
0,0.0,-0.0,0.0
0,0.14,-0.14,0.14
0,1.51,-1.51,1.51
3,5.05,-2.05,2.05
0,0.16,-0.16,0.16
1,0.89,0.11,0.11
2,2.44,-0.44,0.44
8,1.87,6.13,6.13
0,0.36,-0.36,0.36
0,1.67,-1.67,1.67
0,0.46,-0.46,0.46
0,1.52,-1.52,1.52
0,0.03,-0.03,0.03
0,0.03,-0.03,0.03
0,0.37,-0.37,0.37
0,0.12,-0.12,0.12
0,0.8,-0.8,0.8
0,0.0,0.0,0.0
1,2.2,-1.2,1.2
0,0.04,-0.04,0.04
0,0.03,-0.03,0.03
20,11.78,8.22,8.22
0,0.16,-0.16,0.16
2,2.5,-0.5,0.5
0,0.14,-0.14,0.14
2,1.89,0.11,0.11
3,1.36,1.64,1.64
0,0.19,-0.19,0.19
2,0.46,1.54,1.54
0,0.0,0.0,0.0
0,0.58,-0.58,0.58
0,0.94,-0.94,0.94
0,0.6,-0.6,0.6
0,0.72,-0.72,0.72
0,0.23,-0.23,0.23
0,0.31,-0.31,0.31
0,0.12,-0.12,0.12
0,0.56,-0.56,0.56
0,1.43,-1.43,1.43
0,0.14,-0.14,0.14
0,0.15,-0.15,0.15
0,0.24,-0.24,0.24
0,0.49,-0.49,0.49
0,1.21,-1.21,1.21
0,0.69,-0.69,0.69
0,0.24,-0.24,0.24
0,0.16,-0.16,0.16
0,1.48,-1.48,1.48
0,0.13,-0.13,0.13
0,0.32,-0.32,0.32
0,0.08,-0.08,0.08
0,1.04,-1.04,1.04
0,0.01,-0.01,0.01
2,1.17,0.83,0.83
1,0.51,0.49,0.49
1,0.41,0.59,0.59
0,0.25,-0.25,0.25
0,0.2,-0.2,0.2
1,0.3,0.7,0.7
0,0.05,-0.05,0.05
5,2.51,2.49,2.49
1,0.41,0.59,0.59
0,0.09,-0.09,0.09
0,0.01,-0.01,0.01
0,0.42,-0.42,0.42
0,0.59,-0.59,0.59
1,0.53,0.47,0.47
0,0.03,-0.03,0.03
0,0.01,-0.01,0.01
1,1.98,-0.98,0.98
0,1.56,-1.56,1.56
1,0.83,0.17,0.17
0,0.01,-0.01,0.01
2,0.58,1.42,1.42
0,1.27,-1.27,1.27
0,0.12,-0.12,0.12
1,0.36,0.64,0.64
3,2.44,0.56,0.56
1,0.66,0.34,0.34
0,0.4,-0.4,0.4
9,5.55,3.45,3.45
2,1.36,0.64,0.64
0,0.01,-0.01,0.01
0,0.11,-0.11,0.11
1,0.59,0.41,0.41
0,0.54,-0.54,0.54
0,2.43,-2.43,2.43
1,1.71,-0.71,0.71
19,12.82,6.18,6.18
0,0.35,-0.35,0.35
1,2.77,-1.77,1.77
0,1.33,-1.33,1.33
0,2.58,-2.58,2.58
0,0.81,-0.81,0.81
1,1.64,-0.64,0.64
1,0.39,0.61,0.61
0,0.41,-0.41,0.41
2,1.52,0.48,0.48
3,1.5,1.5,1.5
0,0.1,-0.1,0.1
1,0.65,0.35,0.35
1,0.38,0.62,0.62
1,3.27,-2.27,2.27
0,0.83,-0.83,0.83
2,0.56,1.44,1.44
0,0.04,-0.04,0.04
1,0.73,0.27,0.27
0,0.15,-0.15,0.15
0,0.0,0.0,0.0
1,1.08,-0.08,0.08
0,0.49,-0.49,0.49
0,0.0,0.0,0.0
0,1.06,-1.06,1.06
0,0.35,-0.35,0.35
0,0.22,-0.22,0.22
1,0.25,0.75,0.75
0,0.0,-0.0,0.0
0,0.18,-0.18,0.18
0,0.0,0.0,0.0
0,0.24,-0.24,0.24
0,0.33,-0.33,0.33
0,0.04,-0.04,0.04
0,0.02,-0.02,0.02
2,0.8,1.2,1.2
0,0.0,-0.0,0.0
1,0.49,0.51,0.51
0,0.0,-0.0,0.0
4,1.83,2.17,2.17
0,0.5,-0.5,0.5
0,0.18,-0.18,0.18
1,2.99,-1.99,1.99
0,0.88,-0.88,0.88
0,0.12,-0.12,0.12
1,0.67,0.33,0.33
0,0.18,-0.18,0.18
0,0.07,-0.07,0.07
2,2.18,-0.18,0.18
1,0.75,0.25,0.25
1,0.53,0.47,0.47
0,0.13,-0.13,0.13
0,0.03,-0.03,0.03
0,0.2,-0.2,0.2
1,1.38,-0.38,0.38
1,1.76,-0.76,0.76
0,0.4,-0.4,0.4
0,0.0,0.0,0.0
8,9.53,-1.53,1.53
0,0.13,-0.13,0.13
1,1.4,-0.4,0.4
0,0.22,-0.22,0.22
0,0.54,-0.54,0.54
1,0.85,0.15,0.15
0,0.04,-0.04,0.04
0,0.17,-0.17,0.17
4,6.94,-2.94,2.94
1,0.73,0.27,0.27
0,0.01,-0.01,0.01
2,2.63,-0.63,0.63
0,0.0,0.0,0.0
0,0.26,-0.26,0.26
1,0.32,0.68,0.68
1,8.12,-7.12,7.12
1,0.2,0.8,0.8
0,0.13,-0.13,0.13
6,0.95,5.05,5.05
0,0.01,-0.01,0.01
0,0.37,-0.37,0.37
16,4.17,11.83,11.83
1,0.49,0.51,0.51
4,1.26,2.74,2.74
0,1.36,-1.36,1.36
0,0.72,-0.72,0.72
0,0.42,-0.42,0.42
0,0.28,-0.28,0.28
1,1.2,-0.2,0.2
0,1.27,-1.27,1.27
0,0.2,-0.2,0.2
3,1.36,1.64,1.64
0,0.0,0.0,0.0
0,0.17,-0.17,0.17
0,0.56,-0.56,0.56
0,0.06,-0.06,0.06
3,1.95,1.05,1.05
0,0.15,-0.15,0.15
0,5.85,-5.85,5.85
1,1.5,-0.5,0.5
0,0.0,-0.0,0.0
2,1.31,0.69,0.69
0,0.27,-0.27,0.27
0,0.0,0.0,0.0
0,0.3,-0.3,0.3
0,1.61,-1.61,1.61
0,0.11,-0.11,0.11
0,0.02,-0.02,0.02
0,0.23,-0.23,0.23
0,0.19,-0.19,0.19
0,0.81,-0.81,0.81
0,1.17,-1.17,1.17
1,0.28,0.72,0.72
2,1.43,0.57,0.57
0,0.11,-0.11,0.11
0,0.21,-0.21,0.21
0,0.13,-0.13,0.13
0,0.23,-0.23,0.23
0,0.01,-0.01,0.01
0,0.0,0.0,0.0
0,0.39,-0.39,0.39
3,7.9,-4.9,4.9
0,0.07,-0.07,0.07
0,0.02,-0.02,0.02
0,0.89,-0.89,0.89
6,2.28,3.72,3.72
0,0.01,-0.01,0.01
0,2.28,-2.28,2.28
1,0.94,0.06,0.06
0,0.15,-0.15,0.15
0,0.0,0.0,0.0
0,0.0,-0.0,0.0
3,1.88,1.12,1.12
0,0.23,-0.23,0.23
0,0.01,-0.01,0.01
1,0.74,0.26,0.26
1,1.14,-0.14,0.14
0,1.25,-1.25,1.25
1,17.75,-16.75,16.75
0,0.16,-0.16,0.16
0,0.0,0.0,0.0
0,0.17,-0.17,0.17
1,1.93,-0.93,0.93
2,1.02,0.98,0.98
1,1.21,-0.21,0.21
0,0.29,-0.29,0.29
0,0.66,-0.66,0.66
0,0.11,-0.11,0.11
2,0.43,1.57,1.57
0,0.3,-0.3,0.3
2,0.39,1.61,1.61
0,0.61,-0.61,0.61
0,0.11,-0.11,0.11
0,0.01,-0.01,0.01
0,0.17,-0.17,0.17
0,0.24,-0.24,0.24
0,0.02,-0.02,0.02
0,1.03,-1.03,1.03
2,2.0,0.0,0.0
0,0.32,-0.32,0.32
1,0.6,0.4,0.4
0,0.82,-0.82,0.82
0,1.32,-1.32,1.32
1,0.57,0.43,0.43
0,0.75,-0.75,0.75
0,0.17,-0.17,0.17
1,1.36,-0.36,0.36
2,1.66,0.34,0.34
0,0.29,-0.29,0.29
4,3.39,0.61,0.61
0,1.99,-1.99,1.99
1,1.08,-0.08,0.08
1,2.21,-1.21,1.21
0,0.28,-0.28,0.28
0,0.27,-0.27,0.27
0,0.2,-0.2,0.2
0,0.13,-0.13,0.13
0,0.22,-0.22,0.22
0,0.01,-0.01,0.01
2,0.86,1.14,1.14
2,0.2,1.8,1.8
0,0.0,0.0,0.0
11,2.84,8.16,8.16
1,1.0,-0.0,0.0
9,7.2,1.8,1.8
0,0.44,-0.44,0.44
7,6.26,0.74,0.74
0,1.4,-1.4,1.4
3,1.49,1.51,1.51
0,0.16,-0.16,0.16
0,0.31,-0.31,0.31
0,0.7,-0.7,0.7
0,0.11,-0.11,0.11
1,0.12,0.88,0.88
2,0.41,1.59,1.59
1,1.49,-0.49,0.49
0,0.0,-0.0,0.0
0,0.0,0.0,0.0
0,0.0,0.0,0.0
0,0.0,0.0,0.0
0,0.24,-0.24,0.24
3,1.77,1.23,1.23
1,0.25,0.75,0.75
0,0.19,-0.19,0.19
4,1.08,2.92,2.92
0,0.24,-0.24,0.24
0,0.73,-0.73,0.73
0,0.78,-0.78,0.78
0,0.09,-0.09,0.09
9,3.61,5.39,5.39
0,0.65,-0.65,0.65
2,3.39,-1.39,1.39
1,3.85,-2.85,2.85
0,0.15,-0.15,0.15
0,0.15,-0.15,0.15
5,3.89,1.11,1.11
9,2.28,6.72,6.72
0,1.67,-1.67,1.67
0,0.29,-0.29,0.29
0,1.05,-1.05,1.05
0,0.13,-0.13,0.13
0,1.06,-1.06,1.06
0,1.08,-1.08,1.08
0,0.05,-0.05,0.05
0,0.0,0.0,0.0
0,0.17,-0.17,0.17
5,2.74,2.26,2.26
2,1.98,0.02,0.02
1,0.93,0.07,0.07
0,0.5,-0.5,0.5
0,0.52,-0.52,0.52
0,0.19,-0.19,0.19
0,0.01,-0.01,0.01
0,0.19,-0.19,0.19
0,0.0,0.0,0.0
0,0.04,-0.04,0.04
0,0.22,-0.22,0.22
0,0.24,-0.24,0.24
0,0.03,-0.03,0.03
0,0.09,-0.09,0.09
4,2.87,1.13,1.13
0,0.03,-0.03,0.03
1,0.57,0.43,0.43
0,0.02,-0.02,0.02
0,0.04,-0.04,0.04
0,1.62,-1.62,1.62
0,0.71,-0.71,0.71
0,0.87,-0.87,0.87
0,0.21,-0.21,0.21
0,0.13,-0.13,0.13
2,4.65,-2.65,2.65
0,0.0,-0.0,0.0
1,0.65,0.35,0.35
0,0.11,-0.11,0.11
0,0.19,-0.19,0.19
0,0.0,0.0,0.0
2,1.3,0.7,0.7
0,0.06,-0.06,0.06
0,0.0,0.0,0.0
0,0.25,-0.25,0.25
0,0.55,-0.55,0.55
0,0.11,-0.11,0.11
0,0.46,-0.46,0.46
0,0.05,-0.05,0.05
2,1.35,0.65,0.65
0,0.0,-0.0,0.0
2,2.27,-0.27,0.27
0,0.49,-0.49,0.49
0,0.02,-0.02,0.02
1,0.39,0.61,0.61
0,1.71,-1.71,1.71
5,2.23,2.77,2.77
0,0.09,-0.09,0.09
0,0.04,-0.04,0.04
0,1.42,-1.42,1.42
0,0.02,-0.02,0.02
0,0.12,-0.12,0.12
1,0.88,0.12,0.12
4,2.28,1.72,1.72
0,0.24,-0.24,0.24
0,2.43,-2.43,2.43
0,0.08,-0.08,0.08
0,0.62,-0.62,0.62
1,0.36,0.64,0.64
2,1.49,0.51,0.51
0,0.16,-0.16,0.16
1,0.26,0.74,0.74
0,0.15,-0.15,0.15
0,0.15,-0.15,0.15
0,0.84,-0.84,0.84
2,0.85,1.15,1.15
1,3.63,-2.63,2.63
0,0.12,-0.12,0.12
4,0.81,3.19,3.19
2,1.31,0.69,0.69
2,1.07,0.93,0.93
3,1.52,1.48,1.48
0,1.8,-1.8,1.8
0,0.49,-0.49,0.49
0,0.17,-0.17,0.17
7,12.92,-5.92,5.92
0,0.36,-0.36,0.36
0,0.04,-0.04,0.04
0,0.0,-0.0,0.0
0,0.02,-0.02,0.02
2,2.09,-0.09,0.09
4,2.03,1.97,1.97
0,0.07,-0.07,0.07
0,1.05,-1.05,1.05
0,0.0,-0.0,0.0
1,1.66,-0.66,0.66
0,0.55,-0.55,0.55
0,0.36,-0.36,0.36
0,0.0,-0.0,0.0
1,1.43,-0.43,0.43
0,0.12,-0.12,0.12
0,0.25,-0.25,0.25
0,0.22,-0.22,0.22
1,2.52,-1.52,1.52
1,0.32,0.68,0.68
4,1.91,2.09,2.09
0,0.3,-0.3,0.3
0,0.13,-0.13,0.13
1,1.84,-0.84,0.84
0,0.24,-0.24,0.24
0,5.42,-5.42,5.42
0,0.01,-0.01,0.01
1,0.22,0.78,0.78
1,1.42,-0.42,0.42
1,0.8,0.2,0.2
1,0.26,0.74,0.74
6,4.24,1.76,1.76
0,0.26,-0.26,0.26
0,0.12,-0.12,0.12
0,0.59,-0.59,0.59
0,0.51,-0.51,0.51
0,0.0,0.0,0.0
0,0.4,-0.4,0.4
0,0.52,-0.52,0.52
0,0.04,-0.04,0.04
0,0.05,-0.05,0.05
0,0.1,-0.1,0.1
1,1.94,-0.94,0.94
0,0.37,-0.37,0.37
2,1.3,0.7,0.7
0,0.52,-0.52,0.52
0,0.87,-0.87,0.87
1,0.11,0.89,0.89
0,0.22,-0.22,0.22
1,0.6,0.4,0.4
2,0.49,1.51,1.51
0,0.31,-0.31,0.31
3,2.6,0.4,0.4
0,1.0,-1.0,1.0
1,4.6,-3.6,3.6
0,0.64,-0.64,0.64
2,1.95,0.05,0.05
0,2.51,-2.51,2.51
0,0.2,-0.2,0.2
1,0.38,0.62,0.62
0,0.08,-0.08,0.08
2,1.6,0.4,0.4
0,0.45,-0.45,0.45
1,0.73,0.27,0.27
0,0.33,-0.33,0.33
0,0.23,-0.23,0.23
0,0.32,-0.32,0.32
0,0.38,-0.38,0.38
0,0.23,-0.23,0.23
1,0.18,0.82,0.82
1,1.46,-0.46,0.46
2,2.33,-0.33,0.33
2,7.72,-5.72,5.72
2,1.69,0.31,0.31
0,0.13,-0.13,0.13
1,1.28,-0.28,0.28
1,0.9,0.1,0.1
0,0.86,-0.86,0.86
3,1.27,1.73,1.73
4,0.91,3.09,3.09
0,0.63,-0.63,0.63
0,0.12,-0.12,0.12
1,0.39,0.61,0.61
0,0.1,-0.1,0.1
0,0.05,-0.05,0.05
4,2.25,1.75,1.75
1,0.11,0.89,0.89
0,0.04,-0.04,0.04
0,0.07,-0.07,0.07
7,5.62,1.38,1.38
0,1.07,-1.07,1.07
0,1.97,-1.97,1.97
0,0.11,-0.11,0.11
0,0.23,-0.23,0.23
0,0.14,-0.14,0.14
0,0.78,-0.78,0.78
0,0.51,-0.51,0.51
0,2.1,-2.1,2.1
2,0.92,1.08,1.08
0,0.19,-0.19,0.19
0,1.43,-1.43,1.43
0,0.22,-0.22,0.22
0,0.14,-0.14,0.14
5,1.8,3.2,3.2
1,1.63,-0.63,0.63
0,0.58,-0.58,0.58
16,10.94,5.06,5.06
0,0.54,-0.54,0.54
2,2.27,-0.27,0.27
2,1.42,0.58,0.58
0,0.0,-0.0,0.0
1,1.37,-0.37,0.37
0,0.0,-0.0,0.0
0,0.93,-0.93,0.93
3,3.14,-0.14,0.14
0,0.3,-0.3,0.3
0,0.35,-0.35,0.35
0,0.19,-0.19,0.19
0,0.03,-0.03,0.03
2,1.23,0.77,0.77
0,1.46,-1.46,1.46
0,0.51,-0.51,0.51
1,1.44,-0.44,0.44
2,0.23,1.77,1.77
0,0.31,-0.31,0.31
0,0.2,-0.2,0.2
1,0.15,0.85,0.85
2,1.59,0.41,0.41
0,0.0,0.0,0.0
0,0.07,-0.07,0.07
2,0.8,1.2,1.2
1,0.0,1.0,1.0
1,0.48,0.52,0.52
1,0.21,0.79,0.79
0,0.09,-0.09,0.09
0,0.53,-0.53,0.53
0,0.43,-0.43,0.43
0,8.72,-8.72,8.72
0,1.27,-1.27,1.27
0,0.35,-0.35,0.35
0,1.2,-1.2,1.2
2,0.76,1.24,1.24
0,0.13,-0.13,0.13
2,2.54,-0.54,0.54
0,0.2,-0.2,0.2
0,0.23,-0.23,0.23
0,0.78,-0.78,0.78
2,3.06,-1.06,1.06
0,0.01,-0.01,0.01
4,2.06,1.94,1.94
0,0.17,-0.17,0.17
2,0.52,1.48,1.48
0,0.12,-0.12,0.12
1,0.13,0.87,0.87
0,0.04,-0.04,0.04
1,0.75,0.25,0.25
0,0.0,0.0,0.0
0,0.19,-0.19,0.19
0,0.49,-0.49,0.49
4,2.45,1.55,1.55
1,2.0,-1.0,1.0
0,0.33,-0.33,0.33
0,0.91,-0.91,0.91
0,0.02,-0.02,0.02
0,0.33,-0.33,0.33
0,0.03,-0.03,0.03
0,0.32,-0.32,0.32
0,0.23,-0.23,0.23
0,0.38,-0.38,0.38
0,0.0,0.0,0.0
0,0.0,-0.0,0.0
0,0.34,-0.34,0.34
0,0.04,-0.04,0.04
4,1.59,2.41,2.41
0,0.03,-0.03,0.03
0,0.08,-0.08,0.08
1,1.83,-0.83,0.83
2,0.63,1.37,1.37
1,0.59,0.41,0.41
0,1.06,-1.06,1.06
0,0.22,-0.22,0.22
0,0.18,-0.18,0.18
0,0.58,-0.58,0.58
0,1.64,-1.64,1.64
8,12.34,-4.34,4.34
0,0.64,-0.64,0.64
0,0.47,-0.47,0.47
0,0.15,-0.15,0.15
1,0.32,0.68,0.68
0,0.08,-0.08,0.08
1,1.31,-0.31,0.31
0,0.6,-0.6,0.6
4,0.89,3.11,3.11
8,1.86,6.14,6.14
0,0.25,-0.25,0.25
0,0.06,-0.06,0.06
0,0.7,-0.7,0.7
1,0.54,0.46,0.46
0,1.13,-1.13,1.13
0,0.26,-0.26,0.26
1,0.29,0.71,0.71
0,0.08,-0.08,0.08
0,0.26,-0.26,0.26
0,0.06,-0.06,0.06
0,0.25,-0.25,0.25
0,0.12,-0.12,0.12
1,1.13,-0.13,0.13
0,0.08,-0.08,0.08
0,0.15,-0.15,0.15
5,3.23,1.77,1.77
0,0.41,-0.41,0.41
0,0.12,-0.12,0.12
0,0.3,-0.3,0.3
0,0.14,-0.14,0.14
0,0.11,-0.11,0.11
0,0.36,-0.36,0.36
0,0.15,-0.15,0.15
3,1.57,1.43,1.43
0,0.6,-0.6,0.6
0,0.66,-0.66,0.66
0,0.66,-0.66,0.66
0,0.54,-0.54,0.54
0,0.01,-0.01,0.01
0,0.15,-0.15,0.15
1,2.0,-1.0,1.0
1,1.19,-0.19,0.19
0,0.42,-0.42,0.42
0,2.87,-2.87,2.87
0,0.47,-0.47,0.47
2,3.89,-1.89,1.89
0,0.05,-0.05,0.05
0,0.52,-0.52,0.52
0,0.47,-0.47,0.47
0,0.21,-0.21,0.21
0,0.86,-0.86,0.86
1,0.56,0.44,0.44
5,1.73,3.27,3.27
0,0.65,-0.65,0.65
0,0.06,-0.06,0.06
10,0.19,9.81,9.81
0,0.51,-0.51,0.51
2,1.22,0.78,0.78
0,0.22,-0.22,0.22
2,1.26,0.74,0.74
1,0.94,0.06,0.06
1,1.47,-0.47,0.47
1,0.38,0.62,0.62
1,0.18,0.82,0.82
0,0.02,-0.02,0.02
0,0.0,-0.0,0.0
0,0.0,-0.0,0.0
0,0.37,-0.37,0.37
0,0.01,-0.01,0.01
0,0.69,-0.69,0.69
0,4.46,-4.46,4.46
3,1.31,1.69,1.69
0,1.19,-1.19,1.19
0,0.24,-0.24,0.24
0,0.15,-0.15,0.15
0,0.49,-0.49,0.49
0,0.39,-0.39,0.39
2,7.21,-5.21,5.21
0,0.08,-0.08,0.08
0,0.03,-0.03,0.03
0,0.63,-0.63,0.63
1,1.17,-0.17,0.17
0,0.16,-0.16,0.16
0,0.06,-0.06,0.06
4,1.49,2.51,2.51
0,0.03,-0.03,0.03
0,0.05,-0.05,0.05
0,0.38,-0.38,0.38
0,0.69,-0.69,0.69
1,0.38,0.62,0.62
0,0.34,-0.34,0.34
0,1.58,-1.58,1.58
0,0.01,-0.01,0.01
0,0.36,-0.36,0.36
1,0.47,0.53,0.53
2,0.42,1.58,1.58
0,0.03,-0.03,0.03
0,0.63,-0.63,0.63
1,0.27,0.73,0.73
3,1.91,1.09,1.09
0,0.04,-0.04,0.04
2,7.04,-5.04,5.04
0,1.56,-1.56,1.56
0,0.16,-0.16,0.16
0,0.1,-0.1,0.1
0,0.16,-0.16,0.16
1,2.37,-1.37,1.37
0,0.14,-0.14,0.14
0,0.38,-0.38,0.38
0,1.31,-1.31,1.31
0,0.01,-0.01,0.01
0,0.67,-0.67,0.67
2,1.9,0.1,0.1
0,0.19,-0.19,0.19
1,2.13,-1.13,1.13
0,0.03,-0.03,0.03
1,1.37,-0.37,0.37
0,1.08,-1.08,1.08
1,0.45,0.55,0.55
0,0.15,-0.15,0.15
0,0.19,-0.19,0.19
1,0.44,0.56,0.56
0,0.42,-0.42,0.42
0,0.59,-0.59,0.59
1,0.47,0.53,0.53
0,0.28,-0.28,0.28
0,1.56,-1.56,1.56
0,0.03,-0.03,0.03
0,0.77,-0.77,0.77
0,1.16,-1.16,1.16
0,0.05,-0.05,0.05
1,2.42,-1.42,1.42
0,0.03,-0.03,0.03
31,11.27,19.73,19.73
1,0.8,0.2,0.2
0,0.47,-0.47,0.47
0,0.53,-0.53,0.53
2,1.19,0.81,0.81
3,2.99,0.01,0.01
0,0.1,-0.1,0.1
1,0.57,0.43,0.43
1,0.32,0.68,0.68
0,0.22,-0.22,0.22
0,0.14,-0.14,0.14
0,0.02,-0.02,0.02
0,0.05,-0.05,0.05
10,5.9,4.1,4.1
1,0.66,0.34,0.34
0,0.37,-0.37,0.37
0,0.06,-0.06,0.06
0,0.12,-0.12,0.12
0,2.39,-2.39,2.39
0,0.03,-0.03,0.03
1,0.19,0.81,0.81
2,1.52,0.48,0.48
0,0.15,-0.15,0.15
7,4.09,2.91,2.91
0,0.44,-0.44,0.44
1,0.74,0.26,0.26
0,0.06,-0.06,0.06
4,1.31,2.69,2.69
0,0.01,-0.01,0.01
0,0.25,-0.25,0.25
0,0.17,-0.17,0.17
0,0.59,-0.59,0.59
2,2.18,-0.18,0.18
0,0.1,-0.1,0.1
2,0.62,1.38,1.38
0,0.49,-0.49,0.49
0,1.69,-1.69,1.69
0,0.14,-0.14,0.14
0,1.48,-1.48,1.48
1,1.25,-0.25,0.25
0,1.36,-1.36,1.36
1,0.17,0.83,0.83
1,0.06,0.94,0.94
3,2.8,0.2,0.2
0,1.04,-1.04,1.04
0,1.66,-1.66,1.66
1,0.5,0.5,0.5
3,0.85,2.15,2.15
3,2.46,0.54,0.54
0,0.13,-0.13,0.13
2,0.44,1.56,1.56
0,0.68,-0.68,0.68
0,0.24,-0.24,0.24
0,0.04,-0.04,0.04
0,2.56,-2.56,2.56
2,1.44,0.56,0.56
0,0.27,-0.27,0.27
15,13.75,1.25,1.25
0,0.02,-0.02,0.02
0,0.42,-0.42,0.42
0,0.07,-0.07,0.07
5,1.11,3.89,3.89
1,0.24,0.76,0.76
0,0.17,-0.17,0.17
0,1.68,-1.68,1.68
0,0.19,-0.19,0.19
1,1.47,-0.47,0.47
2,3.44,-1.44,1.44
1,0.22,0.78,0.78
0,0.17,-0.17,0.17
0,0.02,-0.02,0.02
0,0.48,-0.48,0.48
0,0.01,-0.01,0.01
0,0.05,-0.05,0.05
2,1.52,0.48,0.48
1,1.79,-0.79,0.79
0,0.57,-0.57,0.57
4,2.09,1.91,1.91
0,0.4,-0.4,0.4
0,0.06,-0.06,0.06
0,0.2,-0.2,0.2
0,0.04,-0.04,0.04
0,1.45,-1.45,1.45
1,1.45,-0.45,0.45
2,1.11,0.89,0.89
0,0.81,-0.81,0.81
12,1.06,10.94,10.94
4,6.96,-2.96,2.96
0,0.04,-0.04,0.04
0,0.21,-0.21,0.21
2,2.25,-0.25,0.25
3,4.4,-1.4,1.4
0,0.27,-0.27,0.27
0,0.17,-0.17,0.17
1,1.76,-0.76,0.76
4,1.9,2.1,2.1
0,0.02,-0.02,0.02
1,0.75,0.25,0.25
3,8.65,-5.65,5.65
0,2.22,-2.22,2.22
2,0.68,1.32,1.32
0,0.25,-0.25,0.25
0,0.25,-0.25,0.25
0,0.17,-0.17,0.17
0,0.72,-0.72,0.72
2,0.34,1.66,1.66
4,2.56,1.44,1.44
0,0.56,-0.56,0.56
1,2.66,-1.66,1.66
1,0.61,0.39,0.39
0,0.69,-0.69,0.69
0,0.03,-0.03,0.03
0,0.16,-0.16,0.16
0,0.08,-0.08,0.08
0,0.08,-0.08,0.08
5,4.31,0.69,0.69
1,0.34,0.66,0.66
0,0.02,-0.02,0.02
0,0.87,-0.87,0.87
1,0.27,0.73,0.73
0,0.09,-0.09,0.09
1,0.7,0.3,0.3
0,0.53,-0.53,0.53
0,0.16,-0.16,0.16
2,2.16,-0.16,0.16
2,2.23,-0.23,0.23
0,0.22,-0.22,0.22
0,0.26,-0.26,0.26
0,0.01,-0.01,0.01
0,0.1,-0.1,0.1
1,2.25,-1.25,1.25
0,0.13,-0.13,0.13
2,1.82,0.18,0.18
0,0.16,-0.16,0.16
1,0.2,0.8,0.8
0,0.21,-0.21,0.21
0,0.22,-0.22,0.22
3,0.95,2.05,2.05
0,0.06,-0.06,0.06
0,0.09,-0.09,0.09
0,0.05,-0.05,0.05
0,0.26,-0.26,0.26
0,0.14,-0.14,0.14
0,1.79,-1.79,1.79
0,0.03,-0.03,0.03
0,0.01,-0.01,0.01
0,0.2,-0.2,0.2
0,0.27,-0.27,0.27
3,3.64,-0.64,0.64
0,0.54,-0.54,0.54
0,0.35,-0.35,0.35
1,0.42,0.58,0.58
2,1.74,0.26,0.26
1,1.47,-0.47,0.47
3,2.1,0.9,0.9
0,0.32,-0.32,0.32
1,0.54,0.46,0.46
3,0.22,2.78,2.78
1,0.12,0.88,0.88
0,0.19,-0.19,0.19
0,0.01,-0.01,0.01
0,1.08,-1.08,1.08
3,1.99,1.01,1.01
0,0.8,-0.8,0.8
0,2.33,-2.33,2.33
0,0.04,-0.04,0.04
1,0.56,0.44,0.44
0,1.26,-1.26,1.26
3,6.02,-3.02,3.02
0,0.38,-0.38,0.38
0,0.26,-0.26,0.26
4,1.93,2.07,2.07
4,2.8,1.2,1.2
2,1.42,0.58,0.58
0,1.36,-1.36,1.36
0,1.07,-1.07,1.07
0,0.31,-0.31,0.31
3,0.9,2.1,2.1
0,1.34,-1.34,1.34
0,0.26,-0.26,0.26
0,0.14,-0.14,0.14
1,0.1,0.9,0.9
0,1.34,-1.34,1.34
0,0.59,-0.59,0.59
4,2.78,1.22,1.22
1,0.17,0.83,0.83
4,2.14,1.86,1.86
2,1.48,0.52,0.52
0,0.21,-0.21,0.21
0,0.03,-0.03,0.03
0,0.09,-0.09,0.09
4,4.57,-0.57,0.57
0,0.15,-0.15,0.15
0,0.46,-0.46,0.46
2,0.06,1.94,1.94
0,0.02,-0.02,0.02
1,0.11,0.89,0.89
2,1.46,0.54,0.54
3,4.73,-1.73,1.73
0,0.33,-0.33,0.33
0,1.25,-1.25,1.25
0,0.02,-0.02,0.02
0,0.57,-0.57,0.57
0,0.54,-0.54,0.54
7,2.89,4.11,4.11
1,0.83,0.17,0.17
0,0.04,-0.04,0.04
1,0.65,0.35,0.35
1,0.64,0.36,0.36
0,0.55,-0.55,0.55
0,0.69,-0.69,0.69
1,0.8,0.2,0.2
0,0.15,-0.15,0.15
5,2.44,2.56,2.56
0,1.77,-1.77,1.77
1,0.92,0.08,0.08
0,0.25,-0.25,0.25
0,0.12,-0.12,0.12
1,0.43,0.57,0.57
2,0.27,1.73,1.73
0,0.33,-0.33,0.33
0,0.71,-0.71,0.71
10,2.42,7.58,7.58
0,0.18,-0.18,0.18
0,0.94,-0.94,0.94
12,12.79,-0.79,0.79
3,1.34,1.66,1.66
0,0.74,-0.74,0.74
1,1.89,-0.89,0.89
0,0.46,-0.46,0.46
0,1.49,-1.49,1.49
0,0.12,-0.12,0.12
0,0.19,-0.19,0.19
0,1.62,-1.62,1.62
1,1.24,-0.24,0.24
0,0.09,-0.09,0.09
0,0.7,-0.7,0.7
0,0.15,-0.15,0.15
2,1.1,0.9,0.9
0,0.24,-0.24,0.24
0,0.46,-0.46,0.46
0,0.08,-0.08,0.08
0,0.5,-0.5,0.5
0,0.85,-0.85,0.85
3,1.79,1.21,1.21
0,0.03,-0.03,0.03
3,2.29,0.71,0.71
0,0.07,-0.07,0.07
0,0.56,-0.56,0.56
0,0.59,-0.59,0.59
1,0.68,0.32,0.32
0,0.19,-0.19,0.19
3,1.08,1.92,1.92
0,0.18,-0.18,0.18
0,0.33,-0.33,0.33
0,0.04,-0.04,0.04
0,0.55,-0.55,0.55
0,0.04,-0.04,0.04
0,0.35,-0.35,0.35
0,0.07,-0.07,0.07
0,0.09,-0.09,0.09
0,0.01,-0.01,0.01
0,0.41,-0.41,0.41
0,1.46,-1.46,1.46
0,0.17,-0.17,0.17
0,0.45,-0.45,0.45
0,0.01,-0.01,0.01
1,2.47,-1.47,1.47
1,6.41,-5.41,5.41
0,0.97,-0.97,0.97
0,0.24,-0.24,0.24
0,0.05,-0.05,0.05
0,0.05,-0.05,0.05
0,6.43,-6.43,6.43
1,1.31,-0.31,0.31
0,0.18,-0.18,0.18
0,0.41,-0.41,0.41
4,1.31,2.69,2.69
0,0.25,-0.25,0.25
0,0.04,-0.04,0.04
0,0.17,-0.17,0.17
1,0.29,0.71,0.71
0,0.34,-0.34,0.34
0,1.93,-1.93,1.93
0,0.71,-0.71,0.71
0,0.74,-0.74,0.74
1,1.84,-0.84,0.84
0,0.21,-0.21,0.21
0,0.57,-0.57,0.57
1,1.06,-0.06,0.06
0,0.06,-0.06,0.06
3,2.93,0.07,0.07
0,4.76,-4.76,4.76
1,1.76,-0.76,0.76
1,0.75,0.25,0.25
0,1.98,-1.98,1.98
0,0.63,-0.63,0.63
2,2.41,-0.41,0.41
1,1.39,-0.39,0.39
1,0.5,0.5,0.5
1,3.28,-2.28,2.28
0,0.47,-0.47,0.47
2,2.64,-0.64,0.64
2,1.15,0.85,0.85
0,0.03,-0.03,0.03
0,0.76,-0.76,0.76
0,1.18,-1.18,1.18
0,1.7,-1.7,1.7
0,0.01,-0.01,0.01
1,0.47,0.53,0.53
1,0.58,0.42,0.42
0,0.08,-0.08,0.08
0,0.13,-0.13,0.13
0,0.02,-0.02,0.02
2,1.2,0.8,0.8
2,0.54,1.46,1.46
0,1.39,-1.39,1.39
0,0.43,-0.43,0.43
0,0.1,-0.1,0.1
0,0.25,-0.25,0.25
0,0.15,-0.15,0.15
0,0.71,-0.71,0.71
2,1.47,0.53,0.53
0,0.86,-0.86,0.86
2,0.35,1.65,1.65
0,0.43,-0.43,0.43
0,0.26,-0.26,0.26
3,0.09,2.91,2.91
0,0.02,-0.02,0.02
2,2.52,-0.52,0.52
0,0.13,-0.13,0.13
0,2.63,-2.63,2.63
0,0.4,-0.4,0.4
1,0.35,0.65,0.65
0,0.23,-0.23,0.23
0,0.4,-0.4,0.4
0,0.01,-0.01,0.01
0,0.97,-0.97,0.97
2,1.99,0.01,0.01
0,0.16,-0.16,0.16
0,0.36,-0.36,0.36
0,0.53,-0.53,0.53
0,0.82,-0.82,0.82
0,0.13,-0.13,0.13
0,0.22,-0.22,0.22
0,0.1,-0.1,0.1
2,1.69,0.31,0.31
0,0.25,-0.25,0.25
0,6.36,-6.36,6.36
4,0.89,3.11,3.11
0,0.53,-0.53,0.53
0,0.62,-0.62,0.62
1,0.76,0.24,0.24
0,0.04,-0.04,0.04
0,0.53,-0.53,0.53
0,1.75,-1.75,1.75
0,0.17,-0.17,0.17
0,0.71,-0.71,0.71
0,0.15,-0.15,0.15
0,1.18,-1.18,1.18
1,0.7,0.3,0.3
0,0.07,-0.07,0.07
0,0.38,-0.38,0.38
3,2.22,0.78,0.78
1,0.12,0.88,0.88
1,0.81,0.19,0.19
0,0.05,-0.05,0.05
0,0.59,-0.59,0.59
0,0.03,-0.03,0.03
0,0.56,-0.56,0.56
0,0.45,-0.45,0.45
1,2.52,-1.52,1.52
0,0.28,-0.28,0.28
1,1.85,-0.85,0.85
11,5.01,5.99,5.99
5,3.79,1.21,1.21
0,1.39,-1.39,1.39
1,0.35,0.65,0.65
9,6.68,2.32,2.32
0,0.48,-0.48,0.48
0,5.72,-5.72,5.72
2,0.33,1.67,1.67
0,0.54,-0.54,0.54
0,0.06,-0.06,0.06
1,2.23,-1.23,1.23
1,0.42,0.58,0.58
0,0.01,-0.01,0.01
6,2.9,3.1,3.1
0,0.81,-0.81,0.81
2,2.32,-0.32,0.32
1,1.89,-0.89,0.89
1,1.73,-0.73,0.73
0,0.13,-0.13,0.13
0,0.45,-0.45,0.45
1,0.95,0.05,0.05
0,0.38,-0.38,0.38
1,2.34,-1.34,1.34
0,0.32,-0.32,0.32
0,0.32,-0.32,0.32
0,2.35,-2.35,2.35
0,0.15,-0.15,0.15
0,0.02,-0.02,0.02
0,1.29,-1.29,1.29
0,0.41,-0.41,0.41
1,1.68,-0.68,0.68
1,1.66,-0.66,0.66
3,0.34,2.66,2.66
0,0.33,-0.33,0.33
2,2.07,-0.07,0.07
0,0.01,-0.01,0.01
0,0.18,-0.18,0.18
0,0.24,-0.24,0.24
0,0.23,-0.23,0.23
1,0.24,0.76,0.76
2,2.34,-0.34,0.34
0,0.61,-0.61,0.61
1,2.52,-1.52,1.52
3,1.09,1.91,1.91
0,0.91,-0.91,0.91
0,0.3,-0.3,0.3
0,0.9,-0.9,0.9
0,0.04,-0.04,0.04
0,0.05,-0.05,0.05
2,2.92,-0.92,0.92
1,0.42,0.58,0.58
0,0.01,-0.01,0.01
0,0.19,-0.19,0.19
0,0.59,-0.59,0.59
1,0.15,0.85,0.85
0,0.49,-0.49,0.49
0,0.07,-0.07,0.07
8,4.83,3.17,3.17
0,0.28,-0.28,0.28
0,0.01,-0.01,0.01
0,0.23,-0.23,0.23
0,1.32,-1.32,1.32
2,0.7,1.3,1.3
3,1.57,1.43,1.43
0,0.02,-0.02,0.02
0,0.23,-0.23,0.23
0,0.3,-0.3,0.3
0,0.27,-0.27,0.27
14,9.59,4.41,4.41
0,0.19,-0.19,0.19
0,0.01,-0.01,0.01
0,0.23,-0.23,0.23
2,3.09,-1.09,1.09
0,0.19,-0.19,0.19
0,0.01,-0.01,0.01
0,0.22,-0.22,0.22
0,0.17,-0.17,0.17
0,0.83,-0.83,0.83
0,0.82,-0.82,0.82
1,0.67,0.33,0.33
2,0.73,1.27,1.27
0,0.01,-0.01,0.01
0,0.13,-0.13,0.13
0,0.47,-0.47,0.47
0,0.02,-0.02,0.02
0,0.89,-0.89,0.89
0,0.01,-0.01,0.01
0,0.03,-0.03,0.03
0,1.0,-1.0,1.0
0,0.01,-0.01,0.01
1,0.73,0.27,0.27
0,0.15,-0.15,0.15
0,0.0,-0.0,0.0
2,3.81,-1.81,1.81
0,0.13,-0.13,0.13
16,8.65,7.35,7.35
2,1.55,0.45,0.45
0,0.62,-0.62,0.62
0,0.14,-0.14,0.14
0,0.05,-0.05,0.05
0,0.03,-0.03,0.03
2,1.48,0.52,0.52
2,1.3,0.7,0.7
5,1.88,3.12,3.12
2,0.27,1.73,1.73
1,1.32,-0.32,0.32
0,1.41,-1.41,1.41
3,4.04,-1.04,1.04
0,1.2,-1.2,1.2
0,0.3,-0.3,0.3
1,0.35,0.65,0.65
0,0.14,-0.14,0.14
0,0.85,-0.85,0.85
3,4.21,-1.21,1.21
17,7.38,9.62,9.62
0,0.07,-0.07,0.07
0,0.04,-0.04,0.04
0,0.01,-0.01,0.01
2,2.42,-0.42,0.42
0,0.0,-0.0,0.0
0,1.53,-1.53,1.53
3,6.53,-3.53,3.53
1,0.66,0.34,0.34
4,2.32,1.68,1.68
0,0.09,-0.09,0.09
0,0.97,-0.97,0.97
0,0.03,-0.03,0.03
0,0.48,-0.48,0.48
0,0.2,-0.2,0.2
0,0.14,-0.14,0.14
0,0.24,-0.24,0.24
0,0.02,-0.02,0.02
0,0.05,-0.05,0.05
1,0.71,0.29,0.29
4,3.34,0.66,0.66
0,1.08,-1.08,1.08
1,0.22,0.78,0.78
0,0.54,-0.54,0.54
0,0.32,-0.32,0.32
14,12.04,1.96,1.96
0,0.27,-0.27,0.27
0,3.78,-3.78,3.78
1,5.05,-4.05,4.05
3,1.71,1.29,1.29
0,1.6,-1.6,1.6
1,0.64,0.36,0.36
0,0.87,-0.87,0.87
0,0.94,-0.94,0.94
1,0.8,0.2,0.2
0,0.19,-0.19,0.19
0,1.05,-1.05,1.05
0,0.08,-0.08,0.08
0,0.53,-0.53,0.53
0,0.62,-0.62,0.62
0,2.15,-2.15,2.15
1,0.04,0.96,0.96
0,0.67,-0.67,0.67
0,0.05,-0.05,0.05
0,0.22,-0.22,0.22
0,0.24,-0.24,0.24
0,1.48,-1.48,1.48
0,0.02,-0.02,0.02
0,0.3,-0.3,0.3
10,8.54,1.46,1.46
1,1.86,-0.86,0.86
0,1.28,-1.28,1.28
0,0.09,-0.09,0.09
1,1.34,-0.34,0.34
2,0.87,1.13,1.13
0,0.02,-0.02,0.02
2,0.42,1.58,1.58
4,6.0,-2.0,2.0
1,1.19,-0.19,0.19
0,0.58,-0.58,0.58
1,0.39,0.61,0.61
0,0.45,-0.45,0.45
0,1.48,-1.48,1.48
4,1.98,2.02,2.02
0,0.82,-0.82,0.82
0,0.24,-0.24,0.24
2,0.66,1.34,1.34
0,0.67,-0.67,0.67
0,0.16,-0.16,0.16
0,1.32,-1.32,1.32
0,0.15,-0.15,0.15
4,1.7,2.3,2.3
5,3.71,1.29,1.29
1,0.23,0.77,0.77
0,0.08,-0.08,0.08
1,3.4,-2.4,2.4
1,1.46,-0.46,0.46
3,2.32,0.68,0.68
0,0.03,-0.03,0.03
0,0.19,-0.19,0.19
3,0.68,2.32,2.32
1,2.48,-1.48,1.48
1,0.5,0.5,0.5
0,1.03,-1.03,1.03
0,0.28,-0.28,0.28
0,0.07,-0.07,0.07
0,0.09,-0.09,0.09
0,1.54,-1.54,1.54
0,0.49,-0.49,0.49
0,0.52,-0.52,0.52
8,3.1,4.9,4.9
0,0.25,-0.25,0.25
6,3.95,2.05,2.05
3,2.43,0.57,0.57
1,0.3,0.7,0.7
3,3.45,-0.45,0.45
0,0.34,-0.34,0.34
1,0.15,0.85,0.85
1,1.52,-0.52,0.52
2,0.64,1.36,1.36
2,1.53,0.47,0.47
8,6.88,1.12,1.12
0,0.28,-0.28,0.28
0,0.03,-0.03,0.03
0,0.13,-0.13,0.13
3,1.7,1.3,1.3
2,2.5,-0.5,0.5
0,0.08,-0.08,0.08
1,1.56,-0.56,0.56
1,0.45,0.55,0.55
14,16.76,-2.76,2.76
1,0.83,0.17,0.17
0,0.03,-0.03,0.03
1,0.52,0.48,0.48
0,0.23,-0.23,0.23
1,2.28,-1.28,1.28
1,2.87,-1.87,1.87
0,2.76,-2.76,2.76
0,0.12,-0.12,0.12
0,0.4,-0.4,0.4
0,0.26,-0.26,0.26
1,0.44,0.56,0.56
0,0.14,-0.14,0.14
4,2.18,1.82,1.82
4,4.13,-0.13,0.13
0,0.23,-0.23,0.23
0,0.15,-0.15,0.15
3,2.11,0.89,0.89
1,1.15,-0.15,0.15
8,3.16,4.84,4.84
0,0.33,-0.33,0.33
0,0.03,-0.03,0.03
0,0.58,-0.58,0.58
1,0.8,0.2,0.2
0,0.07,-0.07,0.07
0,0.03,-0.03,0.03
0,1.57,-1.57,1.57
0,0.63,-0.63,0.63
4,1.47,2.53,2.53
0,0.91,-0.91,0.91
0,0.04,-0.04,0.04
0,0.57,-0.57,0.57
2,3.16,-1.16,1.16
1,0.1,0.9,0.9
1,0.74,0.26,0.26
0,0.23,-0.23,0.23
0,0.06,-0.06,0.06
0,0.2,-0.2,0.2
1,2.14,-1.14,1.14
1,0.59,0.41,0.41
1,0.29,0.71,0.71
2,2.66,-0.66,0.66
12,9.25,2.75,2.75
9,5.11,3.89,3.89
0,0.01,-0.01,0.01
0,0.02,-0.02,0.02
0,0.24,-0.24,0.24
5,1.9,3.1,3.1
0,0.76,-0.76,0.76
0,0.99,-0.99,0.99
4,4.35,-0.35,0.35
0,0.74,-0.74,0.74
0,0.52,-0.52,0.52
0,0.25,-0.25,0.25
3,2.05,0.95,0.95
2,0.88,1.12,1.12
1,0.52,0.48,0.48
0,0.28,-0.28,0.28
0,0.14,-0.14,0.14
1,0.5,0.5,0.5
0,0.46,-0.46,0.46
1,1.03,-0.03,0.03
0,0.85,-0.85,0.85
0,0.04,-0.04,0.04
3,1.31,1.69,1.69
0,0.86,-0.86,0.86
0,0.04,-0.04,0.04
0,0.04,-0.04,0.04
0,5.08,-5.08,5.08
1,0.73,0.27,0.27
0,0.15,-0.15,0.15
0,0.64,-0.64,0.64
1,0.44,0.56,0.56
2,0.61,1.39,1.39
0,0.07,-0.07,0.07
0,1.27,-1.27,1.27
0,0.03,-0.03,0.03
1,1.11,-0.11,0.11
2,1.81,0.19,0.19
0,0.16,-0.16,0.16
0,0.56,-0.56,0.56
2,2.23,-0.23,0.23
0,0.39,-0.39,0.39
0,0.13,-0.13,0.13
0,0.2,-0.2,0.2
2,2.83,-0.83,0.83
1,2.95,-1.95,1.95
0,0.44,-0.44,0.44
0,0.24,-0.24,0.24
0,0.58,-0.58,0.58
2,0.07,1.93,1.93
0,1.29,-1.29,1.29
0,0.11,-0.11,0.11
0,0.15,-0.15,0.15
2,1.05,0.95,0.95
0,0.17,-0.17,0.17
1,0.8,0.2,0.2
4,0.83,3.17,3.17
0,0.09,-0.09,0.09
0,0.17,-0.17,0.17
0,0.26,-0.26,0.26
0,0.52,-0.52,0.52
0,0.06,-0.06,0.06
0,0.39,-0.39,0.39
0,0.58,-0.58,0.58
0,0.65,-0.65,0.65
0,2.25,-2.25,2.25
2,1.64,0.36,0.36
1,1.43,-0.43,0.43
4,5.43,-1.43,1.43
10,15.84,-5.84,5.84
8,8.36,-0.36,0.36
0,0.51,-0.51,0.51
0,0.04,-0.04,0.04
2,0.18,1.82,1.82
1,1.96,-0.96,0.96
0,0.35,-0.35,0.35
3,0.79,2.21,2.21
0,0.19,-0.19,0.19
6,5.3,0.7,0.7
0,0.03,-0.03,0.03
3,5.22,-2.22,2.22
0,0.34,-0.34,0.34
0,0.24,-0.24,0.24
0,1.57,-1.57,1.57
1,3.31,-2.31,2.31
1,2.97,-1.97,1.97
0,0.15,-0.15,0.15
0,0.24,-0.24,0.24
0,0.04,-0.04,0.04
0,0.23,-0.23,0.23
0,1.12,-1.12,1.12
0,0.68,-0.68,0.68
0,0.02,-0.02,0.02
0,0.02,-0.02,0.02
2,2.62,-0.62,0.62
1,0.56,0.44,0.44
1,0.41,0.59,0.59
1,0.78,0.22,0.22
0,0.01,-0.01,0.01
0,0.11,-0.11,0.11
5,3.88,1.12,1.12
5,1.16,3.84,3.84
0,0.48,-0.48,0.48
2,1.97,0.03,0.03
4,2.51,1.49,1.49
0,0.14,-0.14,0.14
1,0.23,0.77,0.77
4,1.97,2.03,2.03
3,3.47,-0.47,0.47
0,0.03,-0.03,0.03
1,0.9,0.1,0.1
2,1.15,0.85,0.85
0,0.05,-0.05,0.05
0,2.14,-2.14,2.14
0,0.24,-0.24,0.24
0,0.25,-0.25,0.25
4,1.92,2.08,2.08
0,0.14,-0.14,0.14
4,3.77,0.23,0.23
0,0.76,-0.76,0.76
0,0.28,-0.28,0.28
0,0.06,-0.06,0.06
0,0.8,-0.8,0.8
1,0.59,0.41,0.41
0,0.4,-0.4,0.4
0,0.13,-0.13,0.13
0,0.17,-0.17,0.17
1,3.45,-2.45,2.45
0,1.07,-1.07,1.07
1,0.78,0.22,0.22
0,0.47,-0.47,0.47
1,2.83,-1.83,1.83
3,0.79,2.21,2.21
5,2.58,2.42,2.42
1,2.01,-1.01,1.01
1,0.87,0.13,0.13
0,0.54,-0.54,0.54
0,0.89,-0.89,0.89
1,0.15,0.85,0.85
0,0.04,-0.04,0.04
1,4.05,-3.05,3.05
4,1.61,2.39,2.39
0,0.98,-0.98,0.98
4,2.05,1.95,1.95
0,0.65,-0.65,0.65
2,0.75,1.25,1.25
0,0.3,-0.3,0.3
3,4.33,-1.33,1.33
0,0.58,-0.58,0.58
0,0.77,-0.77,0.77
0,0.01,-0.01,0.01
1,1.71,-0.71,0.71
0,0.76,-0.76,0.76
1,0.75,0.25,0.25
0,0.17,-0.17,0.17
0,0.28,-0.28,0.28
0,0.02,-0.02,0.02
0,0.02,-0.02,0.02
0,0.03,-0.03,0.03
0,0.04,-0.04,0.04
0,1.42,-1.42,1.42
0,0.1,-0.1,0.1
3,3.41,-0.41,0.41
0,0.65,-0.65,0.65
11,9.91,1.09,1.09
0,0.11,-0.11,0.11
0,1.41,-1.41,1.41
0,0.29,-0.29,0.29
0,0.7,-0.7,0.7
4,4.87,-0.87,0.87
0,0.16,-0.16,0.16
0,0.4,-0.4,0.4
0,0.19,-0.19,0.19
0,0.16,-0.16,0.16
1,0.13,0.87,0.87
0,0.09,-0.09,0.09
1,1.59,-0.59,0.59
0,1.81,-1.81,1.81
0,0.25,-0.25,0.25
0,0.56,-0.56,0.56
3,2.91,0.09,0.09
2,15.46,-13.46,13.46
0,2.1,-2.1,2.1
3,1.69,1.31,1.31
0,0.97,-0.97,0.97
3,1.99,1.01,1.01
0,0.19,-0.19,0.19
5,1.67,3.33,3.33
0,0.52,-0.52,0.52
1,0.02,0.98,0.98
4,2.8,1.2,1.2
0,0.2,-0.2,0.2
0,0.67,-0.67,0.67
0,0.23,-0.23,0.23
0,0.03,-0.03,0.03
1,2.04,-1.04,1.04
0,1.92,-1.92,1.92
0,0.21,-0.21,0.21
0,1.41,-1.41,1.41
0,0.94,-0.94,0.94
0,0.99,-0.99,0.99
2,0.97,1.03,1.03
1,0.02,0.98,0.98
12,14.52,-2.52,2.52
2,1.97,0.03,0.03
0,0.13,-0.13,0.13
1,0.82,0.18,0.18
0,1.19,-1.19,1.19
0,0.02,-0.02,0.02
0,0.18,-0.18,0.18
0,0.06,-0.06,0.06
0,1.63,-1.63,1.63
0,0.05,-0.05,0.05
5,1.42,3.58,3.58
1,0.93,0.07,0.07
0,0.43,-0.43,0.43
0,0.25,-0.25,0.25
2,2.87,-0.87,0.87
0,2.15,-2.15,2.15
3,1.74,1.26,1.26
0,5.56,-5.56,5.56
1,0.62,0.38,0.38
0,0.19,-0.19,0.19
1,1.71,-0.71,0.71
4,3.19,0.81,0.81
0,0.04,-0.04,0.04
0,0.18,-0.18,0.18
4,6.64,-2.64,2.64
1,1.33,-0.33,0.33
3,1.53,1.47,1.47
0,0.15,-0.15,0.15
3,2.67,0.33,0.33
0,0.22,-0.22,0.22
1,0.32,0.68,0.68
1,0.15,0.85,0.85
7,1.61,5.39,5.39
0,0.84,-0.84,0.84
4,4.79,-0.79,0.79
0,0.14,-0.14,0.14
3,0.75,2.25,2.25
1,1.7,-0.7,0.7
0,0.17,-0.17,0.17
0,0.23,-0.23,0.23
2,1.94,0.06,0.06
1,0.61,0.39,0.39
1,0.17,0.83,0.83
1,0.34,0.66,0.66
0,0.03,-0.03,0.03
0,0.36,-0.36,0.36
1,1.3,-0.3,0.3
4,5.45,-1.45,1.45
0,0.55,-0.55,0.55
0,0.07,-0.07,0.07
2,0.41,1.59,1.59
3,4.02,-1.02,1.02
2,2.88,-0.88,0.88
0,0.02,-0.02,0.02
0,1.48,-1.48,1.48
0,0.7,-0.7,0.7
0,0.15,-0.15,0.15
4,20.58,-16.58,16.58
2,1.45,0.55,0.55
0,0.02,-0.02,0.02
1,4.04,-3.04,3.04
5,6.4,-1.4,1.4
0,0.51,-0.51,0.51
0,0.07,-0.07,0.07
1,0.33,0.67,0.67
0,1.51,-1.51,1.51
2,0.98,1.02,1.02
5,4.89,0.11,0.11
0,0.07,-0.07,0.07
1,1.95,-0.95,0.95
1,0.2,0.8,0.8
4,4.56,-0.56,0.56
4,3.09,0.91,0.91
0,0.25,-0.25,0.25
0,0.34,-0.34,0.34
0,0.03,-0.03,0.03
0,0.59,-0.59,0.59
0,0.24,-0.24,0.24
1,0.93,0.07,0.07
8,6.87,1.13,1.13
0,0.05,-0.05,0.05
0,0.3,-0.3,0.3
0,0.26,-0.26,0.26
0,0.4,-0.4,0.4
2,0.8,1.2,1.2
0,0.35,-0.35,0.35
0,0.54,-0.54,0.54
1,0.69,0.31,0.31
1,0.7,0.3,0.3
3,0.15,2.85,2.85
0,0.03,-0.03,0.03
5,3.3,1.7,1.7
1,1.53,-0.53,0.53
0,0.05,-0.05,0.05
1,2.26,-1.26,1.26
0,0.11,-0.11,0.11
0,0.13,-0.13,0.13
4,3.12,0.88,0.88
1,0.27,0.73,0.73
2,1.7,0.3,0.3
2,0.12,1.88,1.88
1,0.17,0.83,0.83
0,0.02,-0.02,0.02
0,0.04,-0.04,0.04
0,0.24,-0.24,0.24
0,0.08,-0.08,0.08
0,0.08,-0.08,0.08
0,0.39,-0.39,0.39
0,0.31,-0.31,0.31
0,0.1,-0.1,0.1
3,1.58,1.42,1.42
0,0.42,-0.42,0.42
0,0.41,-0.41,0.41
2,2.09,-0.09,0.09
1,1.21,-0.21,0.21
1,0.66,0.34,0.34
0,0.21,-0.21,0.21
2,0.18,1.82,1.82
0,0.06,-0.06,0.06
16,13.54,2.46,2.46
0,0.06,-0.06,0.06
0,0.62,-0.62,0.62
5,2.99,2.01,2.01
2,1.96,0.04,0.04
0,0.09,-0.09,0.09
0,0.45,-0.45,0.45
1,0.94,0.06,0.06
3,0.98,2.02,2.02
0,0.66,-0.66,0.66
4,5.5,-1.5,1.5
2,1.11,0.89,0.89
0,0.05,-0.05,0.05
5,0.79,4.21,4.21
11,8.81,2.19,2.19
0,0.06,-0.06,0.06
5,2.86,2.14,2.14
8,4.68,3.32,3.32
2,0.83,1.17,1.17
2,1.0,1.0,1.0
0,0.19,-0.19,0.19
0,0.08,-0.08,0.08
0,0.1,-0.1,0.1
0,0.03,-0.03,0.03
13,13.46,-0.46,0.46
0,0.04,-0.04,0.04
1,0.76,0.24,0.24
0,0.1,-0.1,0.1
1,0.29,0.71,0.71
0,0.21,-0.21,0.21
1,1.63,-0.63,0.63
0,0.07,-0.07,0.07
0,3.63,-3.63,3.63
0,0.05,-0.05,0.05
0,0.21,-0.21,0.21
0,0.32,-0.32,0.32
0,1.52,-1.52,1.52
0,0.2,-0.2,0.2
26,6.55,19.45,19.45
0,0.69,-0.69,0.69
0,0.26,-0.26,0.26
10,5.09,4.91,4.91
0,0.39,-0.39,0.39
1,0.23,0.77,0.77
4,1.55,2.45,2.45
1,1.9,-0.9,0.9
24,9.86,14.14,14.14
3,2.99,0.01,0.01
1,0.14,0.86,0.86
0,0.02,-0.02,0.02
3,2.89,0.11,0.11
0,0.31,-0.31,0.31
0,0.62,-0.62,0.62
0,0.07,-0.07,0.07
4,2.18,1.82,1.82
0,0.24,-0.24,0.24
2,0.62,1.38,1.38
0,0.02,-0.02,0.02
1,1.19,-0.19,0.19
5,2.25,2.75,2.75
1,0.72,0.28,0.28
0,0.22,-0.22,0.22
0,1.22,-1.22,1.22
3,2.69,0.31,0.31
5,3.9,1.1,1.1
0,0.23,-0.23,0.23
1,1.33,-0.33,0.33
0,0.01,-0.01,0.01
1,1.23,-0.23,0.23
1,1.24,-0.24,0.24
0,0.38,-0.38,0.38
0,0.16,-0.16,0.16
0,0.26,-0.26,0.26
1,2.36,-1.36,1.36
0,0.07,-0.07,0.07
3,3.24,-0.24,0.24
1,0.81,0.19,0.19
11,5.46,5.54,5.54
1,2.0,-1.0,1.0
0,0.04,-0.04,0.04
0,0.03,-0.03,0.03
0,0.1,-0.1,0.1
1,3.42,-2.42,2.42
1,0.39,0.61,0.61
0,0.15,-0.15,0.15
0,0.04,-0.04,0.04
0,0.05,-0.05,0.05
0,0.2,-0.2,0.2
2,3.67,-1.67,1.67
0,0.06,-0.06,0.06
0,0.19,-0.19,0.19
1,0.65,0.35,0.35
0,0.07,-0.07,0.07
2,1.87,0.13,0.13
2,0.29,1.71,1.71
2,0.34,1.66,1.66
0,0.08,-0.08,0.08
0,0.03,-0.03,0.03
1,1.98,-0.98,0.98
2,1.44,0.56,0.56
0,0.13,-0.13,0.13
0,0.07,-0.07,0.07
4,4.8,-0.8,0.8
0,0.54,-0.54,0.54
1,1.05,-0.05,0.05
2,1.11,0.89,0.89
6,4.59,1.41,1.41
0,0.2,-0.2,0.2
0,0.03,-0.03,0.03
2,1.54,0.46,0.46
0,0.73,-0.73,0.73
2,0.64,1.36,1.36
3,2.86,0.14,0.14
0,0.01,-0.01,0.01
2,0.31,1.69,1.69
0,0.02,-0.02,0.02
0,0.85,-0.85,0.85
0,1.08,-1.08,1.08
2,2.78,-0.78,0.78
0,0.92,-0.92,0.92
0,0.37,-0.37,0.37
0,0.59,-0.59,0.59
0,0.19,-0.19,0.19
0,0.22,-0.22,0.22
0,0.35,-0.35,0.35
0,0.23,-0.23,0.23
0,0.25,-0.25,0.25
3,0.53,2.47,2.47
2,0.63,1.37,1.37
6,2.96,3.04,3.04
3,4.01,-1.01,1.01
0,4.57,-4.57,4.57
0,0.12,-0.12,0.12
1,0.36,0.64,0.64
0,0.1,-0.1,0.1
0,0.06,-0.06,0.06
2,2.04,-0.04,0.04
3,0.81,2.19,2.19
2,1.27,0.73,0.73
0,1.75,-1.75,1.75
1,0.09,0.91,0.91
25,10.98,14.02,14.02
1,1.92,-0.92,0.92
2,0.18,1.82,1.82
0,2.58,-2.58,2.58
4,1.89,2.11,2.11
0,0.22,-0.22,0.22
2,1.15,0.85,0.85
0,0.17,-0.17,0.17
0,0.97,-0.97,0.97
1,0.9,0.1,0.1
5,3.8,1.2,1.2
1,1.56,-0.56,0.56
0,0.97,-0.97,0.97
2,0.19,1.81,1.81
0,0.27,-0.27,0.27
0,0.02,-0.02,0.02
1,1.2,-0.2,0.2
4,3.25,0.75,0.75
0,0.49,-0.49,0.49
1,0.49,0.51,0.51
0,0.03,-0.03,0.03
0,0.23,-0.23,0.23
0,0.19,-0.19,0.19
3,1.86,1.14,1.14
1,2.07,-1.07,1.07
0,0.01,-0.01,0.01
3,4.74,-1.74,1.74
0,0.02,-0.02,0.02
0,0.1,-0.1,0.1
0,0.02,-0.02,0.02
0,0.01,-0.01,0.01
0,0.07,-0.07,0.07
2,1.18,0.82,0.82
0,0.17,-0.17,0.17
2,2.03,-0.03,0.03
0,0.28,-0.28,0.28
0,0.13,-0.13,0.13
0,0.2,-0.2,0.2
0,0.02,-0.02,0.02
0,0.27,-0.27,0.27
1,0.62,0.38,0.38
0,0.36,-0.36,0.36
0,0.14,-0.14,0.14
0,0.04,-0.04,0.04
4,2.66,1.34,1.34
0,0.44,-0.44,0.44
0,0.35,-0.35,0.35
0,0.49,-0.49,0.49
0,0.49,-0.49,0.49
1,0.11,0.89,0.89
1,1.87,-0.87,0.87
1,0.9,0.1,0.1
6,3.39,2.61,2.61
1,0.87,0.13,0.13
0,0.01,-0.01,0.01
0,0.07,-0.07,0.07
2,0.96,1.04,1.04
0,3.28,-3.28,3.28
0,0.03,-0.03,0.03
1,0.96,0.04,0.04
0,1.5,-1.5,1.5
0,0.26,-0.26,0.26
0,0.23,-0.23,0.23
0,0.76,-0.76,0.76
2,0.35,1.65,1.65
0,0.53,-0.53,0.53
0,0.72,-0.72,0.72
0,0.02,-0.02,0.02
3,0.49,2.51,2.51
0,0.11,-0.11,0.11
0,0.24,-0.24,0.24
2,1.59,0.41,0.41
0,1.82,-1.82,1.82
0,0.19,-0.19,0.19
1,2.88,-1.88,1.88
0,0.9,-0.9,0.9
1,0.63,0.37,0.37
4,1.88,2.12,2.12
2,3.2,-1.2,1.2
0,1.32,-1.32,1.32
12,5.44,6.56,6.56
0,0.04,-0.04,0.04
0,1.53,-1.53,1.53
0,0.08,-0.08,0.08
7,13.73,-6.73,6.73
6,2.89,3.11,3.11
5,0.52,4.48,4.48
2,0.81,1.19,1.19
0,0.01,-0.01,0.01
0,0.09,-0.09,0.09
0,1.01,-1.01,1.01
1,3.31,-2.31,2.31
0,0.6,-0.6,0.6
0,0.21,-0.21,0.21
1,0.37,0.63,0.63
0,0.15,-0.15,0.15
0,0.31,-0.31,0.31
3,1.07,1.93,1.93
3,0.52,2.48,2.48
1,0.24,0.76,0.76
0,0.01,-0.01,0.01
31,15.63,15.37,15.37
4,3.34,0.66,0.66
0,0.02,-0.02,0.02
0,0.05,-0.05,0.05
0,0.02,-0.02,0.02
1,0.13,0.87,0.87
10,10.87,-0.87,0.87
8,1.83,6.17,6.17
1,0.97,0.03,0.03
0,0.05,-0.05,0.05
1,0.47,0.53,0.53
0,0.52,-0.52,0.52
0,0.13,-0.13,0.13
0,0.9,-0.9,0.9
0,0.17,-0.17,0.17
0,0.18,-0.18,0.18
6,1.23,4.77,4.77
18,13.61,4.39,4.39
4,7.55,-3.55,3.55
2,2.31,-0.31,0.31
0,0.15,-0.15,0.15
0,0.14,-0.14,0.14
2,1.9,0.1,0.1
0,0.02,-0.02,0.02
0,0.65,-0.65,0.65
2,2.55,-0.55,0.55
1,0.38,0.62,0.62
0,0.16,-0.16,0.16
1,3.38,-2.38,2.38
0,0.13,-0.13,0.13
0,1.36,-1.36,1.36
0,0.02,-0.02,0.02
2,0.22,1.78,1.78
0,0.45,-0.45,0.45
0,0.04,-0.04,0.04
2,1.81,0.19,0.19
3,3.1,-0.1,0.1
4,2.88,1.12,1.12
6,3.9,2.1,2.1
0,1.4,-1.4,1.4
2,1.53,0.47,0.47
1,1.23,-0.23,0.23
1,2.5,-1.5,1.5
4,7.01,-3.01,3.01
2,3.55,-1.55,1.55
1,2.68,-1.68,1.68
0,0.05,-0.05,0.05
2,1.12,0.88,0.88
0,0.26,-0.26,0.26
4,3.94,0.06,0.06
0,0.06,-0.06,0.06
0,0.28,-0.28,0.28
0,0.39,-0.39,0.39
0,0.05,-0.05,0.05
1,0.41,0.59,0.59
2,0.51,1.49,1.49
0,1.53,-1.53,1.53
0,2.06,-2.06,2.06
0,0.07,-0.07,0.07
0,0.52,-0.52,0.52
2,1.04,0.96,0.96
0,0.15,-0.15,0.15
2,0.41,1.59,1.59
1,0.67,0.33,0.33
0,2.14,-2.14,2.14
1,1.18,-0.18,0.18
0,0.14,-0.14,0.14
0,0.19,-0.19,0.19
2,0.96,1.04,1.04
2,2.53,-0.53,0.53
0,0.22,-0.22,0.22
3,9.28,-6.28,6.28
1,0.25,0.75,0.75
2,0.42,1.58,1.58
2,0.76,1.24,1.24
1,1.71,-0.71,0.71
0,0.24,-0.24,0.24
0,0.08,-0.08,0.08
0,0.03,-0.03,0.03
1,0.23,0.77,0.77
3,2.92,0.08,0.08
0,0.52,-0.52,0.52
2,2.03,-0.03,0.03
4,2.97,1.03,1.03
0,0.2,-0.2,0.2
0,0.56,-0.56,0.56
2,0.17,1.83,1.83
0,0.75,-0.75,0.75
2,0.24,1.76,1.76
0,0.46,-0.46,0.46
1,0.05,0.95,0.95
0,0.3,-0.3,0.3
0,0.19,-0.19,0.19
1,0.21,0.79,0.79
1,0.56,0.44,0.44
0,0.28,-0.28,0.28
4,2.54,1.46,1.46
0,0.23,-0.23,0.23
0,0.02,-0.02,0.02
3,4.62,-1.62,1.62
0,0.01,-0.01,0.01
4,1.84,2.16,2.16
0,0.02,-0.02,0.02
0,1.94,-1.94,1.94
0,0.04,-0.04,0.04
0,0.45,-0.45,0.45
2,4.21,-2.21,2.21
1,0.53,0.47,0.47
12,16.26,-4.26,4.26
4,2.21,1.79,1.79
4,1.74,2.26,2.26
0,1.0,-1.0,1.0
0,0.05,-0.05,0.05
3,0.79,2.21,2.21
0,0.11,-0.11,0.11
0,0.6,-0.6,0.6
0,0.43,-0.43,0.43
0,0.2,-0.2,0.2
0,1.03,-1.03,1.03
3,1.41,1.59,1.59
0,0.67,-0.67,0.67
2,3.45,-1.45,1.45
4,10.3,-6.3,6.3
0,0.47,-0.47,0.47
0,0.18,-0.18,0.18
0,0.21,-0.21,0.21
0,1.06,-1.06,1.06
6,5.31,0.69,0.69
0,1.34,-1.34,1.34
0,0.49,-0.49,0.49
1,0.66,0.34,0.34
0,0.53,-0.53,0.53
0,0.16,-0.16,0.16
1,0.34,0.66,0.66
1,1.87,-0.87,0.87
0,0.3,-0.3,0.3
0,0.81,-0.81,0.81
0,0.02,-0.02,0.02
0,0.51,-0.51,0.51
0,0.73,-0.73,0.73
1,3.61,-2.61,2.61
0,0.24,-0.24,0.24
1,2.52,-1.52,1.52
0,0.4,-0.4,0.4
0,0.02,-0.02,0.02
0,0.14,-0.14,0.14
0,0.37,-0.37,0.37
1,0.48,0.52,0.52
1,2.44,-1.44,1.44
0,0.32,-0.32,0.32
1,0.27,0.73,0.73
0,1.78,-1.78,1.78
0,0.22,-0.22,0.22
0,0.13,-0.13,0.13
4,2.09,1.91,1.91
1,0.85,0.15,0.15
1,1.57,-0.57,0.57
0,0.02,-0.02,0.02
1,1.27,-0.27,0.27
8,2.39,5.61,5.61
13,11.19,1.81,1.81
0,0.12,-0.12,0.12
0,0.06,-0.06,0.06
0,0.28,-0.28,0.28
0,0.04,-0.04,0.04
0,0.95,-0.95,0.95
2,3.28,-1.28,1.28
6,4.8,1.2,1.2
0,0.15,-0.15,0.15
0,0.13,-0.13,0.13
0,0.15,-0.15,0.15
3,2.74,0.26,0.26
0,1.24,-1.24,1.24
0,0.29,-0.29,0.29
0,0.23,-0.23,0.23
0,0.73,-0.73,0.73
4,2.73,1.27,1.27
0,0.02,-0.02,0.02
2,2.14,-0.14,0.14
2,1.43,0.57,0.57
0,0.46,-0.46,0.46
1,0.26,0.74,0.74
0,1.59,-1.59,1.59
0,2.47,-2.47,2.47
2,1.62,0.38,0.38
0,0.04,-0.04,0.04
0,0.05,-0.05,0.05
0,1.14,-1.14,1.14
0,0.28,-0.28,0.28
0,1.8,-1.8,1.8
2,3.58,-1.58,1.58
1,0.25,0.75,0.75
4,1.86,2.14,2.14
1,1.7,-0.7,0.7
0,0.05,-0.05,0.05
0,0.24,-0.24,0.24
1,0.62,0.38,0.38
0,1.32,-1.32,1.32
0,0.18,-0.18,0.18
0,0.05,-0.05,0.05
0,0.05,-0.05,0.05
0,0.82,-0.82,0.82
0,0.59,-0.59,0.59
0,0.27,-0.27,0.27
0,0.15,-0.15,0.15
0,0.6,-0.6,0.6
0,0.01,-0.01,0.01
1,0.89,0.11,0.11
0,0.18,-0.18,0.18
0,0.37,-0.37,0.37
1,1.29,-0.29,0.29
3,0.88,2.12,2.12
10,3.58,6.42,6.42
0,0.62,-0.62,0.62
2,1.72,0.28,0.28
0,0.02,-0.02,0.02
2,1.6,0.4,0.4
1,0.69,0.31,0.31
0,0.47,-0.47,0.47
1,0.76,0.24,0.24
2,2.9,-0.9,0.9
0,0.58,-0.58,0.58
0,1.14,-1.14,1.14
0,0.09,-0.09,0.09
0,1.02,-1.02,1.02
3,2.6,0.4,0.4
1,0.83,0.17,0.17
0,0.16,-0.16,0.16
3,1.68,1.32,1.32
0,0.32,-0.32,0.32
2,0.84,1.16,1.16
0,0.83,-0.83,0.83
0,1.2,-1.2,1.2
1,0.61,0.39,0.39
1,0.74,0.26,0.26
1,0.35,0.65,0.65
0,0.65,-0.65,0.65
0,0.07,-0.07,0.07
0,1.15,-1.15,1.15
0,0.65,-0.65,0.65
6,1.44,4.56,4.56
3,0.29,2.71,2.71
0,0.55,-0.55,0.55
2,1.92,0.08,0.08
2,0.83,1.17,1.17
3,0.63,2.37,2.37
0,0.53,-0.53,0.53
38,22.7,15.3,15.3
0,0.18,-0.18,0.18
5,9.72,-4.72,4.72
1,0.26,0.74,0.74
8,2.85,5.15,5.15
1,0.12,0.88,0.88
1,0.87,0.13,0.13
0,0.16,-0.16,0.16
0,0.07,-0.07,0.07
0,1.21,-1.21,1.21
0,0.83,-0.83,0.83
1,0.89,0.11,0.11
19,14.41,4.59,4.59
0,0.21,-0.21,0.21
0,0.45,-0.45,0.45
1,0.18,0.82,0.82
0,0.62,-0.62,0.62
0,0.86,-0.86,0.86
0,0.5,-0.5,0.5
1,1.85,-0.85,0.85
6,3.64,2.36,2.36
3,0.22,2.78,2.78
0,0.51,-0.51,0.51
2,0.91,1.09,1.09
0,0.13,-0.13,0.13
1,0.71,0.29,0.29
0,0.12,-0.12,0.12
0,0.03,-0.03,0.03
1,1.32,-0.32,0.32
1,0.42,0.58,0.58
0,0.08,-0.08,0.08
1,0.52,0.48,0.48
0,0.14,-0.14,0.14
0,0.91,-0.91,0.91
0,0.01,-0.01,0.01
0,0.65,-0.65,0.65
15,17.11,-2.11,2.11
1,1.58,-0.58,0.58
0,0.08,-0.08,0.08
0,1.72,-1.72,1.72
0,1.25,-1.25,1.25
0,0.02,-0.02,0.02
0,0.08,-0.08,0.08
0,0.6,-0.6,0.6
12,5.99,6.01,6.01
0,0.21,-0.21,0.21
0,0.16,-0.16,0.16
2,2.66,-0.66,0.66
0,0.28,-0.28,0.28
0,0.22,-0.22,0.22
0,0.25,-0.25,0.25
0,0.0,0.0,0.0
0,0.11,-0.11,0.11
1,1.91,-0.91,0.91
5,1.73,3.27,3.27
0,0.03,-0.03,0.03
0,0.75,-0.75,0.75
0,0.05,-0.05,0.05
0,0.06,-0.06,0.06
11,10.83,0.17,0.17
0,0.11,-0.11,0.11
0,0.32,-0.32,0.32
2,1.99,0.01,0.01
1,0.4,0.6,0.6
0,0.68,-0.68,0.68
0,0.2,-0.2,0.2
1,1.36,-0.36,0.36
0,3.9,-3.9,3.9
0,1.38,-1.38,1.38
0,0.07,-0.07,0.07
0,0.66,-0.66,0.66
0,0.3,-0.3,0.3
0,0.0,0.0,0.0
4,8.24,-4.24,4.24
0,0.52,-0.52,0.52
0,0.21,-0.21,0.21
0,0.57,-0.57,0.57
0,0.92,-0.92,0.92
2,1.23,0.77,0.77
2,0.07,1.93,1.93
1,0.66,0.34,0.34
0,2.05,-2.05,2.05
22,28.57,-6.57,6.57
0,1.64,-1.64,1.64
0,0.65,-0.65,0.65
1,2.36,-1.36,1.36
2,1.32,0.68,0.68
0,0.01,-0.01,0.01
0,0.01,-0.01,0.01
0,0.14,-0.14,0.14
0,0.03,-0.03,0.03
0,0.19,-0.19,0.19
0,0.0,-0.0,0.0
0,0.17,-0.17,0.17
5,1.14,3.86,3.86
1,1.26,-0.26,0.26
2,0.45,1.55,1.55
1,1.31,-0.31,0.31
0,0.26,-0.26,0.26
0,0.75,-0.75,0.75
0,0.2,-0.2,0.2
0,0.43,-0.43,0.43
1,0.98,0.02,0.02
1,0.5,0.5,0.5
0,0.45,-0.45,0.45
2,0.61,1.39,1.39
0,0.04,-0.04,0.04
0,1.71,-1.71,1.71
1,0.82,0.18,0.18
5,1.93,3.07,3.07
1,4.9,-3.9,3.9
0,0.43,-0.43,0.43
0,0.06,-0.06,0.06
0,0.0,-0.0,0.0
0,0.31,-0.31,0.31
0,0.06,-0.06,0.06
1,10.84,-9.84,9.84
4,1.11,2.89,2.89
0,2.6,-2.6,2.6
0,0.23,-0.23,0.23
5,1.06,3.94,3.94
1,0.78,0.22,0.22
0,0.16,-0.16,0.16
0,0.01,-0.01,0.01
0,0.16,-0.16,0.16
2,0.52,1.48,1.48
0,0.29,-0.29,0.29
1,0.33,0.67,0.67
0,0.23,-0.23,0.23
6,3.0,3.0,3.0
3,2.06,0.94,0.94
1,1.6,-0.6,0.6
0,0.03,-0.03,0.03
0,0.02,-0.02,0.02
1,6.2,-5.2,5.2
1,0.44,0.56,0.56
3,1.48,1.52,1.52
0,0.4,-0.4,0.4
0,0.41,-0.41,0.41
0,0.66,-0.66,0.66
0,0.32,-0.32,0.32
0,0.02,-0.02,0.02
0,2.83,-2.83,2.83
1,0.72,0.28,0.28
0,0.25,-0.25,0.25
0,0.11,-0.11,0.11
0,0.16,-0.16,0.16
0,1.38,-1.38,1.38
6,5.54,0.46,0.46
1,2.29,-1.29,1.29
0,0.01,-0.01,0.01
0,0.22,-0.22,0.22
1,0.96,0.04,0.04
0,0.05,-0.05,0.05
0,0.0,-0.0,0.0
0,0.0,-0.0,0.0
2,3.23,-1.23,1.23
3,1.29,1.71,1.71
2,7.48,-5.48,5.48
0,0.0,0.0,0.0
0,0.11,-0.11,0.11
1,0.09,0.91,0.91
0,0.74,-0.74,0.74
0,0.01,-0.01,0.01
0,0.03,-0.03,0.03
1,1.26,-0.26,0.26
0,0.38,-0.38,0.38
0,0.06,-0.06,0.06
0,0.97,-0.97,0.97
2,0.62,1.38,1.38
0,0.96,-0.96,0.96
2,2.57,-0.57,0.57
0,0.32,-0.32,0.32
1,0.1,0.9,0.9
0,0.16,-0.16,0.16
1,4.46,-3.46,3.46
2,2.19,-0.19,0.19
3,2.48,0.52,0.52
0,0.0,0.0,0.0
0,1.03,-1.03,1.03
0,0.03,-0.03,0.03
14,12.17,1.83,1.83
0,0.23,-0.23,0.23
6,0.91,5.09,5.09
0,0.51,-0.51,0.51
0,0.23,-0.23,0.23
0,0.35,-0.35,0.35
0,0.08,-0.08,0.08
0,0.21,-0.21,0.21
0,0.44,-0.44,0.44
0,0.31,-0.31,0.31
5,0.58,4.42,4.42
0,0.18,-0.18,0.18
0,0.0,0.0,0.0
0,0.04,-0.04,0.04
1,1.66,-0.66,0.66
0,1.13,-1.13,1.13
1,1.08,-0.08,0.08
3,1.46,1.54,1.54
0,0.71,-0.71,0.71
1,1.97,-0.97,0.97
0,0.23,-0.23,0.23
0,0.01,-0.01,0.01
10,7.91,2.09,2.09
0,0.06,-0.06,0.06
0,0.74,-0.74,0.74
0,0.37,-0.37,0.37
8,10.04,-2.04,2.04
0,0.15,-0.15,0.15
1,0.29,0.71,0.71
5,1.49,3.51,3.51
0,0.77,-0.77,0.77
7,2.56,4.44,4.44
3,1.54,1.46,1.46
1,0.23,0.77,0.77
0,0.39,-0.39,0.39
0,0.01,-0.01,0.01
0,0.6,-0.6,0.6
0,0.19,-0.19,0.19
1,0.1,0.9,0.9
0,0.4,-0.4,0.4
1,0.45,0.55,0.55
0,0.14,-0.14,0.14
0,0.18,-0.18,0.18
4,1.17,2.83,2.83
1,0.84,0.16,0.16
3,0.66,2.34,2.34
0,0.29,-0.29,0.29
1,0.46,0.54,0.54
0,0.52,-0.52,0.52
0,1.55,-1.55,1.55
1,0.52,0.48,0.48
0,0.29,-0.29,0.29
0,0.07,-0.07,0.07
0,0.36,-0.36,0.36
0,0.52,-0.52,0.52
0,2.66,-2.66,2.66
0,0.15,-0.15,0.15
0,0.25,-0.25,0.25
1,0.71,0.29,0.29
0,0.06,-0.06,0.06
0,0.03,-0.03,0.03
0,0.04,-0.04,0.04
0,0.39,-0.39,0.39
0,0.03,-0.03,0.03
3,2.29,0.71,0.71
1,0.11,0.89,0.89
0,0.88,-0.88,0.88
0,2.03,-2.03,2.03
0,0.02,-0.02,0.02
0,0.14,-0.14,0.14
1,0.89,0.11,0.11
0,0.11,-0.11,0.11
1,0.83,0.17,0.17
1,0.22,0.78,0.78
0,0.56,-0.56,0.56
0,0.02,-0.02,0.02
0,1.73,-1.73,1.73
0,1.45,-1.45,1.45
9,3.17,5.83,5.83
1,0.3,0.7,0.7
0,0.54,-0.54,0.54
0,0.27,-0.27,0.27
0,0.06,-0.06,0.06
0,1.93,-1.93,1.93
0,1.16,-1.16,1.16
0,0.13,-0.13,0.13
1,0.21,0.79,0.79
1,2.78,-1.78,1.78
0,0.53,-0.53,0.53
0,0.04,-0.04,0.04
0,0.21,-0.21,0.21
0,1.36,-1.36,1.36
0,0.39,-0.39,0.39
1,2.22,-1.22,1.22
3,1.31,1.69,1.69
0,0.18,-0.18,0.18
1,3.6,-2.6,2.6
0,0.29,-0.29,0.29
1,1.56,-0.56,0.56
0,0.47,-0.47,0.47
0,0.01,-0.01,0.01
0,0.04,-0.04,0.04
1,1.74,-0.74,0.74
0,0.06,-0.06,0.06
1,0.2,0.8,0.8
0,1.48,-1.48,1.48
0,0.03,-0.03,0.03
0,0.19,-0.19,0.19
2,0.33,1.67,1.67
7,5.65,1.35,1.35
0,0.03,-0.03,0.03
0,0.21,-0.21,0.21
1,0.15,0.85,0.85
0,1.35,-1.35,1.35
1,1.84,-0.84,0.84
1,0.65,0.35,0.35
0,0.46,-0.46,0.46
2,1.66,0.34,0.34
0,0.47,-0.47,0.47
1,0.47,0.53,0.53
0,0.62,-0.62,0.62
2,1.3,0.7,0.7
1,1.44,-0.44,0.44
1,0.12,0.88,0.88
2,0.83,1.17,1.17
3,0.36,2.64,2.64
0,6.79,-6.79,6.79
0,0.56,-0.56,0.56
0,0.13,-0.13,0.13
0,0.15,-0.15,0.15
1,0.18,0.82,0.82
0,0.68,-0.68,0.68
0,0.46,-0.46,0.46
1,1.52,-0.52,0.52
1,0.54,0.46,0.46
0,0.11,-0.11,0.11
0,1.59,-1.59,1.59
1,5.15,-4.15,4.15
0,0.13,-0.13,0.13
0,0.32,-0.32,0.32
1,0.15,0.85,0.85
0,0.07,-0.07,0.07
0,0.2,-0.2,0.2
0,0.81,-0.81,0.81
0,0.08,-0.08,0.08
1,1.91,-0.91,0.91
1,0.31,0.69,0.69
0,0.21,-0.21,0.21
0,0.07,-0.07,0.07
2,0.21,1.79,1.79
1,0.51,0.49,0.49
3,0.69,2.31,2.31
0,0.52,-0.52,0.52
0,0.94,-0.94,0.94
7,1.73,5.27,5.27
1,0.68,0.32,0.32
1,0.14,0.86,0.86
5,2.24,2.76,2.76
0,0.06,-0.06,0.06
0,0.11,-0.11,0.11
4,2.6,1.4,1.4
0,0.4,-0.4,0.4
0,0.05,-0.05,0.05
5,1.2,3.8,3.8
0,0.11,-0.11,0.11
21,7.41,13.59,13.59
0,0.0,-0.0,0.0
0,0.36,-0.36,0.36
0,0.13,-0.13,0.13
0,0.0,0.0,0.0
0,0.41,-0.41,0.41
0,0.19,-0.19,0.19
0,0.12,-0.12,0.12
2,0.33,1.67,1.67
3,1.86,1.14,1.14
0,0.36,-0.36,0.36
2,5.75,-3.75,3.75
5,3.16,1.84,1.84
3,2.16,0.84,0.84
0,0.19,-0.19,0.19
0,0.46,-0.46,0.46
0,0.74,-0.74,0.74
0,0.08,-0.08,0.08
0,0.16,-0.16,0.16
1,0.64,0.36,0.36
0,0.35,-0.35,0.35
11,1.94,9.06,9.06
1,0.31,0.69,0.69
0,0.06,-0.06,0.06
0,0.2,-0.2,0.2
0,2.11,-2.11,2.11
0,0.25,-0.25,0.25
0,0.1,-0.1,0.1
0,0.26,-0.26,0.26
1,1.49,-0.49,0.49
0,0.01,-0.01,0.01
1,0.39,0.61,0.61
11,13.59,-2.59,2.59
0,0.01,-0.01,0.01
2,1.15,0.85,0.85
3,0.95,2.05,2.05
0,0.1,-0.1,0.1
5,2.69,2.31,2.31
0,0.4,-0.4,0.4
1,0.47,0.53,0.53
0,0.23,-0.23,0.23
2,2.32,-0.32,0.32
4,1.57,2.43,2.43
2,0.3,1.7,1.7
0,1.46,-1.46,1.46
0,0.87,-0.87,0.87
0,0.01,-0.01,0.01
0,0.13,-0.13,0.13
0,0.07,-0.07,0.07
0,0.02,-0.02,0.02
1,2.53,-1.53,1.53
0,1.24,-1.24,1.24
1,1.83,-0.83,0.83
2,2.79,-0.79,0.79
0,0.37,-0.37,0.37
1,0.67,0.33,0.33
0,0.31,-0.31,0.31
0,0.01,-0.01,0.01
4,1.18,2.82,2.82
0,0.77,-0.77,0.77
0,1.34,-1.34,1.34
0,0.48,-0.48,0.48
0,0.21,-0.21,0.21
0,0.32,-0.32,0.32
2,0.22,1.78,1.78
3,2.27,0.73,0.73
0,0.54,-0.54,0.54
0,0.64,-0.64,0.64
0,0.14,-0.14,0.14
0,0.04,-0.04,0.04
3,2.89,0.11,0.11
0,0.22,-0.22,0.22
0,0.34,-0.34,0.34
0,0.21,-0.21,0.21
2,0.93,1.07,1.07
0,0.4,-0.4,0.4
0,0.23,-0.23,0.23
0,0.69,-0.69,0.69
0,0.02,-0.02,0.02
0,0.15,-0.15,0.15
5,0.59,4.41,4.41
0,1.05,-1.05,1.05
0,0.19,-0.19,0.19
0,0.18,-0.18,0.18
0,0.24,-0.24,0.24
0,0.03,-0.03,0.03
1,0.29,0.71,0.71
0,0.48,-0.48,0.48
0,0.15,-0.15,0.15
0,0.11,-0.11,0.11
4,3.06,0.94,0.94
0,0.95,-0.95,0.95
0,0.4,-0.4,0.4
1,1.16,-0.16,0.16
2,1.98,0.02,0.02
0,0.11,-0.11,0.11
0,0.17,-0.17,0.17
0,0.01,-0.01,0.01
2,1.46,0.54,0.54
1,2.05,-1.05,1.05
3,2.09,0.91,0.91
0,0.39,-0.39,0.39
0,0.49,-0.49,0.49
1,0.32,0.68,0.68
4,0.94,3.06,3.06
1,1.42,-0.42,0.42
1,1.81,-0.81,0.81
1,0.31,0.69,0.69
0,0.26,-0.26,0.26
0,0.16,-0.16,0.16
0,0.15,-0.15,0.15
0,0.81,-0.81,0.81
0,1.06,-1.06,1.06
0,0.43,-0.43,0.43
0,0.73,-0.73,0.73
0,0.48,-0.48,0.48
5,1.58,3.42,3.42
0,0.03,-0.03,0.03
0,0.08,-0.08,0.08
0,0.0,-0.0,0.0
0,0.41,-0.41,0.41
1,2.56,-1.56,1.56
1,0.41,0.59,0.59
1,0.79,0.21,0.21
1,0.38,0.62,0.62
0,0.05,-0.05,0.05
2,2.35,-0.35,0.35
0,0.02,-0.02,0.02
0,3.42,-3.42,3.42
1,1.71,-0.71,0.71
0,1.55,-1.55,1.55
1,1.32,-0.32,0.32
0,0.5,-0.5,0.5
0,0.25,-0.25,0.25
2,0.23,1.77,1.77
0,0.44,-0.44,0.44
0,0.23,-0.23,0.23
0,0.14,-0.14,0.14
0,0.0,-0.0,0.0
0,0.28,-0.28,0.28
1,1.59,-0.59,0.59
0,0.08,-0.08,0.08
1,0.65,0.35,0.35
0,0.02,-0.02,0.02
0,0.04,-0.04,0.04
1,0.85,0.15,0.15
1,1.97,-0.97,0.97
0,0.15,-0.15,0.15
0,0.0,0.0,0.0
1,0.28,0.72,0.72
0,0.17,-0.17,0.17
2,1.5,0.5,0.5
1,0.36,0.64,0.64
0,0.28,-0.28,0.28
5,1.43,3.57,3.57
0,0.42,-0.42,0.42
0,0.27,-0.27,0.27
0,0.12,-0.12,0.12
0,0.01,-0.01,0.01
1,0.56,0.44,0.44
0,0.42,-0.42,0.42
0,0.01,-0.01,0.01
1,0.64,0.36,0.36
0,0.26,-0.26,0.26
1,0.34,0.66,0.66
0,1.49,-1.49,1.49
0,0.71,-0.71,0.71
6,7.29,-1.29,1.29
0,0.52,-0.52,0.52
2,2.0,-0.0,0.0
0,0.02,-0.02,0.02
0,0.24,-0.24,0.24
1,1.72,-0.72,0.72
7,3.64,3.36,3.36
0,0.01,-0.01,0.01
0,2.46,-2.46,2.46
0,0.13,-0.13,0.13
0,1.18,-1.18,1.18
0,0.31,-0.31,0.31
0,0.63,-0.63,0.63
2,2.84,-0.84,0.84
0,0.05,-0.05,0.05
0,0.18,-0.18,0.18
0,0.17,-0.17,0.17
0,0.15,-0.15,0.15
1,1.94,-0.94,0.94
0,0.76,-0.76,0.76
0,0.61,-0.61,0.61
0,0.12,-0.12,0.12
0,1.54,-1.54,1.54
0,0.15,-0.15,0.15
1,1.17,-0.17,0.17
0,0.16,-0.16,0.16
0,0.98,-0.98,0.98
0,0.12,-0.12,0.12
2,1.86,0.14,0.14
0,0.62,-0.62,0.62
0,0.33,-0.33,0.33
0,0.01,-0.01,0.01
0,0.16,-0.16,0.16
1,0.89,0.11,0.11
3,3.73,-0.73,0.73
0,0.21,-0.21,0.21
3,0.57,2.43,2.43
0,0.34,-0.34,0.34
2,2.1,-0.1,0.1
4,1.5,2.5,2.5
0,0.05,-0.05,0.05
0,0.01,-0.01,0.01
0,0.2,-0.2,0.2
0,2.22,-2.22,2.22
0,0.04,-0.04,0.04
0,0.44,-0.44,0.44
0,0.21,-0.21,0.21
0,0.62,-0.62,0.62
0,0.23,-0.23,0.23
0,0.39,-0.39,0.39
0,0.03,-0.03,0.03
0,0.22,-0.22,0.22
0,0.05,-0.05,0.05
0,0.2,-0.2,0.2
0,0.58,-0.58,0.58
2,0.79,1.21,1.21
1,0.13,0.87,0.87
0,0.03,-0.03,0.03
0,0.63,-0.63,0.63
0,0.43,-0.43,0.43
0,0.26,-0.26,0.26
0,0.43,-0.43,0.43
3,1.32,1.68,1.68
0,0.5,-0.5,0.5
0,0.68,-0.68,0.68
0,0.01,-0.01,0.01
0,0.03,-0.03,0.03
0,0.12,-0.12,0.12
1,0.46,0.54,0.54
1,0.47,0.53,0.53
4,1.0,3.0,3.0
2,6.17,-4.17,4.17
0,0.29,-0.29,0.29
0,0.42,-0.42,0.42
0,0.63,-0.63,0.63
0,0.03,-0.03,0.03
0,0.2,-0.2,0.2
1,0.87,0.13,0.13
0,1.31,-1.31,1.31
0,0.14,-0.14,0.14
0,0.15,-0.15,0.15
0,1.66,-1.66,1.66
0,0.0,-0.0,0.0
0,0.17,-0.17,0.17
0,0.3,-0.3,0.3
1,0.3,0.7,0.7
0,0.26,-0.26,0.26
1,0.35,0.65,0.65
0,0.17,-0.17,0.17
0,0.35,-0.35,0.35
0,0.29,-0.29,0.29
1,1.57,-0.57,0.57
1,0.87,0.13,0.13
3,3.78,-0.78,0.78
1,0.14,0.86,0.86
3,1.15,1.85,1.85
0,0.05,-0.05,0.05
0,0.37,-0.37,0.37
7,4.16,2.84,2.84
0,1.07,-1.07,1.07
0,1.29,-1.29,1.29
0,0.29,-0.29,0.29
1,0.4,0.6,0.6
2,1.69,0.31,0.31
2,1.4,0.6,0.6
0,0.45,-0.45,0.45
0,0.25,-0.25,0.25
0,0.0,0.0,0.0
4,5.54,-1.54,1.54
0,0.18,-0.18,0.18
0,0.19,-0.19,0.19
0,1.25,-1.25,1.25
0,2.15,-2.15,2.15
0,0.38,-0.38,0.38
1,0.18,0.82,0.82
1,0.38,0.62,0.62
1,0.99,0.01,0.01
0,1.79,-1.79,1.79
0,0.02,-0.02,0.02
0,0.04,-0.04,0.04
1,0.0,1.0,1.0
1,0.4,0.6,0.6
3,1.67,1.33,1.33
1,0.59,0.41,0.41
3,3.91,-0.91,0.91
0,0.2,-0.2,0.2
2,1.41,0.59,0.59
0,0.19,-0.19,0.19
0,0.11,-0.11,0.11
1,0.53,0.47,0.47
0,0.43,-0.43,0.43
1,2.07,-1.07,1.07
0,0.05,-0.05,0.05
0,0.25,-0.25,0.25
1,0.45,0.55,0.55
0,0.28,-0.28,0.28
0,0.48,-0.48,0.48
1,0.3,0.7,0.7
0,0.09,-0.09,0.09
0,0.02,-0.02,0.02
0,1.12,-1.12,1.12
0,0.35,-0.35,0.35
2,0.48,1.52,1.52
0,0.0,0.0,0.0
2,2.19,-0.19,0.19
0,0.15,-0.15,0.15
0,0.03,-0.03,0.03
0,1.5,-1.5,1.5
0,0.69,-0.69,0.69
0,0.29,-0.29,0.29
0,0.96,-0.96,0.96
0,0.33,-0.33,0.33
0,0.74,-0.74,0.74
0,0.27,-0.27,0.27
0,0.36,-0.36,0.36
2,1.52,0.48,0.48
0,0.39,-0.39,0.39
4,1.47,2.53,2.53
0,0.31,-0.31,0.31
0,0.0,0.0,0.0
0,0.18,-0.18,0.18
0,0.17,-0.17,0.17
0,0.32,-0.32,0.32
0,0.17,-0.17,0.17
1,1.78,-0.78,0.78
0,0.37,-0.37,0.37
0,0.17,-0.17,0.17
0,0.26,-0.26,0.26
0,1.67,-1.67,1.67
0,0.34,-0.34,0.34
0,0.06,-0.06,0.06
1,0.46,0.54,0.54
0,0.33,-0.33,0.33
0,0.19,-0.19,0.19
0,0.32,-0.32,0.32
0,0.05,-0.05,0.05
0,0.01,-0.01,0.01
0,0.1,-0.1,0.1
1,0.51,0.49,0.49
0,0.91,-0.91,0.91
0,0.29,-0.29,0.29
1,0.94,0.06,0.06
0,0.05,-0.05,0.05
1,1.05,-0.05,0.05
0,0.51,-0.51,0.51
0,1.99,-1.99,1.99
2,0.66,1.34,1.34
0,0.65,-0.65,0.65
0,0.11,-0.11,0.11
0,0.58,-0.58,0.58
0,0.1,-0.1,0.1
1,1.26,-0.26,0.26
0,0.11,-0.11,0.11
3,2.75,0.25,0.25
0,0.34,-0.34,0.34
1,0.34,0.66,0.66
8,6.35,1.65,1.65
0,0.02,-0.02,0.02
0,0.23,-0.23,0.23
1,0.0,1.0,1.0
0,0.28,-0.28,0.28
0,0.5,-0.5,0.5
0,0.76,-0.76,0.76
0,0.05,-0.05,0.05
2,6.88,-4.88,4.88
0,0.21,-0.21,0.21
0,0.01,-0.01,0.01
3,1.81,1.19,1.19
0,0.43,-0.43,0.43
0,0.43,-0.43,0.43
0,0.05,-0.05,0.05
1,0.2,0.8,0.8
3,1.39,1.61,1.61
0,0.03,-0.03,0.03
0,0.18,-0.18,0.18
0,0.26,-0.26,0.26
0,0.17,-0.17,0.17
7,3.24,3.76,3.76
0,0.01,-0.01,0.01
0,1.28,-1.28,1.28
0,0.41,-0.41,0.41
0,0.07,-0.07,0.07
3,1.83,1.17,1.17
1,0.53,0.47,0.47
0,0.16,-0.16,0.16
0,0.3,-0.3,0.3
0,0.83,-0.83,0.83
1,0.89,0.11,0.11
0,0.15,-0.15,0.15
3,1.79,1.21,1.21
0,0.1,-0.1,0.1
2,1.41,0.59,0.59
0,0.01,-0.01,0.01
0,1.94,-1.94,1.94
0,0.37,-0.37,0.37
7,3.21,3.79,3.79
0,0.13,-0.13,0.13
0,0.19,-0.19,0.19
0,0.2,-0.2,0.2
0,0.0,-0.0,0.0
1,2.24,-1.24,1.24
0,0.9,-0.9,0.9
0,0.18,-0.18,0.18
0,0.22,-0.22,0.22
1,0.15,0.85,0.85
0,0.34,-0.34,0.34
3,1.58,1.42,1.42
2,1.97,0.03,0.03
0,0.52,-0.52,0.52
0,0.11,-0.11,0.11
0,0.14,-0.14,0.14
0,0.0,0.0,0.0
0,0.31,-0.31,0.31
2,1.42,0.58,0.58
0,0.15,-0.15,0.15
1,0.65,0.35,0.35
1,1.29,-0.29,0.29
0,0.26,-0.26,0.26
0,0.11,-0.11,0.11
2,2.28,-0.28,0.28
1,0.84,0.16,0.16
2,1.76,0.24,0.24
10,3.28,6.72,6.72
1,0.73,0.27,0.27
0,0.14,-0.14,0.14
1,1.74,-0.74,0.74
0,1.1,-1.1,1.1
0,0.55,-0.55,0.55
0,0.11,-0.11,0.11
0,0.34,-0.34,0.34
0,0.03,-0.03,0.03
1,0.96,0.04,0.04
0,0.35,-0.35,0.35
2,2.53,-0.53,0.53
0,0.01,-0.01,0.01
1,0.2,0.8,0.8
3,3.0,-0.0,0.0
6,3.82,2.18,2.18
2,1.86,0.14,0.14
1,0.69,0.31,0.31
0,0.21,-0.21,0.21
0,0.23,-0.23,0.23
0,1.21,-1.21,1.21
2,1.43,0.57,0.57
0,1.04,-1.04,1.04
0,0.66,-0.66,0.66
0,0.0,0.0,0.0
0,0.57,-0.57,0.57
0,0.03,-0.03,0.03
2,0.38,1.62,1.62
0,0.46,-0.46,0.46
0,0.6,-0.6,0.6
0,1.62,-1.62,1.62
0,0.0,-0.0,0.0
0,1.49,-1.49,1.49
0,0.61,-0.61,0.61
0,0.22,-0.22,0.22
0,0.04,-0.04,0.04
4,0.79,3.21,3.21
2,0.67,1.33,1.33
0,0.37,-0.37,0.37
0,0.43,-0.43,0.43
0,1.25,-1.25,1.25
4,2.09,1.91,1.91
0,0.15,-0.15,0.15
0,0.36,-0.36,0.36
0,0.09,-0.09,0.09
1,1.24,-0.24,0.24
0,0.63,-0.63,0.63
0,1.34,-1.34,1.34
1,0.56,0.44,0.44
0,0.14,-0.14,0.14
0,0.13,-0.13,0.13
0,0.04,-0.04,0.04
0,0.38,-0.38,0.38
0,0.13,-0.13,0.13
0,0.1,-0.1,0.1
0,0.27,-0.27,0.27
0,0.11,-0.11,0.11
3,1.38,1.62,1.62
0,0.66,-0.66,0.66
0,0.0,-0.0,0.0
0,1.04,-1.04,1.04
0,1.17,-1.17,1.17
0,0.26,-0.26,0.26
0,0.16,-0.16,0.16
4,2.35,1.65,1.65
1,0.13,0.87,0.87
0,1.67,-1.67,1.67
1,2.16,-1.16,1.16
0,1.09,-1.09,1.09
0,0.48,-0.48,0.48
2,2.14,-0.14,0.14
3,1.53,1.47,1.47
0,1.18,-1.18,1.18
0,0.7,-0.7,0.7
0,0.06,-0.06,0.06
0,0.04,-0.04,0.04
20,13.72,6.28,6.28
0,0.35,-0.35,0.35
2,1.93,0.07,0.07
0,0.14,-0.14,0.14
0,0.25,-0.25,0.25
0,0.22,-0.22,0.22
0,0.14,-0.14,0.14
0,0.44,-0.44,0.44
0,0.08,-0.08,0.08
0,1.16,-1.16,1.16
1,1.53,-0.53,0.53
0,0.05,-0.05,0.05
1,0.17,0.83,0.83
0,0.24,-0.24,0.24
0,0.11,-0.11,0.11
1,0.08,0.92,0.92
0,0.15,-0.15,0.15
0,1.4,-1.4,1.4
0,0.18,-0.18,0.18
0,0.0,-0.0,0.0
4,1.15,2.85,2.85
0,9.59,-9.59,9.59
0,0.12,-0.12,0.12
0,2.95,-2.95,2.95
0,0.22,-0.22,0.22
0,0.02,-0.02,0.02
0,0.01,-0.01,0.01
2,0.76,1.24,1.24
0,0.6,-0.6,0.6
0,0.09,-0.09,0.09
4,3.32,0.68,0.68
0,0.11,-0.11,0.11
2,2.3,-0.3,0.3
0,0.32,-0.32,0.32
0,0.3,-0.3,0.3
0,0.21,-0.21,0.21
3,1.2,1.8,1.8
0,3.8,-3.8,3.8
1,0.63,0.37,0.37
1,0.59,0.41,0.41
0,0.04,-0.04,0.04
3,4.5,-1.5,1.5
1,1.15,-0.15,0.15
0,0.0,0.0,0.0
0,0.14,-0.14,0.14
4,3.21,0.79,0.79
1,2.25,-1.25,1.25
2,0.8,1.2,1.2
0,0.0,0.0,0.0
0,1.29,-1.29,1.29
22,4.22,17.78,17.78
0,0.0,0.0,0.0
0,0.65,-0.65,0.65
9,8.58,0.42,0.42
0,0.23,-0.23,0.23
0,1.8,-1.8,1.8
0,0.63,-0.63,0.63
0,0.2,-0.2,0.2
1,1.38,-0.38,0.38
3,0.2,2.8,2.8
0,0.06,-0.06,0.06
0,0.07,-0.07,0.07
7,8.25,-1.25,1.25
0,1.2,-1.2,1.2
0,0.0,0.0,0.0
0,0.04,-0.04,0.04
0,0.02,-0.02,0.02
0,0.0,0.0,0.0
0,0.37,-0.37,0.37
2,1.29,0.71,0.71
0,0.02,-0.02,0.02
0,1.52,-1.52,1.52
1,2.14,-1.14,1.14
0,4.12,-4.12,4.12
0,0.62,-0.62,0.62
1,0.34,0.66,0.66
0,0.23,-0.23,0.23
0,0.67,-0.67,0.67
2,1.2,0.8,0.8
3,1.05,1.95,1.95
1,2.14,-1.14,1.14
1,0.65,0.35,0.35
5,0.66,4.34,4.34
1,1.28,-0.28,0.28
0,0.01,-0.01,0.01
1,0.21,0.79,0.79
0,1.61,-1.61,1.61
3,1.4,1.6,1.6
0,1.5,-1.5,1.5
1,0.76,0.24,0.24
0,0.49,-0.49,0.49
0,0.89,-0.89,0.89
0,0.02,-0.02,0.02
3,1.75,1.25,1.25
1,0.96,0.04,0.04
0,2.07,-2.07,2.07
0,0.48,-0.48,0.48
0,0.82,-0.82,0.82
0,0.01,-0.01,0.01
1,0.13,0.87,0.87
4,0.96,3.04,3.04
1,1.26,-0.26,0.26
0,0.0,0.0,0.0
0,0.12,-0.12,0.12
0,0.05,-0.05,0.05
1,0.39,0.61,0.61
0,0.54,-0.54,0.54
0,0.38,-0.38,0.38
2,1.11,0.89,0.89
0,0.45,-0.45,0.45
14,28.82,-14.82,14.82
0,0.15,-0.15,0.15
0,0.13,-0.13,0.13
0,0.16,-0.16,0.16
0,0.0,0.0,0.0
2,1.37,0.63,0.63
0,0.47,-0.47,0.47
0,0.66,-0.66,0.66
0,0.73,-0.73,0.73
1,0.43,0.57,0.57
0,1.28,-1.28,1.28
1,1.16,-0.16,0.16
0,0.13,-0.13,0.13
0,0.06,-0.06,0.06
0,0.24,-0.24,0.24
0,0.29,-0.29,0.29
1,1.4,-0.4,0.4
0,0.09,-0.09,0.09
0,1.22,-1.22,1.22
3,3.05,-0.05,0.05
1,0.25,0.75,0.75
0,0.13,-0.13,0.13
1,0.41,0.59,0.59
0,0.02,-0.02,0.02
0,0.62,-0.62,0.62
3,10.45,-7.45,7.45
8,1.28,6.72,6.72
0,0.23,-0.23,0.23
2,1.44,0.56,0.56
0,0.01,-0.01,0.01
0,0.14,-0.14,0.14
6,2.38,3.62,3.62
0,0.96,-0.96,0.96
2,2.18,-0.18,0.18
0,0.28,-0.28,0.28
1,1.72,-0.72,0.72
1,1.94,-0.94,0.94
0,0.66,-0.66,0.66
0,0.03,-0.03,0.03
0,0.15,-0.15,0.15
0,0.0,0.0,0.0
0,0.07,-0.07,0.07
0,0.33,-0.33,0.33
3,2.14,0.86,0.86
0,0.19,-0.19,0.19
0,0.14,-0.14,0.14
0,0.0,-0.0,0.0
0,1.15,-1.15,1.15
0,0.15,-0.15,0.15
0,0.34,-0.34,0.34
0,1.63,-1.63,1.63
0,0.17,-0.17,0.17
0,0.24,-0.24,0.24
0,0.49,-0.49,0.49
1,1.04,-0.04,0.04
0,1.45,-1.45,1.45
0,0.8,-0.8,0.8
0,0.47,-0.47,0.47
0,0.15,-0.15,0.15
0,0.73,-0.73,0.73
0,0.1,-0.1,0.1
0,0.01,-0.01,0.01
2,0.71,1.29,1.29
0,0.02,-0.02,0.02
0,0.03,-0.03,0.03
0,0.15,-0.15,0.15
1,0.75,0.25,0.25
0,0.01,-0.01,0.01
0,0.49,-0.49,0.49
4,1.52,2.48,2.48
2,1.39,0.61,0.61
14,9.88,4.12,4.12
0,0.16,-0.16,0.16
0,0.0,0.0,0.0
0,0.62,-0.62,0.62
0,0.0,-0.0,0.0
0,1.37,-1.37,1.37
3,0.78,2.22,2.22
0,0.0,0.0,0.0
0,0.06,-0.06,0.06
0,0.2,-0.2,0.2
0,0.03,-0.03,0.03
13,2.78,10.22,10.22
0,0.15,-0.15,0.15
0,0.17,-0.17,0.17
0,0.91,-0.91,0.91
9,9.27,-0.27,0.27
0,0.05,-0.05,0.05
0,0.41,-0.41,0.41
0,0.04,-0.04,0.04
0,0.32,-0.32,0.32
4,1.43,2.57,2.57
0,0.06,-0.06,0.06
0,0.01,-0.01,0.01
0,0.19,-0.19,0.19
1,3.67,-2.67,2.67
0,1.38,-1.38,1.38
0,0.5,-0.5,0.5
0,0.67,-0.67,0.67
0,0.66,-0.66,0.66
0,0.35,-0.35,0.35
2,1.88,0.12,0.12
0,0.02,-0.02,0.02
0,0.62,-0.62,0.62
2,2.15,-0.15,0.15
1,1.59,-0.59,0.59
4,9.09,-5.09,5.09
0,0.24,-0.24,0.24
0,0.48,-0.48,0.48
0,0.46,-0.46,0.46
0,0.36,-0.36,0.36
0,0.08,-0.08,0.08
2,1.09,0.91,0.91
0,1.3,-1.3,1.3
1,1.61,-0.61,0.61
0,0.62,-0.62,0.62
0,0.53,-0.53,0.53
0,1.13,-1.13,1.13
0,0.01,-0.01,0.01
0,0.24,-0.24,0.24
1,1.06,-0.06,0.06
2,1.25,0.75,0.75
3,1.88,1.12,1.12
0,0.72,-0.72,0.72
2,0.22,1.78,1.78
0,0.88,-0.88,0.88
0,0.51,-0.51,0.51
0,0.03,-0.03,0.03
0,0.14,-0.14,0.14
0,0.26,-0.26,0.26
0,0.05,-0.05,0.05
0,0.05,-0.05,0.05
0,0.38,-0.38,0.38
3,2.26,0.74,0.74
1,0.46,0.54,0.54
0,0.06,-0.06,0.06
0,0.85,-0.85,0.85
0,0.2,-0.2,0.2
1,1.22,-0.22,0.22
0,0.17,-0.17,0.17
0,0.15,-0.15,0.15
0,0.01,-0.01,0.01
0,0.0,0.0,0.0
1,0.35,0.65,0.65
0,0.01,-0.01,0.01
0,0.08,-0.08,0.08
0,2.06,-2.06,2.06
0,0.17,-0.17,0.17
0,1.79,-1.79,1.79
15,12.79,2.21,2.21
0,0.19,-0.19,0.19
1,0.25,0.75,0.75
0,0.88,-0.88,0.88
2,0.78,1.22,1.22
0,0.05,-0.05,0.05
1,1.62,-0.62,0.62
0,0.59,-0.59,0.59
0,0.11,-0.11,0.11
2,2.15,-0.15,0.15
0,1.93,-1.93,1.93
1,1.7,-0.7,0.7
1,0.33,0.67,0.67
2,1.29,0.71,0.71
0,0.0,0.0,0.0
0,0.3,-0.3,0.3
2,1.44,0.56,0.56
0,1.21,-1.21,1.21
0,0.29,-0.29,0.29
0,0.11,-0.11,0.11
0,0.64,-0.64,0.64
0,0.18,-0.18,0.18
0,0.23,-0.23,0.23
1,0.48,0.52,0.52
0,0.49,-0.49,0.49
0,0.97,-0.97,0.97
0,0.02,-0.02,0.02
0,0.15,-0.15,0.15
0,0.31,-0.31,0.31
0,0.29,-0.29,0.29
0,0.1,-0.1,0.1
2,1.52,0.48,0.48
1,0.09,0.91,0.91
0,0.15,-0.15,0.15
0,1.39,-1.39,1.39
0,1.32,-1.32,1.32
0,0.0,-0.0,0.0
0,0.13,-0.13,0.13
2,1.66,0.34,0.34
0,0.65,-0.65,0.65
0,0.35,-0.35,0.35
2,0.72,1.28,1.28
1,0.45,0.55,0.55
0,0.23,-0.23,0.23
4,1.71,2.29,2.29
9,4.26,4.74,4.74
0,0.02,-0.02,0.02
0,0.41,-0.41,0.41
0,0.26,-0.26,0.26
1,1.08,-0.08,0.08
0,1.42,-1.42,1.42
0,0.15,-0.15,0.15
1,0.57,0.43,0.43
0,0.52,-0.52,0.52
0,1.96,-1.96,1.96
1,0.61,0.39,0.39
0,0.3,-0.3,0.3
0,0.15,-0.15,0.15
0,0.23,-0.23,0.23
0,0.15,-0.15,0.15
7,10.92,-3.92,3.92
0,0.2,-0.2,0.2
1,0.7,0.3,0.3
1,0.44,0.56,0.56
0,0.53,-0.53,0.53
0,1.16,-1.16,1.16
5,2.43,2.57,2.57
0,0.11,-0.11,0.11
0,0.35,-0.35,0.35
1,0.6,0.4,0.4
1,2.02,-1.02,1.02
2,1.43,0.57,0.57
0,0.1,-0.1,0.1
0,0.21,-0.21,0.21
4,3.23,0.77,0.77
0,0.33,-0.33,0.33
21,2.75,18.25,18.25
0,0.11,-0.11,0.11
0,0.28,-0.28,0.28
5,3.6,1.4,1.4
2,0.85,1.15,1.15
4,3.9,0.1,0.1
0,0.01,-0.01,0.01
0,0.22,-0.22,0.22
0,0.1,-0.1,0.1
0,0.21,-0.21,0.21
0,0.03,-0.03,0.03
0,0.14,-0.14,0.14
0,0.25,-0.25,0.25
0,0.07,-0.07,0.07
0,0.14,-0.14,0.14
0,0.45,-0.45,0.45
0,0.15,-0.15,0.15
0,0.43,-0.43,0.43
0,0.26,-0.26,0.26
0,0.03,-0.03,0.03
4,1.73,2.27,2.27
0,0.24,-0.24,0.24
0,0.0,-0.0,0.0
0,0.0,0.0,0.0
3,1.25,1.75,1.75
0,0.64,-0.64,0.64
0,1.09,-1.09,1.09
0,0.24,-0.24,0.24
0,1.04,-1.04,1.04
0,0.21,-0.21,0.21
0,0.11,-0.11,0.11
0,0.86,-0.86,0.86
0,0.04,-0.04,0.04
6,3.27,2.73,2.73
0,0.0,-0.0,0.0
0,1.45,-1.45,1.45
3,1.4,1.6,1.6
2,2.04,-0.04,0.04
0,0.16,-0.16,0.16
2,1.31,0.69,0.69
2,0.47,1.53,1.53
1,0.3,0.7,0.7
0,0.19,-0.19,0.19
0,0.33,-0.33,0.33
0,0.1,-0.1,0.1
0,0.31,-0.31,0.31
0,0.14,-0.14,0.14
4,0.6,3.4,3.4
1,1.06,-0.06,0.06
0,0.17,-0.17,0.17
0,0.01,-0.01,0.01
0,0.04,-0.04,0.04
0,0.36,-0.36,0.36
0,0.03,-0.03,0.03
0,0.17,-0.17,0.17
0,0.51,-0.51,0.51
0,0.0,0.0,0.0
3,0.95,2.05,2.05
0,0.0,-0.0,0.0
1,0.9,0.1,0.1
1,1.24,-0.24,0.24
0,1.43,-1.43,1.43
1,0.39,0.61,0.61
5,1.33,3.67,3.67
0,0.22,-0.22,0.22
0,0.18,-0.18,0.18
0,0.15,-0.15,0.15
0,0.29,-0.29,0.29
0,0.29,-0.29,0.29
0,0.21,-0.21,0.21
0,0.02,-0.02,0.02
0,0.05,-0.05,0.05
34,24.54,9.46,9.46
0,0.28,-0.28,0.28
0,0.05,-0.05,0.05
0,0.18,-0.18,0.18
2,1.61,0.39,0.39
1,1.02,-0.02,0.02
0,0.68,-0.68,0.68
0,0.35,-0.35,0.35
0,0.44,-0.44,0.44
0,0.82,-0.82,0.82
1,1.02,-0.02,0.02
0,0.0,0.0,0.0
1,1.67,-0.67,0.67
1,0.43,0.57,0.57
0,0.27,-0.27,0.27
8,6.16,1.84,1.84
0,1.44,-1.44,1.44
0,0.05,-0.05,0.05
0,0.23,-0.23,0.23
0,0.27,-0.27,0.27
1,0.72,0.28,0.28
0,1.15,-1.15,1.15
0,0.4,-0.4,0.4
0,0.59,-0.59,0.59
0,0.17,-0.17,0.17
0,0.15,-0.15,0.15
0,0.03,-0.03,0.03
1,1.63,-0.63,0.63
0,0.69,-0.69,0.69
0,0.38,-0.38,0.38
4,3.0,1.0,1.0
0,0.74,-0.74,0.74
1,1.27,-0.27,0.27
0,0.14,-0.14,0.14
0,0.21,-0.21,0.21
1,1.32,-0.32,0.32
0,0.66,-0.66,0.66
2,1.51,0.49,0.49
0,0.63,-0.63,0.63
9,11.7,-2.7,2.7
0,0.29,-0.29,0.29
1,3.32,-2.32,2.32
0,0.31,-0.31,0.31
2,2.45,-0.45,0.45
0,0.32,-0.32,0.32
0,0.09,-0.09,0.09
0,0.14,-0.14,0.14
0,0.1,-0.1,0.1
0,0.53,-0.53,0.53
0,0.1,-0.1,0.1
0,0.04,-0.04,0.04
1,0.27,0.73,0.73
0,0.17,-0.17,0.17
0,1.41,-1.41,1.41
0,1.21,-1.21,1.21
1,0.05,0.95,0.95
0,0.12,-0.12,0.12
0,1.95,-1.95,1.95
0,0.0,-0.0,0.0
0,0.49,-0.49,0.49
1,2.12,-1.12,1.12
0,0.0,0.0,0.0
0,0.34,-0.34,0.34
0,1.36,-1.36,1.36
0,0.03,-0.03,0.03
2,1.09,0.91,0.91
0,1.16,-1.16,1.16
0,0.39,-0.39,0.39
0,0.1,-0.1,0.1
4,4.1,-0.1,0.1
0,0.25,-0.25,0.25
3,0.46,2.54,2.54
0,0.2,-0.2,0.2
0,0.24,-0.24,0.24
0,0.03,-0.03,0.03
1,0.46,0.54,0.54
1,1.16,-0.16,0.16
0,0.33,-0.33,0.33
0,0.17,-0.17,0.17
1,1.15,-0.15,0.15
0,1.42,-1.42,1.42
0,0.13,-0.13,0.13
0,1.34,-1.34,1.34
0,0.12,-0.12,0.12
1,1.2,-0.2,0.2
1,1.07,-0.07,0.07
0,0.35,-0.35,0.35
0,0.0,0.0,0.0
0,0.01,-0.01,0.01
0,0.02,-0.02,0.02
10,10.07,-0.07,0.07
0,0.58,-0.58,0.58
3,2.16,0.84,0.84
0,0.02,-0.02,0.02
1,0.42,0.58,0.58
0,0.0,0.0,0.0
0,0.65,-0.65,0.65
0,0.16,-0.16,0.16
0,0.0,0.0,0.0
3,0.06,2.94,2.94
0,0.03,-0.03,0.03
0,0.02,-0.02,0.02
0,0.0,-0.0,0.0
0,0.09,-0.09,0.09
0,0.05,-0.05,0.05
5,2.13,2.87,2.87
1,0.2,0.8,0.8
1,0.89,0.11,0.11
0,0.17,-0.17,0.17
0,0.05,-0.05,0.05
0,0.05,-0.05,0.05
0,1.44,-1.44,1.44
3,0.25,2.75,2.75
0,0.16,-0.16,0.16
2,8.91,-6.91,6.91
0,0.5,-0.5,0.5
0,0.15,-0.15,0.15
0,0.0,0.0,0.0
1,7.23,-6.23,6.23
2,0.55,1.45,1.45
0,1.13,-1.13,1.13
0,0.2,-0.2,0.2
2,1.12,0.88,0.88
1,1.25,-0.25,0.25
0,0.01,-0.01,0.01
3,0.97,2.03,2.03
0,0.61,-0.61,0.61
0,1.56,-1.56,1.56
0,1.73,-1.73,1.73
0,0.8,-0.8,0.8
4,9.09,-5.09,5.09
1,0.9,0.1,0.1
0,0.02,-0.02,0.02
1,0.14,0.86,0.86
0,0.0,0.0,0.0
0,0.01,-0.01,0.01
0,0.17,-0.17,0.17
0,0.23,-0.23,0.23
0,0.14,-0.14,0.14
0,0.5,-0.5,0.5
0,0.07,-0.07,0.07
0,0.28,-0.28,0.28
0,0.13,-0.13,0.13
0,0.0,0.0,0.0
0,0.3,-0.3,0.3
3,2.24,0.76,0.76
0,0.16,-0.16,0.16
0,0.3,-0.3,0.3
0,0.37,-0.37,0.37
0,0.54,-0.54,0.54
0,0.17,-0.17,0.17
0,0.85,-0.85,0.85
0,2.92,-2.92,2.92
0,0.0,0.0,0.0
0,0.62,-0.62,0.62
0,0.64,-0.64,0.64
0,0.64,-0.64,0.64
0,0.14,-0.14,0.14
0,0.09,-0.09,0.09
0,1.88,-1.88,1.88
0,0.04,-0.04,0.04
1,1.62,-0.62,0.62
0,0.61,-0.61,0.61
0,1.0,-1.0,1.0
0,0.18,-0.18,0.18
0,0.21,-0.21,0.21
3,4.13,-1.13,1.13
2,1.17,0.83,0.83
1,1.03,-0.03,0.03
0,0.13,-0.13,0.13
0,0.96,-0.96,0.96
0,0.55,-0.55,0.55
0,0.04,-0.04,0.04
0,0.01,-0.01,0.01
4,2.05,1.95,1.95
0,0.0,-0.0,0.0
0,0.44,-0.44,0.44
0,1.39,-1.39,1.39
2,1.08,0.92,0.92
3,1.91,1.09,1.09
0,0.03,-0.03,0.03
0,0.15,-0.15,0.15
3,0.37,2.63,2.63
0,0.4,-0.4,0.4
0,3.94,-3.94,3.94
0,0.4,-0.4,0.4
2,5.71,-3.71,3.71
0,0.16,-0.16,0.16
0,0.11,-0.11,0.11
4,2.38,1.62,1.62
1,0.86,0.14,0.14
1,2.49,-1.49,1.49
0,0.0,0.0,0.0
0,0.26,-0.26,0.26
0,0.46,-0.46,0.46
3,2.39,0.61,0.61
2,1.0,1.0,1.0
0,0.07,-0.07,0.07
0,0.05,-0.05,0.05
0,0.26,-0.26,0.26
0,0.14,-0.14,0.14
0,1.81,-1.81,1.81
6,4.91,1.09,1.09
0,0.23,-0.23,0.23
0,0.01,-0.01,0.01
0,0.99,-0.99,0.99
2,0.65,1.35,1.35
1,1.42,-0.42,0.42
6,5.37,0.63,0.63
1,0.04,0.96,0.96
0,1.73,-1.73,1.73
0,0.15,-0.15,0.15
1,2.12,-1.12,1.12
1,0.58,0.42,0.42
0,0.04,-0.04,0.04
0,0.27,-0.27,0.27
4,0.01,3.99,3.99
2,1.0,1.0,1.0
3,1.89,1.11,1.11
0,0.16,-0.16,0.16
0,0.02,-0.02,0.02
0,0.13,-0.13,0.13
0,0.11,-0.11,0.11
0,0.69,-0.69,0.69
0,0.06,-0.06,0.06
0,0.27,-0.27,0.27
2,1.54,0.46,0.46
2,1.32,0.68,0.68
1,0.4,0.6,0.6
1,0.31,0.69,0.69
2,6.24,-4.24,4.24
0,0.01,-0.01,0.01
0,0.25,-0.25,0.25
0,0.34,-0.34,0.34
2,7.24,-5.24,5.24
4,1.02,2.98,2.98
0,0.33,-0.33,0.33
0,0.05,-0.05,0.05
0,0.49,-0.49,0.49
0,0.19,-0.19,0.19
0,0.15,-0.15,0.15
0,0.0,0.0,0.0
2,1.06,0.94,0.94
0,0.17,-0.17,0.17
0,0.4,-0.4,0.4
0,0.25,-0.25,0.25
1,0.82,0.18,0.18
0,0.27,-0.27,0.27
0,0.34,-0.34,0.34
0,0.24,-0.24,0.24
0,1.46,-1.46,1.46
0,0.03,-0.03,0.03
1,1.99,-0.99,0.99
3,1.19,1.81,1.81
2,1.35,0.65,0.65
1,1.91,-0.91,0.91
4,4.49,-0.49,0.49
3,0.89,2.11,2.11
0,0.85,-0.85,0.85
1,0.45,0.55,0.55
0,1.4,-1.4,1.4
1,0.37,0.63,0.63
0,0.13,-0.13,0.13
2,1.72,0.28,0.28
1,0.45,0.55,0.55
1,0.94,0.06,0.06
0,0.53,-0.53,0.53
0,0.09,-0.09,0.09
0,0.4,-0.4,0.4
0,1.26,-1.26,1.26
0,0.31,-0.31,0.31
1,0.96,0.04,0.04
0,0.44,-0.44,0.44
1,1.41,-0.41,0.41
0,0.2,-0.2,0.2
3,3.54,-0.54,0.54
0,0.63,-0.63,0.63
0,0.23,-0.23,0.23
2,0.42,1.58,1.58
3,1.84,1.16,1.16
0,0.62,-0.62,0.62
4,1.27,2.73,2.73
0,0.59,-0.59,0.59
3,0.38,2.62,2.62
0,0.45,-0.45,0.45
0,0.12,-0.12,0.12
1,0.81,0.19,0.19
1,0.3,0.7,0.7
2,2.8,-0.8,0.8
0,0.69,-0.69,0.69
0,0.35,-0.35,0.35
0,1.01,-1.01,1.01
0,0.18,-0.18,0.18
0,0.29,-0.29,0.29
0,0.1,-0.1,0.1
0,0.68,-0.68,0.68
0,0.02,-0.02,0.02
0,0.22,-0.22,0.22
0,0.08,-0.08,0.08
3,2.23,0.77,0.77
0,0.24,-0.24,0.24
11,26.21,-15.21,15.21
10,4.7,5.3,5.3
0,0.0,-0.0,0.0
3,1.47,1.53,1.53
0,1.38,-1.38,1.38
0,0.04,-0.04,0.04
0,0.17,-0.17,0.17
1,1.04,-0.04,0.04
1,1.03,-0.03,0.03
6,3.5,2.5,2.5
0,0.27,-0.27,0.27
0,0.3,-0.3,0.3
0,0.04,-0.04,0.04
5,1.4,3.6,3.6
0,0.48,-0.48,0.48
0,0.16,-0.16,0.16
0,0.17,-0.17,0.17
1,6.83,-5.83,5.83
0,1.34,-1.34,1.34
0,0.91,-0.91,0.91
0,0.09,-0.09,0.09
0,0.24,-0.24,0.24
1,0.75,0.25,0.25
0,0.05,-0.05,0.05
3,1.19,1.81,1.81
0,0.62,-0.62,0.62
0,0.46,-0.46,0.46
0,0.38,-0.38,0.38
10,4.5,5.5,5.5
0,0.03,-0.03,0.03
0,0.27,-0.27,0.27
4,2.09,1.91,1.91
0,0.11,-0.11,0.11
0,0.03,-0.03,0.03
0,0.47,-0.47,0.47
0,0.05,-0.05,0.05
0,0.45,-0.45,0.45
0,0.05,-0.05,0.05
0,0.26,-0.26,0.26
0,0.0,0.0,0.0
1,1.02,-0.02,0.02
0,0.32,-0.32,0.32
0,0.01,-0.01,0.01
0,1.05,-1.05,1.05
0,0.22,-0.22,0.22
0,0.07,-0.07,0.07
0,0.43,-0.43,0.43
0,0.14,-0.14,0.14
2,3.52,-1.52,1.52
0,0.65,-0.65,0.65
0,0.15,-0.15,0.15
0,0.53,-0.53,0.53
2,6.81,-4.81,4.81
3,2.63,0.37,0.37
1,0.38,0.62,0.62
0,0.32,-0.32,0.32
0,1.36,-1.36,1.36
1,1.3,-0.3,0.3
1,0.86,0.14,0.14
21,14.43,6.57,6.57
1,1.69,-0.69,0.69
0,0.95,-0.95,0.95
0,0.38,-0.38,0.38
0,0.16,-0.16,0.16
0,0.2,-0.2,0.2
3,2.92,0.08,0.08
0,0.01,-0.01,0.01
1,0.74,0.26,0.26
0,0.44,-0.44,0.44
1,0.39,0.61,0.61
0,0.04,-0.04,0.04
0,0.03,-0.03,0.03
2,1.47,0.53,0.53
0,0.33,-0.33,0.33
0,0.65,-0.65,0.65
0,0.56,-0.56,0.56
0,0.09,-0.09,0.09
0,0.39,-0.39,0.39
2,0.98,1.02,1.02
0,0.21,-0.21,0.21
0,0.21,-0.21,0.21
0,0.3,-0.3,0.3
1,0.6,0.4,0.4
1,1.64,-0.64,0.64
2,2.53,-0.53,0.53
0,0.05,-0.05,0.05
2,1.5,0.5,0.5
6,4.56,1.44,1.44
3,8.36,-5.36,5.36
1,1.07,-0.07,0.07
1,0.73,0.27,0.27
0,0.2,-0.2,0.2
0,0.16,-0.16,0.16
1,0.99,0.01,0.01
0,0.15,-0.15,0.15
1,2.05,-1.05,1.05
0,0.0,0.0,0.0
0,1.64,-1.64,1.64
0,0.2,-0.2,0.2
0,0.12,-0.12,0.12
0,0.01,-0.01,0.01
0,0.03,-0.03,0.03
1,0.22,0.78,0.78
0,0.12,-0.12,0.12
2,0.17,1.83,1.83
0,2.49,-2.49,2.49
0,0.18,-0.18,0.18
0,1.14,-1.14,1.14
0,0.14,-0.14,0.14
0,0.29,-0.29,0.29
0,0.0,0.0,0.0
2,2.31,-0.31,0.31
0,0.04,-0.04,0.04
2,10.83,-8.83,8.83
0,0.43,-0.43,0.43
7,3.04,3.96,3.96
0,0.7,-0.7,0.7
0,0.13,-0.13,0.13
0,0.0,0.0,0.0
0,0.57,-0.57,0.57
5,3.38,1.62,1.62
0,0.26,-0.26,0.26
0,0.58,-0.58,0.58
2,1.89,0.11,0.11
0,1.21,-1.21,1.21
1,0.6,0.4,0.4
0,0.0,0.0,0.0
0,0.02,-0.02,0.02
0,0.91,-0.91,0.91
2,1.03,0.97,0.97
2,1.5,0.5,0.5
0,0.0,0.0,0.0
0,0.48,-0.48,0.48
0,0.77,-0.77,0.77
0,0.13,-0.13,0.13
2,2.06,-0.06,0.06
1,0.38,0.62,0.62
0,2.23,-2.23,2.23
0,1.2,-1.2,1.2
0,0.11,-0.11,0.11
3,1.3,1.7,1.7
0,0.27,-0.27,0.27
0,0.77,-0.77,0.77
0,0.0,-0.0,0.0
0,0.01,-0.01,0.01
2,1.4,0.6,0.6
0,0.22,-0.22,0.22
1,0.12,0.88,0.88
0,0.01,-0.01,0.01
0,0.25,-0.25,0.25
0,0.23,-0.23,0.23
1,1.34,-0.34,0.34
0,0.89,-0.89,0.89
2,3.54,-1.54,1.54
1,1.76,-0.76,0.76
0,0.09,-0.09,0.09
1,1.3,-0.3,0.3
1,1.61,-0.61,0.61
2,0.44,1.56,1.56
0,0.09,-0.09,0.09
0,0.29,-0.29,0.29
7,2.55,4.45,4.45
1,0.23,0.77,0.77
1,1.98,-0.98,0.98
1,0.48,0.52,0.52
5,1.46,3.54,3.54
0,0.37,-0.37,0.37
0,1.1,-1.1,1.1
0,0.63,-0.63,0.63
1,0.22,0.78,0.78
1,1.37,-0.37,0.37
0,0.59,-0.59,0.59
0,0.01,-0.01,0.01
0,0.14,-0.14,0.14
0,0.3,-0.3,0.3
0,0.15,-0.15,0.15
7,5.32,1.68,1.68
1,1.49,-0.49,0.49
0,0.36,-0.36,0.36
0,0.03,-0.03,0.03
0,2.14,-2.14,2.14
1,0.98,0.02,0.02
1,1.75,-0.75,0.75
0,0.61,-0.61,0.61
0,0.0,0.0,0.0
0,0.31,-0.31,0.31
0,0.61,-0.61,0.61
0,0.12,-0.12,0.12
0,0.07,-0.07,0.07
0,0.49,-0.49,0.49
0,0.01,-0.01,0.01
0,0.18,-0.18,0.18
0,1.0,-1.0,1.0
14,7.44,6.56,6.56
0,1.41,-1.41,1.41
0,1.11,-1.11,1.11
0,1.0,-1.0,1.0
0,0.11,-0.11,0.11
0,0.29,-0.29,0.29
1,0.38,0.62,0.62
0,0.0,0.0,0.0
1,1.26,-0.26,0.26
0,0.15,-0.15,0.15
0,0.01,-0.01,0.01
4,0.42,3.58,3.58
0,0.74,-0.74,0.74
6,11.21,-5.21,5.21
0,0.26,-0.26,0.26
0,0.15,-0.15,0.15
4,1.9,2.1,2.1
0,0.6,-0.6,0.6
1,0.46,0.54,0.54
0,0.49,-0.49,0.49
2,1.24,0.76,0.76
1,0.4,0.6,0.6
0,0.02,-0.02,0.02
0,0.28,-0.28,0.28
1,0.25,0.75,0.75
1,0.89,0.11,0.11
3,1.74,1.26,1.26
0,0.14,-0.14,0.14
0,0.09,-0.09,0.09
0,0.31,-0.31,0.31
0,0.02,-0.02,0.02
0,0.34,-0.34,0.34
0,0.54,-0.54,0.54
1,0.32,0.68,0.68
0,0.24,-0.24,0.24
0,0.47,-0.47,0.47
0,0.88,-0.88,0.88
0,0.78,-0.78,0.78
3,1.11,1.89,1.89
1,0.32,0.68,0.68
1,0.35,0.65,0.65
0,1.62,-1.62,1.62
1,0.34,0.66,0.66
0,0.21,-0.21,0.21
5,4.21,0.79,0.79
0,0.38,-0.38,0.38
1,1.3,-0.3,0.3
0,0.63,-0.63,0.63
0,0.32,-0.32,0.32
0,0.1,-0.1,0.1
0,0.22,-0.22,0.22
0,0.05,-0.05,0.05
0,0.02,-0.02,0.02
0,0.0,0.0,0.0
0,0.48,-0.48,0.48
0,0.16,-0.16,0.16
0,0.2,-0.2,0.2
0,0.0,0.0,0.0
0,0.02,-0.02,0.02
0,0.46,-0.46,0.46
0,0.15,-0.15,0.15
0,0.0,0.0,0.0
0,0.28,-0.28,0.28
0,0.46,-0.46,0.46
0,1.15,-1.15,1.15
0,0.15,-0.15,0.15
0,1.62,-1.62,1.62
0,2.74,-2.74,2.74
0,0.05,-0.05,0.05
0,0.51,-0.51,0.51
1,5.74,-4.74,4.74
0,0.13,-0.13,0.13
1,0.17,0.83,0.83
2,0.58,1.42,1.42
2,1.86,0.14,0.14
0,0.24,-0.24,0.24
0,0.11,-0.11,0.11
0,0.05,-0.05,0.05
0,0.19,-0.19,0.19
0,1.14,-1.14,1.14
0,0.12,-0.12,0.12
1,1.55,-0.55,0.55
3,1.87,1.13,1.13
1,2.01,-1.01,1.01
0,1.3,-1.3,1.3
0,1.63,-1.63,1.63
1,2.34,-1.34,1.34
0,0.46,-0.46,0.46
1,1.16,-0.16,0.16
0,0.06,-0.06,0.06
0,0.03,-0.03,0.03
0,0.01,-0.01,0.01
0,1.5,-1.5,1.5
2,1.04,0.96,0.96
8,5.48,2.52,2.52
0,0.39,-0.39,0.39
2,0.56,1.44,1.44
3,2.31,0.69,0.69
1,0.16,0.84,0.84
0,0.49,-0.49,0.49
2,2.24,-0.24,0.24
0,0.33,-0.33,0.33
0,0.15,-0.15,0.15
0,0.65,-0.65,0.65
2,0.26,1.74,1.74
1,1.23,-0.23,0.23
0,0.16,-0.16,0.16
0,0.21,-0.21,0.21
2,2.26,-0.26,0.26
5,5.54,-0.54,0.54
0,0.21,-0.21,0.21
0,1.14,-1.14,1.14
0,0.11,-0.11,0.11
3,1.18,1.82,1.82
0,0.2,-0.2,0.2
2,0.55,1.45,1.45
0,0.22,-0.22,0.22
0,3.48,-3.48,3.48
0,0.11,-0.11,0.11
1,1.18,-0.18,0.18
3,0.88,2.12,2.12
0,0.05,-0.05,0.05
1,0.08,0.92,0.92
0,0.14,-0.14,0.14
0,0.61,-0.61,0.61
5,1.71,3.29,3.29
0,2.4,-2.4,2.4
0,0.79,-0.79,0.79
0,0.05,-0.05,0.05
0,0.0,-0.0,0.0
0,0.16,-0.16,0.16
0,0.25,-0.25,0.25
0,0.21,-0.21,0.21
1,1.25,-0.25,0.25
1,2.36,-1.36,1.36
0,0.47,-0.47,0.47
0,0.03,-0.03,0.03
0,0.2,-0.2,0.2
0,1.52,-1.52,1.52
0,0.24,-0.24,0.24
0,0.09,-0.09,0.09
4,1.14,2.86,2.86
2,0.4,1.6,1.6
0,0.03,-0.03,0.03
1,1.24,-0.24,0.24
1,0.35,0.65,0.65
1,1.63,-0.63,0.63
0,0.47,-0.47,0.47
0,1.85,-1.85,1.85
1,1.33,-0.33,0.33
1,1.21,-0.21,0.21
2,1.01,0.99,0.99
2,1.21,0.79,0.79
0,0.11,-0.11,0.11
0,0.0,-0.0,0.0
0,0.21,-0.21,0.21
0,0.53,-0.53,0.53
0,0.63,-0.63,0.63
1,1.32,-0.32,0.32
4,1.33,2.67,2.67
1,0.67,0.33,0.33
7,7.43,-0.43,0.43
1,0.37,0.63,0.63
1,0.7,0.3,0.3
0,0.0,0.0,0.0
0,0.52,-0.52,0.52
2,9.92,-7.92,7.92
0,0.02,-0.02,0.02
0,0.01,-0.01,0.01
0,0.32,-0.32,0.32
1,1.18,-0.18,0.18
0,0.87,-0.87,0.87
0,0.26,-0.26,0.26
0,0.48,-0.48,0.48
0,0.03,-0.03,0.03
0,1.34,-1.34,1.34
2,1.69,0.31,0.31
2,4.57,-2.57,2.57
0,0.26,-0.26,0.26
0,0.0,0.0,0.0
0,0.15,-0.15,0.15
2,0.34,1.66,1.66
1,0.19,0.81,0.81
0,0.63,-0.63,0.63
1,0.22,0.78,0.78
0,0.17,-0.17,0.17
0,0.05,-0.05,0.05
1,0.31,0.69,0.69
0,0.04,-0.04,0.04
2,0.22,1.78,1.78
0,0.28,-0.28,0.28
1,1.1,-0.1,0.1
0,0.26,-0.26,0.26
1,0.38,0.62,0.62
1,0.53,0.47,0.47
0,1.41,-1.41,1.41
0,1.4,-1.4,1.4
0,0.01,-0.01,0.01
0,0.16,-0.16,0.16
0,0.43,-0.43,0.43
0,0.83,-0.83,0.83
0,0.3,-0.3,0.3
0,0.31,-0.31,0.31
0,0.18,-0.18,0.18
1,0.55,0.45,0.45
1,1.16,-0.16,0.16
0,0.15,-0.15,0.15
0,0.2,-0.2,0.2
0,0.0,-0.0,0.0
0,0.16,-0.16,0.16
0,0.11,-0.11,0.11
0,0.4,-0.4,0.4
2,0.17,1.83,1.83
0,0.09,-0.09,0.09
0,2.12,-2.12,2.12
0,0.09,-0.09,0.09
0,0.65,-0.65,0.65
1,2.01,-1.01,1.01
1,0.86,0.14,0.14
1,1.63,-0.63,0.63
0,0.17,-0.17,0.17
0,0.01,-0.01,0.01
0,0.08,-0.08,0.08
4,3.55,0.45,0.45
0,0.01,-0.01,0.01
5,2.21,2.79,2.79
0,0.15,-0.15,0.15
0,0.56,-0.56,0.56
2,1.28,0.72,0.72
0,0.26,-0.26,0.26
0,3.41,-3.41,3.41
0,0.37,-0.37,0.37
0,0.0,0.0,0.0
0,0.11,-0.11,0.11
0,0.26,-0.26,0.26
4,3.22,0.78,0.78
1,0.25,0.75,0.75
0,1.32,-1.32,1.32
0,0.0,-0.0,0.0
0,0.2,-0.2,0.2
0,0.08,-0.08,0.08
2,1.11,0.89,0.89
3,1.88,1.12,1.12
0,0.15,-0.15,0.15
0,0.45,-0.45,0.45
0,0.15,-0.15,0.15
0,0.99,-0.99,0.99
0,0.65,-0.65,0.65
0,0.03,-0.03,0.03
0,0.2,-0.2,0.2
0,0.21,-0.21,0.21
0,0.01,-0.01,0.01
0,1.03,-1.03,1.03
0,0.05,-0.05,0.05
0,0.26,-0.26,0.26
0,0.13,-0.13,0.13
0,0.61,-0.61,0.61
0,1.74,-1.74,1.74
0,0.38,-0.38,0.38
6,2.08,3.92,3.92
1,0.43,0.57,0.57
0,0.04,-0.04,0.04
0,0.53,-0.53,0.53
0,0.13,-0.13,0.13
0,0.1,-0.1,0.1
0,0.13,-0.13,0.13
0,0.61,-0.61,0.61
0,0.14,-0.14,0.14
0,1.01,-1.01,1.01
3,1.23,1.77,1.77
0,0.29,-0.29,0.29
0,0.04,-0.04,0.04
1,0.09,0.91,0.91
3,0.51,2.49,2.49
1,1.47,-0.47,0.47
0,0.47,-0.47,0.47
6,1.02,4.98,4.98
1,0.18,0.82,0.82
0,0.49,-0.49,0.49
2,0.4,1.6,1.6
1,1.31,-0.31,0.31
0,0.07,-0.07,0.07
2,0.81,1.19,1.19
0,0.05,-0.05,0.05
3,0.98,2.02,2.02
0,0.14,-0.14,0.14
0,0.15,-0.15,0.15
0,1.57,-1.57,1.57
2,0.31,1.69,1.69
0,0.05,-0.05,0.05
2,0.14,1.86,1.86
0,0.85,-0.85,0.85
0,0.47,-0.47,0.47
1,0.52,0.48,0.48
0,0.0,-0.0,0.0
0,0.0,0.0,0.0
0,0.45,-0.45,0.45
0,0.21,-0.21,0.21
0,0.27,-0.27,0.27
2,1.51,0.49,0.49
1,1.2,-0.2,0.2
3,2.22,0.78,0.78
4,1.64,2.36,2.36
1,0.1,0.9,0.9
0,0.06,-0.06,0.06
0,0.26,-0.26,0.26
0,0.14,-0.14,0.14
0,0.18,-0.18,0.18
0,0.25,-0.25,0.25
1,0.03,0.97,0.97
0,0.25,-0.25,0.25
0,0.01,-0.01,0.01
0,0.19,-0.19,0.19
0,0.6,-0.6,0.6
0,0.68,-0.68,0.68
1,1.18,-0.18,0.18
0,0.03,-0.03,0.03
0,0.11,-0.11,0.11
0,0.76,-0.76,0.76
0,0.04,-0.04,0.04
0,0.41,-0.41,0.41
1,0.25,0.75,0.75
0,0.18,-0.18,0.18
1,0.02,0.98,0.98
0,0.02,-0.02,0.02
0,0.75,-0.75,0.75
6,2.15,3.85,3.85
0,0.01,-0.01,0.01
1,2.32,-1.32,1.32
8,4.03,3.97,3.97
0,0.26,-0.26,0.26
1,0.19,0.81,0.81
0,0.27,-0.27,0.27
0,0.19,-0.19,0.19
0,0.05,-0.05,0.05
3,0.7,2.3,2.3
1,0.66,0.34,0.34
3,2.41,0.59,0.59
1,0.25,0.75,0.75
3,2.58,0.42,0.42
4,1.87,2.13,2.13
0,1.19,-1.19,1.19
0,0.22,-0.22,0.22
7,5.82,1.18,1.18
3,1.41,1.59,1.59
0,0.01,-0.01,0.01
1,0.3,0.7,0.7
1,1.05,-0.05,0.05
0,0.59,-0.59,0.59
0,0.39,-0.39,0.39
2,0.5,1.5,1.5
0,0.07,-0.07,0.07
1,0.74,0.26,0.26
1,0.66,0.34,0.34
0,0.36,-0.36,0.36
1,1.5,-0.5,0.5
6,2.68,3.32,3.32
1,1.32,-0.32,0.32
1,0.23,0.77,0.77
0,0.01,-0.01,0.01
0,0.47,-0.47,0.47
0,0.03,-0.03,0.03
0,0.5,-0.5,0.5
2,0.58,1.42,1.42
1,0.85,0.15,0.15
0,0.32,-0.32,0.32
0,0.73,-0.73,0.73
1,1.13,-0.13,0.13
0,0.41,-0.41,0.41
1,0.03,0.97,0.97
3,1.05,1.95,1.95
0,0.27,-0.27,0.27
0,0.04,-0.04,0.04
0,0.05,-0.05,0.05
0,0.05,-0.05,0.05
0,0.04,-0.04,0.04
0,0.05,-0.05,0.05
0,0.05,-0.05,0.05
0,0.03,-0.03,0.03
0,0.06,-0.06,0.06
0,0.06,-0.06,0.06
0,0.04,-0.04,0.04
0,0.55,-0.55,0.55
0,0.37,-0.37,0.37
0,0.52,-0.52,0.52
0,0.29,-0.29,0.29
0,0.26,-0.26,0.26
1,0.38,0.62,0.62
0,0.06,-0.06,0.06
0,0.04,-0.04,0.04
0,0.01,-0.01,0.01
0,0.04,-0.04,0.04
2,0.08,1.92,1.92
0,0.34,-0.34,0.34
0,0.01,-0.01,0.01
0,0.06,-0.06,0.06
0,0.26,-0.26,0.26
0,0.18,-0.18,0.18
0,0.11,-0.11,0.11
0,0.15,-0.15,0.15
0,0.2,-0.2,0.2
0,0.14,-0.14,0.14
0,0.26,-0.26,0.26
0,0.25,-0.25,0.25
0,0.11,-0.11,0.11
0,0.06,-0.06,0.06
0,0.1,-0.1,0.1
0,0.01,-0.01,0.01
0,0.11,-0.11,0.11
0,0.01,-0.01,0.01
2,0.17,1.83,1.83
0,0.17,-0.17,0.17
0,0.13,-0.13,0.13
0,0.01,-0.01,0.01
0,0.14,-0.14,0.14
0,0.03,-0.03,0.03
0,0.01,-0.01,0.01
0,0.05,-0.05,0.05
0,0.01,-0.01,0.01
0,0.04,-0.04,0.04
1,0.33,0.67,0.67
0,0.16,-0.16,0.16
0,0.11,-0.11,0.11
0,0.01,-0.01,0.01
0,0.02,-0.02,0.02
0,0.25,-0.25,0.25
0,0.03,-0.03,0.03
0,0.19,-0.19,0.19
0,0.35,-0.35,0.35
0,0.26,-0.26,0.26
0,0.08,-0.08,0.08
0,0.15,-0.15,0.15
0,0.17,-0.17,0.17
4,1.62,2.38,2.38
0,1.08,-1.08,1.08
4,2.49,1.51,1.51
0,0.52,-0.52,0.52
1,1.44,-0.44,0.44
1,2.77,-1.77,1.77
0,1.44,-1.44,1.44
0,0.75,-0.75,0.75
0,0.79,-0.79,0.79
2,0.76,1.24,1.24
5,2.45,2.55,2.55
0,1.33,-1.33,1.33
2,3.76,-1.76,1.76
1,1.71,-0.71,0.71
1,1.93,-0.93,0.93
1,2.07,-1.07,1.07
0,1.58,-1.58,1.58
1,1.7,-0.7,0.7
0,0.04,-0.04,0.04
1,1.99,-0.99,0.99
0,0.27,-0.27,0.27
0,0.44,-0.44,0.44
0,0.3,-0.3,0.3
0,0.02,-0.02,0.02
0,0.65,-0.65,0.65
0,0.29,-0.29,0.29
1,0.66,0.34,0.34
0,0.26,-0.26,0.26
0,0.51,-0.51,0.51
0,0.26,-0.26,0.26
0,0.36,-0.36,0.36
0,0.3,-0.3,0.3
0,1.21,-1.21,1.21
0,0.72,-0.72,0.72
2,1.13,0.87,0.87
0,1.54,-1.54,1.54
0,0.74,-0.74,0.74
0,0.7,-0.7,0.7
0,0.56,-0.56,0.56
0,3.35,-3.35,3.35
2,2.17,-0.17,0.17
2,1.37,0.63,0.63
0,0.34,-0.34,0.34
0,0.49,-0.49,0.49
0,0.42,-0.42,0.42
0,0.33,-0.33,0.33
1,0.21,0.79,0.79
0,0.64,-0.64,0.64
0,0.55,-0.55,0.55
0,0.43,-0.43,0.43
0,1.5,-1.5,1.5
0,1.81,-1.81,1.81
1,1.36,-0.36,0.36
0,1.75,-1.75,1.75
1,1.76,-0.76,0.76
3,1.56,1.44,1.44
1,1.64,-0.64,0.64
1,1.31,-0.31,0.31
3,1.48,1.52,1.52
0,0.95,-0.95,0.95
3,0.4,2.6,2.6
0,0.46,-0.46,0.46
0,0.54,-0.54,0.54
0,0.23,-0.23,0.23
0,0.34,-0.34,0.34
1,0.16,0.84,0.84
0,0.17,-0.17,0.17
0,0.23,-0.23,0.23
0,0.2,-0.2,0.2
2,2.11,-0.11,0.11
1,1.62,-0.62,0.62
0,1.49,-1.49,1.49
1,1.27,-0.27,0.27
0,0.42,-0.42,0.42
1,0.57,0.43,0.43
0,0.29,-0.29,0.29
3,0.86,2.14,2.14
3,0.94,2.06,2.06
1,0.65,0.35,0.35
0,0.03,-0.03,0.03
1,1.39,-0.39,0.39
7,4.73,2.27,2.27
0,2.84,-2.84,2.84
1,1.92,-0.92,0.92
2,1.41,0.59,0.59
0,0.64,-0.64,0.64
0,0.29,-0.29,0.29
0,0.35,-0.35,0.35
0,0.4,-0.4,0.4
0,1.21,-1.21,1.21
1,0.57,0.43,0.43
0,0.5,-0.5,0.5
0,0.84,-0.84,0.84
0,1.25,-1.25,1.25
2,0.78,1.22,1.22
0,0.65,-0.65,0.65
2,0.49,1.51,1.51
0,0.15,-0.15,0.15
0,0.56,-0.56,0.56
0,1.1,-1.1,1.1
2,0.56,1.44,1.44
0,0.36,-0.36,0.36
0,0.87,-0.87,0.87
3,1.53,1.47,1.47
0,0.99,-0.99,0.99
2,0.36,1.64,1.64
0,0.6,-0.6,0.6
0,0.56,-0.56,0.56
2,0.39,1.61,1.61
0,0.73,-0.73,0.73
2,0.53,1.47,1.47
1,0.34,0.66,0.66
0,0.71,-0.71,0.71
0,0.04,-0.04,0.04
0,0.28,-0.28,0.28
0,0.56,-0.56,0.56
2,2.26,-0.26,0.26
0,0.25,-0.25,0.25
0,1.11,-1.11,1.11
1,0.43,0.57,0.57
0,0.4,-0.4,0.4
3,0.79,2.21,2.21
0,0.33,-0.33,0.33
0,0.25,-0.25,0.25
0,0.34,-0.34,0.34
0,0.32,-0.32,0.32
1,0.53,0.47,0.47
0,0.62,-0.62,0.62
1,0.61,0.39,0.39
4,2.57,1.43,1.43
2,2.26,-0.26,0.26
0,1.29,-1.29,1.29
1,1.38,-0.38,0.38
0,0.57,-0.57,0.57
0,1.21,-1.21,1.21
1,0.51,0.49,0.49
4,1.25,2.75,2.75
1,1.35,-0.35,0.35
2,1.49,0.51,0.51
2,0.45,1.55,1.55
1,0.69,0.31,0.31
2,0.95,1.05,1.05
0,0.27,-0.27,0.27
0,1.5,-1.5,1.5
1,0.22,0.78,0.78
2,1.67,0.33,0.33
1,1.17,-0.17,0.17
0,0.5,-0.5,0.5
0,0.83,-0.83,0.83
0,0.5,-0.5,0.5
0,0.31,-0.31,0.31
2,1.39,0.61,0.61
0,1.1,-1.1,1.1
0,0.94,-0.94,0.94
0,0.46,-0.46,0.46
2,1.91,0.09,0.09
0,1.24,-1.24,1.24
17,2.37,14.63,14.63
0,0.42,-0.42,0.42
0,0.24,-0.24,0.24
3,3.13,-0.13,0.13
5,4.24,0.76,0.76
4,2.14,1.86,1.86
8,15.16,-7.16,7.16
1,3.63,-2.63,2.63
1,2.04,-1.04,1.04
9,1.8,7.2,7.2
2,0.9,1.1,1.1
2,2.17,-0.17,0.17
1,2.75,-1.75,1.75
3,2.04,0.96,0.96
4,2.85,1.15,1.15
0,0.06,-0.06,0.06
0,3.71,-3.71,3.71
0,2.6,-2.6,2.6
0,0.42,-0.42,0.42
2,0.62,1.38,1.38
0,0.33,-0.33,0.33
0,0.19,-0.19,0.19
0,0.11,-0.11,0.11
0,0.1,-0.1,0.1
0,0.23,-0.23,0.23
0,0.07,-0.07,0.07
0,0.21,-0.21,0.21
0,0.3,-0.3,0.3
0,0.24,-0.24,0.24
0,0.16,-0.16,0.16
0,0.56,-0.56,0.56
1,1.67,-0.67,0.67
0,0.95,-0.95,0.95
0,2.3,-2.3,2.3
2,0.76,1.24,1.24
0,1.01,-1.01,1.01
0,0.59,-0.59,0.59
2,0.68,1.32,1.32
7,1.38,5.62,5.62
0,1.64,-1.64,1.64
0,1.58,-1.58,1.58
0,0.16,-0.16,0.16
0,0.01,-0.01,0.01
1,0.32,0.68,0.68
0,0.02,-0.02,0.02
0,0.13,-0.13,0.13
0,0.22,-0.22,0.22
0,0.01,-0.01,0.01
8,8.74,-0.74,0.74
28,25.11,2.89,2.89
5,7.61,-2.61,2.61
8,6.95,1.05,1.05
0,0.53,-0.53,0.53
0,0.2,-0.2,0.2
2,1.9,0.1,0.1
3,2.11,0.89,0.89
0,2.41,-2.41,2.41
6,1.91,4.09,4.09
2,2.2,-0.2,0.2
1,2.71,-1.71,1.71
3,2.4,0.6,0.6
5,2.27,2.73,2.73
2,2.48,-0.48,0.48
4,1.62,2.38,2.38
3,1.39,1.61,1.61
0,0.53,-0.53,0.53
0,1.38,-1.38,1.38
4,1.7,2.3,2.3
2,0.82,1.18,1.18
0,1.43,-1.43,1.43
0,0.02,-0.02,0.02
2,1.63,0.37,0.37
2,0.69,1.31,1.31
2,1.67,0.33,0.33
0,6.91,-6.91,6.91
89,7.02,81.98,81.98
28,7.51,20.49,20.49
0,5.49,-5.49,5.49
7,10.82,-3.82,3.82
1,8.77,-7.77,7.77
4,2.59,1.41,1.41
0,0.15,-0.15,0.15
0,0.4,-0.4,0.4
0,0.82,-0.82,0.82
1,0.5,0.5,0.5
0,0.13,-0.13,0.13
0,0.19,-0.19,0.19
1,0.28,0.72,0.72
0,0.42,-0.42,0.42
2,0.1,1.9,1.9
0,0.32,-0.32,0.32
1,0.45,0.55,0.55
0,0.19,-0.19,0.19
0,0.06,-0.06,0.06
0,0.23,-0.23,0.23
0,0.16,-0.16,0.16
0,0.17,-0.17,0.17
0,0.16,-0.16,0.16
0,0.17,-0.17,0.17
0,0.06,-0.06,0.06
0,0.0,-0.0,0.0
0,0.02,-0.02,0.02
0,0.06,-0.06,0.06
0,0.08,-0.08,0.08
0,0.18,-0.18,0.18
0,0.18,-0.18,0.18
0,0.16,-0.16,0.16
0,0.08,-0.08,0.08
0,0.1,-0.1,0.1
0,0.04,-0.04,0.04
1,0.07,0.93,0.93
0,0.05,-0.05,0.05
0,0.0,-0.0,0.0
0,0.31,-0.31,0.31
1,0.16,0.84,0.84
0,0.6,-0.6,0.6
0,0.85,-0.85,0.85
0,0.15,-0.15,0.15
0,0.32,-0.32,0.32
0,0.45,-0.45,0.45
0,0.67,-0.67,0.67
0,0.57,-0.57,0.57
0,0.71,-0.71,0.71
1,0.27,0.73,0.73
0,0.24,-0.24,0.24
1,0.63,0.37,0.37
0,0.42,-0.42,0.42
0,0.24,-0.24,0.24
0,0.21,-0.21,0.21
0,0.17,-0.17,0.17
0,0.1,-0.1,0.1
0,0.26,-0.26,0.26
0,0.16,-0.16,0.16
0,0.18,-0.18,0.18
0,0.45,-0.45,0.45
0,0.6,-0.6,0.6
0,0.73,-0.73,0.73
0,0.24,-0.24,0.24
0,0.52,-0.52,0.52
0,0.49,-0.49,0.49
0,0.28,-0.28,0.28
0,0.06,-0.06,0.06
2,0.31,1.69,1.69
0,0.3,-0.3,0.3
0,0.97,-0.97,0.97
2,1.02,0.98,0.98
3,1.96,1.04,1.04
0,1.31,-1.31,1.31
2,0.68,1.32,1.32
2,0.28,1.72,1.72
1,1.18,-0.18,0.18
3,1.57,1.43,1.43
4,3.93,0.07,0.07
0,2.2,-2.2,2.2
2,1.05,0.95,0.95
1,1.49,-0.49,0.49
1,1.56,-0.56,0.56
0,0.17,-0.17,0.17
1,1.65,-0.65,0.65
0,2.38,-2.38,2.38
2,1.63,0.37,0.37
0,0.03,-0.03,0.03
0,0.05,-0.05,0.05
0,0.11,-0.11,0.11
0,0.02,-0.02,0.02
0,0.07,-0.07,0.07
0,0.02,-0.02,0.02
0,0.02,-0.02,0.02
0,0.02,-0.02,0.02
0,0.02,-0.02,0.02
0,0.06,-0.06,0.06
0,0.53,-0.53,0.53
9,2.43,6.57,6.57
4,1.68,2.32,2.32
0,0.84,-0.84,0.84
0,4.14,-4.14,4.14
3,2.27,0.73,0.73
0,0.29,-0.29,0.29
1,0.43,0.57,0.57
0,0.36,-0.36,0.36
1,0.18,0.82,0.82
0,0.17,-0.17,0.17
0,0.13,-0.13,0.13
0,0.11,-0.11,0.11
0,0.12,-0.12,0.12
0,0.01,-0.01,0.01
0,0.01,-0.01,0.01
0,0.12,-0.12,0.12
0,0.12,-0.12,0.12
0,0.11,-0.11,0.11
1,1.01,-0.01,0.01
0,0.35,-0.35,0.35
0,0.15,-0.15,0.15
0,0.09,-0.09,0.09
20,11.83,8.17,8.17
8,6.75,1.25,1.25
12,6.48,5.52,5.52
5,4.59,0.41,0.41
2,2.87,-0.87,0.87
5,10.79,-5.79,5.79
0,1.56,-1.56,1.56
6,6.8,-0.8,0.8
13,12.21,0.79,0.79
3,5.74,-2.74,2.74
3,1.02,1.98,1.98
0,0.14,-0.14,0.14
0,0.08,-0.08,0.08
